"source","target","A","B","diff","edge_type","key_to_key","comparison","mult_seed123","mult_seed456","mult_seed789","mult_seed1011","intercept_seed123","sender_seed123","receiver_seed123","fitted_seed123","residual_seed123","min_chain_mean","max_chain_mean","chain_mean_sign","source_is_key","target_is_key"
"wb","wb_t_book",0.00229377146075315,0.0078574819510502,-0.00556371049029705,"both_observed",FALSE,"cdtally_AT",0.00788222877956417,0.00714181251295602,0.00809770377950293,0.00870256828177459,-0.0060356292516486,0.0190730650264031,-0.0233821484257667,-0.00246248387144808,-0.00310122661884897,0.00714181251295602,0.00870256828177459,"all_positive",FALSE,FALSE
"wb_t_f","wb_t_book",0,0.0384708754672058,-0.0384708754672058,"B_only_edge",FALSE,"cdtally_AT",-0.00638143062377684,-0.0060465420578885,-0.00667483641721096,-0.00474045970494981,-0.0060356292516486,0.0272375022964158,-0.0233821484257667,-0.00856170600477632,-0.0299091694624295,-0.00667483641721096,-0.00474045970494981,"all_negative",FALSE,FALSE
"wb_t_b","wb_t_book",0.0390690159540299,0,0.0390690159540299,"A_only_edge",FALSE,"cdtally_AT",7.38040199543726e-05,-0.000430465768686401,0.000253409846956921,0.00159954187239459,-0.0060356292516486,0.0250985520528986,-0.0233821484257667,-0.00424542160456237,0.0433144375585923,-0.000430465768686401,0.00159954187239459,"mixed_or_zero",FALSE,FALSE
"wb_t_ho","wb_t_book",0.272614442206435,0.266184196456756,0.00643024574967899,"both_observed",FALSE,"cdtally_AT",-0.000501224467281685,8.68485751224186e-05,0.000103834736072829,0.00100355440971142,-0.0060356292516486,0.0248081302364554,-0.0233821484257667,-0.00511087190824159,0.0115411176579206,-0.000501224467281685,0.00100355440971142,"mixed_or_zero",FALSE,FALSE
"keypress","wb_t_book",0.0113971879718543,0.0227999721387329,-0.0114027841668786,"both_observed",FALSE,"cdtally_AT",0.00314016389554635,0.00242489724231769,0.00361127508132272,0.00385769874907828,-0.0060356292516486,0.00785531873934244,-0.0233821484257667,-0.0184222950425265,0.00701951087564792,0.00242489724231769,0.00385769874907828,"all_positive",FALSE,FALSE
"wb_f","wb_t_book",0.0466232496054539,0.0752982662675588,-0.0286750166621049,"both_observed",FALSE,"cdtally_AT",-0.0146069487259916,-0.0144238585574103,-0.0146267040732898,-0.0127268081461097,-0.0060356292516486,0.0283670900268097,-0.0233821484257667,-0.0156576363765972,-0.0130173802855077,-0.0146267040732898,-0.0127268081461097,"all_negative",FALSE,FALSE
"wb_t_h","wb_t_book",0.0668971442736858,0.0678641921615154,-0.0009670478878296,"both_observed",FALSE,"cdtally_AT",-0.0099612786712594,-0.0100957645948705,-0.0102156899083085,-0.00811904546938908,-0.0060356292516486,0.0256441418178028,-0.0233821484257667,-0.0137349145308719,0.0127678666430423,-0.0102156899083085,-0.00811904546938908,"all_negative",FALSE,FALSE
"split_v","wb_t_book",0.00591045492842139,0,0.00591045492842139,"A_only_edge",FALSE,"cdtally_AT",0.00577039560480316,0.0045599168241315,0.00575827824394129,0.00633908927948128,-0.0060356292516486,0.0103669345075152,-0.0233821484257667,-0.0132804475650969,0.0191909024935183,0.0045599168241315,0.00633908927948128,"all_positive",FALSE,FALSE
"wb_h","wb_t_book",0,0.0432543386029852,-0.0432543386029852,"B_only_edge",FALSE,"cdtally_AT",-0.0224440696922364,-0.0226296044254286,-0.0224393421688514,-0.0204149645859651,-0.0060356292516486,0.0212918825860098,-0.0233821484257667,-0.030569964783642,-0.0126843738193432,-0.0226296044254286,-0.0204149645859651,"all_negative",FALSE,FALSE
"wb_t_sch","wb_t_book",0.130359120485074,0.142773521168154,-0.01241440068308,"both_observed",FALSE,"cdtally_AT",-0.00384454969671584,-0.0040473732914594,-0.00412362076315595,-0.00255505063743114,-0.0060356292516486,0.0241703126588231,-0.0233821484257667,-0.00909201471530802,-0.00332238596777198,-0.00412362076315595,-0.00255505063743114,"all_negative",FALSE,FALSE
"wb_e","wb_t_book",0,0.0602229033027274,-0.0602229033027274,"B_only_edge",FALSE,"cdtally_AT",-0.0056343068037825,-0.00578229574542599,-0.00572166286684138,-0.00469586304083148,-0.0060356292516486,0.022545122006679,-0.0233821484257667,-0.0125069624745188,-0.0477159408282086,-0.00578229574542599,-0.00469586304083148,"all_negative",FALSE,FALSE
"split_h","wb_t_book",0.00371143411272548,0,0.00371143411272548,"A_only_edge",FALSE,"cdtally_AT",0.00559537172116957,0.00554559752091588,0.00606198401530715,0.00663078487164948,-0.0060356292516486,0.0130595220113932,-0.0233821484257667,-0.0107628839448525,0.014474318057578,0.00554559752091588,0.00663078487164948,"all_positive",FALSE,FALSE
"help_a","wb_t_book",0.0119895193950501,0,0.0119895193950501,"A_only_edge",FALSE,"cdtally_AT",-0.0191448049764233,-0.0187288832117711,-0.0183753237770164,-0.0158051243137578,-0.0060356292516486,0.0306290875285986,-0.0233821484257667,-0.01793349512524,0.0299230145202901,-0.0191448049764233,-0.0158051243137578,"all_negative",FALSE,FALSE
"wb_book","wb_t_book",0.0615973225477676,0.100060921388613,-0.0384635988408454,"both_observed",FALSE,"cdtally_AT",-0.0300806341198839,-0.0281392425509578,-0.0294214355062785,-0.0267250398512302,-0.0060356292516486,0.0361252126826314,-0.0233821484257667,-0.0233731991146677,-0.0150903997261777,-0.0300806341198839,-0.0267250398512302,"all_negative",FALSE,FALSE
"book_a_ok","wb_t_book",0,0.226955324722919,-0.226955324722919,"B_only_edge",FALSE,"cdtally_AT",-0.0733550506165954,-0.0770438307598607,-0.0792424391744845,-0.071137343191481,-0.0060356292516486,-0.107683428752003,-0.0233821484257667,-0.210456257046014,-0.0164990676769053,-0.0792424391744845,-0.071137343191481,"all_negative",FALSE,FALSE
"wb_t_book","book_a_c",0.472590665601228,0.480532197098511,-0.00794153149728305,"both_observed",FALSE,"cdtally_AT",-0.000845196333788585,-0.0016265104699764,-0.00169843998490541,-0.0035638648228046,-0.0060356292516486,0.0206422671240849,-0.0144836395538999,-0.000722198015252095,-0.00721933348203095,-0.0035638648228046,-0.000845196333788585,"all_negative",FALSE,FALSE
"wb_t_ho","book_a_c",0.0155575050693713,0,0.0155575050693713,"A_only_edge",FALSE,"cdtally_AT",0.00196892873597402,0.00463421166554552,0.00296199833900521,0.00124688674046313,-0.0060356292516486,0.0248081302364554,-0.0144836395538999,0.00625779016688095,0.00929971490249035,0.00124688674046313,0.00463421166554552,"all_positive",FALSE,FALSE
"keypress","book_a_c",0.00425902844247969,0,0.00425902844247969,"A_only_edge",FALSE,"cdtally_AT",0.00351825560939188,0.00403352326299584,0.00429415487098435,0.00275705030737522,-0.0060356292516486,0.00785531873934244,-0.0144836395538999,-0.00914569445681414,0.0134047228992938,0.00275705030737522,0.00429415487098435,"all_positive",FALSE,FALSE
"wb_t_sch","book_a_c",0,0.0262692519232452,-0.0262692519232452,"B_only_edge",FALSE,"cdtally_AT",-0.00986645933272211,-0.00833711765309905,-0.00794817182621273,-0.00978683626103212,-0.0060356292516486,0.0241703126588231,-0.0144836395538999,-0.00621541547944744,-0.0200538364437978,-0.00986645933272211,-0.00794817182621273,"all_negative",FALSE,FALSE
"wb_t_book","ss",0.065414667683173,0,0.065414667683173,"A_only_edge",FALSE,"cdtally_AT",-0.0199098674362283,-0.0182234824389625,-0.0210331240062636,-0.0195809726046392,-0.0060356292516486,0.0206422671240849,0.0664587435451726,0.0611555139813807,0.00425915370179228,-0.0210331240062636,-0.0182234824389625,"all_negative",FALSE,FALSE
"book_a_c","ss",0.24475287271551,0,0.24475287271551,"A_only_edge",FALSE,"cdtally_AT",0.0674949225108594,0.0696905077049802,0.0674095754733324,0.0706961393432675,-0.0060356292516486,0.0347412234722662,0.0664587435451726,0.16265926027665,0.0820936124388603,0.0674095754733324,0.0706961393432675,"all_positive",FALSE,FALSE
"ss_so","ss",0,0.0454615531709764,-0.0454615531709764,"B_only_edge",FALSE,"cdtally_AT",-0.055214716574206,-0.0446082652564085,-0.0526456175623046,-0.0523062278598071,-0.0060356292516486,-0.0116679202950874,0.0664587435451726,-0.00645952257576939,-0.039002030595207,-0.055214716574206,-0.0446082652564085,"all_negative",TRUE,FALSE
"so_1_3","ss",0,0.0125936868011533,-0.0125936868011533,"B_only_edge",FALSE,"cdtally_AT",-0.0438085639730541,-0.0394823545053264,-0.0431700243378503,-0.0424725384131096,-0.0060356292516486,0.00551402216101582,0.0664587435451726,0.0221285724814858,-0.0347222592826391,-0.0438085639730541,-0.0394823545053264,"all_negative",TRUE,FALSE
"so_ok","ss",0.10045131548343,0.109043376260225,-0.008592060776795,"both_observed",FALSE,"cdtally_AT",-0.0345536100389527,-0.0328298437950505,-0.0330573664138048,-0.0338805204230587,-0.0060356292516486,-0.00129391860686285,0.0664587435451726,0.0245755856477085,-0.0331676464245035,-0.0345536100389527,-0.0328298437950505,"all_negative",TRUE,FALSE
"wb","ss",0.521952187032166,0.499238957686602,0.022713229345564,"both_observed",FALSE,"cdtally_AT",-0.0346438063510154,-0.0336132251650314,-0.0364000182678438,-0.0344502929459878,-0.0060356292516486,0.0190730650264031,0.0664587435451726,0.0448523729689117,-0.0221391436233477,-0.0364000182678438,-0.0336132251650314,"all_negative",FALSE,FALSE
"combobox","ss",0.765785236759187,0.40922270788082,0.356562528878367,"both_observed",FALSE,"cdtally_AT",0.134239733176017,0.140068670224348,0.138642311282679,0.139527892240497,-0.0060356292516486,0.0186049574668024,0.0664587435451726,0.213267804936344,0.143294723942023,0.134239733176017,0.140068670224348,"all_positive",FALSE,FALSE
"wb_t_f","ss",0.193370505421491,0.0813792316569044,0.111991273764587,"both_observed",FALSE,"cdtally_AT",0.0191988182244863,0.020580279733936,0.0195167666698208,0.0199671814912493,-0.0060356292516486,0.0272375022964158,0.0664587435451726,0.106859434814426,0.00513183895016044,0.0191988182244863,0.020580279733936,"all_positive",FALSE,FALSE
"wb_t_b","ss",0.219538497842394,0.130849899437359,0.088688598405035,"both_observed",FALSE,"cdtally_AT",0.0125780352877526,0.0139728320191582,0.0110356684350146,0.0123019764711705,-0.0060356292516486,0.0250985520528986,0.0664587435451726,0.0980997016341752,-0.00941110322914024,0.0110356684350146,0.0139728320191582,"all_positive",FALSE,FALSE
"wb_t_ho","ss",0.174168173020005,0.0676668586919432,0.106501314328062,"both_observed",FALSE,"cdtally_AT",0.00595255134799985,0.00674772954594831,0.00391036384851307,0.00548188912949678,-0.0060356292516486,0.0248081302364554,0.0664587435451726,0.0911837958779793,0.0153175184500825,0.00391036384851307,0.00674772954594831,"all_positive",FALSE,FALSE
"keypress","ss",0.101744906004894,0.0986832964664579,0.00306160953843609,"both_observed",FALSE,"cdtally_AT",-0.0118782196378296,-0.0119028963762738,-0.0139505424858998,-0.0124434328593717,-0.0060356292516486,0.00785531873934244,0.0664587435451726,0.0564002133950369,-0.0533386038566008,-0.0139505424858998,-0.0118782196378296,"all_negative",FALSE,FALSE
"wb_f","ss",0.331203256315221,0.177733551988303,0.153469704326918,"both_observed",FALSE,"cdtally_AT",0.0542334826488288,0.0571697571949034,0.0548342450001314,0.0564959481442435,-0.0060356292516486,0.0283670900268097,0.0664587435451726,0.143023686969163,0.0104460173577554,0.0542334826488288,0.0571697571949034,"all_positive",FALSE,FALSE
"so_c","ss",0.0631037453872827,0.264272456059121,-0.201168710671838,"both_observed",FALSE,"cdtally_AT",-0.136332676207417,-0.133734007886951,-0.139256512543883,-0.137283511079417,-0.0060356292516486,-0.00326854348910423,0.0664587435451726,-0.0791781054029975,-0.121990605268841,-0.139256512543883,-0.133734007886951,"all_negative",FALSE,FALSE
"wb_t_h","ss",0.237787039636481,0.0972486188199754,0.140538420816506,"both_observed",FALSE,"cdtally_AT",0.0433165694558943,0.0453368823797023,0.0441889892958293,0.0465226947631738,-0.0060356292516486,0.0256441418178028,0.0664587435451726,0.129383825567221,0.0111545952492844,0.0433165694558943,0.0465226947631738,"all_positive",FALSE,FALSE
"ss_data","ss",0.00786923132486435,0,0.00786923132486435,"A_only_edge",FALSE,"cdtally_AT",-0.0378411594324284,-0.0369275857799652,-0.0358070296588438,-0.0367575124315279,-0.0060356292516486,-0.00760636781739942,0.0664587435451726,0.0149755870436962,-0.00710635571883183,-0.0378411594324284,-0.0358070296588438,"all_negative",TRUE,FALSE
"so","ss",0.00359690474095628,0,0.00359690474095628,"A_only_edge",FALSE,"cdtally_AT",-0.0402127245411452,-0.0331559887700754,-0.0377331917669605,-0.0391015277684517,-0.0060356292516486,-0.0141349439506384,0.0664587435451726,0.00607544580174045,-0.00247854106078417,-0.0402127245411452,-0.0331559887700754,"all_negative",TRUE,FALSE
"ss_file","ss",0.0533329193911892,0.0701614813930185,-0.0168285620018293,"both_observed",FALSE,"cdtally_AT",-0.0567779633852081,-0.0532000824622138,-0.0589024761520587,-0.0562851974652737,-0.0060356292516486,-0.00364736048941308,0.0664587435451726,-2.20958109711789e-06,-0.0168263524207322,-0.0589024761520587,-0.0532000824622138,"all_negative",FALSE,FALSE
"split_v","ss",0.21941303974794,0.169761534747113,0.049651505000827,"both_observed",FALSE,"cdtally_AT",-0.0209496797535048,-0.018836890697104,-0.020677209306173,-0.0204887555994646,-0.0060356292516486,0.0103669345075152,0.0664587435451726,0.0498403690475344,-0.00018886404670742,-0.0209496797535048,-0.018836890697104,"all_negative",FALSE,FALSE
"wb_h","ss",0.316831661997009,0.121136622411197,0.195695039585812,"both_observed",FALSE,"cdtally_AT",0.0860251316679688,0.0871517840140884,0.086204733445673,0.0877548319946422,-0.0060356292516486,0.0212918825860098,0.0664587435451726,0.167740128547503,0.0279549110383094,0.0860251316679688,0.0877548319946422,"all_positive",FALSE,FALSE
"wb_t_sch","ss",0.196258705403154,0.0887836849340903,0.107475020469064,"both_observed",FALSE,"cdtally_AT",0.0173511354795238,0.0189395396486707,0.016489529970735,0.0188203515514742,-0.0060356292516486,0.0241703126588231,0.0664587435451726,0.101944562431871,0.00553045803719271,0.016489529970735,0.0189395396486707,"all_positive",FALSE,FALSE
"ss_edit","ss",0.0102010743558145,0,0.0102010743558145,"A_only_edge",FALSE,"cdtally_AT",-0.0229318570025163,-0.0201770990210598,-0.0262507612742386,-0.0213816749533343,-0.0060356292516486,-0.00100533068514092,0.0664587435451726,0.0364859266058668,-0.0262848522500523,-0.0262507612742386,-0.0201770990210598,"all_negative",FALSE,FALSE
"wb_e","ss",0.224811697476964,0.157709818699549,0.067101878777415,"both_observed",FALSE,"cdtally_AT",0.00718178224554917,0.00876259763126269,0.00721758573612804,0.00879927532317278,-0.0060356292516486,0.022545122006679,0.0664587435451726,0.0901500185457522,-0.0230481397683372,0.00718178224554917,0.00879927532317278,"all_positive",FALSE,FALSE
"ss_sch","ss",0.0059225789901808,0,0.0059225789901808,"A_only_edge",FALSE,"cdtally_AT",-0.0242185554739147,-0.0254806739338941,-0.0248647359495685,-0.0264806734603577,-0.0060356292516486,-0.0130804874037999,0.0664587435451726,0.0231240714158095,-0.0172014924256287,-0.0264806734603577,-0.0242185554739147,"all_negative",FALSE,FALSE
"sch_ok","ss",0.0398382073961892,0,0.0398382073961892,"A_only_edge",FALSE,"cdtally_AT",-0.0312273372560762,-0.0264092359827432,-0.03173348546475,-0.028947257127455,-0.0060356292516486,-0.00605583365662048,0.0664587435451726,0.0231399433808274,0.0166982640153618,-0.03173348546475,-0.0264092359827432,"all_negative",FALSE,FALSE
"sch_n","ss",0.0412982600290112,0.0671437130437069,-0.0258454530146957,"both_observed",FALSE,"cdtally_AT",-0.0352404280685939,-0.0300085861478166,-0.0481227981366092,-0.0312411086330351,-0.0060356292516486,-0.0713244649993205,0.0664587435451726,-0.0461417787743903,0.0202963257596946,-0.0481227981366092,-0.0300085861478166,"all_negative",FALSE,FALSE
"split_h","ss",0.202206826085103,0.149412270704573,0.05279455538053,"both_observed",FALSE,"cdtally_AT",-0.0200782887643123,-0.0185517118860599,-0.0206395052625875,-0.0195078495002012,-0.0060356292516486,0.0130595220113932,0.0664587435451726,0.0534043475406049,-0.000609792160074937,-0.0206395052625875,-0.0185517118860599,"all_negative",FALSE,FALSE
"ss_help","ss",0.0580233069759321,0.182625234354933,-0.124601927379001,"both_observed",FALSE,"cdtally_AT",-0.135183901685567,-0.133320519553806,-0.141622068949742,-0.134559479907611,-0.0060356292516486,-0.00566788182275347,0.0664587435451726,-0.0804286692147962,-0.0441732581642047,-0.141622068949742,-0.133320519553806,"all_negative",FALSE,FALSE
"ss_save","ss",0.0713709700922045,0.148400670737438,-0.0770297006452335,"both_observed",FALSE,"cdtally_AT",-0.141888730997996,-0.142510036837384,-0.14453285812791,-0.143534026509818,-0.0060356292516486,-0.00640422653461853,0.0664587435451726,-0.0878698432390909,0.0108401425938574,-0.14453285812791,-0.141888730997996,"all_negative",FALSE,FALSE
"help_a","ss",0.441910799955382,0.199643031576653,0.242267768378729,"both_observed",FALSE,"cdtally_AT",0.0802496650778367,0.0817597377092515,0.0815479981400118,0.0823263347085528,-0.0060356292516486,0.0306290875285986,0.0664587435451726,0.171301866899959,0.0709659014787697,0.0802496650778367,0.0823263347085528,"all_positive",FALSE,FALSE
"save","ss",0.224914898230315,0,0.224914898230315,"A_only_edge",FALSE,"cdtally_AT",0.34800785277655,0.348011392119503,0.364066587145807,0.357396004247249,-0.0060356292516486,-0.148869170911657,0.0664587435451726,0.259561796158417,-0.0346468979281023,0.34800785277655,0.364066587145807,"all_positive",FALSE,FALSE
"wb_book","ss",0.339674424057837,0.0652036027488799,0.274470821308957,"both_observed",FALSE,"cdtally_AT",0.114343218775566,0.119186133390427,0.118564574507872,0.121341434491758,-0.0060356292516486,0.0361252126826314,0.0664587435451726,0.210891545751722,0.0635792755572354,0.114343218775566,0.121341434491758,"all_positive",FALSE,FALSE
"ss","ss_so",0.0935529482178585,0.0337154417773949,0.0598375064404636,"both_observed",FALSE,"cdtally_AT",0.0117427851829775,0.0130764052486505,0.0119469060105207,0.0121303168098282,-0.0060356292516486,-0.00634589156573483,0.0249739322560559,0.02433519662165,0.0355023098188136,0.0117427851829775,0.0130764052486505,"all_positive",FALSE,TRUE
"so_ok","ss_so",0.0372109024309892,0.109981024075317,-0.0727701216443278,"both_observed",TRUE,"cdtally_AT",-0.0172641604708082,-0.0183209202821214,-0.0142884844186453,-0.0168673105683852,-0.0060356292516486,-0.00129391860686285,0.0249739322560559,0.000380223926736267,-0.0731503455710641,-0.0183209202821214,-0.0142884844186453,"all_negative",TRUE,TRUE
"keypress","ss_so",0.0218855024315523,0,0.0218855024315523,"A_only_edge",FALSE,"cdtally_AT",0.00502617305988837,0.00520257470264756,0.00450558755722754,0.005148186040938,-0.0060356292516486,0.00785531873934244,0.0249739322560559,0.0318197948036381,-0.00993429237208585,0.00450558755722754,0.00520257470264756,"all_positive",FALSE,TRUE
"so_c","ss_so",0.114925310866712,0,0.114925310866712,"A_only_edge",FALSE,"cdtally_AT",0.0532153135213622,0.0537178112653748,0.0527004444547733,0.0527585141896939,-0.0060356292516486,-0.00326854348910423,0.0249739322560559,0.0688850730366653,0.0460402378300467,0.0527004444547733,0.0537178112653748,"all_positive",FALSE,TRUE
"ss_data","ss_so",0.0211203697448655,0,0.0211203697448655,"A_only_edge",TRUE,"cdtally_AT",0.00161162427323388,-0.000557146425871214,0.000654869841569672,0.000537600911130341,-0.0060356292516486,-0.00760636781739942,0.0249739322560559,0.0129435594602418,0.00817681028462369,-0.000557146425871214,0.00161162427323388,"mixed_or_zero",TRUE,TRUE
"ss_file","ss_so",0.0336645550458948,0,0.0336645550458948,"A_only_edge",FALSE,"cdtally_AT",0.024638601963145,0.0256143245710252,0.0254091012093784,0.0248664011511799,-0.0060356292516486,-0.00364736048941308,0.0249739322560559,0.0399295444781393,-0.00626498943224445,0.024638601963145,0.0256143245710252,"all_positive",FALSE,TRUE
"split_v","ss_so",0.041999700194566,0.0319221449602341,0.0100775552343319,"both_observed",FALSE,"cdtally_AT",-0.000523591869534127,-0.00108588827386726,0.000208521629081649,-0.000638159219113217,-0.0060356292516486,0.0103669345075152,0.0249739322560559,0.0287816456423884,-0.0187040904080565,-0.00108588827386726,0.000208521629081649,"mixed_or_zero",FALSE,TRUE
"ss_edit","ss_so",0,0.0176631297717183,-0.0176631297717183,"B_only_edge",FALSE,"cdtally_AT",0.00301135489245389,0.00418311216026099,0.00585285919317873,0.00411102617720392,-0.0060356292516486,-0.00100533068514092,0.0249739322560559,0.0209443272117203,-0.0386074569834386,0.00301135489245389,0.00585285919317873,"all_positive",FALSE,TRUE
"ss_sch","ss_so",0.039796543292532,0,0.039796543292532,"A_only_edge",FALSE,"cdtally_AT",0.00179058440595431,0.00143622925826944,0.00255530462086141,0.00212575515757847,-0.0060356292516486,-0.0130804874037999,0.0249739322560559,0.0076484000065618,0.0321481432859702,0.00143622925826944,0.00255530462086141,"all_positive",FALSE,TRUE
"sch_ok","ss_so",0.0800387090400364,0.0342671254137139,0.0457715836263225,"both_observed",FALSE,"cdtally_AT",0.0331168856404039,0.0346709021629598,0.032250160244037,0.0347125734419231,-0.0060356292516486,-0.00605583365662048,0.0249739322560559,0.0459993549881908,-0.000227771361868252,0.032250160244037,0.0347125734419231,"all_positive",FALSE,TRUE
"sch_n","ss_so",0.0596201392768321,0,0.0596201392768321,"A_only_edge",FALSE,"cdtally_AT",0.11866109163326,0.123851552880307,0.108018781993338,0.118268648079616,-0.0060356292516486,-0.0713244649993205,0.0249739322560559,0.0662749296383472,-0.00665479036151514,0.108018781993338,0.123851552880307,"all_positive",FALSE,TRUE
"split_h","ss_so",0.03524373078136,0,0.03524373078136,"A_only_edge",FALSE,"cdtally_AT",0.00778114321719813,0.00807588321223879,0.00766115212092688,0.00843367171519899,-0.0060356292516486,0.0130595220113932,0.0249739322560559,0.0397789682329987,-0.00453523745163867,0.00766115212092688,0.00843367171519899,"all_positive",FALSE,TRUE
"ss_help","ss_so",0.299289620266051,0.156928786886055,0.142360833379996,"both_observed",FALSE,"cdtally_AT",0.0849639582550722,0.0879765183178719,0.0810454653956695,0.0841161805820301,-0.0060356292516486,-0.00566788182275347,0.0249739322560559,0.098234379436726,0.04412645394327,0.0810454653956695,0.0879765183178719,"all_positive",FALSE,TRUE
"ss_save","ss_so",0.191866184816728,0.145106735331972,0.046759449484756,"both_observed",FALSE,"cdtally_AT",0.0421174610459749,0.0409410560701911,0.0414962170619149,0.0411226589370908,-0.0060356292516486,-0.00640422653461853,0.0249739322560559,0.0546515375157637,-0.0078920880310077,0.0409410560701911,0.0421174610459749,"all_positive",FALSE,TRUE
"ss","so_1_3",0.00192395505385647,0.00120967930399468,0.00071427574986179,"both_observed",FALSE,"cdtally_AT",-0.0263015800443033,-0.0272428808731699,-0.0234007354439345,-0.0346386548685985,-0.0060356292516486,-0.00634589156573483,0.122724377924356,0.0840412770626696,-0.0833270013128078,-0.0346386548685985,-0.0234007354439345,"all_negative",FALSE,TRUE
"ss_so","so_1_3",0.763359918349102,0.308783730115607,0.454576188233495,"both_observed",TRUE,"cdtally_AT",0.180616687599265,0.18148855885759,0.183576300210603,0.173721471178978,-0.0060356292516486,-0.0116679202950874,0.122724377924356,0.285637515976885,0.16893867225661,0.173721471178978,0.183576300210603,"all_positive",TRUE,TRUE
"keypress","so_1_3",0.016263615963839,0,0.016263615963839,"A_only_edge",FALSE,"cdtally_AT",-0.0173973566363071,-0.0188175636571828,-0.0173023520100166,-0.0252089749964542,-0.0060356292516486,0.00785531873934244,0.122724377924356,0.107146710775743,-0.0908830948119041,-0.0252089749964542,-0.0173023520100166,"all_negative",FALSE,TRUE
"so_2_asc","so_1_3",0.106228680039358,0,0.106228680039358,"A_only_edge",TRUE,"cdtally_AT",0.0299409788459213,0.0321741467167078,0.0349625672896975,0.0248827175268585,-0.0060356292516486,-0.0182501347969284,0.122724377924356,0.128379592721701,-0.0221509126823427,0.0248827175268585,0.0349625672896975,"all_positive",TRUE,TRUE
"so","so_1_3",0.774776849398719,0.559777961340738,0.214998888057981,"both_observed",TRUE,"cdtally_AT",0.0942417499406767,0.0935206217067629,0.0955090917703692,0.0857340450031963,-0.0060356292516486,-0.0141349439506384,0.122724377924356,0.196795554662746,0.018203333395235,0.0857340450031963,0.0955090917703692,"all_positive",TRUE,TRUE
"so_1_4","so_1_3",0.238913077591097,0,0.238913077591097,"A_only_edge",FALSE,"cdtally_AT",0.148641489751704,0.167353863530565,0.160946026140974,0.150952755704942,-0.0060356292516486,-0.0334746788564927,0.122724377924356,0.231855559567919,0.00705751802317814,0.148641489751704,0.167353863530565,"all_positive",FALSE,TRUE
"so_1_1","so_1_3",0,0.216149805120714,-0.216149805120714,"B_only_edge",FALSE,"cdtally_AT",-0.381898363604644,-0.377839117954327,-0.372411153266762,-0.384905359364084,-0.0060356292516486,0.0381435010097564,0.122724377924356,-0.227066113922179,0.0109163088014654,-0.384905359364084,-0.372411153266762,"all_negative",FALSE,TRUE
"ss","so_ok",0,0.00120647139812525,-0.00120647139812525,"B_only_edge",FALSE,"cdtally_AT",0.0120771280209612,0.0064310540290004,1.18342160805489e-05,0.0102698505683356,-0.0060356292516486,-0.00634589156573483,-0.0129886057254097,-0.013292998521832,0.0120865271237067,1.18342160805489e-05,0.0120771280209612,"all_positive",FALSE,TRUE
"ss_so","so_ok",0.0201880604458317,0.0602658767484137,-0.040077816302582,"both_observed",TRUE,"cdtally_AT",0.00213673312102747,-0.00857395640129357,-0.0156696695623232,-0.00557132068458991,-0.0060356292516486,-0.0116679202950874,-0.0129886057254097,-0.0285554221511183,-0.0115223941514637,-0.0156696695623232,0.00213673312102747,"mixed_or_zero",TRUE,TRUE
"so_1_3","so_ok",0.426594109919999,0.406068189340936,0.020525920579063,"both_observed",TRUE,"cdtally_AT",0.00960433338372557,0.00106900632319894,-0.00654056253360574,0.00548679901513663,-0.0060356292516486,0.00551402216101582,-0.0129886057254097,-0.00390587943231695,0.0244318000113799,-0.00654056253360574,0.00960433338372557,"mixed_or_zero",TRUE,TRUE
"keypress","so_ok",0.00761945092072482,0,0.00761945092072482,"A_only_edge",FALSE,"cdtally_AT",0.00806626626488286,0.000391782309058217,-0.00632069963022748,0.00639836169983205,-0.0060356292516486,0.00785531873934244,-0.0129886057254097,-0.00310264997283304,0.0107221008935579,-0.00632069963022748,0.00806626626488286,"mixed_or_zero",FALSE,TRUE
"so_2_asc","so_ok",0.819792053303126,0.878936775230265,-0.059144721927139,"both_observed",TRUE,"cdtally_AT",0.00867754672570506,0.00209325773859212,-0.00484405656994164,0.00603668248728017,-0.0060356292516486,-0.0182501347969284,-0.0129886057254097,-0.0285968230482816,-0.0305478988788574,-0.00484405656994164,0.00867754672570506,"mixed_or_zero",TRUE,TRUE
"so","so_ok",0.0185354463621101,0,0.0185354463621101,"A_only_edge",TRUE,"cdtally_AT",0.0138728626675428,0.00121057663022099,-0.00442547679716324,0.0088508373773416,-0.0060356292516486,-0.0141349439506384,-0.0129886057254097,-0.0192863162601539,0.037821762622264,-0.00442547679716324,0.0138728626675428,"mixed_or_zero",TRUE,TRUE
"so_1_4","so_ok",0,0.347794446774415,-0.347794446774415,"B_only_edge",FALSE,"cdtally_AT",-0.249278148951168,-0.239898352367158,-0.252888164357559,-0.244446267214151,-0.0060356292516486,-0.0334746788564927,-0.0129886057254097,-0.301777062784719,-0.0460173839896965,-0.252888164357559,-0.239898352367158,"all_negative",FALSE,TRUE
"so_1_1","so_ok",0.516746491668771,0.454525393059188,0.062221098609583,"both_observed",FALSE,"cdtally_AT",0.0419554245935356,0.0382622624296587,0.0366313530150856,0.0421721530338369,-0.0060356292516486,0.0381435010097564,-0.0129886057254097,0.0610746906262337,0.00114640798334922,0.0366313530150856,0.0421721530338369,"all_positive",FALSE,TRUE
"book_a_c","wb",0,0.0423476331645354,-0.0423476331645354,"B_only_edge",FALSE,"cdtally_AT",-0.0253933825187751,-0.0228548080755301,-0.0215649058102706,-0.0211465407917512,-0.0060356292516486,0.0347412234722662,-0.00553659243452151,-0.00222438073267897,-0.0401232524318564,-0.0253933825187751,-0.0211465407917512,"all_negative",FALSE,FALSE
"ss","wb",0.673496159900794,0.732960718486586,-0.0594645585857919,"both_observed",FALSE,"cdtally_AT",-0.0107635980958212,-0.0166252742134756,-0.0109027111675189,-0.0100894696093991,-0.0060356292516486,-0.00634589156573483,-0.00553659243452151,-0.0286817113477261,-0.0307828472380658,-0.0166252742134756,-0.0100894696093991,"all_negative",FALSE,FALSE
"ss_so","wb",0.0262336815874734,0.0896133976952051,-0.0633797161077317,"both_observed",FALSE,"cdtally_AT",-0.032746500241338,-0.0414227933157027,-0.0504891001774724,-0.035225251848876,-0.0060356292516486,-0.0116679202950874,-0.00553659243452151,-0.0559866422225955,-0.00739307388513618,-0.0504891001774724,-0.032746500241338,"all_negative",TRUE,FALSE
"so_1_3","wb",0,0.0354938361042905,-0.0354938361042905,"B_only_edge",FALSE,"cdtally_AT",-0.021854117156704,-0.0294045527473071,-0.0317050408560039,-0.0227382993417102,-0.0060356292516486,0.00551402216101582,-0.00553659243452151,-0.0279123166818583,-0.00758151942243224,-0.0317050408560039,-0.021854117156704,"all_negative",TRUE,FALSE
"so_ok","wb",0.736504571572836,0.591285077351087,0.145219494221749,"both_observed",FALSE,"cdtally_AT",0.0894369724393854,0.0855188330148577,0.091242850007952,0.0905001869744032,-0.0060356292516486,-0.00129391860686285,-0.00553659243452151,0.0765708321463524,0.0686486620753966,0.0855188330148577,0.091242850007952,"all_positive",TRUE,FALSE
"combobox","wb",0.0795513885785326,0.112410816832844,-0.0328594282543114,"both_observed",FALSE,"cdtally_AT",0.0077649093860302,0.00602951765570886,0.00951345314966177,0.0103126086385394,-0.0060356292516486,0.0186049574668024,-0.00553659243452151,0.0147976451666625,-0.0476570734209739,0.00602951765570886,0.0103126086385394,"all_positive",FALSE,FALSE
"wb_t_f","wb",0,0.0444976047535037,-0.0444976047535037,"B_only_edge",FALSE,"cdtally_AT",-0.0154198610174493,-0.0175935060817822,-0.0144971579095729,-0.0139594292585686,-0.0060356292516486,0.0272375022964158,-0.00553659243452151,0.000245419592796375,-0.0447430243463001,-0.0175935060817822,-0.0139594292585686,"all_negative",FALSE,FALSE
"wb_t_b","wb",0.0645475730377655,0.0530375307386847,0.0115100422990808,"both_observed",FALSE,"cdtally_AT",-0.00437558691436072,-0.00692286374852503,-0.00253271376726887,-0.0031495802856573,-0.0060356292516486,0.0250985520528986,-0.00553659243452151,0.00915074345236773,0.00235929884671306,-0.00692286374852503,-0.00253271376726887,"all_negative",FALSE,FALSE
"wb_t_ho","wb",0.0859631577132487,0.0923027036586426,-0.0063395459453939,"both_observed",FALSE,"cdtally_AT",-0.0102990169139105,-0.0122267324855681,-0.00962463084333024,-0.00881756560917005,-0.0060356292516486,0.0248081302364554,-0.00553659243452151,0.00293689163637481,-0.00927643758176871,-0.0122267324855681,-0.00881756560917005,"all_negative",FALSE,FALSE
"keypress","wb",0.216775798594455,0.159472979044675,0.05730281954978,"both_observed",FALSE,"cdtally_AT",-0.000492667005941751,-0.00389152926652353,0.00351657374480282,0.000321838437434619,-0.0060356292516486,0.00785531873934244,-0.00553659243452151,-0.00420956995276942,0.0615123895025494,-0.00389152926652353,0.00351657374480282,"mixed_or_zero",FALSE,FALSE
"wb_f","wb",0.103295984795072,0.0859241027213756,0.0173718820736964,"both_observed",FALSE,"cdtally_AT",0.0130212595259256,0.010182567987566,0.015187435394376,0.0143410085644942,-0.0060356292516486,0.0283670900268097,-0.00553659243452151,0.0298161278665653,-0.0124442457928689,0.010182567987566,0.015187435394376,"all_positive",FALSE,FALSE
"so_c","wb",0.520539997956487,0.580448722079281,-0.059908724122794,"both_observed",FALSE,"cdtally_AT",-0.0523037786614326,-0.0546429780053229,-0.0525266769767613,-0.0494830327418772,-0.0060356292516486,-0.00326854348910423,-0.00553659243452151,-0.067144543836707,0.00723581971391295,-0.0546429780053229,-0.0494830327418772,"all_negative",FALSE,FALSE
"wb_t_h","wb",0.0907196756871719,0.0678197664496199,0.022899909237552,"both_observed",FALSE,"cdtally_AT",0.00648054203397398,0.00545849890186028,0.00999678723847634,0.0102467773652052,-0.0060356292516486,0.0256441418178028,-0.00553659243452151,0.0205524621656067,0.00234744707194534,0.00545849890186028,0.0102467773652052,"all_positive",FALSE,FALSE
"ss_data","wb",0.0587059352517694,0,0.0587059352517694,"A_only_edge",FALSE,"cdtally_AT",0.044697126332729,0.0458839583277856,0.0551284026383695,0.0549989446182406,-0.0060356292516486,-0.00760636781739942,-0.00553659243452151,0.0255185368291595,0.0331873984226099,0.044697126332729,0.0551284026383695,"all_positive",TRUE,FALSE
"so","wb",0.0130405143593203,0.0369969408931089,-0.0239564265337886,"both_observed",FALSE,"cdtally_AT",-0.0160516010014423,-0.0264654110074156,-0.030301746572769,-0.0179713738959743,-0.0060356292516486,-0.0141349439506384,-0.00553659243452151,-0.0417587666382507,0.0178023401044621,-0.030301746572769,-0.0160516010014423,"all_negative",TRUE,FALSE
"ss_file","wb",0.144267861177727,0.237613965683141,-0.093346104505414,"both_observed",FALSE,"cdtally_AT",-0.0322033053607247,-0.0402709951319245,-0.0371628473391768,-0.0322937562832175,-0.0060356292516486,-0.00364736048941308,-0.00553659243452151,-0.0474228875363079,-0.0459232169691061,-0.0402709951319245,-0.0322033053607247,"all_negative",FALSE,FALSE
"split_v","wb",0.245898294364215,0.194091709621567,0.051806584742648,"both_observed",FALSE,"cdtally_AT",0.0170356863368824,0.0141769587298344,0.018961883443434,0.0193283950400048,-0.0060356292516486,0.0103669345075152,-0.00553659243452151,0.0158303991582275,0.0359761855844206,0.0141769587298344,0.0193283950400048,"all_positive",FALSE,FALSE
"wb_h","wb",0.0884781764782012,0,0.0884781764782012,"A_only_edge",FALSE,"cdtally_AT",0.0430744766517822,0.0398335142537901,0.044504820566397,0.0463201235373411,-0.0060356292516486,0.0212918825860098,-0.00553659243452151,0.0527941375516218,0.0356840389265794,0.0398335142537901,0.0463201235373411,"all_positive",FALSE,FALSE
"wb_t_sch","wb",0.110096906614623,0.0862743302635372,0.0238225763510858,"both_observed",FALSE,"cdtally_AT",0.00851452764823395,0.00750773595123662,0.00955780601296822,0.00972005396664564,-0.0060356292516486,0.0241703126588231,-0.00553659243452151,0.021112618620887,0.00270995773019884,0.00750773595123662,0.00972005396664564,"all_positive",FALSE,FALSE
"ss_edit","wb",0.0756742064084606,0.0845371665697643,-0.0088629601613037,"both_observed",FALSE,"cdtally_AT",-0.00857847010360657,-0.0140261163114958,-0.0164841584590272,-0.0116516943896323,-0.0060356292516486,-0.00100533068514092,-0.00553659243452151,-0.0211560224749176,0.0122930623136139,-0.0164841584590272,-0.00857847010360657,"all_negative",FALSE,FALSE
"wb_e","wb",0.0948060888965057,0.0604507850206187,0.034355303875887,"both_observed",FALSE,"cdtally_AT",0.00497170013135457,0.00377792370946508,0.00794330437861821,0.00836997381202292,-0.0060356292516486,0.022545122006679,-0.00553659243452151,0.0159446004518634,0.0184107034240236,0.00377792370946508,0.00836997381202292,"all_positive",FALSE,FALSE
"ss_sch","wb",0.0372888997824623,0,0.0372888997824623,"A_only_edge",FALSE,"cdtally_AT",0.0340216405154947,0.0280922327679822,0.0350621928512531,0.0327721727832537,-0.0060356292516486,-0.0130804874037999,-0.00553659243452151,0.00936893142552469,0.0279199683569376,0.0280922327679822,0.0350621928512531,"all_positive",FALSE,FALSE
"sch_ok","wb",0.186477045817583,0.37790694691659,-0.191429901099007,"both_observed",FALSE,"cdtally_AT",-0.0970733172600379,-0.0977967641616684,-0.101768848773686,-0.0969132304989384,-0.0060356292516486,-0.00605583365662048,-0.00553659243452151,-0.114701372602829,-0.0767285284961785,-0.101768848773686,-0.0969132304989384,"all_negative",FALSE,FALSE
"sch_n","wb",0.237053814830335,0.833504005684718,-0.596450190854383,"both_observed",FALSE,"cdtally_AT",-0.402132281254295,-0.404527482164033,-0.414240501758407,-0.403135228564987,-0.0060356292516486,-0.0713244649993205,-0.00553659243452151,-0.485028967939786,-0.111421222914597,-0.414240501758407,-0.402132281254295,"all_negative",FALSE,FALSE
"split_h","wb",0.187968703287012,0.211707213170798,-0.023738509883786,"both_observed",FALSE,"cdtally_AT",-0.0131374717596327,-0.0148638729867334,-0.0129743594862323,-0.0116726128084495,-0.0060356292516486,0.0130595220113932,-0.00553659243452151,-0.0116501714344096,-0.0120883384493764,-0.0148638729867334,-0.0116726128084495,"all_negative",FALSE,FALSE
"ss_help","wb",0.232822379499706,0.406900000525319,-0.174077621025613,"both_observed",FALSE,"cdtally_AT",-0.153991224283996,-0.158705434120301,-0.15773308024909,-0.153728764491563,-0.0060356292516486,-0.00566788182275347,-0.00553659243452151,-0.171231327792919,-0.00284629323269381,-0.158705434120301,-0.153728764491563,"all_negative",FALSE,FALSE
"ss_save","wb",0.47871100785862,0.449866961593193,0.028844046265427,"both_observed",FALSE,"cdtally_AT",0.0154895175104549,0.0152460025320406,0.0185870342907999,0.0156207660964449,-0.0060356292516486,-0.00640422653461853,-0.00553659243452151,-0.00248693071033371,0.0313309769757607,0.0152460025320406,0.0185870342907999,"all_positive",FALSE,FALSE
"help_a","wb",0.229379873927926,0.144349223674581,0.085030650253345,"both_observed",FALSE,"cdtally_AT",0.0348727475065733,0.0307298839369994,0.0394073212382693,0.0367901066617365,-0.0060356292516486,0.0306290875285986,-0.00553659243452151,0.0539296133490017,0.0311010369043433,0.0307298839369994,0.0394073212382693,"all_positive",FALSE,FALSE
"save","wb",0.548762337680479,0.39969027197892,0.149072065701559,"both_observed",FALSE,"cdtally_AT",0.289783513493328,0.281573936599815,0.303848326572626,0.298693492868231,-0.0060356292516486,-0.148869170911657,-0.00553659243452151,0.129342120895501,0.0197299448060579,0.281573936599815,0.303848326572626,"all_positive",FALSE,FALSE
"wb_book","wb",0.0973220464293037,0,0.0973220464293037,"A_only_edge",FALSE,"cdtally_AT",0.0441503983417011,0.0437214635500733,0.0501968271043276,0.0500211658408095,-0.0060356292516486,0.0361252126826314,-0.00553659243452151,0.0687033893381625,0.0286186570911412,0.0437214635500733,0.0501968271043276,"all_positive",FALSE,FALSE
"book_a_ok","wb",0.210684666882637,0,0.210684666882637,"A_only_edge",FALSE,"cdtally_AT",0.321533088138386,0.311994377348091,0.317088927989027,0.321231176495551,-0.0060356292516486,-0.107683428752003,-0.00553659243452151,0.202277437700213,0.00840722918242404,0.311994377348091,0.321533088138386,"all_positive",FALSE,FALSE
"wb_t_book","combobox",0,0.0604348785846247,-0.0604348785846247,"B_only_edge",FALSE,"cdtally_AT",0.0230174289956052,0.0219332804946599,0.0226576488135152,0.0232361893709076,-0.0060356292516486,0.0206422671240849,-0.120354154527752,-0.0827300876597106,0.0222952090750859,0.0219332804946599,0.0232361893709076,"all_positive",FALSE,FALSE
"book_a_c","combobox",0,0.142070666371113,-0.142070666371113,"B_only_edge",FALSE,"cdtally_AT",-0.0602354011160226,-0.059989561906765,-0.0579100141626293,-0.0563520905164108,-0.0060356292516486,0.0347412234722662,-0.120354154527752,-0.151883961423157,0.00981329505204406,-0.0602354011160226,-0.0563520905164108,"all_negative",FALSE,FALSE
"wb","combobox",0.402395233417851,0.360117525424102,0.042277707993749,"both_observed",FALSE,"cdtally_AT",0.0519117904776118,0.0498085743514471,0.0514914936882806,0.0516885633812266,-0.0060356292516486,0.0190730650264031,-0.120354154527752,-0.0554049282753858,0.0976826362691348,0.0498085743514471,0.0519117904776118,"all_positive",FALSE,FALSE
"wb_t_f","combobox",0.0217556483469654,0.114149021171057,-0.0923933728240916,"both_observed",FALSE,"cdtally_AT",-0.0131000800583032,-0.014198433618934,-0.0128957431436308,-0.0118244836071693,-0.0060356292516486,0.0272375022964158,-0.120354154527752,-0.112252361541288,0.0198589887171964,-0.014198433618934,-0.0118244836071693,"all_negative",FALSE,FALSE
"wb_t_b","combobox",0.0256945316542349,0.142656044059417,-0.116961512405182,"both_observed",FALSE,"cdtally_AT",-0.0131817840655336,-0.0133422665726505,-0.011492137662632,-0.0103862863962618,-0.0060356292516486,0.0250985520528986,-0.120354154527752,-0.114473015792036,-0.00248849661314632,-0.0133422665726505,-0.0103862863962618,"all_negative",FALSE,FALSE
"wb_t_ho","combobox",0.0238112722970381,0.0978483562298677,-0.0740370839328296,"both_observed",FALSE,"cdtally_AT",-0.000892042705951279,-0.00102974992361701,0.000830085864332034,0.00132535014160552,-0.0060356292516486,0.0248081302364554,-0.120354154527752,-0.102473696248897,0.028436612316067,-0.00102974992361701,0.00132535014160552,"mixed_or_zero",FALSE,FALSE
"keypress","combobox",0.0823017447033111,0.241624776567816,-0.159323031864505,"both_observed",FALSE,"cdtally_AT",0.00698995283426977,0.00619368464496838,0.00864391404711246,0.00765246085740392,-0.0060356292516486,0.00785531873934244,-0.120354154527752,-0.111544512205788,-0.0477785196587164,0.00619368464496838,0.00864391404711246,"all_positive",FALSE,FALSE
"wb_f","combobox",0.0297914164214754,0.226706804226889,-0.196915387805414,"both_observed",FALSE,"cdtally_AT",-0.0607367110744749,-0.0613580946007287,-0.058838050426976,-0.0580606645834327,-0.0060356292516486,0.0283670900268097,-0.120354154527752,-0.158759404827066,-0.0381559829783477,-0.0613580946007287,-0.0580606645834327,"all_negative",FALSE,FALSE
"wb_t_h","combobox",0.0274764081755287,0.217331203080763,-0.189854794905234,"both_observed",FALSE,"cdtally_AT",-0.0480349879831766,-0.0483123978347986,-0.0470559823648304,-0.0449260972472218,-0.0060356292516486,0.0256441418178028,-0.120354154527752,-0.148780629944774,-0.0410741649604598,-0.0483123978347986,-0.0449260972472218,"all_negative",FALSE,FALSE
"split_v","combobox",0,0.0416053758194832,-0.0416053758194832,"B_only_edge",FALSE,"cdtally_AT",0.0271328710943532,0.0256913410280739,0.0264330188035266,0.0272696777556789,-0.0060356292516486,0.0103669345075152,-0.120354154527752,-0.0888899781775322,0.0472846023580491,0.0256913410280739,0.0272696777556789,"all_positive",FALSE,FALSE
"wb_h","combobox",0.0257087813810513,0.266219061595615,-0.240510280214564,"both_observed",FALSE,"cdtally_AT",-0.0899267852924729,-0.0885415495273679,-0.0868037373120709,-0.0841153214220951,-0.0060356292516486,0.0212918825860098,-0.120354154527752,-0.195024686485864,-0.0454855937286998,-0.0899267852924729,-0.0841153214220951,"all_negative",FALSE,FALSE
"wb_t_sch","combobox",0.0260536517996397,0.127412097799306,-0.101358445999666,"both_observed",FALSE,"cdtally_AT",-0.0119283701126173,-0.0116973728507869,-0.0106234610420206,-0.0100082239964751,-0.0060356292516486,0.0241703126588231,-0.120354154527752,-0.114147841233195,0.0127893952335286,-0.0119283701126173,-0.0100082239964751,"all_negative",FALSE,FALSE
"wb_e","combobox",0.062190663341032,0.175985272007681,-0.113794608666649,"both_observed",FALSE,"cdtally_AT",-0.00903409956348581,-0.0099849141530469,-0.00874247104093033,-0.00794299698123403,-0.0060356292516486,0.022545122006679,-0.120354154527752,-0.112878761336208,-0.000915847330441463,-0.0099849141530469,-0.00794299698123403,"all_negative",FALSE,FALSE
"split_h","combobox",0,0.0416006385487591,-0.0416006385487591,"B_only_edge",FALSE,"cdtally_AT",0.0256094903575805,0.0246672592848664,0.0255714251354276,0.0258370633614469,-0.0060356292516486,0.0130595220113932,-0.120354154527752,-0.087720771410427,0.0461201328616679,0.0246672592848664,0.0258370633614469,"all_positive",FALSE,FALSE
"help_a","combobox",0,0.335526587431345,-0.335526587431345,"B_only_edge",FALSE,"cdtally_AT",-0.106302031226622,-0.104129579521914,-0.103170719264859,-0.100294907600963,-0.0060356292516486,0.0306290875285986,-0.120354154527752,-0.202062727477424,-0.133463859953921,-0.106302031226622,-0.100294907600963,"all_negative",FALSE,FALSE
"wb_book","combobox",0,0.184433594056155,-0.184433594056155,"B_only_edge",FALSE,"cdtally_AT",-0.108920819329589,-0.108255515134099,-0.106247138673301,-0.10549190057624,-0.0060356292516486,0.0361252126826314,-0.120354154527752,-0.199185390426358,0.014751796370203,-0.108920819329589,-0.10549190057624,"all_negative",FALSE,FALSE
"book_a_c","wb_t_f",0.0402946958900561,0.0726341386265782,-0.0323394427365221,"both_observed",FALSE,"cdtally_AT",-0.0166514384147872,-0.0156317287492887,-0.01661819069543,-0.0142926438218857,-0.0060356292516486,0.0347412234722662,-0.0252065838353491,-0.0131524280295186,-0.0191870147070035,-0.0166514384147872,-0.0142926438218857,"all_negative",FALSE,FALSE
"wb","wb_t_f",0.00352262829360918,0.00755215109415084,-0.00402952280054166,"both_observed",FALSE,"cdtally_AT",0.00285620265549192,0.00220771794287261,0.00141862116001161,0.00257631586220804,-0.0060356292516486,0.0190730650264031,-0.0252065838353491,-0.00931294540510268,0.00528342260456102,0.00141862116001161,0.00285620265549192,"all_positive",FALSE,FALSE
"combobox","wb_t_f",0.0318185509268931,0.0707361218479002,-0.0389175709210071,"both_observed",FALSE,"cdtally_AT",-0.0138692432538688,-0.0136704902093947,-0.013383251722847,-0.0102083588595859,-0.0060356292516486,0.0186049574668024,-0.0252065838353491,-0.026506498874064,-0.0124110720469431,-0.0138692432538688,-0.0102083588595859,"all_negative",FALSE,FALSE
"wb_t_b","wb_t_f",0.363388027216906,0.432460475105581,-0.069072447888675,"both_observed",FALSE,"cdtally_AT",-0.00914350563836463,-0.00969436849168002,-0.00984841851038178,-0.00808671277088536,-0.0060356292516486,0.0250985520528986,-0.0252065838353491,-0.0152871666724637,-0.0537852812162113,-0.00984841851038178,-0.00808671277088536,"all_negative",FALSE,FALSE
"wb_t_ho","wb_t_f",0.0676450954928274,0.096581134167952,-0.0289360386751246,"both_observed",FALSE,"cdtally_AT",-0.00425018698041865,-0.00531931303704292,-0.00540637219768094,-0.00392682459073461,-0.0060356292516486,0.0248081302364554,-0.0252065838353491,-0.0106842698309609,-0.0182517688441637,-0.00540637219768094,-0.00392682459073461,"all_negative",FALSE,FALSE
"keypress","wb_t_f",0.00600963266612033,0.0241000423941453,-0.018090409728025,"both_observed",FALSE,"cdtally_AT",0.00164264218904413,-0.000215156566559644,0.00131472673623237,0.00174818733948254,-0.0060356292516486,0.00785531873934244,-0.0252065838353491,-0.0217442521586111,0.00365384243058612,-0.000215156566559644,0.00174818733948254,"mixed_or_zero",FALSE,FALSE
"wb_t_h","wb_t_f",0.0266701508533913,0.0206330149504335,0.0060371359029578,"both_observed",FALSE,"cdtally_AT",-0.00238056279003632,-0.0025233198176341,-0.00202397387105149,0.000526082716737193,-0.0060356292516486,0.0256441418178028,-0.0252065838353491,-0.00797863405923118,0.014015769962189,-0.0025233198176341,0.000526082716737193,"mixed_or_zero",FALSE,FALSE
"wb_h","wb_t_f",0.0226930688646489,0,0.0226930688646489,"A_only_edge",FALSE,"cdtally_AT",0.00293771404166691,0.00301503605113862,0.00305513129741345,0.00701692666485289,-0.0060356292516486,0.0212918825860098,-0.0252065838353491,-0.007012616459321,0.0297056853239699,0.00293771404166691,0.00701692666485289,"all_positive",FALSE,FALSE
"wb_t_sch","wb_t_f",0.0336513416008148,0.0311097852072075,0.0025415563936073,"both_observed",FALSE,"cdtally_AT",0.00149574037956266,0.00182461360931393,0.00146000745882351,0.00309829433502834,-0.0060356292516486,0.0241703126588231,-0.0252065838353491,-0.00557616004861188,0.00811771644221918,0.00146000745882351,0.00309829433502834,"all_positive",FALSE,FALSE
"wb_e","wb_t_f",0.0374502325319059,0,0.0374502325319059,"A_only_edge",FALSE,"cdtally_AT",0.00515877630838067,0.00493600802450666,0.00479008931240821,0.00653811017951294,-0.0060356292516486,0.022545122006679,-0.0252065838353491,-0.00353831477193801,0.0409885473038439,0.00479008931240821,0.00653811017951294,"all_positive",FALSE,FALSE
"help_a","wb_t_f",0.0225833072851577,0.0266454828618019,-0.0040621755766442,"both_observed",FALSE,"cdtally_AT",-0.00361256503467231,-0.00323588681623365,-0.0023790089881759,0.000573395823479957,-0.0060356292516486,0.0306290875285986,-0.0252065838353491,-0.0042256905930714,0.000163515016427198,-0.00361256503467231,0.000573395823479957,"mixed_or_zero",FALSE,FALSE
"book_a_c","wb_t_b",0.0409002722834132,0,0.0409002722834132,"A_only_edge",FALSE,"cdtally_AT",-0.00259086022991442,0.000335471057889293,0.000677581768751902,0.00323232208453146,-0.0060356292516486,0.0347412234722662,-0.00316517378222934,0.0229495602084739,0.0179507120749393,-0.00259086022991442,0.00323232208453146,"mixed_or_zero",FALSE,FALSE
"wb","wb_t_b",0.00771709906400501,0.0150762891390289,-0.00735919007502389,"both_observed",FALSE,"cdtally_AT",0.000477570688191305,-0.00112737202217965,0.000151181964114324,-1.2639878908327e-05,-0.0060356292516486,0.0190730650264031,-0.00316517378222934,0.0103498326807164,-0.0177090227557403,-0.00112737202217965,0.000477570688191305,"mixed_or_zero",FALSE,FALSE
"combobox","wb_t_b",0.0117618545590473,0,0.0117618545590473,"A_only_edge",FALSE,"cdtally_AT",-0.00458864034792825,-0.00205201900280671,-0.000893989245195179,0.00206807570214741,-0.0060356292516486,0.0186049574668024,-0.00316517378222934,0.00481551408499625,0.00694634047405105,-0.00458864034792825,0.00206807570214741,"mixed_or_zero",FALSE,FALSE
"wb_t_f","wb_t_b",0.447745241398227,0.394871147854486,0.052874093543741,"both_observed",FALSE,"cdtally_AT",0.00240738663162761,0.00270275065558061,0.0031922035851859,0.00406883725183577,-0.0060356292516486,0.0272375022964158,-0.00316517378222934,0.0204440858941655,0.0324300076495755,0.00240738663162761,0.00406883725183577,"all_positive",FALSE,FALSE
"wb_t_ho","wb_t_b",0.0545888819497686,0.0515539614746301,0.0030349204751385,"both_observed",FALSE,"cdtally_AT",-0.00138848402932115,-0.00126726207026326,-0.000578453690259307,0.000716305025561696,-0.0060356292516486,0.0248081302364554,-0.00316517378222934,0.0142188431732563,-0.0111839226981178,-0.00138848402932115,0.000716305025561696,"mixed_or_zero",FALSE,FALSE
"keypress","wb_t_b",0.00955810322526055,0,0.00955810322526055,"A_only_edge",FALSE,"cdtally_AT",0.00123199707773692,-0.000140885035823596,0.00150830598225062,0.0016992957562167,-0.0060356292516486,0.00785531873934244,-0.00316517378222934,-0.000113487216798587,0.00967159044205914,-0.000140885035823596,0.0016992957562167,"mixed_or_zero",FALSE,FALSE
"wb_f","wb_t_b",0.0637497356128272,0.0364301355012179,0.0273196001116093,"both_observed",FALSE,"cdtally_AT",-0.00216250605325005,-0.00156583781779442,-5.81218098620296e-05,0.00111054060914023,-0.0060356292516486,0.0283670900268097,-0.00316517378222934,0.0170037809396817,0.0103158191719275,-0.00216250605325005,0.00111054060914023,"mixed_or_zero",FALSE,FALSE
"wb_t_h","wb_t_b",0.042580002697329,0,0.042580002697329,"A_only_edge",FALSE,"cdtally_AT",0.000235306619952036,0.000955922828927264,0.00232657638023327,0.00348424801844071,-0.0060356292516486,0.0256441418178028,-0.00316517378222934,0.0166786454038769,0.0259013572934521,0.000235306619952036,0.00348424801844071,"all_positive",FALSE,FALSE
"split_v","wb_t_b",0,0.0142081191717985,-0.0142081191717985,"B_only_edge",FALSE,"cdtally_AT",0.000505028171444086,-0.000959929018295797,0.000157640227399692,0.000461272690792115,-0.0060356292516486,0.0103669345075152,-0.00316517378222934,0.00167115964508133,-0.0158792788168798,-0.000959929018295797,0.000505028171444086,"mixed_or_zero",FALSE,FALSE
"wb_h","wb_t_b",0,0.0467777873048166,-0.0467777873048166,"B_only_edge",FALSE,"cdtally_AT",-0.00870327194676035,-0.00817235573107981,-0.00664326533018778,-0.00445070309848096,-0.0060356292516486,0.0212918825860098,-0.00316517378222934,0.00338780760537146,-0.0501655949101881,-0.00870327194676035,-0.00445070309848096,"all_negative",FALSE,FALSE
"wb_t_sch","wb_t_b",0.0204350899952109,0.0264060869270234,-0.0059709969318125,"both_observed",FALSE,"cdtally_AT",-0.00254870230711725,-0.0026525629219775,-0.00163112916844195,-0.000434675447760104,-0.0060356292516486,0.0241703126588231,-0.00316517378222934,0.0124208073178279,-0.0183918042496404,-0.0026525629219775,-0.000434675447760104,"all_negative",FALSE,FALSE
"wb_e","wb_t_b",0.0241789131622743,0,0.0241789131622743,"A_only_edge",FALSE,"cdtally_AT",0.000991968314879445,0.000428652220059997,0.00154431607624949,0.00269295394128709,-0.0060356292516486,0.022545122006679,-0.00316517378222934,0.0143362872876805,0.00984262587459382,0.000428652220059997,0.00269295394128709,"all_positive",FALSE,FALSE
"split_h","wb_t_b",0.00450739465412069,0,0.00450739465412069,"A_only_edge",FALSE,"cdtally_AT",0.00100333654731635,0.000327958129903362,0.00130288538322964,0.00147261848996516,-0.0060356292516486,0.0130595220113932,-0.00316517378222934,0.0048620555248316,-0.00035466087071091,0.000327958129903362,0.00147261848996516,"all_positive",FALSE,FALSE
"wb_t_book","wb_t_ho",0.101885037718402,0.191652157964962,-0.08976712024656,"both_observed",FALSE,"cdtally_AT",-0.00738157784527934,-0.00768960392130366,-0.00797218548186286,-0.0072065467326236,-0.0060356292516486,0.0206422671240849,-0.0192957828703554,-0.0120707228431984,-0.0776963974033616,-0.00797218548186286,-0.0072065467326236,"all_negative",FALSE,FALSE
"book_a_c","wb_t_ho",0.241283237812911,0.261825554049065,-0.020542316236154,"both_observed",FALSE,"cdtally_AT",-0.0031826686312872,-0.00239233968801474,-0.00261278085883798,-0.000304665561936276,-0.0060356292516486,0.0347412234722662,-0.0192957828703554,0.00622714271897503,-0.026769458955129,-0.0031826686312872,-0.000304665561936276,"all_negative",FALSE,FALSE
"wb","wb_t_ho",0.00447484385398801,0.00931625387812961,-0.0048414100241416,"both_observed",FALSE,"cdtally_AT",0.00215066299901798,0.00202964584723385,0.0021938824769695,0.00197639458870833,-0.0060356292516486,0.0190730650264031,-0.0192957828703554,-0.00410768409658295,-0.000733725927558653,0.00197639458870833,0.0021938824769695,"all_positive",FALSE,FALSE
"wb_t_f","wb_t_ho",0.199195812234799,0.164379556406205,0.034816255828594,"both_observed",FALSE,"cdtally_AT",0.00353287560694716,0.00291407681118126,0.00345733786659942,0.00428417267765313,-0.0060356292516486,0.0272375022964158,-0.0192957828703554,0.00543896578135901,0.029377290047235,0.00291407681118126,0.00428417267765313,"all_positive",FALSE,FALSE
"wb_t_b","wb_t_ho",0.0740801176871338,0.0848217307743023,-0.0107416130871685,"both_observed",FALSE,"cdtally_AT",-0.000848396376286745,-0.000115597573917061,-4.30752332819631e-05,0.00075745674193916,-0.0060356292516486,0.0250985520528986,-0.0192957828703554,-0.00108125644539217,-0.00966035664177634,-0.000848396376286745,0.00075745674193916,"mixed_or_zero",FALSE,FALSE
"keypress","wb_t_ho",0.019766004865649,0.0340355401081076,-0.0142695352424586,"both_observed",FALSE,"cdtally_AT",-0.000388870953338545,-0.000769256534136112,0.000256993613113387,0.000478476812677308,-0.0060356292516486,0.00785531873934244,-0.0192957828703554,-0.0178649643360001,0.00359542909354149,-0.000769256534136112,0.000478476812677308,"mixed_or_zero",FALSE,FALSE
"wb_f","wb_t_ho",0.0980151180144146,0.0933048968498557,0.00471022116455891,"both_observed",FALSE,"cdtally_AT",-0.000584455822572932,7.42678476783644e-06,-1.86331998963129e-06,0.00155584009551502,-0.0060356292516486,0.0283670900268097,-0.0192957828703554,0.00245122208223282,0.00225899908232609,-0.000584455822572932,0.00155584009551502,"mixed_or_zero",FALSE,FALSE
"wb_t_h","wb_t_ho",0.105044900761853,0.11664560578268,-0.011600705020827,"both_observed",FALSE,"cdtally_AT",-0.00212160787942008,-0.00165511843580801,-0.00166694608657459,0.000175219005564725,-0.0060356292516486,0.0256441418178028,-0.0192957828703554,-0.00180887818362126,-0.00979182683720575,-0.00212160787942008,0.000175219005564725,"mixed_or_zero",FALSE,FALSE
"wb_h","wb_t_ho",0.0713704949193175,0.0646842172775253,0.00668627764179221,"both_observed",FALSE,"cdtally_AT",-4.25193822745947e-05,-0.000593907976319592,-9.24917098861416e-05,0.00298051805441664,-0.0060356292516486,0.0212918825860098,-0.0192957828703554,-0.00408204891826882,0.010768326560061,-0.000593907976319592,0.00298051805441664,"mixed_or_zero",FALSE,FALSE
"wb_t_sch","wb_t_ho",0.0881719591511572,0,0.0881719591511572,"A_only_edge",FALSE,"cdtally_AT",0.00670675518822602,0.00716215848145886,0.00716812989125556,0.00812495720420668,-0.0060356292516486,0.0241703126588231,-0.0192957828703554,0.00554565572504516,0.082626303426112,0.00670675518822602,0.00812495720420668,"all_positive",FALSE,FALSE
"wb_e","wb_t_ho",0.069544597040147,0.0878300231601073,-0.0182854261199603,"both_observed",FALSE,"cdtally_AT",-0.00148410557036026,-0.00199949376605422,-0.00171561506131311,-0.000390212036421209,-0.0060356292516486,0.022545122006679,-0.0192957828703554,-0.00427039568568526,-0.014015030434275,-0.00199949376605422,-0.000390212036421209,"all_negative",FALSE,FALSE
"help_a","wb_t_ho",0,0.0322494384009743,-0.0322494384009743,"B_only_edge",FALSE,"cdtally_AT",-0.00706530295064219,-0.00668447386896258,-0.00671842307474499,-0.0035283002055788,-0.0060356292516486,0.0306290875285986,-0.0192957828703554,-0.0017676275440476,-0.0304818108569267,-0.00706530295064219,-0.0035283002055788,"all_negative",FALSE,FALSE
"wb_book","wb_t_ho",0.0766366451307672,0,0.0766366451307672,"A_only_edge",FALSE,"cdtally_AT",0.00560032167767661,0.00651849959448966,0.00715991092210605,0.00961279905379251,-0.0060356292516486,0.0361252126826314,-0.0192957828703554,0.0163941222383041,0.0602425228924631,0.00560032167767661,0.00961279905379251,"all_positive",FALSE,FALSE
"book_a_ok","wb_t_ho",0.324259678153048,0.507413741397654,-0.183154063244606,"both_observed",FALSE,"cdtally_AT",-0.0251683080787608,-0.0296901284614766,-0.03088866787288,-0.0235732717854341,-0.0060356292516486,-0.107683428752003,-0.0192957828703554,-0.158183148952768,-0.0249709142918384,-0.03088866787288,-0.0235732717854341,"all_negative",FALSE,FALSE
"wb_t_book","keypress",0.0266184837975973,0,0.0266184837975973,"A_only_edge",FALSE,"cdtally_AT",0.0045243358583711,0.00467874094470376,0.00427822169661223,0.004365728594424,-0.0060356292516486,0.0206422671240849,-0.00517551730397841,0.013955456426829,0.0126630273707683,0.00427822169661223,0.00467874094470376,"all_positive",FALSE,FALSE
"book_a_c","keypress",0.0308631804013186,0,0.0308631804013186,"A_only_edge",FALSE,"cdtally_AT",-0.0083060716730534,-0.00648442595178408,-0.0084880315074583,-0.00641629719720632,-0.0060356292516486,0.0347412234722662,-0.00517551730397841,0.0152240052435858,0.0156391751577328,-0.0084880315074583,-0.00641629719720632,"all_negative",FALSE,FALSE
"ss","keypress",0.0297009343845575,0.0263815624700261,0.0033193719145314,"both_observed",FALSE,"cdtally_AT",0.00646154068911678,0.00665742317061195,0.00680902503819066,0.00644032729887224,-0.0060356292516486,-0.00634589156573483,-0.00517551730397841,-0.0110954974322451,0.0144148693467765,0.00644032729887224,0.00680902503819066,"all_positive",FALSE,FALSE
"ss_so","keypress",0.00950464166897733,0,0.00950464166897733,"A_only_edge",FALSE,"cdtally_AT",0.0140560002965109,0.0132962322642544,0.0151189560665117,0.0131669211585831,-0.0060356292516486,-0.0116679202950874,-0.00517551730397841,-0.00882306655420354,0.0183277082231809,0.0131669211585831,0.0151189560665117,"all_positive",TRUE,FALSE
"so_1_3","keypress",0.00865747841621133,0,0.00865747841621133,"A_only_edge",FALSE,"cdtally_AT",0.0113032674516654,0.0108652221958714,0.0114979238024941,0.0103150729054359,-0.0060356292516486,0.00551402216101582,-0.00517551730397841,0.00560614305705424,0.00305133535915709,0.0103150729054359,0.0114979238024941,"all_positive",TRUE,FALSE
"so_ok","keypress",0.0157950392603101,0,0.0157950392603101,"A_only_edge",FALSE,"cdtally_AT",-0.00407903962453728,-0.00735576695890326,-0.00354483894084353,-0.00377942092853325,-0.0060356292516486,-0.00129391860686285,-0.00517551730397841,-0.0165841047870271,0.0323791440473372,-0.00735576695890326,-0.00354483894084353,"all_negative",TRUE,FALSE
"wb","keypress",0.0218657838401052,0.0263096267759318,-0.0044438429358266,"both_observed",FALSE,"cdtally_AT",0.0066528492130977,0.00608034084959865,0.00628222788306095,0.00648935373061839,-0.0060356292516486,0.0190730650264031,-0.00517551730397841,0.0145147676838737,-0.0189586106197003,0.00608034084959865,0.0066528492130977,"all_positive",FALSE,FALSE
"combobox","keypress",0.0661613832304438,0.185530343345017,-0.119368960114573,"both_observed",FALSE,"cdtally_AT",-0.0279335876190632,-0.0266952681252938,-0.0283206459232548,-0.0258746767984101,-0.0060356292516486,0.0186049574668024,-0.00517551730397841,-0.0205397767078878,-0.0988291834066854,-0.0283206459232548,-0.0258746767984101,"all_negative",FALSE,FALSE
"wb_t_f","keypress",0.0235382267951035,0,0.0235382267951035,"A_only_edge",FALSE,"cdtally_AT",-0.001571283607478,-0.000802279157263911,-0.00132815727662631,-0.000196635180825688,-0.0060356292516486,0.0272375022964158,-0.00517551730397841,0.0144550721333108,0.00908315466179269,-0.001571283607478,-0.000196635180825688,"all_negative",FALSE,FALSE
"wb_t_b","keypress",0.0141315419419543,0,0.0141315419419543,"A_only_edge",FALSE,"cdtally_AT",-0.0014654273325541,-0.000646315614988329,-0.000760917464948133,0.000342204526699843,-0.0060356292516486,0.0250985520528986,-0.00517551730397841,0.0124219781647174,0.00170956377723685,-0.0014654273325541,0.000342204526699843,"mixed_or_zero",FALSE,FALSE
"wb_t_ho","keypress",0.0311950425376249,0.0346677827811986,-0.0034727402435737,"both_observed",FALSE,"cdtally_AT",9.84065682278926e-05,0.00074453028091017,0.000809094976553063,0.000747319801806852,-0.0060356292516486,0.0248081302364554,-0.00517551730397841,0.0136953902490563,-0.01716813049263,9.84065682278926e-05,0.000809094976553063,"all_positive",FALSE,FALSE
"wb_f","keypress",0.0400020571769096,0,0.0400020571769096,"A_only_edge",FALSE,"cdtally_AT",-0.00960356316214672,-0.00903047999180077,-0.00885879828272331,-0.00837169536151223,-0.0060356292516486,0.0283670900268097,-0.00517551730397841,0.007552380309036,0.0324496768678736,-0.00960356316214672,-0.00837169536151223,"all_negative",FALSE,FALSE
"so_c","keypress",0.0304460963357329,0,0.0304460963357329,"A_only_edge",FALSE,"cdtally_AT",0.0308449958360891,0.0294925607296308,0.030055745897819,0.0296121162412588,-0.0060356292516486,-0.00326854348910423,-0.00517551730397841,0.0163653057913579,0.014080790544375,0.0294925607296308,0.0308449958360891,"all_positive",FALSE,FALSE
"so_2_asc","keypress",0.00778306136551394,0,0.00778306136551394,"A_only_edge",FALSE,"cdtally_AT",0.00828309259580799,0.00907196386745573,0.00922263656000192,0.00857002611351955,-0.0060356292516486,-0.0182501347969284,-0.00517551730397841,-0.0211781887567474,0.0289612501222613,0.00828309259580799,0.00922263656000192,"all_positive",TRUE,FALSE
"wb_t_h","keypress",0.0483947568772326,0.0601276907594954,-0.0117329338822628,"both_observed",FALSE,"cdtally_AT",-0.00921249951287333,-0.00819542085145124,-0.00862048302130528,-0.00742117006724789,-0.0060356292516486,0.0256441418178028,-0.00517551730397841,0.00522049574930245,-0.0169534296315653,-0.00921249951287333,-0.00742117006724789,"all_negative",FALSE,FALSE
"ss_data","keypress",0.00944156800250583,0,0.00944156800250583,"A_only_edge",FALSE,"cdtally_AT",0.00315320387768292,0.000426914588190755,0.00283112622591174,0.00363006850621581,-0.0060356292516486,-0.00760636781739942,-0.00517551730397841,-0.0156643104953435,0.0251058784978493,0.000426914588190755,0.00363006850621581,"all_positive",TRUE,FALSE
"so","keypress",0.0106178578464713,0,0.0106178578464713,"A_only_edge",FALSE,"cdtally_AT",0.0102663841112552,0.0100005754981085,0.0110740596511484,0.0102653481457546,-0.0060356292516486,-0.0141349439506384,-0.00517551730397841,-0.0150797063950102,0.0256975642414815,0.0100005754981085,0.0110740596511484,"all_positive",TRUE,FALSE
"ss_file","keypress",0.0102371663999548,0,0.0102371663999548,"A_only_edge",FALSE,"cdtally_AT",0.0150477308359972,0.0149692697821471,0.0155886824544366,0.0146712314219958,-0.0060356292516486,-0.00364736048941308,-0.00517551730397841,0.000189223790957111,0.0100479426089977,0.0146712314219958,0.0155886824544366,"all_positive",FALSE,FALSE
"split_v","keypress",0,0.0122031938649087,-0.0122031938649087,"B_only_edge",FALSE,"cdtally_AT",0.00132082078440877,0.000323440500779227,0.00146676654888125,0.00129203158666411,-0.0060356292516486,0.0103669345075152,-0.00517551730397841,0.00047660873629695,-0.0126798026012056,0.000323440500779227,0.00146676654888125,"all_positive",FALSE,FALSE
"wb_h","keypress",0.08154463884794,0.0501811456300182,0.0313634932179218,"both_observed",FALSE,"cdtally_AT",-0.0190537393521039,-0.0187765310705231,-0.0181546937822189,-0.0172613344404188,-0.0060356292516486,0.0212918825860098,-0.00517551730397841,-0.00897300332172119,0.040336496539643,-0.0190537393521039,-0.0172613344404188,"all_negative",FALSE,FALSE
"wb_t_sch","keypress",0.100619438986043,0.168466258364132,-0.067846819378089,"both_observed",FALSE,"cdtally_AT",-0.005939113394046,-0.00561967251884845,-0.00524478806452278,-0.00459879469093018,-0.0060356292516486,0.0241703126588231,-0.00517551730397841,0.00702005270915011,-0.0748668720872391,-0.005939113394046,-0.00459879469093018,"all_negative",FALSE,FALSE
"ss_edit","keypress",0.0115322956172257,0,0.0115322956172257,"A_only_edge",FALSE,"cdtally_AT",0.00404294189365646,0.00386601385568096,0.00518241257601788,0.00359226962315709,-0.0060356292516486,-0.00100533068514092,-0.00517551730397841,-0.00817353534711147,0.0197058309643372,0.00359226962315709,0.00518241257601788,"all_positive",FALSE,FALSE
"wb_e","keypress",0.0695761034792391,0.0426747707470029,0.0269013327322362,"both_observed",FALSE,"cdtally_AT",-0.00132026730894556,-0.00126563243613244,-0.00169944600547749,-0.00117328079443079,-0.0060356292516486,0.022545122006679,-0.00517551730397841,0.0100137081421064,0.0168876245901298,-0.00169944600547749,-0.00117328079443079,"all_negative",FALSE,FALSE
"ss_sch","keypress",0.807887901119293,0.86088750468083,-0.052999603561537,"both_observed",FALSE,"cdtally_AT",-0.000145942061667891,-0.00179720847404705,0.000278734582082125,-0.000331265189010179,-0.0060356292516486,-0.0130804874037999,-0.00517551730397841,-0.0244375760210948,-0.0285620275404422,-0.00179720847404705,0.000278734582082125,"mixed_or_zero",FALSE,FALSE
"sch_ok","keypress",0.0934488976571286,0.0918353742234029,0.0016135234337257,"both_observed",FALSE,"cdtally_AT",0.0172616010745979,0.0190528048414543,0.017805124952177,0.0181154622318479,-0.0060356292516486,-0.00605583365662048,-0.00517551730397841,-5.37913764957904e-06,0.00161890257137528,0.0172616010745979,0.0190528048414543,"all_positive",FALSE,FALSE
"split_h","keypress",0.00897009694401347,0.0205193682520635,-0.01154927130805,"both_observed",FALSE,"cdtally_AT",0.00447599752765438,0.00471633350218403,0.00460702674121437,0.00479807590881502,-0.0060356292516486,0.0130595220113932,-0.00517551730397841,0.00632437298342056,-0.0178736442914706,0.00447599752765438,0.00479807590881502,"all_positive",FALSE,FALSE
"ss_help","keypress",0.0693314585959001,0,0.0693314585959001,"A_only_edge",FALSE,"cdtally_AT",0.0455912269840155,0.046300780454868,0.0428569658121066,0.0427129394172418,-0.0060356292516486,-0.00566788182275347,-0.00517551730397841,0.028712198605635,0.0406192599902651,0.0427129394172418,0.046300780454868,"all_positive",FALSE,FALSE
"ss_save","keypress",0,0.0837453498712699,-0.0837453498712699,"B_only_edge",FALSE,"cdtally_AT",0.0181042387460271,0.0159134685447473,0.0176981571973914,0.0168282099535277,-0.0060356292516486,-0.00640422653461853,-0.00517551730397841,0.000488865655781583,-0.0842342155270515,0.0159134685447473,0.0181042387460271,"all_positive",FALSE,FALSE
"help_a","keypress",0.050489904423649,0.0456348560560436,0.0048550483676054,"both_observed",FALSE,"cdtally_AT",-0.017784991403692,-0.0162909327468879,-0.0164887928939518,-0.015199679996725,-0.0060356292516486,0.0306290875285986,-0.00517551730397841,0.00163294956927953,0.00322209879832586,-0.017784991403692,-0.015199679996725,"all_negative",FALSE,FALSE
"sch","keypress",0.893623225913026,0.892635595214684,0.000987630698341957,"both_observed",FALSE,"cdtally_AT",0.0042943551991513,0.00177490545167363,0.003675104582601,0.00318770781339278,-0.0060356292516486,-0.00397800604210227,-0.00517551730397841,-0.010894797398578,0.0118824280969199,0.00177490545167363,0.0042943551991513,"all_positive",FALSE,FALSE
"wb_book","keypress",0.0469072660226448,0,0.0469072660226448,"A_only_edge",FALSE,"cdtally_AT",-0.0230676560448286,-0.0211955971045917,-0.021574354749172,-0.0205121143097419,-0.0060356292516486,0.0361252126826314,-0.00517551730397841,0.00184641008217581,0.045060855940469,-0.0230676560448286,-0.0205121143097419,"all_negative",FALSE,FALSE
"book_a_ok","keypress",0,0.265630933879425,-0.265630933879425,"B_only_edge",FALSE,"cdtally_AT",-0.0922601064753201,-0.0970848726454842,-0.0967688669545348,-0.0918220281119335,-0.0060356292516486,-0.107683428752003,-0.00517551730397841,-0.21115468178295,-0.054476252096475,-0.0970848726454842,-0.0918220281119335,"all_negative",FALSE,FALSE
"wb_t_book","wb_f",0.0238951976786068,0,0.0238951976786068,"A_only_edge",FALSE,"cdtally_AT",0.00877109329333316,0.00627467942844499,0.00829039973105367,0.00884940472182092,-0.0060356292516486,0.0206422671240849,-0.0169711913001013,0.00640653986566824,0.0174886578129386,0.00627467942844499,0.00884940472182092,"all_positive",FALSE,FALSE
"book_a_c","wb_f",0,0.0831528316843769,-0.0831528316843769,"B_only_edge",FALSE,"cdtally_AT",-0.0329588799267818,-0.0324836483320899,-0.0305751415763316,-0.0301732834369459,-0.0060356292516486,0.0347412234722662,-0.0169711913001013,-0.0212244770062655,-0.0619283546781114,-0.0329588799267818,-0.0301732834369459,"all_negative",FALSE,FALSE
"wb","wb_f",0.00496347476816517,0.0130265559900533,-0.00806308122188813,"both_observed",FALSE,"cdtally_AT",0.00913460961158409,0.00721817424382307,0.00858315993713872,0.00954239168052346,-0.0060356292516486,0.0190730650264031,-0.0169711913001013,0.00520085408623729,-0.0132639353081254,0.00721817424382307,0.00954239168052346,"all_positive",FALSE,FALSE
"combobox","wb_f",0.011113691827662,0.0565017923526379,-0.0453881005249759,"both_observed",FALSE,"cdtally_AT",-0.0381583282883572,-0.0391823267504351,-0.0356527819293215,-0.0348961484099544,-0.0060356292516486,0.0186049574668024,-0.0169711913001013,-0.0425601913733046,-0.0028279091516713,-0.0391823267504351,-0.0348961484099544,"all_negative",FALSE,FALSE
"wb_t_f","wb_f",0.0639580741413761,0.0587040970615351,0.00525397707984099,"both_observed",FALSE,"cdtally_AT",-0.00827004213465691,-0.00962675451670117,-0.00743115494108573,-0.00689882609690297,-0.0060356292516486,0.0272375022964158,-0.0169711913001013,-0.00403936038999094,0.00929333746983194,-0.00962675451670117,-0.00689882609690297,"all_negative",FALSE,FALSE
"wb_t_b","wb_f",0.0797695060972833,0.0804313845137825,-0.000661878416499201,"both_observed",FALSE,"cdtally_AT",-0.00531526995942453,-0.00685216860431935,-0.00381539905713112,-0.00380145281741099,-0.0060356292516486,0.0250985520528986,-0.0169711913001013,-0.00322353845827583,0.00256166004177663,-0.00685216860431935,-0.00380145281741099,"all_negative",FALSE,FALSE
"wb_t_ho","wb_f",0.0763579152825655,0.056259099453478,0.0200988158290875,"both_observed",FALSE,"cdtally_AT",-0.00194130357829177,-0.00297061558178418,-0.000997321443857951,-0.000581215219572125,-0.0060356292516486,0.0248081302364554,-0.0169711913001013,-0.000139993893586238,0.0202388097226737,-0.00297061558178418,-0.000581215219572125,"all_negative",FALSE,FALSE
"keypress","wb_f",0.00822105070113366,0,0.00822105070113366,"A_only_edge",FALSE,"cdtally_AT",0.00486038775282283,0.00234421387654728,0.00605001421037726,0.00517130006841042,-0.0060356292516486,0.00785531873934244,-0.0169711913001013,-0.0102911140595846,0.0185121647607182,0.00234421387654728,0.00605001421037726,"all_positive",FALSE,FALSE
"wb_t_h","wb_f",0.0451908927918822,0.049350901017657,-0.0041600082257748,"both_observed",FALSE,"cdtally_AT",-0.0122955291856398,-0.0139061450248483,-0.0110609257034065,-0.00982840237300011,-0.0060356292516486,0.0256441418178028,-0.0169711913001013,-0.00965820791958688,0.00549819969381208,-0.0139061450248483,-0.00982840237300011,"all_negative",FALSE,FALSE
"split_v","wb_f",0.00843778393229728,0,0.00843778393229728,"A_only_edge",FALSE,"cdtally_AT",0.0123827015745501,0.00928342640788082,0.0116664741937218,0.0122723020587144,-0.0060356292516486,0.0103669345075152,-0.0169711913001013,-0.000257184469684582,0.00869496840198186,0.00928342640788082,0.0123827015745501,"all_positive",FALSE,FALSE
"wb_h","wb_f",0.0354634745229674,0.0431474363016468,-0.0076839617786794,"both_observed",FALSE,"cdtally_AT",-0.0190979386987255,-0.0206384741466353,-0.0166543467162114,-0.0159951060129465,-0.0060356292516486,0.0212918825860098,-0.0169711913001013,-0.0208128766644656,0.0131289148857862,-0.0206384741466353,-0.0159951060129465,"all_negative",FALSE,FALSE
"wb_t_sch","wb_f",0.0549453816928535,0,0.0549453816928535,"A_only_edge",FALSE,"cdtally_AT",0.00250329190540854,0.0015773512865362,0.00365360391678106,0.00327849561538825,-0.0060356292516486,0.0241703126588231,-0.0169711913001013,0.0036667840124818,0.0512785976803717,0.0015773512865362,0.00365360391678106,"all_positive",FALSE,FALSE
"wb_e","wb_f",0.113045440987422,0.16688698935545,-0.053841548368028,"both_observed",FALSE,"cdtally_AT",-0.0056328172456862,-0.00748469389223943,-0.00529306951129541,-0.004614809720389,-0.0060356292516486,0.022545122006679,-0.0169711913001013,-0.00609451579075707,-0.0477470325772709,-0.00748469389223943,-0.004614809720389,"all_negative",FALSE,FALSE
"wb_book","wb_f",0.0418212367103847,0.0826104583876172,-0.0407892216772325,"both_observed",FALSE,"cdtally_AT",-0.03326995078341,-0.0342249549783548,-0.0290583178500567,-0.0293962158806833,-0.0060356292516486,0.0361252126826314,-0.0169711913001013,-0.0201515586525284,-0.0206376630247041,-0.0342249549783548,-0.0290583178500567,"all_negative",FALSE,FALSE
"ss_so","so_c",0.0647828345549154,0.238900227768464,-0.174117393213549,"both_observed",FALSE,"cdtally_AT",-0.0704003183829535,-0.0625311715575337,-0.0672564934076511,-0.0732884442927534,-0.0060356292516486,-0.0116679202950874,-0.0361703968229286,-0.124274264752618,-0.0498431284609305,-0.0732884442927534,-0.0625311715575337,"all_negative",TRUE,FALSE
"so_1_3","so_c",0.00443810671241291,0,0.00443810671241291,"A_only_edge",FALSE,"cdtally_AT",-0.0167353246450361,-0.00798351146664837,-0.0108906976857533,-0.0182755597851851,-0.0060356292516486,0.00551402216101582,-0.0361703968229286,-0.0534273285585974,0.0578654352710103,-0.0182755597851851,-0.00798351146664837,"all_negative",TRUE,FALSE
"so_2_asc","so_c",0.0054619601512362,0.0435815117914713,-0.0381195516402351,"both_observed",FALSE,"cdtally_AT",-0.00704022571686733,0.00122089546498951,-0.00106842304474226,-0.00893498268290794,-0.0060356292516486,-0.0182501347969284,-0.0361703968229286,-0.0674963865883729,0.0293768349481378,-0.00893498268290794,0.00122089546498951,"mixed_or_zero",TRUE,FALSE
"so","so_c",0.0452512120161351,0.232013189042562,-0.186761977026427,"both_observed",FALSE,"cdtally_AT",-0.0496572420554597,-0.0417234291805076,-0.0443929424989733,-0.0521594825758923,-0.0060356292516486,-0.0141349439506384,-0.0361703968229286,-0.105998212080675,-0.0807637649457517,-0.0521594825758923,-0.0417234291805076,"all_negative",TRUE,FALSE
"ss_edit","so_c",0.0038328193083601,0,0.0038328193083601,"A_only_edge",FALSE,"cdtally_AT",0.00755239969545114,0.0144987293003707,0.0132732129854988,0.00550380105164271,-0.0060356292516486,-0.00100533068514092,-0.0361703968229286,-0.035658957064267,0.0394917763726271,0.00550380105164271,0.0144987293003707,"all_positive",FALSE,FALSE
"ss_so","so_2_asc",0.0614411924960447,0.0898267707599277,-0.028385578263883,"both_observed",TRUE,"cdtally_AT",0.0943339165967433,0.0966575817441223,0.0988310736791847,0.0912160918211804,-0.0060356292516486,-0.0116679202950874,-0.0556990008929931,0.0209313661570142,-0.0493169444208972,0.0912160918211804,0.0988310736791847,"all_positive",TRUE,TRUE
"so_1_3","so_2_asc",0.414027408931953,0.41311457883357,0.000912830098383,"both_observed",TRUE,"cdtally_AT",0.0382754759912996,0.0408130146424817,0.0441527182745622,0.0335334798593604,-0.0060356292516486,0.00551402216101582,-0.0556990008929931,-0.0179451319923263,0.0188579620907093,0.0335334798593604,0.0441527182745622,"all_positive",TRUE,TRUE
"keypress","so_2_asc",0.00635380296776598,0,0.00635380296776598,"A_only_edge",FALSE,"cdtally_AT",-0.00809238267135957,-0.00417482653798766,-0.000576025636968259,-0.0112540020605221,-0.0060356292516486,0.00785531873934244,-0.0556990008929931,-0.0619716940766588,0.0683254970444248,-0.0112540020605221,-0.000576025636968259,"all_negative",FALSE,TRUE
"so","so_2_asc",0.0621996064742011,0.100234511083679,-0.0380349046094779,"both_observed",TRUE,"cdtally_AT",0.0436072703881074,0.0474875617202041,0.0498215821677409,0.0395871837041048,-0.0060356292516486,-0.0141349439506384,-0.0556990008929931,-0.0322623037071726,-0.0057726009023053,0.0395871837041048,0.0498215821677409,"all_positive",TRUE,TRUE
"so_1_4","so_2_asc",0.540130283931069,0.409459028962289,0.13067125496878,"both_observed",FALSE,"cdtally_AT",0.206910304315177,0.227146261440164,0.223665624792731,0.209176762385117,-0.0060356292516486,-0.0334746788564927,-0.0556990008929931,0.111700995314043,0.0189702596547373,0.206910304315177,0.227146261440164,"all_positive",FALSE,TRUE
"so_1_1","so_2_asc",0,0.329324801820099,-0.329324801820099,"B_only_edge",FALSE,"cdtally_AT",-0.250881937692317,-0.241961970853438,-0.234049702909482,-0.249056106487343,-0.0060356292516486,0.0381435010097564,-0.0556990008929931,-0.274473066827202,-0.0548517349928971,-0.250881937692317,-0.234049702909482,"all_negative",FALSE,TRUE
"wb_t_book","wb_t_h",0.0711292781412898,0,0.0711292781412898,"A_only_edge",FALSE,"cdtally_AT",0.0154087081089145,0.0136860371795654,0.0164838442711919,0.0148844506691943,-0.0060356292516486,0.0206422671240849,-0.0187865724424271,0.0112287735389237,0.0599005046023661,0.0136860371795654,0.0164838442711919,"all_positive",FALSE,FALSE
"book_a_c","wb_t_h",0.178399060857361,0.256374700816381,-0.07797563995902,"both_observed",FALSE,"cdtally_AT",-0.0328587371637299,-0.0323312220363601,-0.0305528648114051,-0.0306381344425671,-0.0060356292516486,0.0347412234722662,-0.0187865724424271,-0.0229397153855394,-0.0550359245734806,-0.0328587371637299,-0.0305528648114051,"all_negative",FALSE,FALSE
"wb","wb_t_h",0.00632753438009524,0.0125495554970613,-0.00622202111696606,"both_observed",FALSE,"cdtally_AT",0.00951953561089972,0.00817068535099868,0.00941874855341356,0.0100003867490282,-0.0060356292516486,0.0190730650264031,-0.0187865724424271,0.00377039894322703,-0.00999242006019309,0.00817068535099868,0.0100003867490282,"all_positive",FALSE,FALSE
"combobox","wb_t_h",0.0111553983605784,0.050388192177987,-0.0392327938174086,"both_observed",FALSE,"cdtally_AT",-0.0413061947019768,-0.042332970359881,-0.0400714064116217,-0.0389582056997329,-0.0060356292516486,0.0186049574668024,-0.0187865724424271,-0.0475234389292501,0.00829064511184148,-0.042332970359881,-0.0389582056997329,"all_negative",FALSE,FALSE
"wb_t_f","wb_t_h",0,0.0569268229275285,-0.0569268229275285,"B_only_edge",FALSE,"cdtally_AT",-0.0142189860000233,-0.0149762161930532,-0.0133866013459518,-0.013145341594562,-0.0060356292516486,0.0272375022964158,-0.0187865724424271,-0.0118036853976832,-0.0451231375298453,-0.0149762161930532,-0.013145341594562,"all_negative",FALSE,FALSE
"wb_t_b","wb_t_h",0.0473386001759537,0.058975454215289,-0.0116368540393353,"both_observed",FALSE,"cdtally_AT",-0.00531458765974455,-0.00667797149946763,-0.00457004991169663,-0.00481438654444529,-0.0060356292516486,0.0250985520528986,-0.0187865724424271,-0.00503823730092173,-0.00659861673841357,-0.00667797149946763,-0.00457004991169663,"all_negative",FALSE,FALSE
"wb_t_ho","wb_t_h",0.0946439170960902,0.0923770983900646,0.0022668187060256,"both_observed",FALSE,"cdtally_AT",-0.00266030599343675,-0.00320075497729142,-0.00210829541143058,-0.00202135952908684,-0.0060356292516486,0.0248081302364554,-0.0187865724424271,-0.0026743774510571,0.0049411961570827,-0.00320075497729142,-0.00202135952908684,"all_negative",FALSE,FALSE
"keypress","wb_t_h",0.0183000154623594,0.0302786037911191,-0.0119785883287597,"both_observed",FALSE,"cdtally_AT",0.00524653971354457,0.00350612718361044,0.00604486303331349,0.00517793309588215,-0.0060356292516486,0.00785531873934244,-0.0187865724424271,-0.0117203432411887,-0.000258245087570962,0.00350612718361044,0.00604486303331349,"all_positive",FALSE,FALSE
"wb_f","wb_t_h",0.07546932776357,0.0787159611527485,-0.00324663338917849,"both_observed",FALSE,"cdtally_AT",-0.0164814952735782,-0.0182456372148283,-0.0151429197414328,-0.0154542960518154,-0.0060356292516486,0.0283670900268097,-0.0187865724424271,-0.0129366069408442,0.00968997355166573,-0.0182456372148283,-0.0151429197414328,"all_negative",FALSE,FALSE
"split_v","wb_t_h",0.00928988417745006,0.02982031502824,-0.0205304308507899,"both_observed",FALSE,"cdtally_AT",0.00938205445116978,0.0075806945023641,0.00861346362554983,0.00989267062459533,-0.0060356292516486,0.0103669345075152,-0.0187865724424271,-0.00507321273539076,-0.0154572181153992,0.0075806945023641,0.00989267062459533,"all_positive",FALSE,FALSE
"wb_h","wb_t_h",0.108785074731684,0.17815923249165,-0.069374157759966,"both_observed",FALSE,"cdtally_AT",-0.0262360586427877,-0.0275713135553967,-0.025055981087371,-0.0236131836428454,-0.0060356292516486,0.0212918825860098,-0.0187865724424271,-0.0297663777508537,-0.0396077800091123,-0.0275713135553967,-0.0236131836428454,"all_negative",FALSE,FALSE
"wb_t_sch","wb_t_h",0.224363937537827,0.218059468180059,0.00630446935776799,"both_observed",FALSE,"cdtally_AT",-0.00309666925551886,-0.00330483790283406,-0.00246785598627051,-0.00220633857171347,-0.0060356292516486,0.0241703126588231,-0.0187865724424271,-0.00374855829077148,0.0100530276485395,-0.00330483790283406,-0.00220633857171347,"all_negative",FALSE,FALSE
"wb_e","wb_t_h",0.069358363167268,0,0.069358363167268,"A_only_edge",FALSE,"cdtally_AT",0.00424249588755647,0.00299398057823714,0.00418210633102117,0.00500075252243505,-0.0060356292516486,0.022545122006679,-0.0187865724424271,0.00196541620015971,0.0673929469671083,0.00299398057823714,0.00500075252243505,"all_positive",FALSE,FALSE
"help_a","wb_t_h",0.112295894624595,0.0767057700403199,0.0355901245842751,"both_observed",FALSE,"cdtally_AT",-0.0178027736839585,-0.020166182135696,-0.0158659993087848,-0.0164105697628727,-0.0060356292516486,0.0306290875285986,-0.0187865724424271,-0.0119958878494357,0.0475860124337108,-0.020166182135696,-0.0158659993087848,"all_negative",FALSE,FALSE
"wb_book","wb_t_h",0.0420282439279314,0.109337463182702,-0.0673092192547706,"both_observed",FALSE,"cdtally_AT",-0.041359247180874,-0.041399295633177,-0.0377237531532743,-0.0379538634316797,-0.0060356292516486,0.0361252126826314,-0.0187865724424271,-0.0300562361923183,-0.0372529830624523,-0.041399295633177,-0.0377237531532743,"all_negative",FALSE,FALSE
"ss","ss_data",0.0473345437248009,0.0140794067134024,0.0332551370113985,"both_observed",FALSE,"cdtally_AT",0.00898255891638659,0.00731226034154934,0.00924875737265565,0.00902260320183976,-0.0060356292516486,-0.00634589156573483,0.0266722012799801,0.0232732393789833,0.0099818976324152,0.00731226034154934,0.00924875737265565,"all_positive",FALSE,TRUE
"ss_so","ss_data",0.00483078044688148,0,0.00483078044688148,"A_only_edge",TRUE,"cdtally_AT",0.0116103273289305,0.00616582368781803,0.00999043268532376,0.0107590674816727,-0.0060356292516486,-0.0116679202950874,0.0266722012799801,0.0205789790621746,-0.0157481986152932,0.00616582368781803,0.0116103273289305,"all_positive",TRUE,TRUE
"so_ok","ss_data",0.0441056286684986,0,0.0441056286684986,"A_only_edge",TRUE,"cdtally_AT",0.0123061827009563,0.00864245175578841,0.015034456112683,0.0125595907946871,-0.0060356292516486,-0.00129391860686285,0.0266722012799801,0.031648836122425,0.0124567925460736,0.00864245175578841,0.015034456112683,"all_positive",TRUE,TRUE
"keypress","ss_data",0.0153582322371398,0,0.0153582322371398,"A_only_edge",FALSE,"cdtally_AT",0.00505246579839593,0.00329192188286327,0.00567393419403933,0.00521723773643551,-0.0060356292516486,0.00785531873934244,0.0266722012799801,0.0335443565660699,-0.0181861243289301,0.00329192188286327,0.00567393419403933,"all_positive",FALSE,TRUE
"so_c","ss_data",0.0957469613810203,0,0.0957469613810203,"A_only_edge",FALSE,"cdtally_AT",0.0430905838775973,0.0382700004631355,0.0428360304642343,0.0422587159798911,-0.0060356292516486,-0.00326854348910423,0.0266722012799801,0.0604586124168246,0.0352883489641957,0.0382700004631355,0.0430905838775973,"all_positive",FALSE,TRUE
"so","ss_data",0.00665253345211451,0,0.00665253345211451,"A_only_edge",TRUE,"cdtally_AT",0.0104822551683499,0.00632118886122951,0.00907596591584684,0.0100973587455522,-0.0060356292516486,-0.0141349439506384,0.0266722012799801,0.0169838832460431,-0.0103313497939286,0.00632118886122951,0.0104822551683499,"all_positive",TRUE,TRUE
"ss_file","ss_data",0.0989585944508902,0,0.0989585944508902,"A_only_edge",FALSE,"cdtally_AT",0.020828633471261,0.0173668495965752,0.0209293088036942,0.0203462278109666,-0.0060356292516486,-0.00364736048941308,0.0266722012799801,0.0378178450101794,0.0611407494407108,0.0173668495965752,0.0209293088036942,"all_positive",FALSE,TRUE
"ss_edit","ss_data",0.124586703901884,0.129364592830168,-0.00477788892828399,"both_observed",FALSE,"cdtally_AT",0.00311573790452212,0.00157794344870114,0.00390717268462055,0.00275412656685688,-0.0060356292516486,-0.00100533068514092,0.0266722012799801,0.0227469792477127,-0.0275248681759967,0.00157794344870114,0.00390717268462055,"all_positive",FALSE,TRUE
"ss_sch","ss_data",0,0.0101352886501664,-0.0101352886501664,"B_only_edge",FALSE,"cdtally_AT",0.00804776299047467,0.00498192233631179,0.00864936672999013,0.00767363638554011,-0.0060356292516486,-0.0130804874037999,0.0266722012799801,0.0156038476150063,-0.0257391362651727,0.00498192233631179,0.00864936672999013,"all_positive",FALSE,TRUE
"sch_ok","ss_data",0.053556786534089,0.0342917525838753,0.0192650339502137,"both_observed",FALSE,"cdtally_AT",0.00874786063578967,0.00703946782587124,0.00663411621438354,0.00950605174753206,-0.0060356292516486,-0.00605583365662048,0.0266722012799801,0.0233285990075007,-0.00406356505728702,0.00663411621438354,0.00950605174753206,"all_positive",FALSE,TRUE
"sch_n","ss_data",0.0526682881729905,0.0993522812715747,-0.0466839930985842,"both_observed",FALSE,"cdtally_AT",0.00987720605582262,0.0110059017141342,0.00015146533570028,0.0100449063685398,-0.0060356292516486,-0.0713244649993205,0.0266722012799801,-0.0408106869151663,-0.00587330618341788,0.00015146533570028,0.0110059017141342,"all_positive",FALSE,TRUE
"split_h","ss_data",0.0111414204396325,0,0.0111414204396325,"A_only_edge",FALSE,"cdtally_AT",0.00442872220448477,0.00263819869942706,0.00477191836491814,0.0045708369323224,-0.0060356292516486,0.0130595220113932,0.0266722012799801,0.0381248162442095,-0.026983395804577,0.00263819869942706,0.00477191836491814,"all_positive",FALSE,TRUE
"ss_help","ss_data",0.0718844992710524,0,0.0718844992710524,"A_only_edge",FALSE,"cdtally_AT",0.0440838532811788,0.0401439565013224,0.0398323941164772,0.0420505553136602,-0.0060356292516486,-0.00566788182275347,0.0266722012799801,0.0590525434867569,0.0128319557842955,0.0398323941164772,0.0440838532811788,"all_positive",FALSE,TRUE
"ss_data","so",0.86005808492064,0.926121244639068,-0.066063159718428,"both_observed",TRUE,"cdtally_AT",-0.098945590346314,-0.105618598007152,-0.100724974212546,-0.11574562102248,-0.0060356292516486,-0.00760636781739942,0.130033664652688,0.017446077237326,-0.083509236955754,-0.11574562102248,-0.098945590346314,"all_negative",TRUE,TRUE
"ss_file","so",0.338888441981554,0.134386221380921,0.204502220600633,"both_observed",FALSE,"cdtally_AT",0.041583032564286,0.0425998697325156,0.0462511495462785,0.0317611471874286,-0.0060356292516486,-0.00364736048941308,0.130033664652688,0.161933707475912,0.0425685131247207,0.0317611471874286,0.0462511495462785,"all_positive",FALSE,TRUE
"ss_edit","so",0.512508658732866,0.28856236812851,0.223946290604356,"both_observed",FALSE,"cdtally_AT",0.0508770047792498,0.048308131272139,0.0522106009993255,0.0397123070324592,-0.0060356292516486,-0.00100533068514092,0.130033664652688,0.173869709495148,0.0500765811092077,0.0397123070324592,0.0522106009993255,"all_positive",FALSE,TRUE
"ss_so","so_2_desc",0.0251150257750513,0,0.0251150257750513,"A_only_edge",TRUE,"cdtally_AT",-0.00941434649834451,-0.0119248730668278,-0.0149841865555116,-0.0169799072296296,-0.0060356292516486,-0.0116679202950874,0.0379056090357619,0.0107877129906814,0.0143273127843699,-0.0169799072296296,-0.00941434649834451,"all_negative",TRUE,TRUE
"so_1_3","so_2_desc",0.0974277257531136,0.0664514347637668,0.0309762909893468,"both_observed",TRUE,"cdtally_AT",-0.00419635951070451,-0.00607620455965302,-0.00868639476973874,-0.00928011130796848,-0.0060356292516486,0.00551402216101582,0.0379056090357619,0.0331876424344246,-0.00221135144507781,-0.00928011130796848,-0.00419635951070451,"all_negative",TRUE,TRUE
"so_2_asc","so_2_desc",0.0204561657383687,0,0.0204561657383687,"A_only_edge",TRUE,"cdtally_AT",-0.000398233203495393,-0.00107426958482492,-0.0038601368360521,-0.00432328391316868,-0.0060356292516486,-0.0182501347969284,0.0379056090357619,0.0132216117836895,0.00723455395467917,-0.00432328391316868,-0.000398233203495393,"all_negative",TRUE,TRUE
"so","so_2_desc",0.0230748560361779,0.0338278457913944,-0.0107529897552165,"both_observed",TRUE,"cdtally_AT",-0.00660222225208173,-0.00960709292787581,-0.0107626842556209,-0.0117785725106149,-0.0060356292516486,-0.0141349439506384,0.0379056090357619,0.0111328135813932,-0.0218858033366097,-0.0117785725106149,-0.00660222225208173,"all_negative",TRUE,TRUE
"so_1_1","so_2_desc",0.116292605431019,0,0.116292605431019,"A_only_edge",FALSE,"cdtally_AT",0.0397084251398199,0.0398839860261189,0.0428840896855795,0.0402863617521727,-0.0060356292516486,0.0381435010097564,0.0379056090357619,0.10972190593369,0.00657069949732936,0.0397084251398199,0.0428840896855795,"all_positive",FALSE,TRUE
"ss","ss_file",0.0340097290441685,0.0359610697553205,-0.001951340711152,"both_observed",FALSE,"cdtally_AT",0.0242310570490723,0.0240397235370147,0.0247839367727873,0.0257287697314906,-0.0060356292516486,-0.00634589156573483,-0.00551931969432954,0.00633021653735931,-0.00828155724851131,0.0240397235370147,0.0257287697314906,"all_positive",FALSE,FALSE
"ss_so","ss_file",0.00549123101696114,0.0405128635141831,-0.035021632497222,"both_observed",FALSE,"cdtally_AT",0.0446783720346158,0.0356350607009705,0.043057753528957,0.0421421346582608,-0.0060356292516486,-0.0116679202950874,-0.00551931969432954,0.0214555027935502,-0.0564771352907722,0.0356350607009705,0.0446783720346158,"all_positive",TRUE,FALSE
"so_ok","ss_file",0.012824446517423,0,0.012824446517423,"A_only_edge",FALSE,"cdtally_AT",0.0203535495187748,0.0170905113907966,0.024588840852651,0.0207029167416058,-0.0060356292516486,-0.00129391860686285,-0.00551931969432954,0.00750468196593385,0.00531976455148915,0.0170905113907966,0.024588840852651,"all_positive",TRUE,FALSE
"keypress","ss_file",0.0128018170978277,0,0.0128018170978277,"A_only_edge",FALSE,"cdtally_AT",0.0137738098936893,0.0124933154381287,0.014962284604792,0.0151002932300033,-0.0060356292516486,0.00785531873934244,-0.00551931969432954,0.0100741796870536,0.00272763741077407,0.0124933154381287,0.0151002932300033,"all_positive",FALSE,FALSE
"so_c","ss_file",0.0823861717319668,0,0.0823861717319668,"A_only_edge",FALSE,"cdtally_AT",0.132306396696426,0.130553886751418,0.130762563391866,0.131478542989026,-0.0060356292516486,-0.00326854348910423,-0.00551931969432954,0.117482904261344,-0.0350967325293771,0.130553886751418,0.132306396696426,"all_positive",FALSE,FALSE
"ss_data","ss_file",0.00553134733752009,0,0.00553134733752009,"A_only_edge",FALSE,"cdtally_AT",0.0330156973589314,0.0292404435023802,0.0323552351592173,0.033353387887935,-0.0060356292516486,-0.00760636781739942,-0.00551931969432954,0.0138543805955538,-0.00832303325803372,0.0292404435023802,0.033353387887935,"all_positive",TRUE,FALSE
"so","ss_file",0.00415028354794766,0,0.00415028354794766,"A_only_edge",FALSE,"cdtally_AT",0.0355487098748428,0.0297482906647955,0.0338648156815909,0.0358031381551924,-0.0060356292516486,-0.0141349439506384,-0.00551931969432954,0.00985881697822627,-0.00570853343027861,0.0297482906647955,0.0358031381551924,"all_positive",TRUE,FALSE
"split_v","ss_file",0.0282635156193051,0.0252787489367933,0.0029847666825118,"both_observed",FALSE,"cdtally_AT",0.015595300080747,0.0124013469628602,0.0161322616883437,0.0162023371922737,-0.0060356292516486,0.0103669345075152,-0.00551931969432954,0.0144072856422841,-0.0114225189597723,0.0124013469628602,0.0162023371922737,"all_positive",FALSE,FALSE
"ss_edit","ss_file",0.0414637373708742,0.0684717674507056,-0.0270080300798314,"both_observed",FALSE,"cdtally_AT",0.0160466477578264,0.0139938199074508,0.0193504791623365,0.0156720274787627,-0.0060356292516486,-0.00100533068514092,-0.00551931969432954,0.00348636812670738,-0.0304943982065388,0.0139938199074508,0.0193504791623365,"all_positive",FALSE,FALSE
"sch_ok","ss_file",0.0291966410039229,0,0.0291966410039229,"A_only_edge",FALSE,"cdtally_AT",0.0413190824197642,0.0382276605228709,0.0383298624314092,0.0422502420204282,-0.0060356292516486,-0.00605583365662048,-0.00551931969432954,0.0237082998171656,0.00548834118675734,0.0382276605228709,0.0422502420204282,"all_positive",FALSE,FALSE
"sch_n","ss_file",0.013879837629455,0,0.013879837629455,"A_only_edge",FALSE,"cdtally_AT",0.092570126598501,0.090804514881069,0.0787214343977104,0.0897331948268525,-0.0060356292516486,-0.0713244649993205,-0.00551931969432954,0.0096907126532024,0.0041891249762526,0.0787214343977104,0.092570126598501,"all_positive",FALSE,FALSE
"split_h","ss_file",0.0196327248494653,0,0.0196327248494653,"A_only_edge",FALSE,"cdtally_AT",0.0192269080139898,0.017049855526583,0.0194383835747636,0.0198197658062839,-0.0060356292516486,0.0130595220113932,-0.00551931969432954,0.0207314810794049,-0.00109875622993959,0.017049855526583,0.0198197658062839,"all_positive",FALSE,FALSE
"ss_save","ss_file",0.258051837232447,0,0.258051837232447,"A_only_edge",FALSE,"cdtally_AT",0.156497533876779,0.15388885433271,0.153168778611963,0.154151876038381,-0.0060356292516486,-0.00640422653461853,-0.00551931969432954,0.138538358396182,0.119513478836265,0.153168778611963,0.156497533876779,"all_positive",FALSE,FALSE
"help_a","ss_file",0.0261965927321629,0,0.0261965927321629,"A_only_edge",FALSE,"cdtally_AT",-0.0655114274502016,-0.0697232022694694,-0.0655048893351654,-0.063207609699078,-0.0060356292516486,0.0306290875285986,-0.00551931969432954,-0.0464372888675812,0.0726338815997441,-0.0697232022694694,-0.063207609699078,"all_negative",FALSE,FALSE
"save","ss_file",0,0.600309728021083,-0.600309728021083,"B_only_edge",FALSE,"cdtally_AT",-0.386497363223308,-0.39120548112353,-0.370571078748943,-0.378870956963616,-0.0060356292516486,-0.148869170911657,-0.00551931969432954,-0.546921483080943,-0.0533882449401401,-0.39120548112353,-0.370571078748943,"all_negative",FALSE,FALSE
"ss","so_1_4",0.000405917036223487,0,0.000405917036223487,"A_only_edge",FALSE,"cdtally_AT",0.000115587842208673,-0.00126274910115852,0.00176497670333399,-0.00130824931428734,-0.0060356292516486,-0.00634589156573483,0.00312849516802769,-0.00913743780714706,0.00954335484337055,-0.00130824931428734,0.00176497670333399,"mixed_or_zero",FALSE,FALSE
"ss_so","so_1_4",0.00847192542403204,0,0.00847192542403204,"A_only_edge",FALSE,"cdtally_AT",0.0147333739539984,0.0128067609319727,0.0177649480183187,0.011968333139379,-0.0060356292516486,-0.0116679202950874,0.00312849516802769,0.000158319575290087,0.00831360584874195,0.011968333139379,0.0177649480183187,"all_positive",TRUE,FALSE
"so_1_3","so_1_4",0.010967818273165,0,0.010967818273165,"A_only_edge",FALSE,"cdtally_AT",0.00477119376209679,0.00397392652584707,0.00770404305018344,0.00303612275339553,-0.0060356292516486,0.00551402216101582,0.00312849516802769,0.00737808183949169,0.00358973643367331,0.00303612275339553,0.00770404305018344,"all_positive",TRUE,FALSE
"so_2_asc","so_1_4",0.00904984094645014,0.0774817129782663,-0.0684318720318162,"both_observed",FALSE,"cdtally_AT",-0.00921391858938655,-0.00983222867845802,-0.00601712615954785,-0.0107192567405377,-0.0060356292516486,-0.0182501347969284,0.00312849516802769,-0.0303711874699358,-0.0380606845618803,-0.0107192567405377,-0.00601712615954785,"all_negative",TRUE,FALSE
"so","so_1_4",0.00884005106813408,0,0.00884005106813408,"A_only_edge",FALSE,"cdtally_AT",0.00889299521991158,0.0067313749609935,0.0110609667166583,0.00762321410751424,-0.0060356292516486,-0.0141349439506384,0.00312849516802769,-0.00814908281434768,0.0169891338824818,0.0067313749609935,0.0110609667166583,"all_positive",TRUE,FALSE
"ss","split_v",0.0221565497869042,0.0278359972204765,-0.0056794474335723,"both_observed",FALSE,"cdtally_AT",0.000841671597823988,-0.000466997007606796,0.00116180960467938,0.00128954078827627,-0.0060356292516486,-0.00634589156573483,-0.0161116375561594,-0.0276514867757188,0.0219720393421465,-0.000466997007606796,0.00128954078827627,"mixed_or_zero",FALSE,FALSE
"so_ok","split_v",0.0124995869951179,0,0.0124995869951179,"A_only_edge",FALSE,"cdtally_AT",0.0183092385142456,0.0172611384245343,0.0209406060350263,0.019040092413165,-0.0060356292516486,-0.00129391860686285,-0.0161116375561594,-0.00513194690042522,0.0176315338955431,0.0172611384245343,0.0209406060350263,"all_positive",TRUE,FALSE
"wb","split_v",0.00813022288944651,0.0118199717933801,-0.00368974890393359,"both_observed",FALSE,"cdtally_AT",-0.0012696688381939,-0.0020418597998134,-0.00154365656913526,-0.00105071975300312,-0.0060356292516486,0.0190730650264031,-0.0161116375561594,-0.00434387061959882,0.000654121715665233,-0.0020418597998134,-0.00105071975300312,"all_negative",FALSE,FALSE
"combobox","split_v",0.00923660151767181,0,0.00923660151767181,"A_only_edge",FALSE,"cdtally_AT",-0.00199916310431026,0.000382342371550587,0.000776297831535182,0.00120407883083466,-0.0060356292516486,0.0186049574668024,-0.0161116375561594,-0.00554147244531579,0.0147780739629876,-0.00199916310431026,0.00120407883083466,"mixed_or_zero",FALSE,FALSE
"wb_t_f","split_v",0.01344029984044,0.00653684466950292,0.00690345517093708,"both_observed",FALSE,"cdtally_AT",-0.00404753715333274,-0.00377496241267985,-0.00245171295023559,-0.00265312081839403,-0.0060356292516486,0.0272375022964158,-0.0161116375561594,0.00104269833527511,0.00586075683566197,-0.00404753715333274,-0.00245171295023559,"all_negative",FALSE,FALSE
"keypress","split_v",0.00733601566654896,0,0.00733601566654896,"A_only_edge",FALSE,"cdtally_AT",0.000826850443685131,6.09416203396363e-05,0.00247142581507658,0.00125717200663413,-0.0060356292516486,0.00785531873934244,-0.0161116375561594,-0.0134650976247804,0.0208011132913294,6.09416203396363e-05,0.00247142581507658,"all_positive",FALSE,FALSE
"wb_f","split_v",0.00632649723999336,0,0.00632649723999336,"A_only_edge",FALSE,"cdtally_AT",-0.000718541533435249,-5.04350812790379e-05,0.00173619244646511,0.00142802843953585,-0.0060356292516486,0.0283670900268097,-0.0161116375561594,0.00550128168556652,0.000825215554426845,-0.000718541533435249,0.00173619244646511,"mixed_or_zero",FALSE,FALSE
"ss_data","split_v",0.00336641317006251,0,0.00336641317006251,"A_only_edge",FALSE,"cdtally_AT",0.0126440693831945,0.0121721945057348,0.0157699418213443,0.0149989156674468,-0.0060356292516486,-0.00760636781739942,-0.0161116375561594,-0.0171095652420129,0.0204759784120754,0.0121721945057348,0.0157699418213443,"all_positive",TRUE,FALSE
"wb_h","split_v",0.0226014529757913,0.0101976261727734,0.0124038268030179,"both_observed",FALSE,"cdtally_AT",0.00411216602959166,0.0050961782827542,0.00721114940870175,0.007177653938221,-0.0060356292516486,0.0212918825860098,-0.0161116375561594,0.00325678180779344,0.00914704499522446,0.00411216602959166,0.00721114940870175,"all_positive",FALSE,FALSE
"split_h","split_v",0.466376481557184,0.570641666219637,-0.104265184662453,"both_observed",FALSE,"cdtally_AT",-0.00918750621940589,-0.00909936952453469,-0.00895745334535105,-0.00861562097474879,-0.0060356292516486,0.0130595220113932,-0.0161116375561594,-0.0182752510158207,-0.0859899336466323,-0.00918750621940589,-0.00861562097474879,"all_negative",FALSE,FALSE
"help_a","split_v",0.0299218589534301,0.049612901583644,-0.0196910426302139,"both_observed",FALSE,"cdtally_AT",-0.00169179665551435,-0.000325824195412346,0.00245786948449736,0.0011037045492119,-0.0060356292516486,0.0306290875285986,-0.0161116375561594,0.00679002406527626,-0.0264810666954902,-0.00169179665551435,0.00245786948449736,"mixed_or_zero",FALSE,FALSE
"book_a_c","wb_h",0.0215194990023575,0,0.0215194990023575,"A_only_edge",FALSE,"cdtally_AT",-0.0133126981556609,-0.0127985939631161,-0.0116181193203153,-0.0107848556287253,-0.0060356292516486,0.0347412234722662,-0.0271904102173793,-0.0117975141524226,0.0333170131547801,-0.0133126981556609,-0.0107848556287253,"all_negative",FALSE,FALSE
"wb","wb_h",0.00114507072579297,0.00488993103815393,-0.00374486031236096,"both_observed",FALSE,"cdtally_AT",0.0107214204725765,0.0081485675237897,0.00970384953368477,0.0104235535288609,-0.0060356292516486,0.0190730650264031,-0.0271904102173793,-0.00343155397004842,-0.000313306342312545,0.0081485675237897,0.0107214204725765,"all_positive",FALSE,FALSE
"combobox","wb_h",0,0.0245391981389277,-0.0245391981389277,"B_only_edge",FALSE,"cdtally_AT",-0.0293416010838292,-0.0283335335841831,-0.0288112637544309,-0.0271748047109849,-0.0060356292516486,0.0186049574668024,-0.0271904102173793,-0.0439626830860547,0.019423484947127,-0.0293416010838292,-0.0271748047109849,"all_negative",FALSE,FALSE
"wb_t_f","wb_h",0,0.0115923364801257,-0.0115923364801257,"B_only_edge",FALSE,"cdtally_AT",-0.006006123899328,-0.00616977010717738,-0.00550943617787742,-0.00475741873968084,-0.0060356292516486,0.0272375022964158,-0.0271904102173793,-0.0119946610719401,0.000402324591814418,-0.00616977010717738,-0.00475741873968084,"all_negative",FALSE,FALSE
"wb_t_ho","wb_h",0.0186301571605127,0.0247302222496459,-0.0061000650891332,"both_observed",FALSE,"cdtally_AT",-0.000840745449384056,-0.00214940586541298,-0.000983402268041535,-4.26937021618895e-05,-0.0060356292516486,0.0248081302364554,-0.0271904102173793,-0.0092586546819566,0.0031585895928234,-0.00214940586541298,-4.26937021618895e-05,"all_negative",FALSE,FALSE
"keypress","wb_h",0.00732928640388298,0.0179612615577489,-0.0106319751538659,"both_observed",FALSE,"cdtally_AT",0.0037403418502562,0.00217618550397851,0.00330425320419363,0.00369793343249895,-0.0060356292516486,0.00785531873934244,-0.0271904102173793,-0.0216303788794293,0.0109984037255634,0.00217618550397851,0.0037403418502562,"all_positive",FALSE,FALSE
"wb_f","wb_h",0.0452169556420857,0.0699524850591566,-0.0247355294170709,"both_observed",FALSE,"cdtally_AT",-0.0173467615849592,-0.0171016618376467,-0.016621200773503,-0.015262554587912,-0.0060356292516486,0.0283670900268097,-0.0271904102173793,-0.0222057110271774,-0.00252981838989352,-0.0173467615849592,-0.015262554587912,"all_negative",FALSE,FALSE
"wb_t_h","wb_h",0.042526867255861,0.0406096308261158,0.0019172364297452,"both_observed",FALSE,"cdtally_AT",-0.00997135553903512,-0.00995123652504719,-0.00940708705398004,-0.00807736857083526,-0.0060356292516486,0.0256441418178028,-0.0271904102173793,-0.0175532531902603,0.0194704896200055,-0.00997135553903512,-0.00807736857083526,"all_negative",FALSE,FALSE
"split_v","wb_h",0.00359054696386292,0,0.00359054696386292,"A_only_edge",FALSE,"cdtally_AT",0.00858714443136014,0.00632650417623132,0.00652353072862916,0.00849401928246433,-0.0060356292516486,0.0103669345075152,-0.0271904102173793,-0.0142719605301526,0.0178625074940155,0.00632650417623132,0.00858714443136014,"all_positive",FALSE,FALSE
"wb_t_sch","wb_h",0,0.0459276195290915,-0.0459276195290915,"B_only_edge",FALSE,"cdtally_AT",-0.00723556297894959,-0.00831238490573504,-0.00819878614289822,-0.00676908064696499,-0.0060356292516486,0.0241703126588231,-0.0271904102173793,-0.0162912897891544,-0.0296363297399371,-0.00831238490573504,-0.00676908064696499,"all_negative",FALSE,FALSE
"wb_e","wb_h",0.0620204438275648,0.0785861144558305,-0.0165656706282657,"both_observed",FALSE,"cdtally_AT",-0.00251861756320005,-0.00399257839860326,-0.00327058927974918,-0.00221752209927168,-0.0060356292516486,0.022545122006679,-0.0271904102173793,-0.013199535025549,-0.00336613560271669,-0.00399257839860326,-0.00221752209927168,"all_negative",FALSE,FALSE
"wb_book","wb_h",0.0869140590651901,0.202576970004849,-0.115662910939659,"both_observed",FALSE,"cdtally_AT",-0.0466191290392581,-0.0437941305924039,-0.0453153855774059,-0.0437608576225535,-0.0060356292516486,0.0361252126826314,-0.0271904102173793,-0.0437199558256545,-0.0719429551140044,-0.0466191290392581,-0.0437608576225535,"all_negative",FALSE,FALSE
"wb_t_book","wb_t_sch",0.0796095372522995,0.0980134145124825,-0.018403877260183,"both_observed",FALSE,"cdtally_AT",-0.0128091731167276,-0.0168379769447639,-0.0137586449989318,-0.0126805695284203,-0.0060356292516486,0.0206422671240849,-0.0128073897605758,-0.0110099250048671,-0.00739395225531594,-0.0168379769447639,-0.0126805695284203,"all_negative",FALSE,FALSE
"book_a_c","wb_t_sch",0.132714664778072,0.141594475287953,-0.00887981050988099,"both_observed",FALSE,"cdtally_AT",-0.00585669226008793,-0.00473195030750639,0.00163050568990169,-0.00100841926233983,-0.0060356292516486,0.0347412234722662,-0.0128073897605758,0.0100415121999539,-0.0189213227098348,-0.00585669226008793,0.00163050568990169,"mixed_or_zero",FALSE,FALSE
"wb","wb_t_sch",0.00134894661966425,0,0.00134894661966425,"A_only_edge",FALSE,"cdtally_AT",-0.0133570362835202,-0.0159666541095232,-0.013868497989275,-0.0120879265092497,-0.0060356292516486,0.0190730650264031,-0.0128073897605758,-0.0131269902693416,0.0144759368890059,-0.0159666541095232,-0.0120879265092497,"all_negative",FALSE,FALSE
"wb_t_b","wb_t_sch",0.0153712743529908,0,0.0153712743529908,"A_only_edge",FALSE,"cdtally_AT",-0.000584454183509908,-0.00410630156062965,0.00149690385369954,-0.000276442362865101,-0.0060356292516486,0.0250985520528986,-0.0128073897605758,0.00567107885716422,0.00970019549582658,-0.00410630156062965,0.00149690385369954,"mixed_or_zero",FALSE,FALSE
"wb_t_ho","wb_t_sch",0.0504335179890027,0.0560923605971577,-0.005658842608155,"both_observed",FALSE,"cdtally_AT",-0.00730304517861872,-0.00998840048898077,-0.00723411207992878,-0.00674656167482392,-0.0060356292516486,0.0248081302364554,-0.0128073897605758,-0.00133793395438776,-0.00432090865376724,-0.00998840048898077,-0.00674656167482392,"all_negative",FALSE,FALSE
"keypress","wb_t_sch",0.0187872199895181,0.077751387075751,-0.0589641670862329,"both_observed",FALSE,"cdtally_AT",-0.00582361516377122,-0.0101208293002619,-0.00442949394392114,-0.00624720367596124,-0.0060356292516486,0.00785531873934244,-0.0128073897605758,-0.0168113154366532,-0.0421528516495797,-0.0101208293002619,-0.00442949394392114,"all_negative",FALSE,FALSE
"wb_t_h","wb_t_sch",0.168859691504962,0.164899197095836,0.00396049440912599,"both_observed",FALSE,"cdtally_AT",0.0132887376586042,0.0111201228557619,0.0163424253528675,0.0156075045250723,-0.0060356292516486,0.0256441418178028,-0.0128073897605758,0.0200898604641826,-0.0161293660550566,0.0111201228557619,0.0163424253528675,"all_positive",FALSE,FALSE
"wb_h","wb_t_sch",0.102346814799683,0,0.102346814799683,"A_only_edge",FALSE,"cdtally_AT",0.0567561374327061,0.052678603343436,0.0581281634489688,0.0584890002390968,-0.0060356292516486,0.0212918825860098,-0.0128073897605758,0.0592050010064915,0.0431418137931915,0.052678603343436,0.0584890002390968,"all_positive",FALSE,FALSE
"wb_e","wb_t_sch",0.0305771281830876,0.0260160685258785,0.0045610596572091,"both_observed",FALSE,"cdtally_AT",0.00460197989391301,0.00206690079429802,0.00629642997314216,0.00663221663595677,-0.0060356292516486,0.022545122006679,-0.0128073897605758,0.00830408288836756,-0.00374302323115846,0.00206690079429802,0.00663221663595677,"all_positive",FALSE,FALSE
"split_h","wb_t_sch",0,0.00611884310416668,-0.00611884310416668,"B_only_edge",FALSE,"cdtally_AT",-0.0124667071962204,-0.0147735693183889,-0.0121315257067,-0.0116320071691826,-0.0060356292516486,0.0130595220113932,-0.0128073897605758,-0.0182502041970516,0.012131361092885,-0.0147735693183889,-0.0116320071691826,"all_negative",FALSE,FALSE
"help_a","wb_t_sch",0.0189004014045962,0,0.0189004014045962,"A_only_edge",FALSE,"cdtally_AT",0.0389740807759353,0.0336591950201817,0.0413286155988552,0.0396744730766114,-0.0060356292516486,0.0306290875285986,-0.0128073897605758,0.0507601492923094,-0.0318597478877132,0.0336591950201817,0.0413286155988552,"all_positive",FALSE,FALSE
"book_a_ok","wb_t_sch",0.2677783800596,0,0.2677783800596,"A_only_edge",FALSE,"cdtally_AT",0.348915445361078,0.342289879190289,0.345923878620638,0.350162492668721,-0.0060356292516486,-0.107683428752003,-0.0128073897605758,0.22238899759685,0.0453893824627495,0.342289879190289,0.350162492668721,"all_positive",FALSE,FALSE
"ss","ss_edit",0.030331678764163,0.0166673543601329,0.0136643244040301,"both_observed",FALSE,"cdtally_AT",-0.0172323188659685,-0.01639183003665,-0.0193183595563951,-0.0182350667934556,-0.0060356292516486,-0.00634589156573483,0.0504414557013927,0.0208276160180408,-0.00716329161401065,-0.0193183595563951,-0.01639183003665,"all_negative",FALSE,FALSE
"ss_so","ss_edit",0.00354490278058829,0,0.00354490278058829,"A_only_edge",FALSE,"cdtally_AT",-0.0410443729745328,-0.0308015427759479,-0.0375594319924298,-0.0387343721512897,-0.0060356292516486,-0.0116679202950874,0.0504414557013927,-0.00830646681987614,0.0118513696004644,-0.0410443729745328,-0.0308015427759479,"all_negative",TRUE,FALSE
"so_ok","ss_edit",0.0122112409952864,0.0470752869115583,-0.0348640459162719,"both_observed",FALSE,"cdtally_AT",-0.0411232745141525,-0.0393056021346204,-0.0403632704122034,-0.0398482980862641,-0.0060356292516486,-0.00129391860686285,0.0504414557013927,0.00198863332872873,-0.0368526792450006,-0.0411232745141525,-0.0393056021346204,"all_negative",TRUE,FALSE
"keypress","ss_edit",0.0132455175122328,0.00729824215249038,0.00594727535974242,"both_observed",FALSE,"cdtally_AT",-0.0103964680963732,-0.0105377788841587,-0.013383169859183,-0.0112780434569896,-0.0060356292516486,0.00785531873934244,0.0504414557013927,0.0418646770927133,-0.0359174017329709,-0.013383169859183,-0.0103964680963732,"all_negative",FALSE,FALSE
"so_c","ss_edit",0.0580368161608168,0.0684440062291726,-0.0104071900683558,"both_observed",FALSE,"cdtally_AT",-0.105495915971127,-0.103370200471452,-0.10989094704926,-0.107130536018519,-0.0060356292516486,-0.00326854348910423,0.0504414557013927,-0.0643586330104873,0.0539514429421315,-0.10989094704926,-0.103370200471452,"all_negative",FALSE,FALSE
"ss_data","ss_edit",0.0118217324466382,0.0417146758890381,-0.0298929434423999,"both_observed",FALSE,"cdtally_AT",-0.0384865304430329,-0.0386428389246157,-0.038102869563688,-0.0384628727954139,-0.0060356292516486,-0.00760636781739942,0.0504414557013927,-0.00168707181068829,-0.0282058716317116,-0.0386428389246157,-0.038102869563688,"all_negative",TRUE,FALSE
"so","ss_edit",0.00642447296857219,0,0.00642447296857219,"A_only_edge",FALSE,"cdtally_AT",-0.0312372969180994,-0.023851143875629,-0.0279993248098754,-0.0303250046088987,-0.0060356292516486,-0.0141349439506384,0.0504414557013927,-0.00096641441899372,0.00739088738756591,-0.0312372969180994,-0.023851143875629,"all_negative",TRUE,FALSE
"ss_file","ss_edit",0.0834103229265299,0.119465035503986,-0.0360547125774561,"both_observed",FALSE,"cdtally_AT",-0.0450494998049181,-0.0412802047030053,-0.0472643085367088,-0.0447400010795106,-0.0060356292516486,-0.00364736048941308,0.0504414557013927,-0.00429103384458714,-0.031763678732869,-0.0472643085367088,-0.0412802047030053,"all_negative",FALSE,FALSE
"split_v","ss_edit",0.0119580073366428,0,0.0119580073366428,"A_only_edge",FALSE,"cdtally_AT",-0.0205242851501546,-0.0184325827665072,-0.021001505543048,-0.0204263905495751,-0.0060356292516486,0.0103669345075152,0.0504414557013927,0.0342484758071047,-0.0222904684704619,-0.021001505543048,-0.0184325827665072,"all_negative",FALSE,FALSE
"ss_sch","ss_edit",0.00864266195518731,0,0.00864266195518731,"A_only_edge",FALSE,"cdtally_AT",-0.0241814942714681,-0.0250477482570454,-0.0256246327021615,-0.0261857749883558,-0.0060356292516486,-0.0130804874037999,0.0504414557013927,0.00714384477447614,0.00149881718071117,-0.0261857749883558,-0.0241814942714681,"all_negative",FALSE,FALSE
"sch_ok","ss_edit",0.033502122782968,0,0.033502122782968,"A_only_edge",FALSE,"cdtally_AT",-0.0148753526036588,-0.010131910799893,-0.0153575893849689,-0.0135757918921753,-0.0060356292516486,-0.00605583365662048,0.0504414557013927,0.0234746401894648,0.0100274825935032,-0.0153575893849689,-0.010131910799893,"all_negative",FALSE,FALSE
"sch_n","ss_edit",0.0170752279506092,0,0.0170752279506092,"A_only_edge",FALSE,"cdtally_AT",0.0197128396834321,0.0249882841073352,0.00893033424131698,0.0201343109038547,-0.0060356292516486,-0.0713244649993205,0.0504414557013927,-0.00720579886614434,0.0242810268167535,0.00893033424131698,0.0249882841073352,"all_positive",FALSE,FALSE
"sch","ss_edit",0.010217251795662,0,0.010217251795662,"A_only_edge",FALSE,"cdtally_AT",-0.0276455012000469,-0.0271163677014355,-0.0297941870417611,-0.0283739958791919,-0.0060356292516486,-0.00397800604210227,0.0504414557013927,0.0127823192075949,-0.00256506741193285,-0.0297941870417611,-0.0271163677014355,"all_negative",FALSE,FALSE
"save","ss_edit",0.226322764089206,0,0.226322764089206,"A_only_edge",FALSE,"cdtally_AT",0.271592648871644,0.27153161187988,0.287177716604238,0.280949758411241,-0.0060356292516486,-0.148869170911657,0.0504414557013927,0.167129304409731,0.0591934596794755,0.27153161187988,0.287177716604238,"all_positive",FALSE,FALSE
"book_a_c","wb_e",0.0507619646222383,0,0.0507619646222383,"A_only_edge",FALSE,"cdtally_AT",-0.0109607639182986,-0.00966981101474672,-0.00981719077956441,-0.0085105945674253,-0.0060356292516486,0.0347412234722662,-0.0174070241127635,0.000337806189555446,0.0504241584326829,-0.0109607639182986,-0.0085105945674253,"all_negative",FALSE,FALSE
"wb","wb_e",0.00256432065160481,0.00512983433149365,-0.00256551367988884,"both_observed",FALSE,"cdtally_AT",0.0103595285083075,0.00910741746602483,0.00906953396491243,0.00970435785992606,-0.0060356292516486,0.0190730650264031,-0.0174070241127635,0.0059899401702984,-0.00855545385018724,0.00906953396491243,0.0103595285083075,"all_positive",FALSE,FALSE
"combobox","wb_e",0.00677767704332127,0.0186293991210963,-0.011851722077775,"both_observed",FALSE,"cdtally_AT",-0.0279899710305405,-0.0277037478467272,-0.0265249283671732,-0.0258265396026934,-0.0060356292516486,0.0186049574668024,-0.0174070241127635,-0.0328276669281502,0.0209759448503752,-0.0279899710305405,-0.0258265396026934,"all_negative",FALSE,FALSE
"wb_t_f","wb_e",0.0252023430109877,0.0284924615519458,-0.0032901185409581,"both_observed",FALSE,"cdtally_AT",-0.00465128588197759,-0.0054186807732811,-0.0046290406171969,-0.00398798871281264,-0.0060356292516486,0.0272375022964158,-0.0174070241127635,-0.000856436949973912,-0.00243368159098419,-0.0054186807732811,-0.00398798871281264,"all_negative",FALSE,FALSE
"wb_t_b","wb_e",0.0192901800631752,0,0.0192901800631752,"A_only_edge",FALSE,"cdtally_AT",-0.000570596947458591,-0.00129724569210329,-0.000598087274598205,-0.000274683893009439,-0.0060356292516486,0.0250985520528986,-0.0174070241127635,0.00108530174102782,0.0182048783221474,-0.00129724569210329,-0.000274683893009439,"all_negative",FALSE,FALSE
"wb_t_ho","wb_e",0.0258887451468795,0.0346646817563286,-0.0087759366094491,"both_observed",FALSE,"cdtally_AT",-0.000776826608455587,-0.00111025288704426,-0.000819454289321522,-0.000510978693979477,-0.0060356292516486,0.0248081302364554,-0.0174070241127635,0.000588650263587657,-0.00936458687303676,-0.00111025288704426,-0.000510978693979477,"all_negative",FALSE,FALSE
"keypress","wb_e",0.0113753146832679,0.0142214058966164,-0.0028460912133485,"both_observed",FALSE,"cdtally_AT",0.0041596596934181,0.00292938601897112,0.00372645726609287,0.00384984726732589,-0.0060356292516486,0.00785531873934244,-0.0174070241127635,-0.0114276749316516,0.00858158371830311,0.00292938601897112,0.0041596596934181,"all_positive",FALSE,FALSE
"wb_f","wb_e",0.100629502054211,0.141302872307845,-0.040673370253634,"both_observed",FALSE,"cdtally_AT",-0.0184307610352949,-0.0186843288068804,-0.0181084168813762,-0.0174661349131795,-0.0060356292516486,0.0283670900268097,-0.0174070241127635,-0.0135063243728973,-0.0271670458807367,-0.0186843288068804,-0.0174661349131795,"all_negative",FALSE,FALSE
"wb_t_h","wb_e",0.0137070458583891,0.0174366558035456,-0.0037296099451565,"both_observed",FALSE,"cdtally_AT",-0.0104028657115411,-0.0105248562646407,-0.00953544322014733,-0.00914176182459631,-0.0060356292516486,0.0256441418178028,-0.0174070241127635,-0.0082013772581505,0.004471767312994,-0.0105248562646407,-0.00914176182459631,"all_negative",FALSE,FALSE
"wb_h","wb_e",0,0.0292052571489053,-0.0292052571489053,"B_only_edge",FALSE,"cdtally_AT",-0.0244073750061047,-0.0248138920125738,-0.0232476616887731,-0.0229402524370757,-0.0060356292516486,0.0212918825860098,-0.0174070241127635,-0.026558145784507,-0.00264711136439825,-0.0248138920125738,-0.0229402524370757,"all_negative",FALSE,FALSE
"wb_t_sch","wb_e",0.0150444667336047,0,0.0150444667336047,"A_only_edge",FALSE,"cdtally_AT",-0.00188381315002784,-0.00291196644629983,-0.00200092258798589,-0.00130827478786783,-0.0060356292516486,0.0241703126588231,-0.0174070241127635,-0.00115615385561687,0.0162006205892216,-0.00291196644629983,-0.00130827478786783,"all_negative",FALSE,FALSE
"split_h","wb_e",0.0062100387256538,0,0.0062100387256538,"A_only_edge",FALSE,"cdtally_AT",0.00747302416122003,0.00627869325098518,0.00636372754894549,0.00745088254717501,-0.0060356292516486,0.0130595220113932,-0.0174070241127635,-0.00291010719179892,0.00912014591745272,0.00627869325098518,0.00747302416122003,"all_positive",FALSE,FALSE
"help_a","wb_e",0.01718569427211,0.0265237479131518,-0.0093380536410418,"both_observed",FALSE,"cdtally_AT",-0.0228734221073953,-0.0229601880802104,-0.0210807286773668,-0.0206325141429348,-0.0060356292516486,0.0306290875285986,-0.0174070241127635,-0.0156869879432088,0.00634893430216704,-0.0229601880802104,-0.0206325141429348,"all_negative",FALSE,FALSE
"wb_book","wb_e",0,0.118726872192939,-0.118726872192939,"B_only_edge",FALSE,"cdtally_AT",-0.045371064638287,-0.0450961627157475,-0.0431449721361095,-0.0433181908579253,-0.0060356292516486,0.0361252126826314,-0.0174070241127635,-0.0326885053200677,-0.0860383668728713,-0.045371064638287,-0.0431449721361095,"all_negative",FALSE,FALSE
"ss_so","so_1_2",0.00219175484426988,0.0453854073451567,-0.0431936525008868,"both_observed",FALSE,"cdtally_AT",-0.100093914592967,-0.0985797662956485,-0.0965614359681298,-0.0956598388688652,-0.0060356292516486,-0.0116679202950874,0.09121984809383,-0.026577616045873,-0.0166160364550138,-0.100093914592967,-0.0956598388688652,"all_negative",TRUE,FALSE
"so_1_3","so_1_2",0.0132800340013155,0,0.0132800340013155,"A_only_edge",FALSE,"cdtally_AT",-0.054418512727836,-0.0492005773061496,-0.0478413982464459,-0.0485721743594916,-0.0060356292516486,0.00551402216101582,0.09121984809383,0.0362797282753613,-0.0229996942740458,-0.054418512727836,-0.0478413982464459,"all_negative",TRUE,FALSE
"so_2_asc","so_1_2",0.0144020055218334,0,0.0144020055218334,"A_only_edge",FALSE,"cdtally_AT",-0.0307059923694911,-0.0264084224115548,-0.0250185760913447,-0.0266049462738049,-0.0060356292516486,-0.0182501347969284,0.09121984809383,0.036228091675762,-0.0218260861539286,-0.0307059923694911,-0.0250185760913447,"all_negative",TRUE,FALSE
"so","so_1_2",0.00698719838519083,0,0.00698719838519083,"A_only_edge",FALSE,"cdtally_AT",-0.0608594018504114,-0.0554174572893317,-0.0534341931931815,-0.0556183681118304,-0.0060356292516486,-0.0141349439506384,0.09121984809383,0.0101898730411317,-0.00320267465594088,-0.0608594018504114,-0.0534341931931815,"all_negative",TRUE,FALSE
"so_1_4","so_1_2",0.220956638477833,0,0.220956638477833,"A_only_edge",FALSE,"cdtally_AT",0.135486406668751,0.157761782869728,0.153764240707482,0.151066808866206,-0.0060356292516486,-0.0334746788564927,0.09121984809383,0.187195946654439,0.0337606918233937,0.135486406668751,0.157761782869728,"all_positive",FALSE,FALSE
"so_1_1","so_1_2",0.36696090290021,0,0.36696090290021,"A_only_edge",FALSE,"cdtally_AT",0.206812744327546,0.213990728809191,0.21961130922101,0.216285541716677,-0.0060356292516486,0.0381435010097564,0.09121984809383,0.330140464179484,0.0368204387207258,0.206812744327546,0.21961130922101,"all_positive",FALSE,FALSE
"ss","ss_sch",0.0301255515365091,0.02663604943666,0.0034895020998491,"both_observed",FALSE,"cdtally_AT",-0.00564568423941021,-0.0045890908689414,-0.00738133787255582,-0.00664193270373215,-0.0060356292516486,-0.00634589156573483,0.0171652336336846,-0.000861971423109015,0.00435147352295812,-0.00738133787255582,-0.0045890908689414,"all_negative",FALSE,FALSE
"so_ok","ss_sch",0.0080345164873637,0,0.0080345164873637,"A_only_edge",FALSE,"cdtally_AT",-0.0296824607175966,-0.0293510470753364,-0.0283161995217207,-0.0294237523954984,-0.0060356292516486,-0.00129391860686285,0.0171652336336846,-0.0198467749424234,0.0278812914297871,-0.0296824607175966,-0.0283161995217207,"all_negative",TRUE,FALSE
"keypress","ss_sch",0.0146168930206788,0.0166758607033662,-0.0020589676826874,"both_observed",FALSE,"cdtally_AT",-0.00472504353457118,-0.00421880200049271,-0.00662075509609834,-0.00503955280602923,-0.0060356292516486,0.00785531873934244,0.0171652336336846,0.0142598795868073,-0.0163188472694947,-0.00662075509609834,-0.00421880200049271,"all_negative",FALSE,FALSE
"so_c","ss_sch",0,0.086834815632422,-0.086834815632422,"B_only_edge",FALSE,"cdtally_AT",-0.0483866071796831,-0.0476744164192166,-0.050427910092784,-0.0488119406910034,-0.0060356292516486,-0.00326854348910423,0.0171652336336846,-0.0405255462867513,-0.0463092693456707,-0.050427910092784,-0.0476744164192166,"all_negative",FALSE,FALSE
"ss_file","ss_sch",0,0.0199185032531462,-0.0199185032531462,"B_only_edge",FALSE,"cdtally_AT",-0.0176249720951239,-0.0151835779012711,-0.0186367579410334,-0.0171765068802804,-0.0060356292516486,-0.00364736048941308,0.0171652336336846,-0.0101427282025009,-0.00977577505064527,-0.0186367579410334,-0.0151835779012711,"all_negative",FALSE,FALSE
"ss_edit","ss_sch",0.014386881823081,0,0.014386881823081,"A_only_edge",FALSE,"cdtally_AT",-0.00873251939007648,-0.0063550305048831,-0.00946292433457013,-0.0072597505520027,-0.0060356292516486,-0.00100533068514092,0.0171652336336846,0.00139175430681862,0.0129951275162624,-0.00946292433457013,-0.0063550305048831,"all_negative",FALSE,FALSE
"sch_ok","ss_sch",0.0303055195156749,0,0.0303055195156749,"A_only_edge",FALSE,"cdtally_AT",0.00586790998026045,0.00961248215428578,0.00517964624083176,0.00817956463670032,-0.0060356292516486,-0.00605583365662048,0.0171652336336846,0.010941680705676,0.0193638388099989,0.00517964624083176,0.00961248215428578,"all_positive",FALSE,FALSE
"sch_n","ss_sch",0.025534752863117,0,0.025534752863117,"A_only_edge",FALSE,"cdtally_AT",0.0662703555897053,0.0724288490002975,0.0551871933906208,0.0686685263448367,-0.0060356292516486,-0.0713244649993205,0.0171652336336846,0.00607549497242081,0.0194592578906962,0.0551871933906208,0.0724288490002975,"all_positive",FALSE,FALSE
"split_h","ss_sch",0.00986324767339228,0,0.00986324767339228,"A_only_edge",FALSE,"cdtally_AT",-0.00671801136001365,-0.00556616589725724,-0.00806588078920579,-0.00695431376119045,-0.0060356292516486,0.0130595220113932,0.0171652336336846,0.0174711150334156,-0.00760786736002329,-0.00806588078920579,-0.00556616589725724,"all_negative",FALSE,FALSE
"ss_help","ss_sch",0.0695356726153318,0.0926352126807259,-0.0230995400653941,"both_observed",FALSE,"cdtally_AT",-0.0237537681393781,-0.0225019697617112,-0.0282991177322142,-0.0230255564969188,-0.0060356292516486,-0.00566788182275347,0.0171652336336846,-0.0182920455800955,-0.00480749448529858,-0.0282991177322142,-0.0225019697617112,"all_negative",FALSE,FALSE
"ss","sch_ok",0.00110805673091186,0,0.00110805673091186,"A_only_edge",FALSE,"cdtally_AT",-0.00281334875380293,0.00226470839918121,-0.00562131986555594,-0.00276754398579599,-0.0060356292516486,-0.00634589156573483,0.0472531926873281,0.0320583231161417,-0.0309502663852299,-0.00562131986555594,0.00226470839918121,"mixed_or_zero",FALSE,FALSE
"so_ok","sch_ok",0.00628437037332226,0.0243953925860657,-0.0181110222127434,"both_observed",FALSE,"cdtally_AT",-0.0678524145485186,-0.0635166365006668,-0.0665752782942808,-0.0665170937244871,-0.0060356292516486,-0.00129391860686285,0.0472531926873281,-0.027928769719702,0.00981774750695853,-0.0678524145485186,-0.0635166365006668,"all_negative",TRUE,FALSE
"keypress","sch_ok",0.330809537240464,0.225976734390298,0.104832802850166,"both_observed",FALSE,"cdtally_AT",0.00093985257751502,0.00313972990589123,-0.00312777864395172,0.000502537577619154,-0.0060356292516486,0.00785531873934244,0.0472531926873281,0.050012734752537,0.0548200680976291,-0.00312777864395172,0.00313972990589123,"mixed_or_zero",FALSE,FALSE
"ss_file","sch_ok",0.00457558813427534,0,0.00457558813427534,"A_only_edge",FALSE,"cdtally_AT",-0.00846607438574417,0.00190164517880087,-0.00820934363879495,-0.00549134272627572,-0.0060356292516486,-0.00364736048941308,0.0472531926873281,0.0291041285605222,-0.0245285404262469,-0.00846607438574417,0.00190164517880087,"mixed_or_zero",FALSE,FALSE
"ss_sch","sch_ok",0.069593939344966,0.0782262781604727,-0.00863233881550671,"both_observed",FALSE,"cdtally_AT",-0.0303643781947199,-0.0265492226331753,-0.0313227283620106,-0.0312645290032314,-0.0060356292516486,-0.0130804874037999,0.0472531926873281,-0.00222730216284027,-0.00640503665266643,-0.0313227283620106,-0.0265492226331753,"all_negative",FALSE,FALSE
"sch_n","sch_ok",0.242861544964696,0,0.242861544964696,"A_only_edge",FALSE,"cdtally_AT",0.245017666449078,0.253920812185965,0.23297727048579,0.247428437232252,-0.0060356292516486,-0.0713244649993205,0.0472531926873281,0.214910764885437,0.0279507800792594,0.23297727048579,0.253920812185965,"all_positive",FALSE,FALSE
"sch","sch_ok",0.0717226361552717,0.107364404785313,-0.0356417686300413,"both_observed",FALSE,"cdtally_AT",-0.0442710132778236,-0.0390356962985551,-0.047911616854202,-0.0441317528194151,-0.0060356292516486,-0.00397800604210227,0.0472531926873281,-0.00703145588424636,-0.0286103127457949,-0.047911616854202,-0.0390356962985551,"all_negative",FALSE,FALSE
"ss","sch_n",0.000905076722497742,0,0.000905076722497742,"A_only_edge",FALSE,"cdtally_AT",0.00198113263995814,-0.000399228315458395,-0.00131105628698195,-0.00110227523255553,-0.0060356292516486,-0.00634589156573483,0.0126540461525427,0.00225365797511743,-0.00134858125261969,-0.00131105628698195,0.00198113263995814,"mixed_or_zero",FALSE,FALSE
"keypress","sch_n",0.00913634497092296,0,0.00913634497092296,"A_only_edge",FALSE,"cdtally_AT",0.00172921683998502,-0.000345866211229348,-0.000419755625220737,-0.00116791175076901,-0.0060356292516486,0.00785531873934244,0.0126540461525427,0.0162029524802216,-0.00706660750929861,-0.00116791175076901,0.00172921683998502,"mixed_or_zero",FALSE,FALSE
"ss_sch","sch_n",0.0308674755153761,0,0.0308674755153761,"A_only_edge",FALSE,"cdtally_AT",0.0149542848336998,0.0111734267475906,0.0123007636258438,0.0114946508224432,-0.0060356292516486,-0.0130804874037999,0.0126540461525427,0.00849221433079406,0.022375261184582,0.0111734267475906,0.0149542848336998,"all_positive",FALSE,FALSE
"sch_ok","sch_n",0.424791724997658,0.444846917019957,-0.020055192022299,"both_observed",FALSE,"cdtally_AT",-0.00922961703535517,-0.00705688627097557,-0.0154978724971411,-0.00861368592483068,-0.0060356292516486,-0.00605583365662048,0.0126540461525427,-0.00866703379108154,-0.0113881582312175,-0.0154978724971411,-0.00705688627097557,"all_negative",FALSE,FALSE
"sch","sch_n",0.0140740167082232,0,0.0140740167082232,"A_only_edge",FALSE,"cdtally_AT",0.0103912229096771,0.00450152427328401,0.00447453843949912,0.00515686648501712,-0.0060356292516486,-0.00397800604210227,0.0126540461525427,0.013031633768469,0.00104238293975424,0.00447453843949912,0.0103912229096771,"all_positive",FALSE,FALSE
"ss","split_h",0.0165567269194961,0.0336413299645866,-0.0170846030450905,"both_observed",FALSE,"cdtally_AT",0.00364807774177271,0.00316153538077699,0.00335103522970347,0.00354714784323318,-0.0060356292516486,-0.00634589156573483,-0.0100830018222973,-0.018816444897908,0.00173184185281752,0.00316153538077699,0.00364807774177271,"all_positive",FALSE,FALSE
"so_ok","split_h",0.00952682265210131,0.0532114754019434,-0.0436846527498421,"both_observed",FALSE,"cdtally_AT",-0.00702728970645231,-0.00916204379407888,-0.0074121571165812,-0.0066934901869602,-0.0060356292516486,-0.00129391860686285,-0.0100830018222973,-0.0244398393872611,-0.019244813362581,-0.00916204379407888,-0.0066934901869602,"all_negative",TRUE,FALSE
"wb","split_h",0.00737282416461072,0.0123122232156007,-0.00493939905098998,"both_observed",FALSE,"cdtally_AT",0.00257879377133457,0.0020988426624867,0.00208474736209852,0.00282037982971205,-0.0060356292516486,0.0190730650264031,-0.0100830018222973,0.00553322772379172,-0.0104726267747817,0.00208474736209852,0.00282037982971205,"all_positive",FALSE,FALSE
"combobox","split_h",0.00441292592330157,0.0113033127410962,-0.00689038681779463,"both_observed",FALSE,"cdtally_AT",-0.00955101335480491,-0.00856658179299211,-0.00805001585163361,-0.00622301487108299,-0.0060356292516486,0.0186049574668024,-0.0100830018222973,-0.00706468696194837,0.000174300144153737,-0.00955101335480491,-0.00622301487108299,"all_negative",FALSE,FALSE
"wb_t_b","split_h",0.00926928258609313,0,0.00926928258609313,"A_only_edge",FALSE,"cdtally_AT",-0.000562173423352614,-0.000309255016247016,1.321202776425e-05,0.00101896596545233,-0.0060356292516486,0.0250985520528986,-0.0100830018222973,0.00841774755560004,0.000851535030493088,-0.000562173423352614,0.00101896596545233,"mixed_or_zero",FALSE,FALSE
"wb_t_ho","split_h",0.00850217703862965,0,0.00850217703862965,"A_only_edge",FALSE,"cdtally_AT",0.000226060970135749,0.000886208616996303,0.00041279967271813,0.00132624368667834,-0.0060356292516486,0.0248081302364554,-0.0100830018222973,0.00891556013264524,-0.000413383094015592,0.000226060970135749,0.00132624368667834,"all_positive",FALSE,FALSE
"keypress","split_h",0.00555794857120385,0.0166372489199073,-0.0110793003487035,"both_observed",FALSE,"cdtally_AT",0.00113683830187079,0.000603829652802404,0.000611185180995366,0.0014755086741462,-0.0060356292516486,0.00785531873934244,-0.0100830018222973,-0.00712647403273267,-0.00395282631597078,0.000603829652802404,0.0014755086741462,"all_positive",FALSE,FALSE
"wb_f","split_h",0.018395080037439,0.0146309239250494,0.0037641561123896,"both_observed",FALSE,"cdtally_AT",-0.0049556525027704,-0.00459674908954702,-0.00374368488963587,-0.00297836533535243,-0.0060356292516486,0.0283670900268097,-0.0100830018222973,0.00729280645009343,-0.00352865033770383,-0.0049556525027704,-0.00297836533535243,"all_negative",FALSE,FALSE
"split_v","split_h",0.407908272847256,0.441904078452446,-0.03399580560519,"both_observed",FALSE,"cdtally_AT",-0.00139904714961744,-0.00209089167429427,-0.0020918901964627,-0.00172498450612816,-0.0060356292516486,0.0103669345075152,-0.0100830018222973,-0.00715074371604814,-0.0268450618891419,-0.0020918901964627,-0.00139904714961744,"all_negative",FALSE,FALSE
"ss_edit","split_h",0.00882823173302371,0,0.00882823173302371,"A_only_edge",FALSE,"cdtally_AT",0.00290892849348472,0.00222179819524088,0.00326461748109851,0.00223179738784343,-0.0060356292516486,-0.00100533068514092,-0.0100830018222973,-0.0142150332656021,0.0230432649986258,0.00222179819524088,0.00326461748109851,"all_positive",FALSE,FALSE
"wb_e","split_h",0.0145660758363066,0,0.0145660758363066,"A_only_edge",FALSE,"cdtally_AT",8.50336248938152e-05,-0.000400137275388841,-0.000570912465041192,0.000523696074787068,-0.0060356292516486,0.022545122006679,-0.0100830018222973,0.0065115245576269,0.0080545512786797,-0.000570912465041192,0.000523696074787068,"mixed_or_zero",FALSE,FALSE
"ss_help","split_h",0.0288458624763372,0,0.0288458624763372,"A_only_edge",FALSE,"cdtally_AT",0.0259659468285031,0.0263863109499644,0.0225024318448769,0.0237844294939829,-0.0060356292516486,-0.00566788182275347,-0.0100830018222973,0.00417943393180376,0.0246664285445334,0.0225024318448769,0.0263863109499644,"all_positive",FALSE,FALSE
"help_a","split_h",0.0391461530259419,0.047425159978268,-0.00827900695232611,"both_observed",FALSE,"cdtally_AT",-0.0093666303271905,-0.00871834590368336,-0.00828747883269291,-0.00694185767961262,-0.0060356292516486,0.0306290875285986,-0.0100830018222973,0.00514382612746217,-0.0134228330797883,-0.0093666303271905,-0.00694185767961262,"all_negative",FALSE,FALSE
"wb_book","split_h",0.0279541208747886,0,0.0279541208747886,"A_only_edge",FALSE,"cdtally_AT",-0.0101949073501356,-0.00891870395015077,-0.00824927429590704,-0.0072618774488761,-0.0060356292516486,0.0361252126826314,-0.0100830018222973,0.00981167425854991,0.0181424466162387,-0.0101949073501356,-0.0072618774488761,"all_negative",FALSE,FALSE
"ss","ss_help",0.00969480370231103,0.0179798914963497,-0.00828508779403867,"both_observed",FALSE,"cdtally_AT",-0.000274030352474993,0.000874727248138248,-0.00124734211838752,-0.00114867203247783,-0.0060356292516486,-0.00634589156573483,-0.0192972342277294,-0.0319527853975878,0.0236676976035491,-0.00124734211838752,0.000874727248138248,"mixed_or_zero",FALSE,FALSE
"ss_so","ss_help",0.00264477453642847,0,0.00264477453642847,"A_only_edge",FALSE,"cdtally_AT",0.00252367626985204,0.00473758683389606,0.00254928347792711,0.000835208838205021,-0.0060356292516486,-0.0116679202950874,-0.0192972342277294,-0.0344771075046134,0.0371218820410418,0.000835208838205021,0.00473758683389606,"all_positive",TRUE,FALSE
"so_ok","ss_help",0.00455155856332026,0.0650083674138056,-0.0604568088504853,"both_observed",FALSE,"cdtally_AT",-0.021403018881364,-0.0233289631027413,-0.0227380116616701,-0.0210240396717977,-0.0060356292516486,-0.00129391860686285,-0.0192972342277294,-0.0480298009676048,-0.0124270078828806,-0.0233289631027413,-0.0210240396717977,"all_negative",TRUE,FALSE
"ss_data","ss_help",0,0.0321640794718903,-0.0321640794718903,"B_only_edge",FALSE,"cdtally_AT",-0.0108999932529871,-0.012492611950563,-0.0126341272155947,-0.0117456921464371,-0.0060356292516486,-0.00760636781739942,-0.0192972342277294,-0.0438392245497645,0.0116751450778742,-0.0126341272155947,-0.0108999932529871,"all_negative",TRUE,FALSE
"ss_file","ss_help",0.0229346845574057,0,0.0229346845574057,"A_only_edge",FALSE,"cdtally_AT",0.000682047466654175,0.00170833461955539,-0.000759620500715769,-0.000960792339781971,-0.0060356292516486,-0.00364736048941308,-0.0192972342277294,-0.0282981765021369,0.0512328610595426,-0.000960792339781971,0.00170833461955539,"mixed_or_zero",FALSE,FALSE
"split_v","ss_help",0,0.0392047793974166,-0.0392047793974166,"B_only_edge",FALSE,"cdtally_AT",-0.00780588914643253,-0.00747961762278849,-0.00877869748536818,-0.00796944556293957,-0.0060356292516486,0.0103669345075152,-0.0192972342277294,-0.0227718181182953,-0.0164329612791213,-0.00877869748536818,-0.00747961762278849,"all_negative",FALSE,FALSE
"ss_edit","ss_help",0,0.0684292640858763,-0.0684292640858763,"B_only_edge",FALSE,"cdtally_AT",-0.0059358330958355,-0.00504520307181606,-0.00613700647492262,-0.00558080232327807,-0.0060356292516486,-0.00100533068514092,-0.0192972342277294,-0.0322740272603544,-0.0361552368255219,-0.00613700647492262,-0.00504520307181606,"all_negative",FALSE,FALSE
"ss_sch","ss_help",0,0.0507509285085287,-0.0507509285085287,"B_only_edge",FALSE,"cdtally_AT",-0.00890985164631509,-0.010331338397086,-0.0104636853983879,-0.0100473115694337,-0.0060356292516486,-0.0130804874037999,-0.0192972342277294,-0.0473232025294929,-0.00342772597903577,-0.0104636853983879,-0.00890985164631509,"all_negative",FALSE,FALSE
"sch_ok","ss_help",0,0.0168518838424609,-0.0168518838424609,"B_only_edge",FALSE,"cdtally_AT",0.0111164931132932,0.0149140217667359,0.0113870186720963,0.0107857100399719,-0.0060356292516486,-0.00605583365662048,-0.0192972342277294,-0.0202722040227052,0.00342032018024432,0.0107857100399719,0.0149140217667359,"all_positive",FALSE,FALSE
"split_h","ss_help",0.0166712176939014,0,0.0166712176939014,"A_only_edge",FALSE,"cdtally_AT",0.000690464542532072,0.00133061847746855,-0.000520087417700605,-6.14293219568764e-05,-0.0060356292516486,0.0130595220113932,-0.0192972342277294,-0.0115828769254527,0.0282540946193541,-0.000520087417700605,0.00133061847746855,"mixed_or_zero",FALSE,FALSE
"ss_save","ss_help",0,0.131554085644554,-0.131554085644554,"B_only_edge",FALSE,"cdtally_AT",-0.0375711169305237,-0.0387927156334538,-0.0412235008300781,-0.0409791704978978,-0.0060356292516486,-0.00640422653461853,-0.0192972342277294,-0.0693082069445202,-0.0622458787000338,-0.0412235008300781,-0.0375711169305237,"all_negative",FALSE,FALSE
"help_a","ss_help",0,0.0156838004832158,-0.0156838004832158,"B_only_edge",FALSE,"cdtally_AT",0.00283202638937612,0.00650370680088925,0.0063547487242079,0.00676556032456366,-0.0060356292516486,0.0306290875285986,-0.0192972342277294,0.0081282504385967,-0.0238120509218125,0.00283202638937612,0.00676556032456366,"all_positive",FALSE,FALSE
"ss","ss_save",0.0036280468013261,0.00967030377165084,-0.00604225697032474,"both_observed",FALSE,"cdtally_AT",0.00157128992021161,0.00208314395457218,0.000644382123810131,-0.000208262415126797,-0.0060356292516486,-0.00634589156573483,-0.00428983081564348,-0.0151000617128153,0.00905780474249055,-0.000208262415126797,0.00208314395457218,"mixed_or_zero",FALSE,FALSE
"ss_so","ss_save",0,0.0358583023794665,-0.0358583023794665,"B_only_edge",FALSE,"cdtally_AT",-0.00621984759600912,-0.00368497670177893,-0.00349406207451351,-0.00518391906470808,-0.0060356292516486,-0.0116679202950874,-0.00428983081564348,-0.0282132279583886,-0.00764507442107789,-0.00621984759600912,-0.00349406207451351,"all_negative",TRUE,FALSE
"keypress","ss_save",0.00300509692294631,0.00833368689188836,-0.00532858996894205,"both_observed",FALSE,"cdtally_AT",-0.000484017079589771,-0.000120734281870333,-0.00220863803848176,-0.00217568278811036,-0.0060356292516486,0.00785531873934244,-0.00428983081564348,-0.00295415840753941,-0.00237443156140264,-0.00220863803848176,-0.000120734281870333,"all_negative",FALSE,FALSE
"ss_file","ss_save",0.0139049457806171,0.0494170876330598,-0.0355121418524427,"both_observed",FALSE,"cdtally_AT",-0.00366845812880183,-0.00300092163569412,-0.00398272651361379,-0.00482045774651894,-0.0060356292516486,-0.00364736048941308,-0.00428983081564348,-0.017641278685507,-0.0178708631669357,-0.00482045774651894,-0.00300092163569412,"all_negative",FALSE,FALSE
"sch_ok","ss_save",0.00695209105938899,0,0.00695209105938899,"A_only_edge",FALSE,"cdtally_AT",0.0151635268691651,0.0171387228309495,0.0141432772518797,0.016119321865522,-0.0060356292516486,-0.00605583365662048,-0.00428983081564348,-0.00121776685474745,0.00816985791413644,0.0141432772518797,0.0171387228309495,"all_positive",FALSE,FALSE
"sch_n","ss_save",0.00621114062119134,0,0.00621114062119134,"A_only_edge",FALSE,"cdtally_AT",0.0796151894376141,0.0815469222217871,0.0709497065540806,0.079520150599995,-0.0060356292516486,-0.0713244649993205,-0.00428983081564348,-0.00203473562899847,0.00824587625018981,0.0709497065540806,0.0815469222217871,"all_positive",FALSE,FALSE
"split_h","ss_save",0.0044947711301244,0,0.0044947711301244,"A_only_edge",FALSE,"cdtally_AT",-0.00107324802227119,-0.000373926529545938,-0.000935555716016834,-0.00178317028182541,-0.0060356292516486,0.0130595220113932,-0.00428983081564348,0.00166081392182993,0.00283395720829447,-0.00178317028182541,-0.000373926529545938,"all_negative",FALSE,FALSE
"wb_t_book","help_a",0,0.0160329468798806,-0.0160329468798806,"B_only_edge",FALSE,"cdtally_AT",-0.00145362290299589,-0.00307250641116814,-0.00143203535498205,-0.00147627797411104,-0.0060356292516486,0.0206422671240849,-0.00967520540451547,0.00347780956492499,-0.0195107564448056,-0.00307250641116814,-0.00143203535498205,"all_negative",FALSE,FALSE
"book_a_c","help_a",0.0185105516367634,0,0.0185105516367634,"A_only_edge",FALSE,"cdtally_AT",-0.013413214279029,-0.0120966916588711,-0.0114359508622631,-0.0104597737876938,-0.0060356292516486,0.0347412234722662,-0.00967520540451547,0.00561717453707315,0.0128933770996903,-0.013413214279029,-0.0104597737876938,"all_negative",FALSE,FALSE
"ss","help_a",0.00376250805985067,0.0164159813376349,-0.0126534732777842,"both_observed",FALSE,"cdtally_AT",0.00156165745208981,-0.00102025516253279,0.00124015215918174,0.00151919384631212,-0.0060356292516486,-0.00634589156573483,-0.00967520540451547,-0.0204950687698091,0.00784159549202486,-0.00102025516253279,0.00156165745208981,"mixed_or_zero",FALSE,FALSE
"wb","help_a",0.00392605883814375,0.0148036421852594,-0.0108775833471157,"both_observed",FALSE,"cdtally_AT",3.70439978845088e-05,-0.000856248938215417,0.000149013029335313,0.000261712287305968,-0.0060356292516486,0.0190730650264031,-0.00967520540451547,0.00339927436812349,-0.0142768577152391,-0.000856248938215417,0.000261712287305968,"mixed_or_zero",FALSE,FALSE
"combobox","help_a",0,0.0607381155616761,-0.0607381155616761,"B_only_edge",FALSE,"cdtally_AT",-0.0170986674072559,-0.0168919279387716,-0.0162191554226933,-0.0146321827911371,-0.0060356292516486,0.0186049574668024,-0.00967520540451547,-0.0142045445966175,-0.0465335709650586,-0.0170986674072559,-0.0146321827911371,"all_negative",FALSE,FALSE
"wb_t_b","help_a",0.0285118513900864,0,0.0285118513900864,"A_only_edge",FALSE,"cdtally_AT",-0.00142533756175809,-0.00226953510597939,-0.000844601602340023,-0.000421407387428338,-0.0060356292516486,0.0250985520528986,-0.00967520540451547,0.0079623798349764,0.02054947155511,-0.00226953510597939,-0.000421407387428338,"all_negative",FALSE,FALSE
"keypress","help_a",0.00776558798569424,0,0.00776558798569424,"A_only_edge",FALSE,"cdtally_AT",0.0020687964360852,5.67662156282101e-05,0.00291084801057168,0.00191695980808868,-0.0060356292516486,0.00785531873934244,-0.00967520540451547,-0.00578671948073643,0.0135523074664307,5.67662156282101e-05,0.00291084801057168,"all_positive",FALSE,FALSE
"wb_f","help_a",0.0412818193213265,0,0.0412818193213265,"A_only_edge",FALSE,"cdtally_AT",-0.00125674386759086,-0.00257806929775735,-0.000231009793240188,3.01921518456174e-05,-0.0060356292516486,0.0283670900268097,-0.00967520540451547,0.0113995115030548,0.0298823078182717,-0.00257806929775735,3.01921518456174e-05,"mixed_or_zero",FALSE,FALSE
"so_c","help_a",0.0348149001799782,0,0.0348149001799782,"A_only_edge",FALSE,"cdtally_AT",0.00716108137909553,0.0049796561762324,0.00553580180735777,0.00689839221009044,-0.0060356292516486,-0.00326854348910423,-0.00967520540451547,-0.0118182967661728,0.046633196946151,0.0049796561762324,0.00716108137909553,"all_positive",FALSE,FALSE
"wb_t_h","help_a",0.0705000494858028,0.0666239898473998,0.003876059638403,"both_observed",FALSE,"cdtally_AT",-0.0036503211271299,-0.00453722399739951,-0.00276599726496472,-0.00171629571748595,-0.0060356292516486,0.0256441418178028,-0.00967520540451547,0.00628298603450882,-0.00240692639610582,-0.00453722399739951,-0.00171629571748595,"all_negative",FALSE,FALSE
"ss_file","help_a",0.0151257218607927,0,0.0151257218607927,"A_only_edge",FALSE,"cdtally_AT",0.00129771780684147,-0.00186416132218698,-0.000510226240838732,0.000440961636410995,-0.0060356292516486,-0.00364736048941308,-0.00967520540451547,-0.0180604773387357,0.0331861991995284,-0.00186416132218698,0.00129771780684147,"mixed_or_zero",FALSE,FALSE
"split_v","help_a",0.0173304998880436,0,0.0173304998880436,"A_only_edge",FALSE,"cdtally_AT",0.00774381244751617,0.00608060794747802,0.00779243176289811,0.00794495896266925,-0.0060356292516486,0.0103669345075152,-0.00967520540451547,0.00239991229886729,0.0149305875891763,0.00608060794747802,0.00794495896266925,"all_positive",FALSE,FALSE
"wb_h","help_a",0.0713318381709587,0.0907554241192242,-0.0194235859482655,"both_observed",FALSE,"cdtally_AT",-0.000814476652818139,-0.00279301849150121,-0.000266718396717611,0.00147502067225338,-0.0060356292516486,0.0212918825860098,-0.00967520540451547,0.00476657127702754,-0.024190157225293,-0.00279301849150121,0.00147502067225338,"mixed_or_zero",FALSE,FALSE
"wb_t_sch","help_a",0,0.0385178957041554,-0.0385178957041554,"B_only_edge",FALSE,"cdtally_AT",-0.00313277024478787,-0.00367067294294717,-0.00274930670917705,-0.00247354091628661,-0.0060356292516486,0.0241703126588231,-0.00967520540451547,0.00532670775787118,-0.0438446034620266,-0.00367067294294717,-0.00247354091628661,"all_negative",FALSE,FALSE
"sch_ok","help_a",0.00509251071902222,0,0.00509251071902222,"A_only_edge",FALSE,"cdtally_AT",-0.0159348993576876,-0.0160533592322622,-0.0171381028316226,-0.0155323808852888,-0.0060356292516486,-0.00605583365662048,-0.00967520540451547,-0.0377015676704722,0.0427940783894944,-0.0171381028316226,-0.0155323808852888,"all_negative",FALSE,FALSE
"split_h","help_a",0.0176457404526836,0,0.0176457404526836,"A_only_edge",FALSE,"cdtally_AT",0.000620271614002665,-0.000554233314995142,0.000536728846259225,0.00104646246852662,-0.0060356292516486,0.0130595220113932,-0.00967520540451547,-0.00203104103076821,0.0196767814834518,-0.000554233314995142,0.00104646246852662,"mixed_or_zero",FALSE,FALSE
"ss_help","help_a",0,0.160910765552967,-0.160910765552967,"B_only_edge",FALSE,"cdtally_AT",-0.0360109394858589,-0.0382640489169059,-0.0376448657641557,-0.0369002351958536,-0.0060356292516486,-0.00566788182275347,-0.00967520540451547,-0.0573896559647764,-0.103521109588191,-0.0382640489169059,-0.0360109394858589,"all_negative",FALSE,FALSE
"sch","help_a",0.0103628694278171,0,0.0103628694278171,"A_only_edge",FALSE,"cdtally_AT",0.014774378956176,0.0111560377434418,0.0151201796535575,0.0134030295437413,-0.0060356292516486,-0.00397800604210227,-0.00967520540451547,-0.0049144617420903,0.0152773311699074,0.0111560377434418,0.0151201796535575,"all_positive",FALSE,FALSE
"so_1_3","so_1_1",0.0119478796060402,0.0485594369432641,-0.0366115573372239,"both_observed",FALSE,"cdtally_AT",-0.00651910358621696,-0.00964206483806268,-0.0117927646232009,-0.0034773904745727,-0.0060356292516486,0.00551402216101582,-0.00770037097001876,-0.0147410816468685,-0.0218704756903554,-0.0117927646232009,-0.0034773904745727,"all_negative",TRUE,FALSE
"so_2_asc","so_1_1",0.0119625545184095,0,0.0119625545184095,"A_only_edge",FALSE,"cdtally_AT",0.00859827481563702,0.00586814233256798,0.00283325671647953,0.0102644204198626,-0.0060356292516486,-0.0182501347969284,-0.00770037097001876,-0.0233878602029587,0.0353504147213682,0.00283325671647953,0.0102644204198626,"all_positive",TRUE,FALSE
"so","so_1_1",0.0106184293641734,0.0371495518485164,-0.026531122484343,"both_observed",FALSE,"cdtally_AT",0.000220881444651148,-0.00408968139283309,-0.00669402303573808,0.0034726172911682,-0.0060356292516486,-0.0141349439506384,-0.00770037097001876,-0.0276500627276546,0.00111894024331157,-0.00669402303573808,0.0034726172911682,"mixed_or_zero",TRUE,FALSE
"so_1_4","so_1_1",0,0.242746524263295,-0.242746524263295,"B_only_edge",FALSE,"cdtally_AT",-0.178518402750337,-0.163146821987945,-0.171976968134433,-0.166252570561816,-0.0060356292516486,-0.0334746788564927,-0.00770037097001876,-0.225729081828497,-0.0170174424347984,-0.178518402750337,-0.163146821987945,"all_negative",FALSE,FALSE
"ss_data","sch",0.00860774644957684,0,0.00860774644957684,"A_only_edge",FALSE,"cdtally_AT",0.034844283319668,0.0360020851350072,0.0365770109203705,0.0421818510761748,-0.0060356292516486,-0.00760636781739942,-0.0389879582547485,-0.0177856720041285,0.0263934184537054,0.034844283319668,0.0421818510761748,"all_positive",TRUE,FALSE
"ss_file","sch",0.0914419436034876,0.113999543971001,-0.0225576003675134,"both_observed",FALSE,"cdtally_AT",0.00932907520768942,0.00985924738741463,0.00307212106536082,0.0102737015949755,-0.0060356292516486,-0.00364736048941308,-0.0389879582547485,-0.0393418727881208,0.0167842724206074,0.00307212106536082,0.0102737015949755,"all_positive",FALSE,FALSE
"ss_edit","sch",0.189546238652187,0.30495980196997,-0.115413563317783,"both_observed",FALSE,"cdtally_AT",-0.0238917667456648,-0.0190788462614723,-0.0243735423814498,-0.0202012605770436,-0.0060356292516486,-0.00100533068514092,-0.0389879582547485,-0.0699206849372029,-0.0454928783805802,-0.0243735423814498,-0.0190788462614723,"all_negative",FALSE,FALSE
"sch_ok","sch_b",0.0167997434763374,0,0.0167997434763374,"A_only_edge",FALSE,"cdtally_AT",0.0826087616382469,0.0869802129160702,0.0865671283779939,0.0861039033898038,-0.0060356292516486,-0.00605583365662048,-0.035773133405904,0.0347441653240738,-0.0179444218477364,0.0826087616382469,0.0869802129160702,"all_positive",FALSE,FALSE
"sch_n","sch_b",0.303796993661762,0,0.303796993661762,"A_only_edge",FALSE,"cdtally_AT",0.400044715110581,0.40081194785045,0.391721226518661,0.398773569709831,-0.0060356292516486,-0.0713244649993205,-0.035773133405904,0.286911487453708,0.0168855062080536,0.391721226518661,0.40081194785045,"all_positive",FALSE,FALSE
"ss_data","help",0.0134775713515587,0,0.0134775713515587,"A_only_edge",FALSE,"cdtally_AT",-0.00467019058569612,-0.00458586094507907,-0.00784398167995268,-0.00806704179613504,-0.0060356292516486,-0.00760636781739942,0.0312625077579448,0.0129503201032007,0.000527251248358031,-0.00806704179613504,-0.00458586094507907,"all_negative",TRUE,FALSE
"ss_file","help",0.0140658071391176,0,0.0140658071391176,"A_only_edge",FALSE,"cdtally_AT",0.0200444708466063,0.0225843876232668,0.0158487434223828,0.018840309121154,-0.0060356292516486,-0.00364736048941308,0.0312625077579448,0.0416239888634895,-0.0275581817243719,0.0158487434223828,0.0225843876232668,"all_positive",FALSE,FALSE
"ss_help","help",0.17026720029969,0,0.17026720029969,"A_only_edge",FALSE,"cdtally_AT",0.118594643819591,0.120818139608933,0.106991160002135,0.115977268553154,-0.0060356292516486,-0.00566788182275347,0.0312625077579448,0.138153640503134,0.0321135597965561,0.106991160002135,0.120818139608933,"all_positive",FALSE,FALSE
"ss_so","so_1_0",0.00219927607344315,0,0.00219927607344315,"A_only_edge",FALSE,"cdtally_AT",0.00377599835417623,-0.0030655966484827,0.000397071721626015,-0.00615723805331752,-0.0060356292516486,-0.0116679202950874,0.014702306787673,0.00077475559511318,0.00142452047832997,-0.00615723805331752,0.00377599835417623,"mixed_or_zero",TRUE,FALSE
"so_1_3","so_1_0",0.0126594383857927,0.0177188372130169,-0.0050593988272242,"both_observed",FALSE,"cdtally_AT",-0.00267052804297176,-0.00784209872964246,-0.0031373171364022,-0.0120201041329205,-0.0060356292516486,0.00551402216101582,0.014702306787673,0.0115101716540684,-0.0165695704812926,-0.0120201041329205,-0.00267052804297176,"all_negative",TRUE,FALSE
"so_2_asc","so_1_0",0.00486367841570568,0,0.00486367841570568,"A_only_edge",FALSE,"cdtally_AT",0.0036289680366787,0.000148664438383657,0.00398413440809682,-0.00368755086575298,-0.0060356292516486,-0.0182501347969284,0.014702306787673,-0.00595448922422532,0.010818167639931,-0.00368755086575298,0.00398413440809682,"mixed_or_zero",TRUE,FALSE
"so","so_1_0",0.0052337839797761,0,0.0052337839797761,"A_only_edge",FALSE,"cdtally_AT",0.00353638283692397,-0.00138378369724655,0.00117718550051915,-0.00431079569835041,-0.0060356292516486,-0.0141349439506384,0.014702306787673,-0.00193188357769003,0.00716566755746613,-0.00431079569835041,0.00353638283692397,"mixed_or_zero",TRUE,FALSE
"ss_file","save",0.0695615964730935,0.255038161181724,-0.18547656470863,"both_observed",FALSE,"cdtally_AT",-0.0483312024356681,-0.0462897459511176,-0.0469814703369934,-0.0521255530994378,-0.0060356292516486,-0.00364736048941308,-0.0808278423541841,-0.138842034530914,-0.0466345301777166,-0.0521255530994378,-0.0462897459511176,"all_negative",FALSE,FALSE
"ss_edit","save",0,0.0380119091932887,-0.0380119091932887,"B_only_edge",FALSE,"cdtally_AT",0.0096939453209581,0.0123821666921806,0.0113121163806838,0.00670374305963453,-0.0060356292516486,-0.00100533068514092,-0.0808278423541841,-0.0781748569700155,0.0401629477767268,0.00670374305963453,0.0123821666921806,"all_positive",FALSE,FALSE
"ss","ss_copy",0,0.00328722402940132,-0.00328722402940132,"B_only_edge",FALSE,"cdtally_AT",0.00193319853646839,-0.000746036297705545,-0.000868991149720423,0.000395695310341876,-0.0060356292516486,-0.00634589156573483,0.00200426992447068,-0.00844405235644436,0.00515682832704304,-0.000868991149720423,0.00193319853646839,"mixed_or_zero",FALSE,FALSE
"ss_so","ss_copy",0,0.0226458098473482,-0.0226458098473482,"B_only_edge",FALSE,"cdtally_AT",-0.00329495150157896,-0.00534391473594461,-0.00872179440308068,-0.00822103008970409,-0.0060356292516486,-0.0116679202950874,0.00200426992447068,-0.0189942311238443,-0.00365157872350391,-0.00872179440308068,-0.00329495150157896,"all_negative",TRUE,FALSE
"combobox","wb_book",0.0022252912733598,0,0.0022252912733598,"A_only_edge",FALSE,"cdtally_AT",0.00994266829427531,0.00959239686005759,0.0172720580745391,0.0142050906826893,-0.0060356292516486,0.0186049574668024,-0.0161069953276613,0.00640500118176789,-0.00417970990840809,0.00959239686005759,0.0172720580745391,"all_positive",FALSE,FALSE
"wb_t_f","wb_book",0.0117938488106103,0,0.0117938488106103,"A_only_edge",FALSE,"cdtally_AT",-0.00854606133298088,-0.0104893703053787,-0.00662665472980065,-0.00765638653113596,-0.0060356292516486,0.0272375022964158,-0.0161069953276613,-0.00345118361587492,0.0152450324264852,-0.0104893703053787,-0.00662665472980065,"all_negative",FALSE,FALSE
"wb_t_b","wb_book",0,0.0167674811555839,-0.0167674811555839,"B_only_edge",FALSE,"cdtally_AT",-0.00573307121141228,-0.00752500677082292,-0.00373878884522611,-0.00451011735755278,-0.0060356292516486,0.0250985520528986,-0.0161069953276613,-0.00277714373782358,-0.0139903374177603,-0.00752500677082292,-0.00373878884522611,"all_negative",FALSE,FALSE
"wb_t_ho","wb_book",0,0.0290715440923348,-0.0290715440923348,"B_only_edge",FALSE,"cdtally_AT",-0.00994534328809077,-0.0118170232629751,-0.00973785355051983,-0.0090192401204985,-0.0060356292516486,0.0248081302364554,-0.0161069953276613,-0.00727983763094524,-0.0217917064613896,-0.0118170232629751,-0.0090192401204985,"all_negative",FALSE,FALSE
"keypress","wb_book",0.00427414423795066,0,0.00427414423795066,"A_only_edge",FALSE,"cdtally_AT",-0.000990055888816355,-0.005126121970709,0.000159828582171311,-0.00126061760897655,-0.0060356292516486,0.00785531873934244,-0.0161069953276613,-0.0152773617287838,0.0195515059667344,-0.005126121970709,0.000159828582171311,"mixed_or_zero",FALSE,FALSE
"wb_t_h","wb_book",0.0136453741404282,0.013409533404962,0.000235840735466201,"both_observed",FALSE,"cdtally_AT",0.00401404118137238,0.00249130057827378,0.00744480692471791,0.00732295454220718,-0.0060356292516486,0.0256441418178028,-0.0161069953276613,0.00751555841986531,-0.00727971768439911,0.00249130057827378,0.00744480692471791,"all_positive",FALSE,FALSE
"wb_h","wb_book",0.0416361349173002,0.0433041024148379,-0.0016679674975377,"both_observed",FALSE,"cdtally_AT",0.0303004416927134,0.0265018014929102,0.0329850212604485,0.0334598802047063,-0.0060356292516486,0.0212918825860098,-0.0161069953276613,0.0294496996994133,-0.031117667196951,0.0265018014929102,0.0334598802047063,"all_positive",FALSE,FALSE
"wb_e","wb_book",0.127874252070283,0.143637254725153,-0.01576300265487,"both_observed",FALSE,"cdtally_AT",0.00149863949498562,-0.00114734404407087,0.00262622693892161,0.00261063718161937,-0.0060356292516486,0.022545122006679,-0.0161069953276613,0.00190113692235474,-0.0176641395772248,-0.00114734404407087,0.00262622693892161,"mixed_or_zero",FALSE,FALSE
"split_h","wb_book",0.00535617161362729,0,0.00535617161362729,"A_only_edge",FALSE,"cdtally_AT",-0.00747162218312344,-0.00931060520305518,-0.00772600958603812,-0.00647503229896408,-0.0060356292516486,0.0130595220113932,-0.0161069953276613,-0.0165547247510401,0.0219108963646674,-0.00931060520305518,-0.00647503229896408,"all_negative",FALSE,FALSE
"book_a_ok","wb_book",0.197277274904712,0,0.197277274904712,"A_only_edge",FALSE,"cdtally_AT",0.290839039323949,0.282409567948837,0.287591912391076,0.292206191071919,-0.0060356292516486,-0.107683428752003,-0.0161069953276613,0.161012985992636,0.0362642889120761,0.282409567948837,0.292206191071919,"all_positive",FALSE,FALSE
"wb_h","book_a",0.0112083873934454,0,0.0112083873934454,"A_only_edge",FALSE,"cdtally_AT",-0.000971280718101881,-0.000785941342251825,-0.00821984899488644,-0.00806479847426303,-0.0060356292516486,0.0212918825860098,-0.0335957329930807,-0.0193107603768214,0.0305191477702668,-0.00821984899488644,-0.000785941342251825,"all_negative",FALSE,FALSE
"wb_book","book_a",0.0615153472707019,0.137050118038244,-0.0755347707675421,"both_observed",FALSE,"cdtally_AT",-0.0420002030401717,-0.0434553249607512,-0.0485366688742878,-0.0528264329839016,-0.0060356292516486,0.0361252126826314,-0.0335957329930807,-0.0455063526022695,-0.0300284181652726,-0.0528264329839016,-0.0420002030401717,"all_negative",FALSE,FALSE
"ss","ss_pst",0.00130681361377371,0,0.00130681361377371,"A_only_edge",FALSE,"cdtally_AT",0.00595683722710185,0.00172414858095081,0.00284429959556512,0.00271839961018214,-0.0060356292516486,-0.00634589156573483,0.00666641341586112,0.000241729825579548,0.00106508378819416,0.00172414858095081,0.00595683722710185,"all_positive",FALSE,FALSE
"ss_so","ss_pst",0,0.0227460606552516,-0.0227460606552516,"B_only_edge",FALSE,"cdtally_AT",-0.00799193681540768,-0.00640266063006708,-0.0091390793624516,-0.00816168898709589,-0.0060356292516486,-0.0116679202950874,0.00666641341586112,-0.0190290729462826,-0.00371698770896903,-0.0091390793624516,-0.00640266063006708,"all_negative",TRUE,FALSE
"ss_edit","ss_pst",0.00743915209622457,0,0.00743915209622457,"A_only_edge",FALSE,"cdtally_AT",0.00526937811991789,0.00131381278493054,0.00311310072912392,0.00157530601239926,-0.0060356292516486,-0.00100533068514092,0.00666641341586112,0.00489483159898949,0.00254432049723508,0.00131381278493054,0.00526937811991789,"all_positive",FALSE,FALSE
"wb_t_book","book_a_ok",0.158857132127406,0.15333440495954,0.00552272716786598,"both_observed",FALSE,"cdtally_AT",-0.00171068550105589,-0.00629131765048543,-0.000613928993673495,-0.0030060083624718,-0.0060356292516486,0.0206422671240849,-0.00289879754285518,0.00999715482852527,-0.00447442766065929,-0.00629131765048543,-0.000613928993673495,"all_negative",FALSE,FALSE
"keypress","book_a_ok",0.00429656005166083,0,0.00429656005166083,"A_only_edge",FALSE,"cdtally_AT",0.00189901717607585,-0.00295391530210056,0.00373349909024008,0.00283574627977691,-0.0060356292516486,0.00785531873934244,-0.00289879754285518,0.000819909120914511,0.00347665093074632,-0.00295391530210056,0.00373349909024008,"mixed_or_zero",FALSE,FALSE
"wb_h","book_m",0,0.0129777485288054,-0.0129777485288054,"B_only_edge",FALSE,"cdtally_AT",-0.00236450585809258,-3.25566391695166e-05,0.00427815551625352,0.00690539942673633,-0.0060356292516486,0.0212918825860098,0.00864006734488331,0.0215318148211519,-0.0345095633499573,-0.00236450585809258,0.00690539942673633,"mixed_or_zero",FALSE,FALSE
"wb_book","book_m",0.117629287962683,0,0.117629287962683,"A_only_edge",FALSE,"cdtally_AT",0.0436698112755335,0.0456674762696814,0.0523050747242215,0.0565536188351185,-0.0060356292516486,0.0361252126826314,0.00864006734488331,0.0823994620513996,0.0352298259112834,0.0436698112755335,0.0565536188351185,"all_positive",FALSE,FALSE
"keypress","book_m_ok",0.00384863848666163,0,0.00384863848666163,"A_only_edge",FALSE,"cdtally_AT",-0.000880898614316416,0.000220110013522066,-0.00243151073231703,-0.00247542957422754,-0.0060356292516486,0.00785531873934244,0.00278939226037382,0.00372818313375124,0.000120455352910389,-0.00247542957422754,0.000220110013522066,"mixed_or_zero",FALSE,FALSE
"ss","ss_cut",0,0.00235151847826101,-0.00235151847826101,"B_only_edge",FALSE,"cdtally_AT",-0.001035021459088,0.000964075717672991,-0.00313399461336472,0.00085676502238433,-0.0060356292516486,-0.00634589156573483,0.00618747258650183,-0.0072290696899696,0.00487755121170859,-0.00313399461336472,0.000964075717672991,"mixed_or_zero",FALSE,FALSE
"keypress","ss_cut",0,0.00414896190087848,-0.00414896190087848,"B_only_edge",FALSE,"cdtally_AT",-0.0031727699411124,-0.00124392288953169,-0.00423394549153162,-0.000969824742547628,-0.0060356292516486,0.00785531873934244,0.00618747258650183,0.00483439213308326,-0.00898335403396174,-0.00423394549153162,-0.000969824742547628,"all_negative",FALSE,FALSE
"ss_file","ss_cut",0.00562985107747404,0,0.00562985107747404,"A_only_edge",FALSE,"cdtally_AT",-0.00253619727507115,0.00185036743139826,-0.0036843703815025,0.00109507230810624,-0.0060356292516486,-0.00364736048941308,0.00618747258650183,-0.006031714429631,0.011661565507105,-0.0036843703815025,0.00185036743139826,"mixed_or_zero",FALSE,FALSE
"ss_save","ss_cut",0,0.0413261968215759,-0.0413261968215759,"B_only_edge",FALSE,"cdtally_AT",-0.0257362790197709,-0.0210447643791155,-0.0297557395448563,-0.0218935714851301,-0.0060356292516486,-0.00640422653461853,0.00618747258650183,-0.0319886622195362,-0.00933753460203973,-0.0297557395448563,-0.0210447643791155,"all_negative",FALSE,FALSE
"wb","wb_t_book",0.00823950567658127,0.00804752974649125,0.000191975930090019,"both_observed",FALSE,"cdtally_SK_GB",-0.00258728213553924,-7.00091292845377e-05,0.00106267220874205,-9.79843777879588e-05,-0.00832408223894084,0.00351007239146144,0.00847620795765094,0.00107491597463229,-0.000882940044542268,-0.00258728213553924,0.00106267220874205,"mixed_or_zero",FALSE,FALSE
"combobox","wb_t_book",0,0.0311840504038871,-0.0311840504038871,"B_only_edge",FALSE,"cdtally_SK_GB",0.00421207524432499,0.00454707629140883,0.00820244239364721,0.00914634616860492,-0.00832408223894084,0.00154708144565383,0.00847620795765094,0.00591128240868891,-0.037095332812576,0.00421207524432499,0.00914634616860492,"all_positive",FALSE,FALSE
"wb_t_f","wb_t_book",0.0649841523862004,0.038752699484311,0.0262314529018894,"both_observed",FALSE,"cdtally_SK_GB",0.0105632000442959,0.0111989741429808,0.0105311581542408,0.0112490770597237,-0.00832408223894084,0.00499516173690078,0.00847620795765094,0.0157104874999068,0.0105209654019826,0.0105311581542408,0.0112490770597237,"all_positive",FALSE,FALSE
"wb_t_b","wb_t_book",0,0.0542242529887439,-0.0542242529887439,"B_only_edge",FALSE,"cdtally_SK_GB",-0.00780600155420813,-0.00619900248245547,-0.00459942261405867,-0.004731285599748,-0.00832408223894084,-0.00121387635793067,0.00847620795765094,-0.00886775219342871,-0.0453565007953152,-0.00780600155420813,-0.00459942261405867,"all_negative",FALSE,FALSE
"wb_t_ho","wb_t_book",0.690648053416978,0.266546725831052,0.424101327585926,"both_observed",FALSE,"cdtally_SK_GB",0.115422542919144,0.121818505443917,0.118700145866724,0.119791805139096,-0.00832408223894084,0.00373827938494866,0.00847620795765094,0.119312948022803,0.304788379563123,0.115422542919144,0.121818505443917,"all_positive",FALSE,FALSE
"keypress","wb_t_book",0,0.0233795976201178,-0.0233795976201178,"B_only_edge",FALSE,"cdtally_SK_GB",-0.00356524557954738,-0.00243384135965345,-0.000900757380339313,0.000218268237295712,-0.00832408223894084,0.000275898786372092,0.00847620795765094,-0.00313722107446519,-0.0202423765456526,-0.00356524557954738,0.000218268237295712,"mixed_or_zero",FALSE,FALSE
"wb_f","wb_t_book",0.0834244854553922,0.0673508187821083,0.0160736666732839,"both_observed",FALSE,"cdtally_SK_GB",-0.00112199100591005,0.0004373665497964,0.00248845410348011,0.00269361807917081,-0.00832408223894084,7.93697136942019e-05,0.00847620795765094,-0.000890495573505755,0.0169641622467897,-0.00112199100591005,0.00269361807917081,"mixed_or_zero",FALSE,FALSE
"wb_t_h","wb_t_book",0,0.0664636202841719,-0.0664636202841719,"B_only_edge",FALSE,"cdtally_SK_GB",-0.012411076477264,-0.0120485809916637,-0.0104312218584784,-0.0104458740062883,-0.00832408223894084,0.00594127996756117,0.00847620795765094,-0.00631767079099277,-0.0601459494931791,-0.012411076477264,-0.0104312218584784,"all_negative",FALSE,FALSE
"wb_h","wb_t_book",0,0.0450553153264147,-0.0450553153264147,"B_only_edge",FALSE,"cdtally_SK_GB",-0.0112601496946436,-0.00848626423650106,-0.00568781430826209,-0.00651797951676858,-0.00832408223894084,-0.00296380267997609,0.00847620795765094,-0.0140718266559096,-0.0309834886705051,-0.0112601496946436,-0.00568781430826209,"all_negative",FALSE,FALSE
"wb_t_sch","wb_t_book",0,0.124067848505244,-0.124067848505244,"B_only_edge",FALSE,"cdtally_SK_GB",-0.0118779149603099,-0.00467107706945795,-0.00136915666694429,0.000778253231640295,-0.00832408223894084,-0.0178940021912057,0.00847620795765094,-0.0296197914328055,-0.0944480570724384,-0.0118779149603099,0.000778253231640295,"mixed_or_zero",FALSE,FALSE
"split_h","wb_t_book",0,0.0148609858136943,-0.0148609858136943,"B_only_edge",FALSE,"cdtally_SK_GB",-0.023346673421256,-0.0220457527343219,-0.021941893974347,-0.0190423103291338,-0.00832408223894084,0.00263643310311579,0.00847620795765094,-0.0205581145994301,0.00569712878573583,-0.023346673421256,-0.0190423103291338,"all_negative",FALSE,FALSE
"help_a","wb_t_book",0,0.0300769476799944,-0.0300769476799944,"B_only_edge",FALSE,"cdtally_SK_GB",0.00424334172331102,0.00569714810352349,0.00758759009695261,0.00625375696252631,-0.00832408223894084,0.00467242587114303,0.00847620795765094,0.00906789331316414,-0.0391448409931585,0.00424334172331102,0.00758759009695261,"all_positive",FALSE,FALSE
"book_a_ok","wb_t_book",0,0.217110043992869,-0.217110043992869,"B_only_edge",FALSE,"cdtally_SK_GB",-0.195811143799739,-0.216136815792798,-0.190642727237899,-0.201328892819291,-0.00832408223894084,-0.00974971061173492,0.00847620795765094,-0.205408728692764,-0.0117013153001051,-0.216136815792798,-0.190642727237899,"all_negative",FALSE,FALSE
"wb_t_book","book_a_c",0.610628259590695,0.411474809088955,0.19915345050174,"both_observed",FALSE,"cdtally_SK_GB",0.0426153147303789,0.0374091564633163,0.039226697159643,0.0411435306893644,-0.00832408223894084,-0.0121301234442625,0.106518113595722,0.128679222642897,0.0704742278588427,0.0374091564633163,0.0426153147303789,"all_positive",FALSE,FALSE
"wb_t_ho","book_a_c",0,0.0233973013723735,-0.0233973013723735,"B_only_edge",FALSE,"cdtally_SK_GB",-0.0771588389773147,-0.0772082901794852,-0.0821264441159197,-0.0746650497510793,-0.00832408223894084,0.00373827938494866,0.106518113595722,0.0247734717644148,-0.0481707731367883,-0.0821264441159197,-0.0746650497510793,"all_negative",FALSE,FALSE
"wb_t_sch","book_a_c",0,0.0228258084396427,-0.0228258084396427,"B_only_edge",FALSE,"cdtally_SK_GB",-0.0969439402991877,-0.0960405790257899,-0.099061345772757,-0.0934476930143019,-0.00832408223894084,-0.0178940021912057,0.106518113595722,-0.0166439111336126,-0.00618189730603012,-0.099061345772757,-0.0934476930143019,"all_negative",FALSE,FALSE
"wb_t_book","ss",0.0530033970513562,0,0.0530033970513562,"A_only_edge",FALSE,"cdtally_SK_GB",0.0127336710151713,0.0139185881863287,0.00873591580131419,0.0109077563368821,-0.00832408223894084,-0.0121301234442625,0.0357302112661945,0.0280096765981624,0.0249937204531938,0.00873591580131419,0.0139185881863287,"all_positive",FALSE,FALSE
"wb","ss",0.523513589240289,0.511315686827891,0.012197902412398,"both_observed",FALSE,"cdtally_SK_GB",-0.00608948544057739,-0.00229365114656644,-0.00743471417227082,-0.00486758306749657,-0.00832408223894084,0.00351007239146144,0.0357302112661945,0.0248267159781377,-0.0126288135657396,-0.00743471417227082,-0.00229365114656644,"all_negative",FALSE,FALSE
"combobox","ss",0.516415415840805,0.396330403674158,0.120085012166647,"both_observed",FALSE,"cdtally_SK_GB",0.0315848516702072,0.0356138651134593,0.0301352989806838,0.036005695894942,-0.00832408223894084,0.00154708144565383,0.0357302112661945,0.0605380621431146,0.0595469500235324,0.0301352989806838,0.036005695894942,"all_positive",FALSE,FALSE
"wb_t_f","ss",0,0.0819762194225172,-0.0819762194225172,"B_only_edge",FALSE,"cdtally_SK_GB",-0.0155235503326201,-0.0106415284268738,-0.0186546893558142,-0.0165483769499588,-0.00832408223894084,0.00499516173690078,0.0357302112661945,0.0168777404315343,-0.0988539598540515,-0.0186546893558142,-0.0106415284268738,"all_negative",FALSE,FALSE
"wb_t_b","ss",0.185346870271447,0.133664499597171,0.051682370674276,"both_observed",FALSE,"cdtally_SK_GB",0.0215794283427474,0.0232213623344982,0.0192141625582105,0.0223083857986323,-0.00832408223894084,-0.00121387635793067,0.0357302112661945,0.0477716810120703,0.00391068966220568,0.0192141625582105,0.0232213623344982,"all_positive",FALSE,FALSE
"wb_t_ho","ss",0.175575138247729,0.0677587570373743,0.107816381210355,"both_observed",FALSE,"cdtally_SK_GB",0.0517131086001208,0.0619088054659823,0.0563610567019961,0.0546868977377635,-0.00832408223894084,0.00373827938494866,0.0357302112661945,0.0828575170123231,0.0249588641980316,0.0517131086001208,0.0619088054659823,"all_positive",FALSE,FALSE
"keypress","ss",0.123466902632298,0.101191126887185,0.022275775745113,"both_observed",FALSE,"cdtally_SK_GB",0.000959215728603651,0.00218419272750601,-0.000515275318413353,0.00286417812809661,-0.00832408223894084,0.000275898786372092,0.0357302112661945,0.0286412435422294,-0.00636546779711638,-0.000515275318413353,0.00286417812809661,"mixed_or_zero",FALSE,FALSE
"wb_f","ss",0.196910093066189,0.15898123312142,0.037928859944769,"both_observed",FALSE,"cdtally_SK_GB",0.0119016687452189,0.0149953962973334,0.00982538675309814,0.0141931501982239,-0.00832408223894084,7.93697136942019e-05,0.0357302112661945,0.0393871674861667,-0.0014583075413977,0.00982538675309814,0.0149953962973334,"all_positive",FALSE,FALSE
"wb_t_h","ss",0.154468454872064,0.095239429637054,0.05922902523501,"both_observed",FALSE,"cdtally_SK_GB",0.0271703358723641,0.0293127152445536,0.0235813700291164,0.0280787348065387,-0.00832408223894084,0.00594127996756117,0.0357302112661945,0.0605177448671789,-0.0012887196321689,0.0235813700291164,0.0293127152445536,"all_positive",FALSE,FALSE
"ss_data","ss",0,0.0291647686987386,-0.0291647686987386,"B_only_edge",FALSE,"cdtally_SK_GB",0.00504224672483556,0.00767639469967293,0.00804082045996007,0.0111376928793157,-0.00832408223894084,-0.04633087351377,0.0357302112661945,-0.0138824977616808,-0.0152822709370578,0.00504224672483556,0.0111376928793157,"all_positive",TRUE,FALSE
"ss_file","ss",0.144135054495738,0.0794412826610057,0.0646937718347323,"both_observed",FALSE,"cdtally_SK_GB",-0.0190857351040559,-0.0211234565523442,-0.0242117755007263,-0.0239141510851769,-0.00832408223894084,0.039593166545244,0.0357302112661945,0.0479135604684417,0.0167802113662906,-0.0242117755007263,-0.0190857351040559,"all_negative",FALSE,FALSE
"split_v","ss",0.200352147047877,0.173047899711551,0.027304247336326,"both_observed",FALSE,"cdtally_SK_GB",-0.00791727136291207,-0.00523688524578653,-0.00849975404722795,-0.00510973007698806,-0.00832408223894084,0.00665636044792567,0.0357302112661945,0.0261452181122672,0.00115902922405875,-0.00849975404722795,-0.00510973007698806,"all_negative",FALSE,FALSE
"wb_h","ss",0.12826603225512,0.126168588859533,0.00209744339558701,"both_observed",FALSE,"cdtally_SK_GB",-0.0203621982967188,-0.0189017333380342,-0.0207270399545369,-0.0186818075706993,-0.00832408223894084,-0.00296380267997609,0.0357302112661945,0.00408012805055869,-0.00198268465497168,-0.0207270399545369,-0.0186818075706993,"all_negative",FALSE,FALSE
"wb_t_sch","ss",0,0.0771527234305469,-0.0771527234305469,"B_only_edge",FALSE,"cdtally_SK_GB",-0.0647361424359016,-0.0647990160934633,-0.0599564932386722,-0.0518703801582946,-0.00832408223894084,-0.0178940021912057,0.0357302112661945,-0.0552240155998536,-0.0219287078306933,-0.0647990160934633,-0.0518703801582946,"all_negative",FALSE,FALSE
"wb_e","ss",0,0.236981138039866,-0.236981138039866,"B_only_edge",FALSE,"cdtally_SK_GB",-0.255723147354284,-0.250244006057652,-0.249571061096941,-0.242928950446022,-0.00832408223894084,0.0430888411810709,0.0357302112661945,-0.185228177145959,-0.0517529608939065,-0.255723147354284,-0.242928950446022,"all_negative",FALSE,FALSE
"ss_sch","ss",0,0.0154557661277368,-0.0154557661277368,"B_only_edge",FALSE,"cdtally_SK_GB",-0.0508068796553108,-0.0518312198016491,-0.0515953595831316,-0.0486900573783871,-0.00832408223894084,0.0225037568924092,0.0357302112661945,-0.000896993735648027,-0.0145587723920888,-0.0518312198016491,-0.0486900573783871,"all_negative",FALSE,FALSE
"sch_ok","ss",0,0.0715146462588263,-0.0715146462588263,"B_only_edge",FALSE,"cdtally_SK_GB",-0.0685005414655745,-0.0616413748316322,-0.0625428898561942,-0.0634367182380073,-0.00832408223894084,0.0130335830038316,0.0357302112661945,-0.0280608294344893,-0.043453816824337,-0.0685005414655745,-0.0616413748316322,"all_negative",FALSE,FALSE
"split_h","ss",0,0.137808698734697,-0.137808698734697,"B_only_edge",FALSE,"cdtally_SK_GB",-0.0654374438854372,-0.0646606006992165,-0.0661250678152304,-0.0644783822560193,-0.00832408223894084,0.00263643310311579,0.0357302112661945,-0.0353948817550678,-0.102413816979629,-0.0661250678152304,-0.0644783822560193,"all_negative",FALSE,FALSE
"ss_help","ss",0.669443446747898,0,0.669443446747898,"A_only_edge",FALSE,"cdtally_SK_GB",0.454342902884593,0.457921403427888,0.443221035959459,0.452005140135172,-0.00832408223894084,0.00603410193071822,0.0357302112661945,0.487783133842565,0.181660312905333,0.443221035959459,0.457921403427888,"all_positive",FALSE,FALSE
"ss_save","ss",0.217671533806733,0,0.217671533806733,"A_only_edge",FALSE,"cdtally_SK_GB",0.0952418706042653,0.0923821731116431,0.0856070921877833,0.0945706312062671,-0.00832408223894084,0.0424679297171073,0.0357302112661945,0.165115929348626,0.0525556044581068,0.0856070921877833,0.0952418706042653,"all_positive",FALSE,FALSE
"help_a","ss",0.293806580268836,0.176090249635038,0.117716330633798,"both_observed",FALSE,"cdtally_SK_GB",0.0401060566633703,0.0440687893781751,0.0375782585226339,0.0425366461304548,-0.00832408223894084,0.00467242587114303,0.0357302112661945,0.072184611561767,0.045531719072031,0.0375782585226339,0.0440687893781751,"all_positive",FALSE,FALSE
"book_a_ok","ss",0,0.14962691951549,-0.14962691951549,"B_only_edge",FALSE,"cdtally_SK_GB",-0.129013044343383,-0.150789554401808,-0.128482654301608,-0.139291337567968,-0.00832408223894084,-0.00974971061173492,0.0357302112661945,-0.111356625927864,-0.0382702935876262,-0.150789554401808,-0.128482654301608,"all_negative",FALSE,FALSE
"ss","ss_so",0.0343362456764843,0.0302786703044043,0.00405757537208,"both_observed",FALSE,"cdtally_SK_GB",0.00905536261341764,0.0112059339364452,0.0109978912200021,0.0074127138807728,-0.00832408223894084,0.0170572585071235,-0.0479623734446181,-0.0301738345630178,0.0342314099350978,0.0074127138807728,0.0112059339364452,"all_positive",FALSE,TRUE
"so_ok","ss_so",0,0.135637820753924,-0.135637820753924,"B_only_edge",TRUE,"cdtally_SK_GB",-0.0669753754590806,-0.0695994881281662,-0.0658027888246364,-0.0709116433108291,-0.00832408223894084,0.0393876385871513,-0.0479623734446181,-0.0838741925554883,-0.0517636281984357,-0.0709116433108291,-0.0658027888246364,"all_negative",TRUE,TRUE
"split_v","ss_so",0,0.028995448503218,-0.028995448503218,"B_only_edge",FALSE,"cdtally_SK_GB",0.00919663836017125,0.00869656546291684,0.0094162970571214,0.00774803948793877,-0.00832408223894084,0.00665636044792567,-0.0479623734446181,-0.040433456875462,0.011438008372244,0.00774803948793877,0.0094162970571214,"all_positive",FALSE,TRUE
"ss_save","ss_so",0,0.135806103486704,-0.135806103486704,"B_only_edge",FALSE,"cdtally_SK_GB",-0.0868453823187115,-0.093796184922834,-0.0932224520133115,-0.0917538236059116,-0.00832408223894084,0.0424679297171073,-0.0479623734446181,-0.100663908285163,-0.0351421952015409,-0.093796184922834,-0.0868453823187115,"all_negative",FALSE,TRUE
"help_a","ss_so",0,0.013546021881393,-0.013546021881393,"B_only_edge",FALSE,"cdtally_SK_GB",0.00225246298927645,0.00490199090094246,0.00439143278903043,0.00111662095378719,-0.00832408223894084,0.00467242587114303,-0.0479623734446181,-0.0493615668231394,0.0358155449417464,0.00111662095378719,0.00490199090094246,"all_positive",FALSE,TRUE
"ss_so","so_1_3",0.641803877371961,0.337956302152587,0.303847575219374,"both_observed",TRUE,"cdtally_SK_GB",0.0436301975106916,0.0427470732669469,0.0386494593308088,0.0435314016764102,-0.00832408223894084,-0.0296757875567375,0.263381906928737,0.26901223464375,0.0348353405756235,0.0386494593308088,0.0436301975106916,"all_positive",TRUE,TRUE
"so_2_asc","so_1_3",0.208651484979112,0,0.208651484979112,"A_only_edge",TRUE,"cdtally_SK_GB",0.011313806126239,0.0131758138813342,0.00535608439932136,0.00936152521344538,-0.00832408223894084,-0.0568210062701598,0.263381906928737,0.209550624545876,-0.000899139566763518,0.00535608439932136,0.0131758138813342,"all_positive",TRUE,TRUE
"so","so_1_3",0.848099723972106,0.686011896244353,0.162087827727753,"both_observed",TRUE,"cdtally_SK_GB",-0.0411464146936161,-0.0363579768435786,-0.0408288791395017,-0.0380633257509204,-0.00832408223894084,-0.048263232490596,0.263381906928737,0.165648177505584,-0.00356034977783129,-0.0411464146936161,-0.0363579768435786,"all_negative",TRUE,TRUE
"ss_so","so_ok",0,0.065982812998448,-0.065982812998448,"B_only_edge",TRUE,"cdtally_SK_GB",-0.00115238840875353,-0.00664922742222923,-0.00963743959437563,-0.0018824777334392,-0.00832408223894084,-0.0296757875567375,-0.0118838331570688,-0.0510360913615007,-0.0149467216369473,-0.00963743959437563,-0.00115238840875353,"all_negative",TRUE,TRUE
"so_1_3","so_ok",0.480563893870346,0.443967742663615,0.036596151206731,"both_observed",TRUE,"cdtally_SK_GB",0.0205375491674105,0.0204193517198073,0.0180298788498352,0.0248048105686669,-0.00832408223894084,0.00878376201702707,-0.0118838331570688,0.00911339578842792,0.0274827554183031,0.0180298788498352,0.0248048105686669,"all_positive",TRUE,TRUE
"so_2_asc","so_ok",0.791348515020889,0.904220770957877,-0.112872255936988,"both_observed",TRUE,"cdtally_SK_GB",-0.021027270404102,-0.0257773531553167,-0.030271447391843,-0.026582649113823,-0.00832408223894084,-0.0568210062701598,-0.0118838331570688,-0.0980561920702715,-0.0148160638667165,-0.030271447391843,-0.021027270404102,"all_negative",TRUE,TRUE
"wb_t_book","wb",0,0.0270772134926425,-0.0270772134926425,"B_only_edge",FALSE,"cdtally_SK_GB",-0.00460375521771498,-0.00637475836318329,-0.00383782521450535,-0.00435356605282235,-0.00832408223894084,-0.0121301234442625,0.0273506728990246,0.00229271199810625,-0.0293699254907488,-0.00637475836318329,-0.00383782521450535,"all_negative",FALSE,FALSE
"ss","wb",0.77107313127304,0.738588515149524,0.0324846161235161,"both_observed",FALSE,"cdtally_SK_GB",-0.00459901848172537,-0.00528432504707532,-0.00657728277560379,-0.00568792632525618,-0.00832408223894084,0.0170572585071235,0.0273506728990246,0.0314848306854819,0.000999785438034174,-0.00657728277560379,-0.00459901848172537,"all_negative",FALSE,FALSE
"ss_so","wb",0,0.0962301499893774,-0.0962301499893774,"B_only_edge",FALSE,"cdtally_SK_GB",-0.0242129769532019,-0.0244024251894515,-0.0284896857745908,-0.0250599252678585,-0.00832408223894084,-0.0296757875567375,0.0273506728990246,-0.0348621738498556,-0.0613679761395218,-0.0284896857745908,-0.0242129769532019,"all_negative",TRUE,FALSE
"so_1_3","wb",0.0304698475598728,0,0.0304698475598728,"A_only_edge",FALSE,"cdtally_SK_GB",-0.00586517044829468,-0.00457470993019794,-0.00604774460772934,-0.00749092138085205,-0.00832408223894084,0.00878376201702707,0.0273506728990246,0.0219451822288161,0.00852466533105668,-0.00749092138085205,-0.00457470993019794,"all_negative",TRUE,FALSE
"so_ok","wb",0.900047875160562,0.71491359068804,0.185134284472522,"both_observed",FALSE,"cdtally_SK_GB",0.0301466868028026,0.0247824646761202,0.0321022723324569,0.0281937336200588,-0.00832408223894084,0.0393876385871513,0.0273506728990246,0.0885609160500376,0.0965733684224844,0.0247824646761202,0.0321022723324569,"all_positive",TRUE,FALSE
"combobox","wb",0.141853011778676,0.108870267062216,0.03298274471646,"both_observed",FALSE,"cdtally_SK_GB",-0.0125384538327481,-0.0136469877436623,-0.0139522628790529,-0.0113573021246842,-0.00832408223894084,0.00154708144565383,0.0273506728990246,0.00803521827298943,0.0249475264434706,-0.0139522628790529,-0.0113573021246842,"all_negative",FALSE,FALSE
"wb_t_f","wb",0.0751735149295003,0,0.0751735149295003,"A_only_edge",FALSE,"cdtally_SK_GB",0.00943505319478201,0.00722401413634373,0.0098292695794429,0.010437882427465,-0.00832408223894084,0.00499516173690078,0.0273506728990246,0.0334568055917665,0.0417167093377338,0.00722401413634373,0.010437882427465,"all_positive",FALSE,FALSE
"wb_t_b","wb",0,0.0541752501950684,-0.0541752501950684,"B_only_edge",FALSE,"cdtally_SK_GB",-0.0117156047340781,-0.0142433344497986,-0.0130162477241097,-0.0125152787912881,-0.00832408223894084,-0.00121387635793067,0.0273506728990246,0.00609710956807493,-0.0602723597631433,-0.0142433344497986,-0.0117156047340781,"all_negative",FALSE,FALSE
"wb_t_ho","wb",0,0.0924284622568499,-0.0924284622568499,"B_only_edge",FALSE,"cdtally_SK_GB",-0.0352972060874344,-0.0333243298233334,-0.0399482797409892,-0.0305240571182157,-0.00832408223894084,0.00373827938494866,0.0273506728990246,-0.012532336042402,-0.0798961262144479,-0.0399482797409892,-0.0305240571182157,"all_negative",FALSE,FALSE
"keypress","wb",0.199521447924258,0.163523404259721,0.035998043664537,"both_observed",FALSE,"cdtally_SK_GB",-0.00292212181236624,-0.00433361557596753,-0.00303990103609625,-0.00250742703049088,-0.00832408223894084,0.000275898786372092,0.0273506728990246,0.0163803676340896,0.0196176760304474,-0.00433361557596753,-0.00250742703049088,"all_negative",FALSE,FALSE
"wb_f","wb",0.0951925295296655,0.0768579074516168,0.0183346220780487,"both_observed",FALSE,"cdtally_SK_GB",-0.00356690800602736,-0.00658783140731201,-0.00479583838489165,-0.0046643811492887,-0.00832408223894084,7.93697136942019e-05,0.0273506728990246,0.0155390523677506,0.00279556971029812,-0.00658783140731201,-0.00356690800602736,"all_negative",FALSE,FALSE
"wb_t_h","wb",0,0.066418160646914,-0.066418160646914,"B_only_edge",FALSE,"cdtally_SK_GB",-0.0104332585551722,-0.0148029787736501,-0.0112323977625546,-0.0122025623435201,-0.00832408223894084,0.00594127996756117,0.0273506728990246,0.0145346120724727,-0.0809527727193867,-0.0148029787736501,-0.0104332585551722,"all_negative",FALSE,FALSE
"ss_data","wb",0,0.0876317663549532,-0.0876317663549532,"B_only_edge",FALSE,"cdtally_SK_GB",-0.0216601862664334,-0.0212066284397755,-0.0158985150708762,-0.0209791988553448,-0.00832408223894084,-0.04633087351377,0.0273506728990246,-0.0489644691201198,-0.0386672972348334,-0.0216601862664334,-0.0158985150708762,"all_negative",TRUE,FALSE
"ss_file","wb",0.488061032253238,0.269049464158238,0.219011568095,"both_observed",FALSE,"cdtally_SK_GB",0.0348176590999735,0.0299533982054234,0.0346435836587434,0.0329827801559334,-0.00832408223894084,0.039593166545244,0.0273506728990246,0.0934374163053012,0.125574151789699,0.0299533982054234,0.0348176590999735,"all_positive",FALSE,FALSE
"split_v","wb",0.229057666160446,0.197841343088308,0.031216323072138,"both_observed",FALSE,"cdtally_SK_GB",0.00024636787299048,-0.00112683516905,0.000254090647521547,-0.000272261302451974,-0.00832408223894084,0.00665636044792567,0.0273506728990246,0.0259293189809999,0.00528700409113812,-0.00112683516905,0.000254090647521547,"mixed_or_zero",FALSE,FALSE
"wb_h","wb",0.064622775179688,0.0635769414185052,0.00104583376118279,"both_observed",FALSE,"cdtally_SK_GB",0.000793020679318722,-0.000671128040454278,-0.000139140450885549,0.00201263689814924,-0.00832408223894084,-0.00296380267997609,0.0273506728990246,0.0168558086594264,-0.0158099748982436,-0.000671128040454278,0.00201263689814924,"mixed_or_zero",FALSE,FALSE
"wb_t_sch","wb",0,0.0749642978885028,-0.0749642978885028,"B_only_edge",FALSE,"cdtally_SK_GB",-0.00718859294150623,-0.00266268109875517,-0.0095821808769906,-0.00403813338083014,-0.00832408223894084,-0.0178940021912057,0.0273506728990246,-0.00605600447262818,-0.0689082934158746,-0.0095821808769906,-0.00266268109875517,"all_negative",FALSE,FALSE
"wb_e","wb",0.192283320061835,0,0.192283320061835,"A_only_edge",FALSE,"cdtally_SK_GB",0.0865917612478897,0.0887007901099996,0.0865451872587072,0.0916670898329553,-0.00832408223894084,0.0430888411810709,0.0273506728990246,0.148707193089044,0.0435761269727907,0.0865451872587072,0.0916670898329553,"all_positive",FALSE,FALSE
"sch_ok","wb",0.397946214049386,0.413574362346769,-0.015628148297383,"both_observed",FALSE,"cdtally_SK_GB",0.0135621214143556,0.0149070566559372,0.0156709292721688,0.0135309117972671,-0.00832408223894084,0.0130335830038316,0.0273506728990246,0.0456222950782709,-0.0612504433756539,0.0135309117972671,0.0156709292721688,"all_positive",FALSE,FALSE
"sch_n","wb",0.571095069394142,0.388292486420003,0.182802582974139,"both_observed",FALSE,"cdtally_SK_GB",0.0327776757470581,0.0317242712757598,0.0354491830642319,0.0347678149624372,-0.00832408223894084,0.0659222461055521,0.0273506728990246,0.117726512512694,0.0650760704614451,0.0317242712757598,0.0354491830642319,"all_positive",FALSE,FALSE
"split_h","wb",0.255317100173175,0.195258297398786,0.060058802774389,"both_observed",FALSE,"cdtally_SK_GB",0.020292606305697,0.0196782404066222,0.0206413339482246,0.0200096035684059,-0.00832408223894084,0.00263643310311579,0.0273506728990246,0.0419556300688965,0.0181031727054925,0.0196782404066222,0.0206413339482246,"all_positive",FALSE,FALSE
"ss_help","wb",0,0.295743476476943,-0.295743476476943,"B_only_edge",FALSE,"cdtally_SK_GB",-0.183768070451436,-0.191201524370544,-0.199948129848996,-0.193824141055938,-0.00832408223894084,0.00603410193071822,0.0273506728990246,-0.158707377860634,-0.137036098616309,-0.199948129848996,-0.183768070451436,"all_negative",FALSE,FALSE
"ss_save","wb",0.659441917402024,0.471827622175252,0.187614295226772,"both_observed",FALSE,"cdtally_SK_GB",0.0177436844718979,0.0135751530230049,0.016060272746123,0.0187517629008255,-0.00832408223894084,0.0424679297171073,0.0273506728990246,0.0792382048490889,0.108376090377683,0.0135751530230049,0.0187517629008255,"all_positive",FALSE,FALSE
"help_a","wb",0.21243087104643,0.127317750841866,0.085113120204564,"both_observed",FALSE,"cdtally_SK_GB",-0.0106856692031023,-0.0134419778272286,-0.0124580379304032,-0.011745425273682,-0.00832408223894084,0.00467242587114303,0.0273506728990246,0.0130133473281244,0.0720997728764396,-0.0134419778272286,-0.0106856692031023,"all_negative",FALSE,FALSE
"wb_t_book","combobox",0,0.0517518714683491,-0.0517518714683491,"B_only_edge",FALSE,"cdtally_SK_GB",0.01623438117777,0.0152549311966211,0.0131846168045176,0.0144252630604068,-0.00832408223894084,-0.0121301234442625,0.0230047367158267,0.0187849122103934,-0.0705367836787425,0.0131846168045176,0.01623438117777,"all_positive",FALSE,FALSE
"wb","combobox",0.377626761240662,0.368827897049189,0.00879886419147302,"both_observed",FALSE,"cdtally_SK_GB",-0.00492477547766072,-0.00363966860003331,-0.00789198272079237,-0.00452081047646293,-0.00832408223894084,0.00351007239146144,0.0230047367158267,0.0132659513906866,-0.00446708719921359,-0.00789198272079237,-0.00363966860003331,"all_negative",FALSE,FALSE
"wb_t_f","combobox",0.192820891018241,0.114982948719744,0.077837942298497,"both_observed",FALSE,"cdtally_SK_GB",-0.00210456226710135,-0.00100749520767265,-0.00339224559826609,-0.00200467576211084,-0.00832408223894084,0.00499516173690078,0.0230047367158267,0.0175712539466853,0.0602666883518117,-0.00339224559826609,-0.00100749520767265,"all_negative",FALSE,FALSE
"wb_t_b","combobox",0.202076131842376,0.145726136369483,0.056349995472893,"both_observed",FALSE,"cdtally_SK_GB",0.0206090930037662,0.0194252733536348,0.0170621773906283,0.0200518854294017,-0.00832408223894084,-0.00121387635793067,0.0230047367158267,0.0340758711227214,0.0222741243501716,0.0170621773906283,0.0206090930037662,"all_positive",FALSE,FALSE
"wb_t_ho","combobox",0,0.0979829368086575,-0.0979829368086575,"B_only_edge",FALSE,"cdtally_SK_GB",-0.0234698539547412,-0.020252406457024,-0.0252462082290098,-0.0234804124893982,-0.00832408223894084,0.00373827938494866,0.0230047367158267,-0.00505092009290668,-0.0929320167157508,-0.0252462082290098,-0.020252406457024,"all_negative",FALSE,FALSE
"keypress","combobox",0.302301234770606,0.247756131971457,0.054545102799149,"both_observed",FALSE,"cdtally_SK_GB",0.000725890105867135,-0.000380585627582827,-0.000824702261351476,0.000901722941631022,-0.00832408223894084,0.000275898786372092,0.0230047367158267,0.0156824433691251,0.0388626594300239,-0.000824702261351476,0.000901722941631022,"mixed_or_zero",FALSE,FALSE
"wb_f","combobox",0.251169222448381,0.202786320000919,0.048382902447462,"both_observed",FALSE,"cdtally_SK_GB",0.016284254921133,0.01570360842369,0.0134032819927728,0.0158826564974116,-0.00832408223894084,7.93697136942019e-05,0.0230047367158267,0.0310442791117131,0.0173386233357489,0.0134032819927728,0.016284254921133,"all_positive",FALSE,FALSE
"wb_t_h","combobox",0.345203225594947,0.212843288918658,0.132359936676289,"both_observed",FALSE,"cdtally_SK_GB",0.0384043668812605,0.0369905261302285,0.0348630878373928,0.0375964351019917,-0.00832408223894084,0.00594127996756117,0.0230047367158267,0.0590263013257076,0.0733336353505814,0.0348630878373928,0.0384043668812605,"all_positive",FALSE,FALSE
"split_v","combobox",0,0.0424110941434228,-0.0424110941434228,"B_only_edge",FALSE,"cdtally_SK_GB",-0.00673542179213688,-0.00519017048280616,-0.00766175354228022,-0.0051630032459746,-0.00832408223894084,0.00665636044792567,0.0230047367158267,0.0146015931326747,-0.0570126872760975,-0.00766175354228022,-0.0051630032459746,"all_negative",FALSE,FALSE
"wb_h","combobox",0.28187510985044,0.277291397931244,0.00458371191919599,"both_observed",FALSE,"cdtally_SK_GB",-0.0177787017936095,-0.0182113568510378,-0.0206830271236576,-0.0165918817338293,-0.00832408223894084,-0.00296380267997609,0.0230047367158267,-0.0060618499966997,0.0106455619158957,-0.0206830271236576,-0.0165918817338293,"all_negative",FALSE,FALSE
"wb_t_sch","combobox",0,0.110717890403954,-0.110717890403954,"B_only_edge",FALSE,"cdtally_SK_GB",-0.101082436981534,-0.099029813531549,-0.103974707857929,-0.0929336322979907,-0.00832408223894084,-0.0178940021912057,0.0230047367158267,-0.104295784695854,-0.00642210570810035,-0.103974707857929,-0.0929336322979907,"all_negative",FALSE,FALSE
"wb_e","combobox",0,0.264490041765414,-0.264490041765414,"B_only_edge",FALSE,"cdtally_SK_GB",-0.208803281584915,-0.203163196074005,-0.20262719083091,-0.196934226006435,-0.00832408223894084,0.0430888411810709,0.0230047367158267,-0.151033785926958,-0.113456255838456,-0.208803281584915,-0.196934226006435,"all_negative",FALSE,FALSE
"split_h","combobox",0,0.038368426790973,-0.038368426790973,"B_only_edge",FALSE,"cdtally_SK_GB",-0.0363191204028885,-0.0347206609770482,-0.0357015688764941,-0.0367502897778117,-0.00832408223894084,0.00263643310311579,0.0230047367158267,-0.0190020328228869,-0.0193663939680861,-0.0367502897778117,-0.0347206609770482,"all_negative",FALSE,FALSE
"help_a","combobox",0.493762548684733,0.295938777339083,0.19782377134565,"both_observed",FALSE,"cdtally_SK_GB",0.0307251090477758,0.0319038787563892,0.0276121270764944,0.0309491316680717,-0.00832408223894084,0.00467242587114303,0.0230047367158267,0.0500781893958048,0.147745581949845,0.0276121270764944,0.0319038787563892,"all_positive",FALSE,FALSE
"book_a_ok","combobox",0.451940370800571,0.366011056483975,0.085929314316596,"both_observed",FALSE,"cdtally_SK_GB",0.0860893354206324,0.0664394785499933,0.0874208389497587,0.0762376301136467,-0.00832408223894084,-0.00974971061173492,0.0230047367158267,0.0910202792857834,-0.00509096496918737,0.0664394785499933,0.0874208389497587,"all_positive",FALSE,FALSE
"wb","wb_t_f",0,0.00773475453254693,-0.00773475453254693,"B_only_edge",FALSE,"cdtally_SK_GB",-0.000305839127577,-0.00228391500180284,-0.00271902016707611,-0.00134843667542148,-0.00832408223894084,0.00351007239146144,-0.00398441117660909,-0.00910426015166549,0.00136950561911856,-0.00271902016707611,-0.000305839127577,"all_negative",FALSE,FALSE
"combobox","wb_t_f",0,0.0685104291910947,-0.0685104291910947,"B_only_edge",FALSE,"cdtally_SK_GB",-0.0081209309637021,-0.0116913373274604,-0.0109935075203994,-0.0100512735446453,-0.00832408223894084,0.00154708144565383,-0.00398441117660909,-0.0188823429335982,-0.0496280862574965,-0.0116913373274604,-0.0081209309637021,"all_negative",FALSE,FALSE
"wb_t_b","wb_t_f",0.612576997886177,0.441752154244156,0.170824843642021,"both_observed",FALSE,"cdtally_SK_GB",0.029608148337452,0.023821981382057,0.0247291280677979,0.0261915513697399,-0.00832408223894084,-0.00121387635793067,-0.00398441117660909,0.0160857785639714,0.15473906507805,0.023821981382057,0.029608148337452,"all_positive",FALSE,FALSE
"wb_t_ho","wb_t_f",0,0.096712897962006,-0.096712897962006,"B_only_edge",FALSE,"cdtally_SK_GB",-0.0291786283200456,-0.0278918264369517,-0.0306635890140446,-0.0288934518741052,-0.00832408223894084,0.00373827938494866,-0.00398441117660909,-0.0377488423506468,-0.0589640556113591,-0.0306635890140446,-0.0278918264369517,"all_negative",FALSE,FALSE
"wb_f","wb_t_f",0,0.0250298847958049,-0.0250298847958049,"B_only_edge",FALSE,"cdtally_SK_GB",0.00209265892717058,-0.00223829659866639,-0.00036921682654077,-0.000714730694146133,-0.00832408223894084,7.93697136942019e-05,-0.00398441117660909,-0.0101364647746851,-0.0148934200211198,-0.00223829659866639,0.00209265892717058,"mixed_or_zero",FALSE,FALSE
"wb_t_h","wb_t_f",0,0.0202066159873146,-0.0202066159873146,"B_only_edge",FALSE,"cdtally_SK_GB",0.00578276857420431,0.000583752789967589,0.00246236986125617,0.00297788302254161,-0.00832408223894084,0.00594127996756117,-0.00398441117660909,-0.000584444873784454,-0.0196221711135301,0.000583752789967589,0.00578276857420431,"all_positive",FALSE,FALSE
"split_v","wb_t_f",0,0.0166345860596735,-0.0166345860596735,"B_only_edge",FALSE,"cdtally_SK_GB",-0.00219777778264687,-0.00495455294897225,-0.00370693276562357,-0.00358996609697965,-0.00832408223894084,0.00665636044792567,-0.00398441117660909,-0.00784991075027112,-0.00878467530940238,-0.00495455294897225,-0.00219777778264687,"all_negative",FALSE,FALSE
"wb_t_sch","wb_t_f",0,0.0270341018818416,-0.0270341018818416,"B_only_edge",FALSE,"cdtally_SK_GB",-0.0143866406983123,-0.0101293569369513,-0.0174539097263156,-0.0121096662041521,-0.00832408223894084,-0.0178940021912057,-0.00398441117660909,-0.0445891363050679,0.0175550344232263,-0.0174539097263156,-0.0101293569369513,"all_negative",FALSE,FALSE
"split_h","wb_t_f",0,0.0128803556490511,-0.0128803556490511,"B_only_edge",FALSE,"cdtally_SK_GB",-0.00162855079007506,-0.00334151036237197,-0.002983232951297,-0.00460647807440613,-0.00832408223894084,0.00263643310311579,-0.00398441117660909,-0.0113006111025092,-0.0015797445465419,-0.00460647807440613,-0.00162855079007506,"all_negative",FALSE,FALSE
"help_a","wb_t_f",0,0.0235031221976222,-0.0235031221976222,"B_only_edge",FALSE,"cdtally_SK_GB",0.00167210782661174,-0.00263238230560112,-0.00153389182759172,-0.0015855872141957,-0.00832408223894084,0.00467242587114303,-0.00398441117660909,-0.00596395971779516,-0.017539162479827,-0.00263238230560112,0.00167210782661174,"mixed_or_zero",FALSE,FALSE
"wb","wb_t_b",0.0158093378359798,0.0154409777129981,0.000368360122981699,"both_observed",FALSE,"cdtally_SK_GB",-0.000620896878569789,0.0012840385650393,0.00187487188185529,0.00185926247252669,-0.00832408223894084,0.00351007239146144,0.023173055177938,0.0177381484518888,-0.0173697883289071,-0.000620896878569789,0.00187487188185529,"mixed_or_zero",FALSE,FALSE
"combobox","wb_t_b",0,0.0293073740757839,-0.0293073740757839,"B_only_edge",FALSE,"cdtally_SK_GB",-0.00793643356602099,-0.00701559142498531,-0.00715005337292039,-0.00565424553144257,-0.00832408223894084,0.00154708144565383,0.023173055177938,0.00845962081862997,-0.0377669948944139,-0.00793643356602099,-0.00565424553144257,"all_negative",FALSE,FALSE
"wb_t_f","wb_t_b",0.667021441666055,0.397764020666693,0.269257420999362,"both_observed",FALSE,"cdtally_SK_GB",0.0238179647438083,0.0241161153138307,0.0244046469286226,0.0264780378504745,-0.00832408223894084,0.00499516173690078,0.023173055177938,0.0436620994197062,0.225595321579656,0.0238179647438083,0.0264780378504745,"all_positive",FALSE,FALSE
"wb_t_ho","wb_t_b",0.133776808335289,0.051624573817407,0.082152234517882,"both_observed",FALSE,"cdtally_SK_GB",0.0371599558504369,0.0425141624603351,0.0357422960323352,0.0411106177116303,-0.00832408223894084,0.00373827938494866,0.023173055177938,0.0557472081743827,0.0264050263434993,0.0357422960323352,0.0425141624603351,"all_positive",FALSE,FALSE
"keypress","wb_t_b",0,0.0208737311354813,-0.0208737311354813,"B_only_edge",FALSE,"cdtally_SK_GB",-0.00415435214389635,-0.00250868530548188,-0.0024916374129773,-0.00187947134340919,-0.00832408223894084,0.000275898786372092,0.023173055177938,0.0109705195814729,-0.0318442507169542,-0.00415435214389635,-0.00187947134340919,"all_negative",FALSE,FALSE
"wb_f","wb_t_b",0,0.0325840985732028,-0.0325840985732028,"B_only_edge",FALSE,"cdtally_SK_GB",-0.00824462424396371,-0.00720341375451473,-0.00685204663265509,-0.00601140893222096,-0.00832408223894084,7.93697136942019e-05,0.023173055177938,0.00668371840872762,-0.0392678169819304,-0.00824462424396371,-0.00601140893222096,"all_negative",FALSE,FALSE
"wb_t_h","wb_t_b",0,0.0295312463250861,-0.0295312463250861,"B_only_edge",FALSE,"cdtally_SK_GB",-0.0167034183923078,-0.016967496171455,-0.0158294286510605,-0.0149130130285867,-0.00832408223894084,0.00594127996756117,0.023173055177938,0.00408683451425053,-0.0336180808393366,-0.016967496171455,-0.0149130130285867,"all_negative",FALSE,FALSE
"split_v","wb_t_b",0,0.0144844444658061,-0.0144844444658061,"B_only_edge",FALSE,"cdtally_SK_GB",-0.00222092682055173,-0.000823682383185157,-0.000144620710017786,-0.0003183017886972,-0.00832408223894084,0.00665636044792567,0.023173055177938,0.0192844065663711,-0.0337688510321772,-0.00222092682055173,-0.000144620710017786,"all_negative",FALSE,FALSE
"wb_h","wb_t_b",0.0495279254112376,0.048723142894436,0.000804782516801598,"both_observed",FALSE,"cdtally_SK_GB",-3.51554391485775e-05,0.00264616803384106,0.00405581610827549,0.00300489007051473,-0.00832408223894084,-0.00296380267997609,0.023173055177938,0.0118500148198725,-0.0110452323030709,-3.51554391485775e-05,0.00405581610827549,"mixed_or_zero",FALSE,FALSE
"wb_t_sch","wb_t_b",0,0.0229455287825347,-0.0229455287825347,"B_only_edge",FALSE,"cdtally_SK_GB",0.0184429825748986,0.0275247680928845,0.0256424466059811,0.0227131590130154,-0.00832408223894084,-0.0178940021912057,0.023173055177938,0.01539795332269,-0.0383434821052247,0.0184429825748986,0.0275247680928845,"all_positive",FALSE,FALSE
"wb_e","wb_t_b",0.207094880206634,0,0.207094880206634,"A_only_edge",FALSE,"cdtally_SK_GB",0.0791790874314567,0.0876618171787643,0.0817371480154876,0.0861654151010345,-0.00832408223894084,0.0430888411810709,0.023173055177938,0.137116901551525,0.0699779786551093,0.0791790874314567,0.0876618171787643,"all_positive",FALSE,FALSE
"split_h","wb_t_b",0.0194954113783496,0,0.0194954113783496,"A_only_edge",FALSE,"cdtally_SK_GB",0.00282187777707733,0.00507429773404769,0.00450192438577269,0.00605211728781231,-0.00832408223894084,0.00263643310311579,0.023173055177938,0.0203072838191903,-0.000811872440840654,0.00282187777707733,0.00605211728781231,"all_positive",FALSE,FALSE
"help_a","wb_t_b",0,0.0217884831432425,-0.0217884831432425,"B_only_edge",FALSE,"cdtally_SK_GB",-0.00914226277433848,-0.00919404746083418,-0.00861185914841826,-0.00834738614128372,-0.00832408223894084,0.00467242587114303,0.023173055177938,0.0103791360358017,-0.0321676191790442,-0.00919404746083418,-0.00834738614128372,"all_negative",FALSE,FALSE
"book_a_ok","wb_t_b",0,0.149423256532643,-0.149423256532643,"B_only_edge",FALSE,"cdtally_SK_GB",-0.109646780925419,-0.12729936137669,-0.104326357866877,-0.115496372362299,-0.00832408223894084,-0.00974971061173492,0.023173055177938,-0.104547518598157,-0.0448757379344865,-0.12729936137669,-0.104326357866877,"all_negative",FALSE,FALSE
"wb_t_book","wb_t_ho",0,0.164115766743638,-0.164115766743638,"B_only_edge",FALSE,"cdtally_SK_GB",-0.0848252688729803,-0.0798658674691242,-0.07792177661903,-0.0888508891114694,-0.00832408223894084,-0.0121301234442625,-0.0011201619288302,-0.106399636485014,-0.0577161302586242,-0.0888508891114694,-0.07792177661903,"all_negative",FALSE,FALSE
"wb_t_f","wb_t_ho",0,0.165585359418032,-0.165585359418032,"B_only_edge",FALSE,"cdtally_SK_GB",-0.0767451707467453,-0.0695854549602921,-0.0718180111711107,-0.0833236901080945,-0.00832408223894084,0.00499516173690078,-0.0011201619288302,-0.0811942531776155,-0.0843911062404165,-0.0833236901080945,-0.0695854549602921,"all_negative",FALSE,FALSE
"wb_t_b","wb_t_ho",0,0.0866477850877981,-0.0866477850877981,"B_only_edge",FALSE,"cdtally_SK_GB",-0.0452056202614887,-0.0400749507812069,-0.0428201511650829,-0.0499016249746038,-0.00832408223894084,-0.00121387635793067,-0.0011201619288302,-0.0558637407871904,-0.0307840443006077,-0.0499016249746038,-0.0400749507812069,"all_negative",FALSE,FALSE
"keypress","wb_t_ho",0.0425841874609482,0,0.0425841874609482,"A_only_edge",FALSE,"cdtally_SK_GB",0.0148051198375848,0.0200320489944371,0.0153266434791245,0.0127790567349766,-0.00832408223894084,0.000275898786372092,-0.0011201619288302,0.00563677445618585,0.0369474130047623,0.0127790567349766,0.0200320489944371,"all_positive",FALSE,FALSE
"wb_f","wb_t_ho",0,0.083463178469118,-0.083463178469118,"B_only_edge",FALSE,"cdtally_SK_GB",-0.045835396120496,-0.0424518227754579,-0.0423286653045026,-0.0466359408796992,-0.00832408223894084,7.93697136942019e-05,-0.0011201619288302,-0.0552002705745728,-0.0282629078945452,-0.0466359408796992,-0.0423286653045026,"all_negative",FALSE,FALSE
"wb_t_h","wb_t_ho",0,0.114236503770416,-0.114236503770416,"B_only_edge",FALSE,"cdtally_SK_GB",-0.0883526288367209,-0.0837335723266012,-0.084012050225921,-0.0911252078449628,-0.00832408223894084,0.00594127996756117,-0.0011201619288302,-0.0918555930369308,-0.0223809107334852,-0.0911252078449628,-0.0837335723266012,"all_negative",FALSE,FALSE
"split_v","wb_t_ho",0,0.0211968014573271,-0.0211968014573271,"B_only_edge",FALSE,"cdtally_SK_GB",-0.0119018443450999,-0.00689050373228817,-0.00859287618200957,-0.0151916591652044,-0.00832408223894084,0.00665636044792567,-0.0011201619288302,-0.0146897280649452,-0.00650707339238188,-0.0151916591652044,-0.00689050373228817,"all_negative",FALSE,FALSE
"wb_h","wb_t_ho",0.0684907461901177,0,0.0684907461901177,"A_only_edge",FALSE,"cdtally_SK_GB",0.0539449486937894,0.0596907715418911,0.0552689734504282,0.0506156197375167,-0.00832408223894084,-0.00296380267997609,-0.0011201619288302,0.0415369018460422,0.0269538443440755,0.0506156197375167,0.0596907715418911,"all_positive",FALSE,FALSE
"wb_t_sch","wb_t_ho",0.588340779630171,0.0775576272588772,0.510783152371294,"both_observed",FALSE,"cdtally_SK_GB",0.371264066079375,0.380780897430721,0.373541549186898,0.373823362341952,-0.00832408223894084,-0.0178940021912057,-0.0011201619288302,0.343925819720398,0.166857332650896,0.371264066079375,0.380780897430721,"all_positive",FALSE,FALSE
"ss","keypress",0.0277532809376905,0.0265841223347711,0.0011691586029194,"both_observed",FALSE,"cdtally_SK_GB",-0.00122661299570287,-0.00192212503171484,-0.00327316142026394,-0.00237783979846477,-0.00832408223894084,0.0170572585071235,-0.00182212918326415,0.00568443408921565,-0.00451527548629625,-0.00327316142026394,-0.00122661299570287,"all_negative",FALSE,FALSE
"wb","keypress",0.027588991268355,0.0269460536735761,0.000642937594778903,"both_observed",FALSE,"cdtally_SK_GB",0.000191714510026477,-0.000306564363749095,-0.0017328991593227,5.90954498911401e-05,-0.00832408223894084,0.00351007239146144,-0.00182212918326415,-0.00644442452071708,0.00708736211549598,-0.0017328991593227,0.000191714510026477,"mixed_or_zero",FALSE,FALSE
"combobox","keypress",0.234115508514209,0.179687376682378,0.054428131831831,"both_observed",FALSE,"cdtally_SK_GB",-0.00159700336537572,-0.0019029987136268,-0.00309829713455598,-0.00123289533087496,-0.00832408223894084,0.00154708144565383,-0.00182212918326415,-0.0101961333419269,0.0646242651737579,-0.00309829713455598,-0.00123289533087496,"all_negative",FALSE,FALSE
"wb_t_ho","keypress",0,0.0347155295226903,-0.0347155295226903,"B_only_edge",FALSE,"cdtally_SK_GB",-0.0238412920764455,-0.0214346759077478,-0.0258184752845005,-0.0201889694483017,-0.00832408223894084,0.00373827938494866,-0.00182212918326415,-0.0302492241137019,-0.00446630540898842,-0.0258184752845005,-0.0201889694483017,"all_negative",FALSE,FALSE
"wb_f","keypress",0.0520523886230806,0.042028531188921,0.0100238574341596,"both_observed",FALSE,"cdtally_SK_GB",0.00383392375447891,0.00220672690566083,0.00184990484566814,0.00239228197952999,-0.00832408223894084,7.93697136942019e-05,-0.00182212918326415,-0.00623291795403189,0.0162567753881915,0.00184990484566814,0.00383392375447891,"all_positive",FALSE,FALSE
"wb_t_h","keypress",0.0955083235972195,0.0588857714840903,0.0366225521131292,"both_observed",FALSE,"cdtally_SK_GB",0.00720696637919652,0.00402629534471507,0.00500781169766635,0.00514890399975532,-0.00832408223894084,0.00594127996756117,-0.00182212918326415,0.00300203492455269,0.0336205171885765,0.00402629534471507,0.00720696637919652,"all_positive",FALSE,FALSE
"ss_file","keypress",0,0.0330523066213395,-0.0330523066213395,"B_only_edge",FALSE,"cdtally_SK_GB",-0.00159180209523204,-0.00492317969277183,-0.000917772876969804,-0.00455923310282727,-0.00832408223894084,0.039593166545244,-0.00182212918326415,0.027855153027807,-0.0609074596491464,-0.00492317969277183,-0.000917772876969804,"all_negative",FALSE,FALSE
"wb_h","keypress",0,0.0522735704924911,-0.0522735704924911,"B_only_edge",FALSE,"cdtally_SK_GB",-0.00504764243084748,-0.00592415970480961,-0.00619680187437967,-0.00457045171118863,-0.00832408223894084,-0.00296380267997609,-0.00182212918326415,-0.0181576565330286,-0.0341159139594625,-0.00619680187437967,-0.00457045171118863,"all_negative",FALSE,FALSE
"wb_t_sch","keypress",0,0.146388271519265,-0.146388271519265,"B_only_edge",FALSE,"cdtally_SK_GB",-0.0406825621292897,-0.0358438081935728,-0.0400073984007284,-0.0373728587604979,-0.00832408223894084,-0.0178940021912057,-0.00182212918326415,-0.0687227757427004,-0.0776654957765646,-0.0406825621292897,-0.0358438081935728,"all_negative",FALSE,FALSE
"ss_sch","keypress",0.976968229639272,0.878347260521024,0.098620969118248,"both_observed",FALSE,"cdtally_SK_GB",0.0256192654796885,0.0247201763948406,0.0263448562278629,0.0229191725181482,-0.00832408223894084,0.0225037568924092,-0.00182212918326415,0.0379768109498927,0.0606441581683553,0.0229191725181482,0.0263448562278629,"all_positive",FALSE,FALSE
"sch_ok","keypress",0.0967038211715382,0,0.0967038211715382,"A_only_edge",FALSE,"cdtally_SK_GB",0.023247930106956,0.0272279406459642,0.0241981353923333,0.023943571748688,-0.00832408223894084,0.0130335830038316,-0.00182212918326415,0.0261353016885825,0.0705685194829557,0.023247930106956,0.0272279406459642,"all_positive",FALSE,FALSE
"ss_help","keypress",0,0.124922203037147,-0.124922203037147,"B_only_edge",FALSE,"cdtally_SK_GB",-0.0770693725977283,-0.0770988856901418,-0.0846872254222197,-0.0794597265537033,-0.00832408223894084,0.00603410193071822,-0.00182212918326415,-0.0811814820892151,-0.0437407209479319,-0.0846872254222197,-0.0770693725977283,"all_negative",FALSE,FALSE
"ss_save","keypress",0.12288654879124,0.0878025128755701,0.0350840359156699,"both_observed",FALSE,"cdtally_SK_GB",0.000171221618843486,-0.00293323156640639,-0.00169320021860558,0.00371641535869901,-0.00832408223894084,0.0424679297171073,-0.00182212918326415,0.0324929399137458,0.00259109600192414,-0.00293323156640639,0.00371641535869901,"mixed_or_zero",FALSE,FALSE
"help_a","keypress",0,0.0402455486654859,-0.0402455486654859,"B_only_edge",FALSE,"cdtally_SK_GB",-0.00534024694750115,-0.00601642641875022,-0.00732723328834218,-0.00593686132824953,-0.00832408223894084,0.00467242587114303,-0.00182212918326415,-0.0108140324985631,-0.0294315161669228,-0.00732723328834218,-0.00534024694750115,"all_negative",FALSE,FALSE
"wb_t_book","wb_f",0,0.0287330408926108,-0.0287330408926108,"B_only_edge",FALSE,"cdtally_SK_GB",-0.0041239956656094,-0.00756800613569457,-0.00309760049249782,-0.00578341598477236,-0.00832408223894084,-0.0121301234442625,0.000357834703529784,-0.024220366645283,-0.00451267424732783,-0.00756800613569457,-0.00309760049249782,"all_negative",FALSE,FALSE
"wb","wb_f",0.0136598759186097,0.013341557325949,0.0003183185926607,"both_observed",FALSE,"cdtally_SK_GB",0.00262710209794393,0.0008120179818181,0.00261768869934931,0.00187146644168847,-0.00832408223894084,0.00351007239146144,0.000357834703529784,-0.00182907304600569,0.00214739163866639,0.0008120179818181,0.00262710209794393,"all_positive",FALSE,FALSE
"combobox","wb_f",0,0.0547216610252263,-0.0547216610252263,"B_only_edge",FALSE,"cdtally_SK_GB",-0.0193695762802145,-0.021173798251365,-0.0190048154978066,-0.0210394800748933,-0.00832408223894084,0.00154708144565383,0.000357834703529784,-0.0257887423699717,-0.0289329186552546,-0.021173798251365,-0.0190048154978066,"all_negative",FALSE,FALSE
"wb_t_f","wb_f",0,0.0591329105517411,-0.0591329105517411,"B_only_edge",FALSE,"cdtally_SK_GB",0.006495987745839,0.0036056812889064,0.00718339588269633,0.00566608636956306,-0.00832408223894084,0.00499516173690078,0.000357834703529784,0.00352490194732872,-0.0626578124990698,0.0036056812889064,0.00718339588269633,"all_positive",FALSE,FALSE
"wb_t_ho","wb_f",0,0.056337414035629,-0.056337414035629,"B_only_edge",FALSE,"cdtally_SK_GB",-0.026336713928109,-0.0247268342821731,-0.0284722458552328,-0.0257849531334769,-0.00832408223894084,0.00373827938494866,0.000357834703529784,-0.0305646820785714,-0.0257727319570576,-0.0284722458552328,-0.0247268342821731,"all_negative",FALSE,FALSE
"wb_t_h","wb_f",0.0783899177878925,0.0483319743231903,0.0300579434647022,"both_observed",FALSE,"cdtally_SK_GB",-0.00844441312931674,-0.0120306662548564,-0.0076694696263245,-0.00986830974760743,-0.00832408223894084,0.00594127996756117,0.000357834703529784,-0.0104693806971666,0.0405273241618688,-0.0120306662548564,-0.0076694696263245,"all_negative",FALSE,FALSE
"wb_h","wb_f",0.0456869840687509,0,0.0456869840687509,"A_only_edge",FALSE,"cdtally_SK_GB",0.00914522846555408,0.00765629051834109,0.0102096087340652,0.00826881641385765,-0.00832408223894084,-0.00296380267997609,0.000357834703529784,-0.00178482174983307,0.047471805818584,0.00765629051834109,0.0102096087340652,"all_positive",FALSE,FALSE
"wb_t_sch","wb_f",0,0.072626754057492,-0.072626754057492,"B_only_edge",FALSE,"cdtally_SK_GB",0.00632623016371926,0.0128645652962793,0.00935321620299086,0.00677472245232021,-0.00832408223894084,-0.0178940021912057,0.000357834703529784,-0.0195340195628975,-0.0530927344945945,0.00632623016371926,0.0128645652962793,"all_positive",FALSE,FALSE
"wb_e","wb_f",0.530759893944962,0.250737920018025,0.280021973926937,"both_observed",FALSE,"cdtally_SK_GB",0.137723782251231,0.138536828124189,0.13710206534473,0.13873592829645,-0.00832408223894084,0.0430888411810709,0.000357834703529784,0.172846375896891,0.107175598030046,0.13710206534473,0.13873592829645,"all_positive",FALSE,FALSE
"help_a","wb_f",0,0.0451811076021011,-0.0451811076021011,"B_only_edge",FALSE,"cdtally_SK_GB",-0.0191893830659359,-0.0227548580483996,-0.0195944915381578,-0.0213003705051674,-0.00832408223894084,0.00467242587114303,0.000357834703529784,-0.022483204730204,-0.0226979028718971,-0.0227548580483996,-0.0191893830659359,"all_negative",FALSE,FALSE
"ss_so","so_c",0.358196122628038,0.256456481145727,0.101739641482311,"both_observed",FALSE,"cdtally_SK_GB",0.0667494393352667,0.063168463583193,0.0645873716815006,0.0653365566860394,-0.00832408223894084,-0.0296757875567375,-0.00120496327233293,0.0275446062672554,0.0741950352150556,0.063168463583193,0.0667494393352667,"all_positive",TRUE,FALSE
"so_1_3","so_c",0,0.0523114139971608,-0.0523114139971608,"B_only_edge",FALSE,"cdtally_SK_GB",-0.0278466175088583,-0.026625143615356,-0.0269789202054462,-0.0212826436878315,-0.00832408223894084,0.00878376201702707,-0.00120496327233293,-0.028591901003105,-0.0237195129940558,-0.0278466175088583,-0.0212826436878315,"all_negative",TRUE,FALSE
"so_2_asc","so_c",0,0.044037396784939,-0.044037396784939,"B_only_edge",FALSE,"cdtally_SK_GB",0.0127752336564066,0.0133033425676395,0.0066419972109411,0.0111675056582114,-0.00832408223894084,-0.0568210062701598,-0.00120496327233293,-0.0535748181250271,0.00953742134008807,0.0066419972109411,0.0133033425676395,"all_positive",TRUE,FALSE
"so","so_c",0,0.278530042631866,-0.278530042631866,"B_only_edge",FALSE,"cdtally_SK_GB",-0.162094213502128,-0.158349023487325,-0.159468097951714,-0.154544242232518,-0.00832408223894084,-0.048263232490596,-0.00120496327233293,-0.219886491503998,-0.0586435511278679,-0.162094213502128,-0.154544242232518,"all_negative",TRUE,FALSE
"ss_so","so_2_asc",0,0.0983198418058636,-0.0983198418058636,"B_only_edge",TRUE,"cdtally_SK_GB",-0.0477545516995168,-0.0469717507036611,-0.0428921685555425,-0.0458651163579971,-0.00832408223894084,-0.0296757875567375,0.0309503277748568,-0.0548040937203384,-0.0435157480855252,-0.0477545516995168,-0.0428921685555425,"all_negative",TRUE,TRUE
"so_1_3","so_2_asc",0.488966258569783,0.451711680217556,0.037254578352227,"both_observed",TRUE,"cdtally_SK_GB",0.00507058998798425,0.00790459454641755,0.0109278645718605,0.0138456730263542,-0.00832408223894084,0.00878376201702707,0.0309503277748568,0.0364805975409272,0.000773980811299771,0.00507058998798425,0.0138456730263542,"all_positive",TRUE,TRUE
"so","so_2_asc",0.151900276027892,0,0.151900276027892,"A_only_edge",TRUE,"cdtally_SK_GB",0.131081780415683,0.132227682383338,0.13209219025614,0.135929627143572,-0.00832408223894084,-0.048263232490596,0.0309503277748568,0.105444793461003,0.0464554825668892,0.131081780415683,0.135929627143572,"all_positive",TRUE,TRUE
"wb_t_book","wb_t_h",0.130416297826344,0.0878881661593129,0.0425281316670311,"both_observed",FALSE,"cdtally_SK_GB",0.0298670918574583,0.0262961353622819,0.0281915894618126,0.0262756008174218,-0.00832408223894084,-0.0121301234442625,-0.00129317023482984,0.00811971593942514,0.034408415727606,0.0262756008174218,0.0298670918574583,"all_positive",FALSE,FALSE
"wb","wb_t_h",0,0.0128531835772179,-0.0128531835772179,"B_only_edge",FALSE,"cdtally_SK_GB",-0.00334991479245432,-0.00454876074322254,-0.00924253413711171,-0.00630342198510492,-0.00832408223894084,0.00351007239146144,-0.00129317023482984,-0.00945709487476357,-0.00339608870245433,-0.00924253413711171,-0.00334991479245432,"all_negative",FALSE,FALSE
"combobox","wb_t_h",0,0.0487981212204214,-0.0487981212204214,"B_only_edge",FALSE,"cdtally_SK_GB",-0.0150224929147333,-0.016511576625803,-0.0199315687563254,-0.0171382993179024,-0.00832408223894084,0.00154708144565383,-0.00129317023482984,-0.0230926639428501,-0.0257054572775713,-0.0199315687563254,-0.0150224929147333,"all_negative",FALSE,FALSE
"wb_t_f","wb_t_h",0,0.0573414507028968,-0.0573414507028968,"B_only_edge",FALSE,"cdtally_SK_GB",0.00197911549195179,-0.000437660282521685,0.00193148147228233,0.00134751268709562,-0.00832408223894084,0.00499516173690078,-0.00129317023482984,-0.00264297524491811,-0.0546984754579787,-0.000437660282521685,0.00197911549195179,"mixed_or_zero",FALSE,FALSE
"wb_t_b","wb_t_h",0,0.0602422280396012,-0.0602422280396012,"B_only_edge",FALSE,"cdtally_SK_GB",0.00583049650267309,0.00120920392551279,0.00149136828797023,0.00298151382947647,-0.00832408223894084,-0.00121387635793067,-0.00129317023482984,-0.00500063232902827,-0.0552415957105729,0.00120920392551279,0.00583049650267309,"all_positive",FALSE,FALSE
"wb_t_ho","wb_t_h",0,0.092503658451154,-0.092503658451154,"B_only_edge",FALSE,"cdtally_SK_GB",-0.108605784723094,-0.109891077983868,-0.115394159073492,-0.109422601534132,-0.00832408223894084,0.00373827938494866,-0.00129317023482984,-0.114484757811916,0.0219810993607619,-0.115394159073492,-0.108605784723094,"all_negative",FALSE,FALSE
"wb_f","wb_t_h",0.0872092020848782,0.0704103794119461,0.0167988226729321,"both_observed",FALSE,"cdtally_SK_GB",0.0189439380670525,0.0147857475115193,0.0162159681204203,0.0150972083316473,-0.00832408223894084,7.93697136942019e-05,-0.00129317023482984,0.00940605530697597,0.00739276736595613,0.0147857475115193,0.0189439380670525,"all_positive",FALSE,FALSE
"wb_h","wb_t_h",0.18865222508469,0.185581930026136,0.00307029505855402,"both_observed",FALSE,"cdtally_SK_GB",-0.0126006671155608,-0.0144304051340705,-0.0180698135130766,-0.0138655540225836,-0.00832408223894084,-0.00296380267997609,-0.00129317023482984,-0.0251817222693076,0.0282520173278616,-0.0180698135130766,-0.0126006671155608,"all_negative",FALSE,FALSE
"wb_t_sch","wb_t_h",0,0.189487135644505,-0.189487135644505,"B_only_edge",FALSE,"cdtally_SK_GB",-0.14707361017091,-0.140352525673985,-0.159674920628097,-0.144127955402686,-0.00832408223894084,-0.0178940021912057,-0.00129317023482984,-0.174584864835886,-0.0149022708086191,-0.159674920628097,-0.140352525673985,"all_negative",FALSE,FALSE
"wb_e","wb_t_h",0,0.0905836541134892,-0.0905836541134892,"B_only_edge",FALSE,"cdtally_SK_GB",-0.101414536936133,-0.0973466154231807,-0.101896741144341,-0.0926001032290091,-0.00832408223894084,0.0430888411810709,-0.00129317023482984,-0.0679429482288329,-0.0226407058846563,-0.101896741144341,-0.0926001032290091,"all_negative",FALSE,FALSE
"help_a","wb_t_h",0,0.0676484172914253,-0.0676484172914253,"B_only_edge",FALSE,"cdtally_SK_GB",-0.000441922090762841,-0.00326456150114787,-0.00348679245795048,-0.0054143160820302,-0.00832408223894084,0.00467242587114303,-0.00129317023482984,-0.0053867486933905,-0.0622616685980348,-0.0054143160820302,-0.000441922090762841,"all_negative",FALSE,FALSE
"book_a_ok","wb_t_h",0.548059629199427,0,0.548059629199427,"A_only_edge",FALSE,"cdtally_SK_GB",0.426883862871363,0.402667808091449,0.42042328643517,0.409906434114547,-0.00832408223894084,-0.00974971061173492,-0.00129317023482984,0.407516899785858,0.140542729413569,0.402667808091449,0.426883862871363,"all_positive",FALSE,FALSE
"ss","ss_data",0,0.0126394317529791,-0.0126394317529791,"B_only_edge",FALSE,"cdtally_SK_GB",0.00159594687794301,0.00274170010269937,0.00157486859207259,0.00275924089799863,-0.00832408223894084,0.0170572585071235,0.00181662182255275,0.0121457449686784,-0.0247851767216575,0.00157486859207259,0.00275924089799863,"all_positive",FALSE,TRUE
"so_ok","ss_data",0.0999521248394423,0,0.0999521248394423,"A_only_edge",TRUE,"cdtally_SK_GB",0.0213036746508273,0.0210797627226256,0.0184433031451298,0.0218530405547574,-0.00832408223894084,0.0393876385871513,0.00181662182255275,0.0541838528215905,0.0457682720178518,0.0184433031451298,0.0218530405547574,"all_positive",TRUE,TRUE
"keypress","ss_data",0.00607984099621871,0,0.00607984099621871,"A_only_edge",FALSE,"cdtally_SK_GB",0.0019844884808387,0.00310753698465378,0.00149368082990598,0.00305480200925396,-0.00832408223894084,0.000275898786372092,0.00181662182255275,-0.00424707314917731,0.010326914145396,0.00149368082990598,0.00310753698465378,"all_positive",FALSE,TRUE
"ss_file","ss_data",0,0.0594374462189473,-0.0594374462189473,"B_only_edge",FALSE,"cdtally_SK_GB",-0.0270868209329089,-0.0286920515169388,-0.0297422946780903,-0.0287803236630023,-0.00832408223894084,0.039593166545244,0.00181662182255275,0.00599888519594695,-0.0654363314148942,-0.0297422946780903,-0.0270868209329089,"all_negative",FALSE,TRUE
"sch_n","ss_data",0.0659251968363279,0,0.0659251968363279,"A_only_edge",FALSE,"cdtally_SK_GB",-0.00136410171911161,0.00103693839562716,0.000511467916090771,0.00385770337838777,-0.00832408223894084,0.0659222461055521,0.00181662182255275,0.0580506839700524,0.00787451286627551,-0.00136410171911161,0.00385770337838777,"mixed_or_zero",FALSE,TRUE
"split_h","ss_data",0,0.00954877603489862,-0.00954877603489862,"B_only_edge",FALSE,"cdtally_SK_GB",-0.0121487752983807,-0.0106667654188406,-0.0118899890176241,-0.011727593536461,-0.00832408223894084,0.00263643310311579,0.00181662182255275,-0.016019802611653,0.00647102657675439,-0.0121487752983807,-0.0106667654188406,"all_negative",FALSE,TRUE
"ss_help","ss_data",0.177432818408908,0.0322601755777043,0.145172642831204,"both_observed",FALSE,"cdtally_SK_GB",0.114418806638392,0.118094925307697,0.105267604988911,0.110208548002501,-0.00832408223894084,0.00603410193071822,0.00181662182255275,0.113945448152722,0.0312271946784817,0.105267604988911,0.118094925307697,"all_positive",FALSE,TRUE
"help_a","ss_data",0,0.00814566651135581,-0.00814566651135581,"B_only_edge",FALSE,"cdtally_SK_GB",0.00833453578769913,0.0109466081678989,0.00678996444152978,0.00971925729665109,-0.00832408223894084,0.00467242587114303,0.00181662182255275,0.00649950124245406,-0.0146451677538099,0.00678996444152978,0.0109466081678989,"all_positive",FALSE,TRUE
"ss_data","so",1,0.862054453068678,0.137945546931322,"both_observed",TRUE,"cdtally_SK_GB",0.0494081275533718,0.0432745927847312,0.0543747547751572,0.0454305145020555,-0.00832408223894084,-0.04633087351377,0.127258657128453,0.122011828929114,0.0159337180022078,0.0432745927847312,0.0543747547751572,"all_positive",TRUE,TRUE
"so_2_asc","so_2_desc",0,0.0517418322571816,-0.0517418322571816,"B_only_edge",TRUE,"cdtally_SK_GB",-0.00733970725488356,0.00190269365310559,-0.00491268644777136,0.00948599768433472,-0.00832408223894084,-0.0568210062701598,0.0208612764742262,-0.0516235192897581,-0.000118312967423526,-0.00733970725488356,0.00948599768433472,"mixed_or_zero",TRUE,TRUE
"ss","ss_file",0.0378307059376187,0.0362371426345966,0.0015935633030221,"both_observed",FALSE,"cdtally_SK_GB",0.00588307397782527,0.00466088575592808,0.00697597359958181,0.00384370712783038,-0.00832408223894084,0.0170572585071235,-0.0317891849663409,-0.017172934720333,0.0187664980233551,0.00384370712783038,0.00697597359958181,"all_positive",FALSE,FALSE
"so_ok","ss_file",0,0.04981072065202,-0.04981072065202,"B_only_edge",FALSE,"cdtally_SK_GB",-0.0472702653156978,-0.049396410342415,-0.0451408044562106,-0.0498546543465148,-0.00832408223894084,0.0393876385871513,-0.0317891849663409,-0.0479958939338282,-0.00181482671819176,-0.0498546543465148,-0.0451408044562106,"all_negative",TRUE,FALSE
"split_v","ss_file",0.0298352525813874,0,0.0298352525813874,"A_only_edge",FALSE,"cdtally_SK_GB",0.0200740587988264,0.0192170689335132,0.0194342342936293,0.0167934204367707,-0.00832408223894084,0.00665636044792567,-0.0317891849663409,-0.0133828479585296,0.043218100539917,0.0167934204367707,0.0200740587988264,"all_positive",FALSE,FALSE
"split_h","ss_file",0.0274504558520049,0.0209921597891557,0.0064582960628492,"both_observed",FALSE,"cdtally_SK_GB",0.0301773663565085,0.027744761417876,0.0252152719571867,0.0235937305383257,-0.00832408223894084,0.00263643310311579,-0.0317891849663409,-0.00729946774565748,0.0137577638085067,0.0235937305383257,0.0301773663565085,"all_positive",FALSE,FALSE
"ss_save","ss_file",0,0.247203923336925,-0.247203923336925,"B_only_edge",FALSE,"cdtally_SK_GB",-0.153385926099725,-0.158855084631162,-0.157836240837763,-0.153825582773701,-0.00832408223894084,0.0424679297171073,-0.0317891849663409,-0.151031263587899,-0.0961726597490256,-0.158855084631162,-0.153385926099725,"all_negative",FALSE,FALSE
"help_a","ss_file",0,0.0218209483625433,-0.0218209483625433,"B_only_edge",FALSE,"cdtally_SK_GB",-0.00433499584569203,-0.00409992548960402,-0.0038673474902676,-0.00602897494156207,-0.00832408223894084,0.00467242587114303,-0.0317891849663409,-0.0397758371798307,0.0179548888172874,-0.00602897494156207,-0.0038673474902676,"all_negative",FALSE,FALSE
"ss","split_v",0.0292835837819083,0.028049934792522,0.0012336489893863,"both_observed",FALSE,"cdtally_SK_GB",-0.00437563111925453,-0.00426148957484606,-0.00653177241711593,-0.00527163192947135,-0.00832408223894084,0.0170572585071235,0.0140255390754386,0.0183830842243668,-0.0171494352349805,-0.00653177241711593,-0.00426148957484606,"all_negative",FALSE,FALSE
"so_ok","split_v",0,0.0359688399842669,-0.0359688399842669,"B_only_edge",FALSE,"cdtally_SK_GB",-0.0382948717392405,-0.0372727902314632,-0.0347838457601743,-0.0342771002634811,-0.00832408223894084,0.0393876385871513,0.0140255390754386,0.00679422368440852,-0.0427630636686754,-0.0382948717392405,-0.0342771002634811,"all_negative",TRUE,FALSE
"wb","split_v",0,0.0121058799150943,-0.0121058799150943,"B_only_edge",FALSE,"cdtally_SK_GB",-0.00159462907208234,-0.00050901389125869,-0.00423704647291857,-0.00165979235521072,-0.00832408223894084,0.00351007239146144,0.0140255390754386,0.00761690015587687,-0.0197227800709712,-0.00423704647291857,-0.00050901389125869,"all_negative",FALSE,FALSE
"split_h","split_v",0.688206265249887,0.526287210040115,0.161919055209772,"both_observed",FALSE,"cdtally_SK_GB",0.0387420706824485,0.0380176017886304,0.0353452521060514,0.036562652447483,-0.00832408223894084,0.00263643310311579,0.0140255390754386,0.0470799606220621,0.11483909458771,0.0353452521060514,0.0387420706824485,"all_positive",FALSE,FALSE
"ss_help","split_v",0,0.0370425025742542,-0.0370425025742542,"B_only_edge",FALSE,"cdtally_SK_GB",-0.0574479504559355,-0.0586125053621855,-0.0679781278911823,-0.0612185051540839,-0.00832408223894084,0.00603410193071822,0.0140255390754386,-0.0457123916887196,0.00866988911446535,-0.0679781278911823,-0.0574479504559355,"all_negative",FALSE,FALSE
"help_a","split_v",0,0.043758724933005,-0.043758724933005,"B_only_edge",FALSE,"cdtally_SK_GB",-0.01242711611437,-0.0112669033678245,-0.0150506488062494,-0.0109045561071852,-0.00832408223894084,0.00467242587114303,0.0140255390754386,-0.00205323340672919,-0.0417054915262758,-0.0150506488062494,-0.0109045561071852,"all_negative",FALSE,FALSE
"wb_t_book","wb_h",0.0111045375599216,0,0.0111045375599216,"A_only_edge",FALSE,"cdtally_SK_GB",0.01132502047761,0.0110205584274366,0.0111557083885842,0.0104247394145217,-0.00832408223894084,-0.0121301234442625,-0.00245022608333483,-0.0115794112889281,0.0226839488488497,0.0104247394145217,0.01132502047761,"all_positive",FALSE,FALSE
"wb","wb_h",0.00512768804953493,0.00500820117491607,0.00011948687461886,"both_observed",FALSE,"cdtally_SK_GB",-0.000324980044751108,0.000145990700273211,-0.00193700706597624,-0.000527137345481437,-0.00832408223894084,0.00351007239146144,-0.00245022608333483,-0.00758921597556535,0.00770870285018421,-0.00193700706597624,0.000145990700273211,"mixed_or_zero",FALSE,FALSE
"combobox","wb_h",0.0309704226107738,0.0237654145005081,0.0072050081102657,"both_observed",FALSE,"cdtally_SK_GB",0.00904629598383725,0.0092477869632499,0.00758433308390174,0.00974351399099514,-0.00832408223894084,0.00154708144565383,-0.00245022608333483,-0.000180930892784601,0.0073859390030503,0.00758433308390174,0.00974351399099514,"all_positive",FALSE,FALSE
"wb_t_f","wb_h",0,0.0116782645442068,-0.0116782645442068,"B_only_edge",FALSE,"cdtally_SK_GB",-0.00197241097850288,-0.000803467391516175,-0.00138473227157826,-0.00138221249639203,-0.00832408223894084,0.00499516173690078,-0.00245022608333483,-0.00775155756387778,-0.00392670698032902,-0.00197241097850288,-0.000803467391516175,"all_negative",FALSE,FALSE
"wb_t_b","wb_h",0,0.0117653282587144,-0.0117653282587144,"B_only_edge",FALSE,"cdtally_SK_GB",0.00866132327851796,0.00728311570897023,0.00733118375254611,0.00804291874603431,-0.00832408223894084,-0.00121387635793067,-0.00245022608333483,-0.00332686140168839,-0.00843846685702601,0.00728311570897023,0.00866132327851796,"all_positive",FALSE,FALSE
"keypress","wb_h",0,0.0184167150001519,-0.0184167150001519,"B_only_edge",FALSE,"cdtally_SK_GB",-0.000419124219815227,-0.00102483618911762,-0.000852782613929446,0.000224418667866446,-0.00832408223894084,0.000275898786372092,-0.00245022608333483,-0.0109175337557188,-0.00749918124443309,-0.00102483618911762,0.000224418667866446,"mixed_or_zero",FALSE,FALSE
"wb_f","wb_h",0.0774964829458984,0.0625694755986845,0.0149270073472139,"both_observed",FALSE,"cdtally_SK_GB",0.00946399821965716,0.00934828963866718,0.00884360852180938,0.00978789769637646,-0.00832408223894084,7.93697136942019e-05,-0.00245022608333483,-0.00123094038892431,0.0161579477361382,0.00884360852180938,0.00978789769637646,"all_positive",FALSE,FALSE
"wb_t_h","wb_h",0.0645045735071261,0.039770889057913,0.0247336844492131,"both_observed",FALSE,"cdtally_SK_GB",0.0181640245929503,0.0176062445855643,0.0174155720329219,0.0179904390400437,-0.00832408223894084,0.00594127996756117,-0.00245022608333483,0.0133309962382358,0.0114026882109773,0.0174155720329219,0.0181640245929503,"all_positive",FALSE,FALSE
"split_v","wb_h",0.0192538931435236,0,0.0192538931435236,"A_only_edge",FALSE,"cdtally_SK_GB",0.000957725878272204,0.00201769015144583,0.000837832137898944,0.00198227755840832,-0.00832408223894084,0.00665636044792567,-0.00245022608333483,-0.0031602219960778,0.0224141151396014,0.000837832137898944,0.00201769015144583,"all_positive",FALSE,FALSE
"wb_e","wb_h",0,0.118096284080095,-0.118096284080095,"B_only_edge",FALSE,"cdtally_SK_GB",-0.11020040781553,-0.105107463366493,-0.107739939128605,-0.103020234332774,-0.00832408223894084,0.0430888411810709,-0.00245022608333483,-0.0778858749567346,-0.0402104091233604,-0.11020040781553,-0.103020234332774,"all_negative",FALSE,FALSE
"help_a","wb_h",0,0.0185861787380229,-0.0185861787380229,"B_only_edge",FALSE,"cdtally_SK_GB",0.0104683217188175,0.0109748158953505,0.0100026424313414,0.0111016448156778,-0.00832408223894084,0.00467242587114303,-0.00245022608333483,0.00436643926768484,-0.0229526180057077,0.0100026424313414,0.0111016448156778,"all_positive",FALSE,FALSE
"wb_t_book","wb_t_sch",0,0.083932208514785,-0.083932208514785,"B_only_edge",FALSE,"cdtally_SK_GB",0.00320339891996533,0.00327464055156854,0.000702143491960092,0.000718876122432163,-0.00832408223894084,-0.0121301234442625,-0.0259973334158803,-0.0432481401791183,-0.0406840683356667,0.000702143491960092,0.00327464055156854,"all_positive",FALSE,FALSE
"wb","wb_t_sch",0,0.00576814033074976,-0.00576814033074976,"B_only_edge",FALSE,"cdtally_SK_GB",0.00118885326078458,0.00367351315189139,-0.00120989859309032,0.000930256001999692,-0.00832408223894084,0.00351007239146144,-0.0259973334158803,-0.0296224900025751,0.0238543496718254,-0.00120989859309032,0.00367351315189139,"mixed_or_zero",FALSE,FALSE
"wb_t_f","wb_t_sch",0,0.028756025588025,-0.028756025588025,"B_only_edge",FALSE,"cdtally_SK_GB",0.00315221605902524,0.00397754733020822,-0.000349693878177489,0.00102524142466577,-0.00832408223894084,0.00499516173690078,-0.0259973334158803,-0.0261740378588951,-0.00258198772912988,-0.000349693878177489,0.00397754733020822,"mixed_or_zero",FALSE,FALSE
"wb_t_b","wb_t_sch",0,0.0118023652192637,-0.0118023652192637,"B_only_edge",FALSE,"cdtally_SK_GB",0.00780227963559441,0.00795096781598009,0.00498171821893896,0.00789389471311793,-0.00832408223894084,-0.00121387635793067,-0.0259973334158803,-0.0277330123771574,0.0159306471578937,0.00498171821893896,0.00795096781598009,"all_positive",FALSE,FALSE
"wb_t_ho","wb_t_sch",0,0.0561681850203354,-0.0561681850203354,"B_only_edge",FALSE,"cdtally_SK_GB",-0.01572010490193,-0.0120474717011059,-0.0192239147524862,-0.0142884847945283,-0.00832408223894084,0.00373827938494866,-0.0259973334158803,-0.0463032411718025,-0.00986494384853289,-0.0192239147524862,-0.0120474717011059,"all_negative",FALSE,FALSE
"keypress","wb_t_sch",0,0.0797245667038996,-0.0797245667038996,"B_only_edge",FALSE,"cdtally_SK_GB",-0.00363203909091245,-0.00491734454089328,-0.00673070024583016,-0.00494486743233423,-0.00832408223894084,0.000275898786372092,-0.0259973334158803,-0.0376775559593615,-0.0420470107445381,-0.00673070024583016,-0.00363203909091245,"all_negative",FALSE,FALSE
"wb_t_h","wb_t_sch",0.261925504640753,0.161492516389428,0.100432988251325,"both_observed",FALSE,"cdtally_SK_GB",0.0240386116730857,0.0233336263969287,0.02050196549405,0.0218889208433733,-0.00832408223894084,0.00594127996756117,-0.0259973334158803,-0.00434152401417422,0.104774512265499,0.02050196549405,0.0240386116730857,"all_positive",FALSE,FALSE
"wb_h","wb_t_sch",0,0.106787185696534,-0.106787185696534,"B_only_edge",FALSE,"cdtally_SK_GB",-0.0112519730629988,-0.0118427195602483,-0.0142473417483595,-0.011380634985584,-0.00832408223894084,-0.00296380267997609,-0.0259973334158803,-0.048537191397796,-0.058249994298738,-0.0142473417483595,-0.0112519730629988,"all_negative",FALSE,FALSE
"wb_e","wb_t_sch",0,0.0391109619831104,-0.0391109619831104,"B_only_edge",FALSE,"cdtally_SK_GB",-0.0529397880817577,-0.044918767601785,-0.0525709580335363,-0.0443698529064071,-0.00832408223894084,0.0430888411810709,-0.0259973334158803,-0.044172362555508,0.00506140057239758,-0.0529397880817577,-0.0443698529064071,"all_negative",FALSE,FALSE
"ss","ss_edit",0,0.01679523370881,-0.01679523370881,"B_only_edge",FALSE,"cdtally_SK_GB",-0.00379960437345492,-5.66855819965601e-05,-0.00288676924712889,-0.00310261656325231,-0.00832408223894084,0.0170572585071235,-0.0195895793359419,-0.0146560074412142,-0.0021392262675958,-0.00379960437345492,-5.66855819965601e-05,"all_negative",FALSE,FALSE
"wb_t_ho","wb_e",0,0.0347121405208365,-0.0347121405208365,"B_only_edge",FALSE,"cdtally_SK_GB",-0.01403181066889,-0.00801186816418882,-0.011486600499657,-0.00911785799845213,-0.00832408223894084,0.00373827938494866,0.0265428928226705,0.00792527929978825,-0.0426374198206248,-0.01403181066889,-0.00801186816418882,"all_negative",FALSE,FALSE
"keypress","wb_e",0,0.0145826786159541,-0.0145826786159541,"B_only_edge",FALSE,"cdtally_SK_GB",-0.00172003736470267,-0.00178714335070209,-0.00199888986479688,-0.000341804175539408,-0.00832408223894084,0.000275898786372092,0.0265428928226705,0.0167746720053991,-0.0313573506213532,-0.00199888986479688,-0.000341804175539408,"all_negative",FALSE,FALSE
"wb_f","wb_e",0.156545595846514,0.126391345777431,0.030154250069083,"both_observed",FALSE,"cdtally_SK_GB",-0.00455685085017255,-0.00480696752957655,-0.00556603546210145,-0.00289700581634852,-0.00832408223894084,7.93697136942019e-05,0.0265428928226705,0.0137413294472513,0.0164129206218317,-0.00556603546210145,-0.00289700581634852,"all_negative",FALSE,FALSE
"wb_h","wb_e",0.0309292911229178,0,0.0309292911229178,"A_only_edge",FALSE,"cdtally_SK_GB",0.0135050614958332,0.0154566233154694,0.012602854415565,0.0147865662237111,-0.00832408223894084,-0.00296380267997609,0.0265428928226705,0.0287600693995867,0.00216922172333107,0.012602854415565,0.0154566233154694,"all_positive",FALSE,FALSE
"wb_t_sch","wb_e",0.157697685925533,0.0207636684209419,0.136934017504591,"both_observed",FALSE,"cdtally_SK_GB",0.0795475584455555,0.0897991152589552,0.081360974282095,0.088814733146695,-0.00832408223894084,-0.0178940021912057,0.0265428928226705,0.0798723668380794,0.0570616506665117,0.0795475584455555,0.0897991152589552,"all_positive",FALSE,FALSE
"ss","ss_sch",0.028021091321169,0.0268405804609899,0.0011805108601791,"both_observed",FALSE,"cdtally_SK_GB",0.00486462956545023,0.00178883617416797,0.00191753039981753,0.00251162561130557,-0.00832408223894084,0.0170572585071235,-0.040310836251226,-0.0267130304175931,0.0278935412777722,0.00178883617416797,0.00486462956545023,"all_positive",FALSE,FALSE
"keypress","ss_sch",0.0208656692338318,0.017100869130384,0.0037648001034478,"both_observed",FALSE,"cdtally_SK_GB",0.00502461476021639,0.00140407031543641,0.00248900157822903,0.00349864979193691,-0.00832408223894084,0.000275898786372092,-0.040310836251226,-0.0433344049435783,0.0470992050470261,0.00140407031543641,0.00502461476021639,"all_positive",FALSE,FALSE
"sch_ok","ss_sch",0,0.0281290128293189,-0.0281290128293189,"B_only_edge",FALSE,"cdtally_SK_GB",0.00528469374797631,0.00682633410810201,0.00533901975186713,0.00443339944228938,-0.00832408223894084,0.0130335830038316,-0.040310836251226,-0.0303166417383589,0.00218762890904002,0.00443339944228938,0.00682633410810201,"all_positive",FALSE,FALSE
"sch_n","ss_sch",0,0.0559862272348832,-0.0559862272348832,"B_only_edge",FALSE,"cdtally_SK_GB",-0.0235202763095928,-0.0222977210506767,-0.0213417441088688,-0.0205962634146235,-0.00832408223894084,0.0659222461055521,-0.040310836251226,-0.00623294869420748,-0.0497532785406757,-0.0235202763095928,-0.0205962634146235,"all_negative",FALSE,FALSE
"ss_help","ss_sch",0,0.0673078222224386,-0.0673078222224386,"B_only_edge",FALSE,"cdtally_SK_GB",-0.0192689114542799,-0.0243338139474721,-0.0331686977128205,-0.0271142228334614,-0.00832408223894084,0.00603410193071822,-0.040310836251226,-0.0618697280137285,-0.00543809420871011,-0.0331686977128205,-0.0192689114542799,"all_negative",FALSE,FALSE
"ss_save","ss_sch",0,0.0573598381255472,-0.0573598381255472,"B_only_edge",FALSE,"cdtally_SK_GB",-0.0257019651088283,-0.0330986103394941,-0.0333729157701774,-0.0268516593536611,-0.00832408223894084,0.0424679297171073,-0.040310836251226,-0.0318689538818878,-0.0254908842436594,-0.0333729157701774,-0.0257019651088283,"all_negative",FALSE,FALSE
"keypress","sch_ok",0.282724181754771,0.231716738111847,0.051007443642924,"both_observed",FALSE,"cdtally_SK_GB",0.00987935906203334,0.00966389790849068,0.00708406957160865,0.0116543001816066,-0.00832408223894084,0.000275898786372092,0.0144454279174867,0.0162766035269513,0.0347308401159726,0.00708406957160865,0.0116543001816066,"all_positive",FALSE,FALSE
"ss_sch","sch_ok",0,0.0798099784273195,-0.0798099784273195,"B_only_edge",FALSE,"cdtally_SK_GB",-0.0602764052343406,-0.0643532191756284,-0.06087551882308,-0.0593459790216146,-0.00832408223894084,0.0225037568924092,0.0144454279174867,-0.0316513026633855,-0.048158675763934,-0.0643532191756284,-0.0593459790216146,"all_negative",FALSE,FALSE
"sch_n","sch_ok",0.305695760606688,0.207857057987761,0.097838702618927,"both_observed",FALSE,"cdtally_SK_GB",0.00996993897922649,0.0156608981271605,0.01668154552357,0.0191458535381726,-0.00832408223894084,0.0659222461055521,0.0144454279174867,0.0820135307633245,0.0158251718556025,0.00996993897922649,0.0191458535381726,"all_positive",FALSE,FALSE
"ss_sch","sch_n",0,0.0263869949239173,-0.0263869949239173,"B_only_edge",FALSE,"cdtally_SK_GB",-0.0128289652845542,-0.0176465904260054,-0.00900730337616085,-0.0141881669384172,-0.00832408223894084,0.0225037568924092,-0.0208767286637933,-0.0195260192948792,-0.00686097562903814,-0.0176465904260054,-0.00900730337616085,"all_negative",FALSE,FALSE
"sch_ok","sch_n",0.468426819992935,0.486781978565085,-0.01835515857215,"both_observed",FALSE,"cdtally_SK_GB",-0.00426719114352847,-0.0037868652698302,0.00178349805654531,-0.00190305801885978,-0.00832408223894084,0.0130335830038316,-0.0208767286637933,-0.0204344190424311,0.00207926047028109,-0.00426719114352847,0.00178349805654531,"mixed_or_zero",FALSE,FALSE
"ss","split_h",0.0353904112721637,0.0338996550911488,0.0014907561810149,"both_observed",FALSE,"cdtally_SK_GB",-0.00162199047148181,-0.00196206962398972,-0.00228735464304912,-0.00159055843040022,-0.00832408223894084,0.0170572585071235,0.000569493505759397,0.00768067930246026,-0.00618992312144536,-0.00228735464304912,-0.00159055843040022,"all_negative",FALSE,FALSE
"wb","split_h",0.0129108068243683,0.0126101381333823,0.000300668690986,"both_observed",FALSE,"cdtally_SK_GB",-2.56263556855039e-05,-0.000416956030215723,-0.000331085879961009,0.000844093970984817,-0.00832408223894084,0.00351007239146144,0.000569493505759397,-0.00427014269740552,0.00457081138839152,-0.000416956030215723,0.000844093970984817,"mixed_or_zero",FALSE,FALSE
"wb_t_f","split_h",0,0.0152983601427055,-0.0152983601427055,"B_only_edge",FALSE,"cdtally_SK_GB",0.0033091688436118,0.00327124965217974,0.00177668551768289,0.00406804561021021,-0.00832408223894084,0.00499516173690078,0.000569493505759397,0.000549741847331132,-0.0158481019900366,0.00177668551768289,0.00406804561021021,"all_positive",FALSE,FALSE
"keypress","split_h",0,0.0170587311758511,-0.0170587311758511,"B_only_edge",FALSE,"cdtally_SK_GB",-0.000814311294040185,-0.00118113071385119,-0.00111547326552954,-0.000459814533360418,-0.00832408223894084,0.000275898786372092,0.000569493505759397,-0.00829300124084954,-0.00876572993500156,-0.00118113071385119,-0.000459814533360418,"all_negative",FALSE,FALSE
"wb_t_h","split_h",0,0.00819891875013992,-0.00819891875013992,"B_only_edge",FALSE,"cdtally_SK_GB",-0.00713365884863643,-0.00818602843945903,-0.00754808096628758,-0.00670018243443796,-0.00832408223894084,0.00594127996756117,0.000569493505759397,-0.00894696761425671,0.00074804886411679,-0.00818602843945903,-0.00670018243443796,"all_negative",FALSE,FALSE
"ss_data","split_h",0,0.0211490118776306,-0.0211490118776306,"B_only_edge",FALSE,"cdtally_SK_GB",0.00406412678559063,0.00673010354454514,0.0101080307669096,0.0105894333996806,-0.00832408223894084,-0.04633087351377,0.000569493505759397,-0.0500213354613609,0.0288723235837303,0.00406412678559063,0.0105894333996806,"all_positive",TRUE,FALSE
"split_v","split_h",0.521501041066764,0.450446655251722,0.071054385815042,"both_observed",FALSE,"cdtally_SK_GB",0.00257314367874385,0.00210874400553504,0.00263661340026808,0.00296365411462214,-0.00832408223894084,0.00665636044792567,0.000569493505759397,0.00147491539348808,0.0695794704215539,0.00210874400553504,0.00296365411462214,"all_positive",FALSE,FALSE
"sch_ok","split_h",0.0369231447861398,0,0.0369231447861398,"A_only_edge",FALSE,"cdtally_SK_GB",0.00326480379268438,0.00450465497684193,0.00614852171671022,0.00517562843051757,-0.00832408223894084,0.0130335830038316,0.000569493505759397,0.00854379806333451,0.0283793467228053,0.00326480379268438,0.00614852171671022,"all_positive",FALSE,FALSE
"sch_n","split_h",0.0572839731628438,0,0.0572839731628438,"A_only_edge",FALSE,"cdtally_SK_GB",0.00166931568518323,0.000590823093398647,0.00328559984640738,0.00526816043032431,-0.00832408223894084,0.0659222461055521,0.000569493505759397,0.0598369730575539,-0.00255299989471008,0.000590823093398647,0.00526816043032431,"all_positive",FALSE,FALSE
"ss_help","split_h",0,0.0301761573030309,-0.0301761573030309,"B_only_edge",FALSE,"cdtally_SK_GB",-0.00518073621697174,-0.00730349112226723,-0.0155047418431361,-0.0114948483335049,-0.00832408223894084,0.00603410193071822,0.000569493505759397,-0.00690122301943498,-0.0232749342835959,-0.0155047418431361,-0.00518073621697174,"all_negative",FALSE,FALSE
"help_a","split_h",0,0.0418279709184372,-0.0418279709184372,"B_only_edge",FALSE,"cdtally_SK_GB",-0.00363555077252988,-0.00382928370453866,-0.0042839247507816,-0.00295302202138945,-0.00832408223894084,0.00467242587114303,0.000569493505759397,-0.0067177136345683,-0.0351102572838689,-0.0042839247507816,-0.00295302202138945,"all_negative",FALSE,FALSE
"book_a_ok","split_h",0,0.11782872347502,-0.11782872347502,"B_only_edge",FALSE,"cdtally_SK_GB",-0.0604780826182223,-0.0822235797487862,-0.0589748278575461,-0.071548624366676,-0.00832408223894084,-0.00974971061173492,0.000569493505759397,-0.0779823819631387,-0.0398463415118813,-0.0822235797487862,-0.0589748278575461,"all_negative",FALSE,FALSE
"ss","ss_help",0.0189148994666228,0.018117924814568,0.000796974652054798,"both_observed",FALSE,"cdtally_SK_GB",-0.00200599456537093,0.00100445749236094,-0.000472833216438792,-0.00107163790840819,-0.00832408223894084,0.0170572585071235,0.00107225555221964,0.00779943725503138,-0.00700246260297658,-0.00200599456537093,0.00100445749236094,"mixed_or_zero",FALSE,FALSE
"ss_so","ss_help",0,0.0487914508308556,-0.0487914508308556,"B_only_edge",FALSE,"cdtally_SK_GB",-0.00405825514838818,-0.00145836715886955,-0.00438447029520484,-0.00509135280676751,-0.00832408223894084,-0.0296757875567375,0.00107225555221964,-0.0409858693918469,-0.00780558143900869,-0.00509135280676751,-0.00145836715886955,"all_negative",TRUE,FALSE
"keypress","ss_help",0,0.0121937188211739,-0.0121937188211739,"B_only_edge",FALSE,"cdtally_SK_GB",-0.00289840579837156,0.000933946145542169,-3.80756894891649e-05,-0.000955141208848385,-0.00832408223894084,0.000275898786372092,0.00107225555221964,-0.00987433369872067,-0.00231938512245323,-0.00289840579837156,0.000933946145542169,"mixed_or_zero",FALSE,FALSE
"so","ss_help",0,0.0354580611237788,-0.0354580611237788,"B_only_edge",FALSE,"cdtally_SK_GB",0.0128754060945424,0.0162322101399745,0.0140301919125315,0.0112240981749894,-0.00832408223894084,-0.048263232490596,0.00107225555221964,-0.0426396530827748,0.007181591958996,0.0112240981749894,0.0162322101399745,"all_positive",TRUE,FALSE
"ss_file","ss_help",0.133638792107015,0.0736671066012917,0.0599716855057233,"both_observed",FALSE,"cdtally_SK_GB",0.0128186153714723,0.00998301595758835,0.0111749285865154,0.0126788998981674,-0.00832408223894084,0.039593166545244,0.00107225555221964,0.0451599552299951,0.0148117302757282,0.00998301595758835,0.0128186153714723,"all_positive",FALSE,FALSE
"split_h","ss_help",0,0.00568124340453887,-0.00568124340453887,"B_only_edge",FALSE,"cdtally_SK_GB",0.000504436314227236,0.00254048671118351,0.00240845814861498,0.00143951404200142,-0.00832408223894084,0.00263643310311579,0.00107225555221964,-0.00411095726937818,-0.00157028613516069,0.000504436314227236,0.00254048671118351,"all_positive",FALSE,FALSE
"help_a","ss_help",0,0.0138344119484286,-0.0138344119484286,"B_only_edge",FALSE,"cdtally_SK_GB",-0.00210820417277865,-0.000775854755414253,-0.00161988754596648,-0.00164923120572598,-0.00832408223894084,0.00467242587114303,0.00107225555221964,-0.00468760498835682,-0.00914680696007178,-0.00210820417277865,-0.000775854755414253,"all_negative",FALSE,FALSE
"ss","ss_save",0.0101731786874964,0.0097446090146414,0.000428569672854999,"both_observed",FALSE,"cdtally_SK_GB",0.000156033128757383,0.000164309910121953,0.000993042764224763,-0.000281260324277584,-0.00832408223894084,0.0170572585071235,-0.0117467400429334,-0.00285753064599337,0.00328610031884837,-0.000281260324277584,0.000993042764224763,"mixed_or_zero",FALSE,FALSE
"ss_so","ss_save",0,0.0384792851428457,-0.0384792851428457,"B_only_edge",FALSE,"cdtally_SK_GB",0.00247322198050638,0.00236625552756493,0.00184575860416897,0.000631531301108268,-0.00832408223894084,-0.0296757875567375,-0.0117467400429334,-0.0472733878581054,0.0087941027152597,0.000631531301108268,0.00247322198050638,"all_positive",TRUE,FALSE
"so_ok","ss_save",0,0.0636690279217483,-0.0636690279217483,"B_only_edge",FALSE,"cdtally_SK_GB",-0.0384432064410936,-0.0412837088261211,-0.0387610273905976,-0.0409293354533132,-0.00832408223894084,0.0393876385871513,-0.0117467400429334,-0.0191263901358166,-0.0445426377859317,-0.0412837088261211,-0.0384432064410936,"all_negative",TRUE,FALSE
"keypress","ss_save",0,0.0085452744432891,-0.0085452744432891,"B_only_edge",FALSE,"cdtally_SK_GB",0.00229324841018862,0.00176765360491501,0.0023568810660748,0.00212312920833026,-0.00832408223894084,0.000275898786372092,-0.0117467400429334,-0.0175016750853136,0.00895640064202446,0.00176765360491501,0.0023568810660748,"all_positive",FALSE,FALSE
"ss_sch","ss_save",0.0230317703607293,0,0.0230317703607293,"A_only_edge",FALSE,"cdtally_SK_GB",0.00795083432674917,0.0103901310274535,0.0091397430937922,0.0082995351460008,-0.00832408223894084,0.0225037568924092,-0.0117467400429334,0.0103837689372841,0.0126480014234452,0.00795083432674917,0.0103901310274535,"all_positive",FALSE,FALSE
"help_a","ss_save",0,0.0106896723109519,-0.0106896723109519,"B_only_edge",FALSE,"cdtally_SK_GB",-0.00122525466327148,-0.000793726090652486,-0.000639937697815817,-0.0007650046829647,-0.00832408223894084,0.00467242587114303,-0.0117467400429334,-0.0166236510740027,0.00593397876305082,-0.00122525466327148,-0.000639937697815817,"all_negative",FALSE,FALSE
"wb_t_book","help_a",0,0.0137286600911418,-0.0137286600911418,"B_only_edge",FALSE,"cdtally_SK_GB",-0.0198950371841031,-0.0198977571028719,-0.0193346333331284,-0.02072192506043,-0.00832408223894084,-0.0121301234442625,0.000954437909827334,-0.0393948049574791,0.0256661448663373,-0.02072192506043,-0.0193346333331284,"all_negative",FALSE,FALSE
"ss","help_a",0,0.0165420297767858,-0.0165420297767858,"B_only_edge",FALSE,"cdtally_SK_GB",-0.00716126574549869,-0.00697195294013433,-0.0069088317533939,-0.00673531882513775,-0.00832408223894084,0.0170572585071235,0.000954437909827334,0.00252634843251131,-0.0190683782092971,-0.00716126574549869,-0.00673531882513775,"all_negative",FALSE,FALSE
"ss_so","help_a",0,0.0334774255977686,-0.0334774255977686,"B_only_edge",FALSE,"cdtally_SK_GB",-0.0043177832787658,-0.00532814272292312,-0.00552560799852558,-0.00599266852665164,-0.00832408223894084,-0.0296757875567375,0.000954437909827334,-0.0413632151646168,0.00788578956684823,-0.00599266852665164,-0.0043177832787658,"all_negative",TRUE,FALSE
"wb","help_a",0.0155234439456179,0,0.0155234439456179,"A_only_edge",FALSE,"cdtally_SK_GB",0.00412763615723344,0.00618688792920021,0.00606994018193337,0.00546042765839659,-0.00832408223894084,0.00351007239146144,0.000954437909827334,0.000268064219581368,0.0152553797260365,0.00412763615723344,0.00618688792920021,"all_positive",FALSE,FALSE
"combobox","help_a",0.0766456412555346,0.0588249021643256,0.017820739091209,"both_observed",FALSE,"cdtally_SK_GB",0.00100100682992821,0.000920724527924677,0.00144179700643752,0.00129348351778625,-0.00832408223894084,0.00154708144565383,0.000954437909827334,-0.00482155605353147,0.0226422951447405,0.000920724527924677,0.00144179700643752,"all_positive",FALSE,FALSE
"wb_t_f","help_a",0,0.0287317407591276,-0.0287317407591276,"B_only_edge",FALSE,"cdtally_SK_GB",-0.012985209548005,-0.0109273514992572,-0.0115510066492738,-0.0132503337703341,-0.00832408223894084,0.00499516173690078,0.000954437909827334,-0.0153596921402177,-0.0133720486189099,-0.0132503337703341,-0.0109273514992572,"all_negative",FALSE,FALSE
"keypress","help_a",0,0.0234807645782345,-0.0234807645782345,"B_only_edge",FALSE,"cdtally_SK_GB",0.00171478848716399,0.0021547976690547,0.00165282948483157,0.00170623675914349,-0.00832408223894084,0.000275898786372092,0.000954437909827334,-0.00537895705557743,-0.0181018075226571,0.00165282948483157,0.0021547976690547,"all_positive",FALSE,FALSE
"wb_f","help_a",0,0.0311273591001407,-0.0311273591001407,"B_only_edge",FALSE,"cdtally_SK_GB",-0.0135449585019691,-0.0126699576341784,-0.0138594011190167,-0.0132395145164661,-0.00832408223894084,7.93697136942019e-05,0.000954437909827334,-0.0208352331173884,-0.0102921259827523,-0.0138594011190167,-0.0126699576341784,"all_negative",FALSE,FALSE
"wb_t_h","help_a",0,0.0652479982938307,-0.0652479982938307,"B_only_edge",FALSE,"cdtally_SK_GB",-0.0313312171285013,-0.0297280004312863,-0.0317920339901493,-0.0308730161796543,-0.00832408223894084,0.00594127996756117,0.000954437909827334,-0.0327595814900537,-0.032488416803777,-0.0317920339901493,-0.0297280004312863,"all_negative",FALSE,FALSE
"split_v","help_a",0,0.0549417273189694,-0.0549417273189694,"B_only_edge",FALSE,"cdtally_SK_GB",-0.00651336707749337,-0.00535375668001902,-0.00473489807882201,-0.0065869931538041,-0.00832408223894084,0.00665636044792567,0.000954437909827334,-0.0072266509586812,-0.0477150763602882,-0.0065869931538041,-0.00473489807882201,"all_negative",FALSE,FALSE
"wb_h","help_a",0.0960944627806062,0.0945419273547063,0.00155253542589989,"both_observed",FALSE,"cdtally_SK_GB",0.0156437651119257,0.0163422922839475,0.0175362755614434,0.0157320245237903,-0.00832408223894084,-0.00296380267997609,0.000954437909827334,0.0053103181028361,-0.0037577826769362,0.0156437651119257,0.0175362755614434,"all_positive",FALSE,FALSE
"wb_t_sch","help_a",0.2539615344443,0.0334683437666523,0.220493190677648,"both_observed",FALSE,"cdtally_SK_GB",0.112533372445272,0.116048641060562,0.118462952456311,0.114073697257571,-0.00832408223894084,-0.0178940021912057,0.000954437909827334,0.0872697259249526,0.133223464752695,0.112533372445272,0.118462952456311,"all_positive",FALSE,FALSE
"split_h","help_a",0,0.0383138463440924,-0.0383138463440924,"B_only_edge",FALSE,"cdtally_SK_GB",0.00618862360536066,0.00799355470639123,0.00712444085931866,0.00660688999691609,-0.00832408223894084,0.00263643310311579,0.000954437909827334,0.00145541237936294,-0.0397692587234553,0.00618862360536066,0.00799355470639123,"all_positive",FALSE,FALSE
"ss_help","help_a",0,0.116963043674845,-0.116963043674845,"B_only_edge",FALSE,"cdtally_SK_GB",-0.0954054599176976,-0.098270794841305,-0.101782875859792,-0.0977339541346197,-0.00832408223894084,0.00603410193071822,0.000954437909827334,-0.0967410023160929,-0.0202220413587521,-0.101782875859792,-0.0954054599176976,"all_negative",FALSE,FALSE
"ss","so_1_1",0.00129153824212043,0,0.00129153824212043,"A_only_edge",FALSE,"cdtally_SK_GB",0.0033703455225926,0.00227785280255777,0.00394151751388075,0.00649030990640808,-0.00832408223894084,0.0170572585071235,-0.0224959557641526,-0.0103924339733773,0.0116839722154977,0.00227785280255777,0.00649030990640808,"all_positive",FALSE,FALSE
"so_1_3","so_1_1",0,0.0520091631216688,-0.0520091631216688,"B_only_edge",FALSE,"cdtally_SK_GB",-0.0199148140255584,-0.0160442874792027,-0.0192751314356542,-0.0167774175059685,-0.00832408223894084,0.00878376201702707,-0.0224959557641526,-0.0419510900116248,-0.010058073110044,-0.0199148140255584,-0.0160442874792027,"all_negative",TRUE,FALSE
"ss_file","sch",0.234165121144008,0.129060728762635,0.105104392381373,"both_observed",FALSE,"cdtally_SK_GB",0.0108947604781773,0.00297176332993303,0.0161471530588977,0.00857724804294096,-0.00832408223894084,0.039593166545244,0.0583759870288764,0.100539831813357,0.00456456056801612,0.00297176332993303,0.0161471530588977,"all_positive",FALSE,FALSE
"sch_n","sch_b",0,0.347864228357352,-0.347864228357352,"B_only_edge",FALSE,"cdtally_SK_GB",-0.101380077780746,-0.106866054392982,-0.11432125007609,-0.10872143795811,-0.00832408223894084,0.0659222461055521,-0.272627366417493,-0.316409280331628,-0.0314549480257238,-0.11432125007609,-0.101380077780746,"all_negative",FALSE,FALSE
"ss_file","help",0,0.0675780905072752,-0.0675780905072752,"B_only_edge",FALSE,"cdtally_SK_GB",0.00377668078160995,0.00751973736035309,0.00441682626633586,0.00525449322488477,-0.00832408223894084,0.039593166545244,-0.102080076538519,-0.0670343114506061,-0.000543779056669094,0.00377668078160995,0.00751973736035309,"all_positive",FALSE,FALSE
"ss_help","help",0,0.295584619133638,-0.295584619133638,"B_only_edge",FALSE,"cdtally_SK_GB",-0.179519503679156,-0.17368982454223,-0.185494849964798,-0.178313943621141,-0.00832408223894084,0.00603410193071822,-0.102080076538519,-0.283889560525898,-0.01169505860774,-0.185494849964798,-0.17368982454223,"all_negative",FALSE,FALSE
"ss_file","save",0,0.288713574469269,-0.288713574469269,"B_only_edge",FALSE,"cdtally_SK_GB",-0.0710436716310415,-0.0657564447566293,-0.0725264022740623,-0.0768148796420094,-0.00832408223894084,0.039593166545244,-0.217606814698257,-0.257381402022996,-0.0313321724462734,-0.0768148796420094,-0.0657564447566293,"all_negative",FALSE,FALSE
"ss","ss_copy",0.00345810710509738,0.00331254855360683,0.00014555855149055,"both_observed",FALSE,"cdtally_SK_GB",0.000593503803492425,0.00224114614203695,0.000321950342285788,0.00247497526912148,-0.00832408223894084,0.0170572585071235,0.00469198926040575,0.0140186693320808,-0.0138731107805903,0.000321950342285788,0.00247497526912148,"all_positive",FALSE,FALSE
"ss_so","ss_copy",0,0.0243062503365255,-0.0243062503365255,"B_only_edge",FALSE,"cdtally_SK_GB",0.00994679355905374,0.0116424329369544,0.00570187234177457,0.0102757661851325,-0.00832408223894084,-0.0296757875567375,0.00469198926040575,-0.0233610869762189,-0.000945163360306627,0.00570187234177457,0.0116424329369544,"all_positive",TRUE,FALSE
"keypress","ss_copy",0,0.00424066109474586,-0.00424066109474586,"B_only_edge",FALSE,"cdtally_SK_GB",0.000631536291161002,0.00271758484287753,-0.00139224539742389,0.00137589039003119,-0.00832408223894084,0.000275898786372092,0.00469198926040575,-0.002724657901002,-0.00151600319374386,-0.00139224539742389,0.00271758484287753,"mixed_or_zero",FALSE,FALSE
"ss_help","ss_copy",0.153123734843197,0,0.153123734843197,"A_only_edge",FALSE,"cdtally_SK_GB",0.133728203480296,0.132788910970012,0.1211037401363,0.13337796155248,-0.00832408223894084,0.00603410193071822,0.00469198926040575,0.136130212432479,0.0169935224107176,0.1211037401363,0.133728203480296,"all_positive",FALSE,FALSE
"wb_t_ho","wb_book",0,0.0291114173636377,-0.0291114173636377,"B_only_edge",FALSE,"cdtally_SK_GB",-0.0149287210871602,-0.0151973446378549,-0.0123042387383863,-0.012467831947062,-0.00832408223894084,0.00373827938494866,0.00785799144545731,-0.0116565324956951,-0.0174548848679426,-0.0151973446378549,-0.0123042387383863,"all_negative",FALSE,FALSE
"keypress","wb_book",0,0.0109599054091444,-0.0109599054091444,"B_only_edge",FALSE,"cdtally_SK_GB",-0.00144026344990807,-0.00300203587992305,-0.000678983596437192,-0.000646757592942809,-0.00832408223894084,0.000275898786372092,0.00785799144545731,-0.00163045545701951,-0.00932944995212489,-0.00300203587992305,-0.000646757592942809,"all_negative",FALSE,FALSE
"wb_t_h","wb_book",0,0.0131330661317923,-0.0131330661317923,"B_only_edge",FALSE,"cdtally_SK_GB",-0.00400155363057182,-0.00713496163279472,-0.00438255397093941,-0.00403827655630508,-0.00832408223894084,0.00594127996756117,0.00785799144545731,0.00147363554350581,-0.0146067016752981,-0.00713496163279472,-0.00400155363057182,"all_negative",FALSE,FALSE
"wb_h","wb_book",0.0458544480564312,0,0.0458544480564312,"A_only_edge",FALSE,"cdtally_SK_GB",0.00839939671803944,0.00850282433912622,0.00888195303577723,0.00958083546321132,-0.00832408223894084,-0.00296380267997609,0.00785799144545731,0.00496950324457981,0.0408849448118514,0.00839939671803944,0.00958083546321132,"all_positive",FALSE,FALSE
"split_h","wb_book",0.00953076734658249,0,0.00953076734658249,"A_only_edge",FALSE,"cdtally_SK_GB",0.00222891608132523,0.00532129998910801,0.00389604344084293,0.0045204485933412,-0.00832408223894084,0.00263643310311579,0.00785799144545731,0.00439925839095748,0.00513150895562501,0.00222891608132523,0.00532129998910801,"all_positive",FALSE,FALSE
"wb_e","book_a",0.0698619057865722,0,0.0698619057865722,"A_only_edge",FALSE,"cdtally_SK_GB",0.0083155012379067,0.0214580368742069,0.0257557131599596,0.00322931428627077,-0.00832408223894084,0.0430888411810709,0.024858124580453,0.0679383847604898,0.0019235210260824,0.00322931428627077,0.0257557131599596,"all_positive",FALSE,FALSE
"keypress","ss_pst",0,0.00525538504136105,-0.00525538504136105,"B_only_edge",FALSE,"cdtally_SK_GB",0.0028528460733666,-0.00209677718947963,0.00153574650392202,-0.000599332639292511,-0.00832408223894084,0.000275898786372092,-0.000182483196589512,-0.00537782057579167,0.00012243553443062,-0.00209677718947963,0.0028528460733666,"mixed_or_zero",FALSE,FALSE
"wb_t_book","book_a_ok",0.194847507971684,0.131298263548564,0.06354924442312,"both_observed",FALSE,"cdtally_SK_GB",0.0153639398860062,0.0174867131307479,0.0137688735835107,0.0138166720453576,-0.00832408223894084,-0.0121301234442625,0.047471565372804,0.0423812995756068,0.0211679448475132,0.0137688735835107,0.0174867131307479,"all_positive",FALSE,FALSE
"keypress","book_a_ok",0.0224565352270687,0,0.0224565352270687,"A_only_edge",FALSE,"cdtally_SK_GB",-0.00393968958921764,-0.00119335168468979,-0.00518670214476558,-0.00301736543100165,-0.00832408223894084,0.000275898786372092,0.047471565372804,0.0354836923310176,-0.0130271571039489,-0.00518670214476558,-0.00119335168468979,"all_negative",FALSE,FALSE
"wb_f","book_m",0,0.0204194677286895,-0.0204194677286895,"B_only_edge",FALSE,"cdtally_SK_GB",0.000504451514384379,-0.00159819320970924,0.00418036370545913,0.00148730081875865,-0.00832408223894084,7.93697136942019e-05,-0.0138002867854907,-0.0215405477963529,0.00112108006766341,-0.00159819320970924,0.00418036370545913,"mixed_or_zero",FALSE,FALSE
"ss","ss_cut",0.00247382629858987,0.00236960161065116,0.00010422468793871,"both_observed",FALSE,"cdtally_SK_GB",-0.00263935243492585,0.00801872731581494,-0.00587189879812612,-0.00367876968649334,-0.00832408223894084,0.0170572585071235,-0.00555923582066411,0.000534588012592702,-0.000430363324653992,-0.00587189879812612,0.00801872731581494,"mixed_or_zero",FALSE,FALSE
"wb_hist_back","wb_pg_8",0.251865575248283,0.336237725961073,-0.08437215071279,"both_observed",TRUE,"lamp_GB",-0.01548189881051,-0.0337892096207399,-0.0215398213711133,-0.0120296099383815,-7.65528479942725e-05,-0.00576530718855563,0.0335041013719011,0.0121803425248411,-0.0965524932376311,-0.0337892096207399,-0.0120296099383815,"all_negative",TRUE,TRUE
"wb","wb_pg_8",0.0476006648720548,0.0529641692006666,-0.0053635043286118,"both_observed",TRUE,"lamp_GB",-0.00835229494689611,-0.025568852994837,-0.0162012914573165,-0.00647736474589058,-7.65528479942725e-05,-0.0045245012277671,0.0335041013719011,0.0205507523492436,-0.0259142566778554,-0.025568852994837,-0.00647736474589058,"all_negative",TRUE,TRUE
"keypress","wb_pg_8",0,0.00268661135313487,-0.00268661135313487,"B_only_edge",TRUE,"lamp_GB",-0.00960066333981623,-0.0306939085979587,-0.0175450613860343,-0.00295886918108817,-7.65528479942725e-05,-0.0017012007004055,0.0335041013719011,0.022125684483685,-0.0248122958368199,-0.0306939085979587,-0.00295886918108817,"all_negative",TRUE,TRUE
"url_ok","wb_pg_8",0,0.118943320233885,-0.118943320233885,"B_only_edge",FALSE,"lamp_GB",-0.194742545220032,-0.224394917182133,-0.205431097632424,-0.189010889162473,-7.65528479942725e-05,0.0729792615887111,0.0335041013719011,-0.0883357351074139,-0.0306075851264711,-0.224394917182133,-0.189010889162473,"all_negative",FALSE,TRUE
"wb_pg_8_2","wb_pg_8",1,1,0,"both_observed",TRUE,"lamp_GB",-0.0136955546664418,0.00341099633968958,-0.00241231829580631,0.00209694793899919,-7.65528479942725e-05,-0.0152846342685019,0.0335041013719011,0.00444735958896309,-0.00444735958896309,-0.0136955546664418,0.00341099633968958,"mixed_or_zero",TRUE,TRUE
"wb_pg_8_1","wb_pg_8",1,0.99769639174297,0.00230360825703002,"both_observed",FALSE,"lamp_GB",-0.00895090373617074,-0.0064452317083297,0.00642625475756915,-0.00988479994824395,-7.65528479942725e-05,-0.0268673157109221,0.0335041013719011,-0.00239067092318606,0.00469427918021608,-0.00988479994824395,0.00642625475756915,"mixed_or_zero",FALSE,TRUE
"file","wb_pg_8",0.0764059840411986,0,0.0764059840411986,"A_only_edge",FALSE,"lamp_GB",0.0197839368854398,0.00569707857032607,0.0153587007463346,0.0201514281100641,-7.65528479942725e-05,-0.00204033352594517,0.0335041013719011,0.0511711518834014,0.0252348321577972,0.00569707857032607,0.0201514281100641,"all_positive",FALSE,TRUE
"wb_hist_for","wb_pg_8",0.0381942201586167,0.0261320596688643,0.0120621604897524,"both_observed",FALSE,"lamp_GB",-0.0313656896430657,-0.0514816698471228,-0.0300731160268501,-0.0249132977295702,-7.65528479942725e-05,-0.0089091613602952,0.0335041013719011,-0.00684730247945411,0.0189094629692065,-0.0514816698471228,-0.0249132977295702,"all_negative",FALSE,TRUE
"wb_pg_0","wb_pg_8",0.641874968762108,0.511991908634514,0.129883060127594,"both_observed",FALSE,"lamp_GB",-0.0014863089487045,-0.0149263910901174,-0.00520499540258062,0.0021877720514202,-7.65528479942725e-05,-0.00128817381747231,0.0335041013719011,0.03065306575773,0.099229994369864,-0.0149263910901174,0.0021877720514202,"mixed_or_zero",FALSE,TRUE
"splithorizontal","wb_pg_8",0.0491171115935159,0.0367647191651985,0.0123523924283174,"both_observed",FALSE,"lamp_GB",-0.021558848555232,-0.0854047376844852,-0.0323291005468722,-0.0240427415743605,-7.65528479942725e-05,-0.0215251744055676,0.0335041013719011,-0.00965647443689284,0.0220088668652102,-0.0854047376844852,-0.021558848555232,"all_negative",FALSE,TRUE
"wb_sch","wb_pg_8",0,0.112073725337302,-0.112073725337302,"B_only_edge",FALSE,"lamp_GB",-0.0810260445124576,-0.140242633528912,-0.0656760688643128,-0.074466653043392,-7.65528479942725e-05,-0.0757559851174169,0.0335041013719011,-0.123354481105968,0.0112807557686657,-0.140242633528912,-0.0656760688643128,"all_negative",FALSE,TRUE
"wb_pg_8","wb_pg_8_4",0.304100036534122,0.186220188416081,0.117879848118041,"both_observed",TRUE,"lamp_GB",0.0143687668551762,0.0150608320897803,0.00819060527292692,0.00888979263967514,-7.65528479942725e-05,-0.0172835859506385,0.0776952909659049,0.0747039190224483,0.0431759290955927,0.00819060527292692,0.0150608320897803,"all_positive",TRUE,TRUE
"wb_pg_8_3","wb_pg_8_4",0.0042939841641057,0,0.0042939841641057,"A_only_edge",TRUE,"lamp_GB",-0.0103634249392939,-0.0121028004468116,-0.0121055832918605,-0.0132073651978097,-7.65528479942725e-05,-0.0238280074872812,0.0776952909659049,0.0434273056913355,-0.0391333215272298,-0.0132073651978097,-0.0103634249392939,"all_negative",TRUE,TRUE
"wb_hist_back","wb_pg_8_4",0.243981342109355,0.107388692607889,0.136592649501466,"both_observed",TRUE,"lamp_GB",0.0108351680631046,0.0127599561694189,0.00337372283436793,0.00448011247645383,-7.65528479942725e-05,-0.00576530718855563,0.0776952909659049,0.0826885989924595,0.0539040505090065,0.00337372283436793,0.0127599561694189,"all_positive",TRUE,TRUE
"wb","wb_pg_8_4",0.0228267744900509,0.0134132817867523,0.0094134927032986,"both_observed",TRUE,"lamp_GB",-0.00057726218322309,0.00233204038717101,-0.00475081142377832,-0.00516590632172784,-7.65528479942725e-05,-0.0045245012277671,0.0776952909659049,0.0725169747069204,-0.0631034820036218,-0.00516590632172784,0.00233204038717101,"mixed_or_zero",TRUE,TRUE
"wb_hist_for","wb_pg_8_4",0.0967350896823975,0,0.0967350896823975,"A_only_edge",FALSE,"lamp_GB",0.0172186084004354,0.0097364259568611,0.014184895037622,0.0127776647710159,-7.65528479942725e-05,-0.0089091613602952,0.0776952909659049,0.0859281851580508,0.0108069045243467,0.0097364259568611,0.0172186084004354,"all_positive",FALSE,TRUE
"wb_pg_8_4","wb_pg_8_4_reason_4",0.682666034585774,0.512870046730729,0.169795987855045,"both_observed",TRUE,"lamp_GB",0.0788335858438051,-0.00794691487243481,0.0216978062910191,0.113925021563279,-7.65528479942725e-05,-0.0119641726821207,0.0702056694891216,0.136998529802812,0.0327974580522332,-0.00794691487243481,0.113925021563279,"mixed_or_zero",TRUE,TRUE
"wb_pg_8_4_request_1","wb_pg_8_4_reason_4",0.0752189580500826,0.0675733578678091,0.00764560018227349,"both_observed",TRUE,"lamp_GB",-0.0137017150850916,-0.0861664439640284,-0.0635565621540427,0.00838299920048914,-7.65528479942725e-05,-0.013722420227463,0.0702056694891216,0.0427049813285728,-0.0350593811462993,-0.0861664439640284,0.00838299920048914,"mixed_or_zero",TRUE,TRUE
"wb_hist_back","wb_pg_8_4_reason_4",0.00187003201967867,0,0.00187003201967867,"A_only_edge",TRUE,"lamp_GB",-0.038535936842788,-0.100251087217152,-0.0842744908522942,-0.0186678003903289,-7.65528479942725e-05,-0.00576530718855563,0.0702056694891216,0.0258278726097838,-0.0239578405901051,-0.100251087217152,-0.0186678003903289,"all_negative",TRUE,TRUE
"wb","wb_pg_8_4_reason_4",0.00529068465351823,0.00178553930075096,0.00350514535276727,"both_observed",TRUE,"lamp_GB",-0.0443266271350624,-0.083537729313367,-0.0784070880451083,-0.0309712183416128,-7.65528479942725e-05,-0.0045245012277671,0.0702056694891216,0.0212779882782979,-0.0177728429255306,-0.083537729313367,-0.0309712183416128,"all_negative",TRUE,TRUE
"keypress","wb_pg_8_4_reason_4",0.0366936334714513,0.0193070907312878,0.0173865427401635,"both_observed",TRUE,"lamp_GB",-0.0351606536119521,-0.0894926807704513,-0.0731477356893735,-0.0203845217516745,-7.65528479942725e-05,-0.0017012007004055,0.0702056694891216,0.0332672623287697,-0.0158807195886062,-0.0894926807704513,-0.0203845217516745,"all_negative",TRUE,TRUE
"wb_pg_pop3","wb_pg_8_4_reason_4",0.274850589724854,0.0921384447894645,0.18271214493539,"both_observed",FALSE,"lamp_GB",0.106455069317581,0.0126068317149101,0.0546391927119325,0.129155790807493,-7.65528479942725e-05,-0.026884065064748,0.0702056694891216,0.14970012089396,0.0330120240414291,0.0126068317149101,0.129155790807493,"all_positive",FALSE,TRUE
"wb_pg_8_4_reason_1","wb_pg_8_4_reason_4",1,0,1,"A_only_edge",FALSE,"lamp_GB",1.0030655419154,0.986087344413598,0.986479526053855,1.09301424454981,-7.65528479942725e-05,-0.0842233913095229,0.0702056694891216,0.988971267247007,0.0110287327529931,0.986087344413598,1.09301424454981,"all_positive",FALSE,TRUE
"wb_pg_8_4_reason_6","wb_pg_8_4_reason_4",0.698074316864477,0.0663739306754719,0.631700386189005,"both_observed",FALSE,"lamp_GB",0.552964930697526,0.428979250194296,0.437344017075719,0.635816097195364,-7.65528479942725e-05,-0.0126219298105212,0.0702056694891216,0.610472117528132,0.0212282686608731,0.428979250194296,0.635816097195364,"all_positive",FALSE,TRUE
"wb_pg_8_4","wb_pg_8_4_request_1",0.0876257571110335,0.136157422783189,-0.0485316656721555,"both_observed",TRUE,"lamp_GB",-0.0383474917462212,0.0196238841847863,-0.000561097834922488,-0.0686428761635144,-7.65528479942725e-05,-0.0119641726821207,0.0106774119633007,-0.0397108053130354,-0.00882086035912012,-0.0686428761635144,0.0196238841847863,"mixed_or_zero",TRUE,TRUE
"wb_pg_8_4_reason_4","wb_pg_8_4_request_1",0.812771373619126,0.7705715628487,0.042199810770426,"both_observed",TRUE,"lamp_GB",0.0231420451871485,0.0733991649119726,0.0587002033353985,-0.00716803660384416,-7.65528479942725e-05,-0.00771161881102867,0.0106774119633007,0.0260312854914263,0.0161685252789997,-0.00716803660384416,0.0733991649119726,"mixed_or_zero",TRUE,TRUE
"wb_hist_back","wb_pg_8_4_request_1",0.00123856907768692,0,0.00123856907768692,"A_only_edge",TRUE,"lamp_GB",0.0058574783880493,0.061621139090537,0.0399970948148759,-0.0260080763994116,-7.65528479942725e-05,-0.00576530718855563,0.0106774119633007,0.0106930303148001,-0.00945446123711321,-0.0260080763994116,0.061621139090537,"mixed_or_zero",TRUE,TRUE
"wb","wb_pg_8_4_request_1",0.00177995974797786,0,0.00177995974797786,"A_only_edge",TRUE,"lamp_GB",0.00816795337567542,0.0468804590073103,0.0300642563874123,-0.0159898053177794,-7.65528479942725e-05,-0.0045245012277671,0.0106774119633007,0.0142443112632148,-0.0124643515152369,-0.0159898053177794,0.0468804590073103,"mixed_or_zero",TRUE,TRUE
"keypress","wb_pg_8_4_request_1",0.0244250953443339,0.0136429102266369,0.010782185117697,"both_observed",TRUE,"lamp_GB",0.0201884659182785,0.0616571241792691,0.042854272981067,-0.0032140420324478,-7.65528479942725e-05,-0.0017012007004055,0.0106774119633007,0.0290881243331795,-0.0183059392154825,-0.0032140420324478,0.0616571241792691,"mixed_or_zero",TRUE,TRUE
"wb_pg_pop3","wb_pg_8_4_request_1",0.146670494129942,0.051648865401669,0.095021628728273,"both_observed",FALSE,"lamp_GB",0.0475773416491668,0.102847885843764,0.0877774870072803,0.0163020499539881,-7.65528479942725e-05,-0.026884065064748,0.0106774119633007,0.0312941356997252,0.0637274930285478,0.0163020499539881,0.102847885843764,"all_positive",FALSE,TRUE
"wb_pg_8_4_reason_1","wb_pg_8_4_request_1",0,1,-1,"B_only_edge",FALSE,"lamp_GB",-0.906270612484571,-0.810065246080509,-0.847838166061991,-0.863938358256075,-7.65528479942725e-05,-0.0842233913095229,0.0106774119633007,-0.979893144678788,-0.0201068553212125,-0.906270612484571,-0.810065246080509,"all_negative",FALSE,TRUE
"wb_pg_8_4_reason_6","wb_pg_8_4_request_1",0.301925683135522,0.676859800121679,-0.374934116986157,"both_observed",FALSE,"lamp_GB",-0.361275475264187,-0.377319442541241,-0.404867480460045,-0.325785190500436,-7.65528479942725e-05,-0.0126219298105212,0.0106774119633007,-0.363296545959401,-0.0116375710267556,-0.404867480460045,-0.325785190500436,"all_negative",FALSE,TRUE
"wb_pg_8","wb_pg_8_3",0.260425482600169,0.366441683012519,-0.10601620041235,"both_observed",TRUE,"lamp_GB",0.0012255393557374,0.00606692404668627,0.00219107190239931,-0.00287019016559826,-7.65528479942725e-05,-0.0172835859506385,-0.0111173739250754,-0.0272519733679708,-0.0787642270443792,-0.00287019016559826,0.00606692404668627,"mixed_or_zero",TRUE,TRUE
"wb_pg_8_4","wb_pg_8_3",0.0305427517354103,0.0659562492390877,-0.0354134975036774,"both_observed",TRUE,"lamp_GB",0.00569780029512309,0.00266818589951948,0.00197791922078249,0.0058342996550688,-7.65528479942725e-05,-0.0119641726821207,-0.0111173739250754,-0.0174602991600673,-0.0179531983436101,0.00197791922078249,0.0058342996550688,"all_positive",TRUE,TRUE
"wb_pg_8_4_reason_4","wb_pg_8_3",0.0269019967776257,0.0355564906400445,-0.0086544938624188,"both_observed",TRUE,"lamp_GB",0.00914520224379291,0.0116890195244528,0.0134774870693849,0.00242618683426938,-7.65528479942725e-05,-0.00771161881102867,-0.0111173739250754,-0.00976034334030545,0.00110584947788665,0.00242618683426938,0.0134774870693849,"all_positive",TRUE,TRUE
"wb_pg_8_4_request_1","wb_pg_8_3",0.215234879347248,0.237300809221891,-0.022065929874643,"both_observed",TRUE,"lamp_GB",0.00753792957068066,0.0122113861183902,0.014104598663825,0.00131977522046156,-7.65528479942725e-05,-0.013722420227463,-0.0111173739250754,-0.017378417429852,-0.00468751244479098,0.00131977522046156,0.014104598663825,"all_positive",TRUE,TRUE
"wb_hist_back","wb_pg_8_3",0.0799559863005525,0.0772823095731142,0.0026736767274383,"both_observed",TRUE,"lamp_GB",0.00831336333692859,0.0166688863079815,0.0114627436285726,0.00164198221176156,-7.65528479942725e-05,-0.00576530718855563,-0.0111173739250754,-0.00864587062469674,0.011319547352135,0.00164198221176156,0.0166688863079815,"all_positive",TRUE,TRUE
"em","wb_pg_8_3",0,0.000884124887443375,-0.000884124887443375,"B_only_edge",TRUE,"lamp_GB",0.00879536301537818,0.0116638414884836,0.0111560261208461,0.00251174799521687,-7.65528479942725e-05,0.000267549670951015,-0.0111173739250754,-0.0021310140867405,0.00124688919929713,0.00251174799521687,0.0116638414884836,"all_positive",TRUE,TRUE
"wb","wb_pg_8_3",0.0295566158987345,0.0239549690891988,0.0056016468095357,"both_observed",TRUE,"lamp_GB",0.00645997958206959,0.013921974541706,0.00912845770203643,0.000642499686949368,-7.65528479942725e-05,-0.0045245012277671,-0.0111173739250754,-0.00925844841876721,0.0148600952283029,0.000642499686949368,0.013921974541706,"all_positive",TRUE,TRUE
"keypress","wb_pg_8_3",0.0908179636273133,0.0856438721506247,0.0051740914766886,"both_observed",TRUE,"lamp_GB",0.00809209447416741,0.0159070059282234,0.0115414728792486,0.00105023080886105,-7.65528479942725e-05,-0.0017012007004055,-0.0111173739250754,-0.00480303299930779,0.00997712447599639,0.00105023080886105,0.0159070059282234,"all_positive",TRUE,TRUE
"wb_pg_8_4_submit","wb_pg_8_3",0.0157905467361182,0.00926464013714796,0.00652590659897024,"both_observed",TRUE,"lamp_GB",0.0260640197261532,0.0209127613474552,0.0349263117830917,0.0150484691734352,-7.65528479942725e-05,-0.00415273218034812,-0.0111173739250754,0.0107173607727354,-0.00419145417376519,0.0150484691734352,0.0349263117830917,"all_positive",TRUE,TRUE
"wb_pg_pop3","wb_pg_8_3",0.202787825872925,0.227234964785275,-0.02444713891235,"both_observed",FALSE,"lamp_GB",0.0121307589575203,0.00268247746223762,0.0186655319559057,0.00562710117113154,-7.65528479942725e-05,-0.026884065064748,-0.0111173739250754,-0.0259472328802975,0.00150009396794747,0.00268247746223762,0.0186655319559057,"all_positive",FALSE,TRUE
"file","wb_pg_8_3",0,0.0109199345857292,-0.0109199345857292,"B_only_edge",FALSE,"lamp_GB",-0.00451904661674784,-0.0016033670087446,-0.00905567185957792,-0.00552675784876105,-7.65528479942725e-05,-0.00204033352594517,-0.0111173739250754,-0.0177533069157627,0.0068333723300335,-0.00905567185957792,-0.0016033670087446,"all_negative",FALSE,TRUE
"wb_hist_for","wb_pg_8_3",0.12667858046752,0.0585697236052738,0.0681088568622462,"both_observed",FALSE,"lamp_GB",0.0178973999304065,0.0209146030557393,0.0248471770536273,0.0129266185139199,-7.65528479942725e-05,-0.0089091613602952,-0.0111173739250754,-0.00220568820295836,0.0703145450652046,0.0129266185139199,0.0248471770536273,"all_positive",FALSE,TRUE
"wb_pg_8_4_reason_6","wb_pg_8_3",0,0.0567141994417603,-0.0567141994417603,"B_only_edge",FALSE,"lamp_GB",-0.0221351059080721,-0.0801760767032996,-0.0918764596845103,0.0297288097807787,-7.65528479942725e-05,-0.0126219298105212,-0.0111173739250754,-0.045950962491663,-0.0107632369500973,-0.0918764596845103,0.0297288097807787,"mixed_or_zero",FALSE,TRUE
"wb_pg_8_3","wb_pg_8_3_1",0.89040685101765,0.924431898758528,-0.034025047740878,"both_observed",FALSE,"lamp_GB",-0.00378821815913088,-0.00441801224428873,-0.00140772192943622,-0.000174386481746724,-7.65528479942725e-05,-0.0238280074872812,-0.00723896607643802,-0.0349317445708444,0.0009066968299664,-0.00441801224428873,-0.000174386481746724,"all_negative",TRUE,FALSE
"wb_pg_pop2","wb_pg_8_3_1",0.0686150541820668,0.197673704528453,-0.129058650346386,"both_observed",FALSE,"lamp_GB",-0.0452603298918256,-0.03632079864057,-0.0372950023291001,-0.0395653505357867,-7.65528479942725e-05,-0.00211656165790058,-0.00723896607643802,-0.0546924104741584,-0.0743662398722278,-0.0452603298918256,-0.03632079864057,"all_negative",FALSE,FALSE
"wb","wb_pg_8_3_1",0.0352619420060079,0.0365699961960912,-0.0013080541900833,"both_observed",FALSE,"lamp_GB",-0.00163791459503814,0.00166995566727778,0.00161692197583589,0.00101068343020366,-7.65528479942725e-05,-0.0045245012277671,-0.00723896607643802,-0.0134779347472375,0.0121698805571542,-0.00163791459503814,0.00166995566727778,"mixed_or_zero",TRUE,FALSE
"keypress","wb_pg_8_3_1",0,0.00163982165220448,-0.00163982165220448,"B_only_edge",FALSE,"lamp_GB",-0.00262169866881678,0.000368110119487637,-0.000566729921633853,0.0015440365859041,-7.65528479942725e-05,-0.0017012007004055,-0.00723896607643802,-0.0116384182936546,0.00999859664145009,-0.00262169866881678,0.0015440365859041,"mixed_or_zero",TRUE,FALSE
"file","wb_pg_8_3_1",0.0171176769683954,0,0.0171176769683954,"A_only_edge",FALSE,"lamp_GB",0.0114743847942822,0.00445568685545774,0.0102888475945962,0.0105418186283559,-7.65528479942725e-05,-0.00204033352594517,-0.00723896607643802,0.00211853234390475,0.0149991446244906,0.00445568685545774,0.0114743847942822,"all_positive",FALSE,FALSE
"wb_hist_for","wb_pg_8_3_1",0.0380598895088727,0.0244329025513922,0.0136269869574805,"both_observed",FALSE,"lamp_GB",-0.00578433045710254,-0.000712477732903027,-0.00249053461978704,0.000514640516440339,-7.65528479942725e-05,-0.0089091613602952,-0.00723896607643802,-0.02200901074183,0.0356359976993105,-0.00578433045710254,0.000514640516440339,"mixed_or_zero",FALSE,FALSE
"wb_pg_8_3_1","wb_pg_pop2",0.927928794773036,0.937839506109728,-0.00991071133669197,"both_observed",FALSE,"lamp_GB",-0.0032380927112348,-0.00334593525052677,-0.000604536594937223,-0.00123727113954237,-7.65528479942725e-05,-0.00944678112721213,-0.000914773487643568,-0.0136762001740848,0.00376548883739281,-0.00334593525052677,-0.000604536594937223,"all_negative",FALSE,FALSE
"wb","wb_pg_pop2",0.0120119072401208,0.00680454863073557,0.00520735860938523,"both_observed",FALSE,"lamp_GB",0.0019676764063735,0.0033696372487459,-0.00149545725220747,0.00359036282667403,-7.65528479942725e-05,-0.0045245012277671,-0.000914773487643568,-0.00354815115703145,0.00875550976641668,-0.00149545725220747,0.00359036282667403,"mixed_or_zero",TRUE,FALSE
"keypress","wb_pg_pop2",0.0155004097924997,0.0331666002351827,-0.017666190442683,"both_observed",FALSE,"lamp_GB",-0.00176122520654715,0.000751818138838766,-0.00352050927641442,-0.000366656952170333,-7.65528479942725e-05,-0.0017012007004055,-0.000914773487643568,-0.00445375224259049,-0.0132124382000925,-0.00352050927641442,0.000751818138838766,"mixed_or_zero",TRUE,FALSE
"wb_pg_8","wb_hist_back",0.260275221672275,0.247536398219713,0.012738823452562,"both_observed",TRUE,"lamp_GB",-0.00586093479928179,-0.0259446111555379,-0.00292617330454223,0.000764636955710664,-7.65528479942725e-05,-0.0172835859506385,0.0594228909660235,0.0362018173681089,-0.0234629939155469,-0.0259446111555379,0.000764636955710664,"mixed_or_zero",TRUE,TRUE
"wb_pg_8_4","wb_hist_back",0.0276027345897565,0.0346799987251402,-0.0070772641353837,"both_observed",TRUE,"lamp_GB",-0.0365318355700039,-0.023220107822121,-0.0153607052629941,-0.0400150615826861,-7.65528479942725e-05,-0.0119641726821207,0.0594228909660235,0.0108503298659046,-0.0179275940012883,-0.0400150615826861,-0.0153607052629941,"all_negative",TRUE,TRUE
"wb_pg_8_4_reason_4","wb_hist_back",0.00631577093129742,0,0.00631577093129742,"A_only_edge",TRUE,"lamp_GB",-0.0285298216787003,-0.0572842156162412,-0.0309482185040626,-0.0248937321490436,-7.65528479942725e-05,-0.00771161881102867,0.0594228909660235,0.0231048976283003,-0.0167891266970028,-0.0572842156162412,-0.0248937321490436,"all_negative",TRUE,TRUE
"wb_pg_8_4_request_1","wb_hist_back",0.0270153001874603,0.028937219799415,-0.0019219196119547,"both_observed",TRUE,"lamp_GB",-0.0166563023224785,-0.0501307522079711,-0.0252471328110348,-0.00770422632571164,-7.65528479942725e-05,-0.013722420227463,0.0594228909660235,0.0289676155680877,-0.0308895351800424,-0.0501307522079711,-0.00770422632571164,"all_negative",TRUE,TRUE
"wb_pg_8_3","wb_hist_back",0.0755097211788983,0.0545258769314366,0.0209838442474617,"both_observed",TRUE,"lamp_GB",-0.00468395167734221,-0.0346978477182276,-0.00545385944908889,-0.00223710095208834,-7.65528479942725e-05,-0.0238280074872812,0.0594228909660235,0.0308343789534057,-0.00985053470594405,-0.0346978477182276,-0.00223710095208834,"all_negative",TRUE,TRUE
"wb_pg_8_3_1","wb_hist_back",0.0106772535190816,0.00489387203814145,0.00578338148094015,"both_observed",FALSE,"lamp_GB",-0.0318452157673619,-0.0566373107691102,-0.0327419234821782,-0.0306610510459318,-7.65528479942725e-05,-0.00944678112721213,0.0594228909660235,0.0180543412234551,-0.012270959742515,-0.0566373107691102,-0.0306610510459318,"all_negative",FALSE,TRUE
"wb_pg_pop2","wb_hist_back",0.238946184349065,0.196016064698562,0.042930119650503,"both_observed",FALSE,"lamp_GB",-0.0317501443601306,-0.0355011071485923,-0.0320154551437093,-0.023346791373142,-7.65528479942725e-05,-0.00211656165790058,0.0594228909660235,0.025479632099998,0.017450487550505,-0.0355011071485923,-0.023346791373142,"all_negative",FALSE,TRUE
"wb","wb_hist_back",0.448075540755215,0.331172834752818,0.116902706002397,"both_observed",TRUE,"lamp_GB",0.0120853207773783,-0.0175890539287941,0.0119803399891944,0.0216416276913358,-7.65528479942725e-05,-0.0045245012277671,0.0594228909660235,0.0669071576676404,0.0499955483347566,-0.0175890539287941,0.0216416276913358,"mixed_or_zero",TRUE,TRUE
"keypress","wb_hist_back",0.0204022639292016,0.0235031761837427,-0.0031009122545411,"both_observed",TRUE,"lamp_GB",-4.33747365741139e-05,-0.0313003023501287,4.55779221931786e-06,0.00830066447340561,-7.65528479942725e-05,-0.0017012007004055,0.0594228909660235,0.0576017626810496,-0.0607026749355907,-0.0313003023501287,0.00830066447340561,"mixed_or_zero",TRUE,TRUE
"wb_pg_2","wb_hist_back",0.375556410435916,0.247236493630668,0.128319916805248,"both_observed",FALSE,"lamp_GB",0.0170595201665578,-0.00199603562419266,0.0160680701671618,0.0242948358524756,-7.65528479942725e-05,-0.000738913911890562,0.0594228909660235,0.0756669443726964,0.0526529724325516,-0.00199603562419266,0.0242948358524756,"mixed_or_zero",FALSE,TRUE
"wb_pg_2_1","wb_hist_back",0,0.0102456531235657,-0.0102456531235657,"B_only_edge",FALSE,"lamp_GB",-0.0397746196944774,-0.0669119693637616,-0.0376467498658785,-0.0321475640055859,-7.65528479942725e-05,-0.0152284726858652,0.0594228909660235,0.0043432457376866,-0.0145888988612523,-0.0669119693637616,-0.0321475640055859,"all_negative",FALSE,TRUE
"wb_pg_pop1","wb_hist_back",0.367318614179195,0.22461293459447,0.142705679584725,"both_observed",FALSE,"lamp_GB",0.0245386378666825,0.00345777024805493,0.0232721537196285,0.0323676746332609,-7.65528479942725e-05,0.00452583465652866,0.0594228909660235,0.0884108106412403,0.0542948689434847,0.00345777024805493,0.0323676746332609,"all_positive",FALSE,TRUE
"wb_pg_2_3","wb_hist_back",0.0207677738181481,0,0.0207677738181481,"A_only_edge",FALSE,"lamp_GB",-0.00586062367706688,-0.0311068166469338,-0.0051467903812184,-0.0035050828579276,-7.65528479942725e-05,-0.000540585550464934,0.0594228909660235,0.0529451288904974,-0.0321773550723493,-0.0311068166469338,-0.0035050828579276,"all_negative",FALSE,TRUE
"wb_pg_pop3","wb_hist_back",0.0774110490944745,0.121571514843224,-0.0441604657487495,"both_observed",FALSE,"lamp_GB",-0.0713912526160979,-0.117328886149644,-0.0813853671222072,-0.0744560924076861,-7.65528479942725e-05,-0.026884065064748,0.0594228909660235,-0.0389289795628168,-0.00523148618593273,-0.117328886149644,-0.0713912526160979,"all_negative",FALSE,TRUE
"wb_pg_7","wb_hist_back",0.7795152828445,0.74823577398392,0.03127950886058,"both_observed",FALSE,"lamp_GB",-0.00316888041264943,-0.0276886607170253,-0.00518642157586228,-0.0026785137535632,-7.65528479942725e-05,-0.0164314907616797,0.0594228909660235,0.0397459669437001,-0.00846645808312014,-0.0276886607170253,-0.0026785137535632,"all_negative",FALSE,TRUE
"wb_pg_8_1","wb_hist_back",0,0.00230360825702631,-0.00230360825702631,"B_only_edge",FALSE,"lamp_GB",-0.029086732752302,-0.0265070529056105,-0.0146998538749686,-0.0337102948410329,-7.65528479942725e-05,-0.0268673157109221,0.0594228909660235,0.00339228965480502,-0.00569589791183133,-0.0337102948410329,-0.0146998538749686,"all_negative",FALSE,TRUE
"wb_pg_10","wb_hist_back",0.85438720898741,0.797428522902683,0.0569586860847271,"both_observed",FALSE,"lamp_GB",0.0102704410958888,-0.00496475224073668,0.0120668360728694,0.0170409372494027,-7.65528479942725e-05,-0.0151246226298513,0.0594228909660235,0.0544921565840667,0.00246652950066042,-0.00496475224073668,0.0170409372494027,"mixed_or_zero",FALSE,TRUE
"file","wb_hist_back",0.252113825708776,0.103030022179765,0.149083803529011,"both_observed",FALSE,"lamp_GB",0.0375447596567963,0.00716074096907298,0.0344504635024557,0.0400064377118129,-7.65528479942725e-05,-0.00204033352594517,0.0594228909660235,0.0948507642488803,0.0542330392801307,0.00716074096907298,0.0400064377118129,"all_positive",FALSE,TRUE
"wb_hist_for","wb_hist_back",0.552395349663815,0.654997410397103,-0.102602060733288,"both_observed",FALSE,"lamp_GB",-0.0631083597814775,-0.102637352414621,-0.060895690297124,-0.0650896783215934,-7.65528479942725e-05,-0.0089091613602952,0.0594228909660235,-0.0126711830237435,-0.0899308777095445,-0.102637352414621,-0.060895690297124,"all_negative",FALSE,TRUE
"help","wb_hist_back",0.232103009528913,0.141715588373374,0.090387421155539,"both_observed",FALSE,"lamp_GB",0.0759711390034193,0.0114526971410208,0.0647611120041954,0.0596454290536464,-7.65528479942725e-05,-0.0251551319769124,0.0594228909660235,0.110162345144536,-0.0197749239889971,0.0114526971410208,0.0759711390034193,"all_positive",FALSE,TRUE
"wb_pg_0","wb_hist_back",0.0153223583445061,0,0.0153223583445061,"A_only_edge",FALSE,"lamp_GB",0.00312678698934813,-0.0205838287552022,0.00261269967642892,0.00729119858252994,-7.65528479942725e-05,-0.00128817381747231,0.0594228909660235,0.061184951289905,-0.0458625929453989,-0.0205838287552022,0.00729119858252994,"mixed_or_zero",FALSE,TRUE
"wb_pg_1","wb_hist_back",0.828540904653832,0.527176877254534,0.301364027399298,"both_observed",FALSE,"lamp_GB",0.180707721604234,0.200209791244169,0.173509111159791,0.19707061377531,-7.65528479942725e-05,-0.00580794752048242,0.0594228909660235,0.234246112201781,0.067117915197517,0.173509111159791,0.200209791244169,"all_positive",FALSE,TRUE
"wb_pg_4","wb_hist_back",0.85321267544512,0.392571291548409,0.460641383896711,"both_observed",FALSE,"lamp_GB",0.307970710445279,0.329351725002772,0.292643527234911,0.319043888148355,-7.65528479942725e-05,0.0401843153634442,0.0594228909660235,0.407501363926752,0.0531400199699591,0.292643527234911,0.329351725002772,"all_positive",FALSE,TRUE
"wb_pg_5","wb_hist_back",1,0.562324429244407,0.437675570755593,"both_observed",FALSE,"lamp_GB",0.253954888811922,0.303803698685383,0.240871058191589,0.277855713860057,-7.65528479942725e-05,0.0970228109845527,0.0594228909660235,0.410324037914504,0.0273515328410888,0.240871058191589,0.303803698685383,"all_positive",FALSE,TRUE
"splitvertical","wb_hist_back",0.134792726407472,0,0.134792726407472,"A_only_edge",FALSE,"lamp_GB",0.0558023348714409,0.0662594924798864,0.0348274816018541,0.0438570377504406,-7.65528479942725e-05,0.0161890447686784,0.0594228909660235,0.131337717758148,0.00345500864932355,0.0348274816018541,0.0662594924798864,"all_positive",FALSE,TRUE
"wb_sch","wb_hist_back",0,0.273022549685989,-0.273022549685989,"B_only_edge",FALSE,"lamp_GB",-0.268790217700898,-0.354404771161726,-0.253101395320159,-0.271463723207752,-7.65528479942725e-05,-0.0757559851174169,0.0594228909660235,-0.285199864700285,0.0121773150142964,-0.354404771161726,-0.253101395320159,"all_negative",FALSE,TRUE
"wb_pg_8","em",0.0324422015329102,0.0379528987453719,-0.0055106972124617,"both_observed",TRUE,"lamp_GB",0.0048903396241058,0.00569205643917627,0.00395130790599597,0.00232968954338656,-7.65528479942725e-05,-0.0172835859506385,-0.00771966629941262,-0.0201894654739396,0.0146787682614779,0.00232968954338656,0.00569205643917627,"all_positive",TRUE,TRUE
"wb_pg_8_4","em",0.0236272934005989,0.0152908843169131,0.0083364090836858,"both_observed",TRUE,"lamp_GB",0.016794992600729,0.00142016577655948,0.00629550406659631,0.0192752344796193,-7.65528479942725e-05,-0.0119641726821207,-0.00771966629941262,-0.00296539922879852,0.0113018083124843,0.00142016577655948,0.0192752344796193,"all_positive",TRUE,TRUE
"wb_pg_8_4_reason_4","em",0.0153813524617672,0,0.0153813524617672,"A_only_edge",TRUE,"lamp_GB",0.011251612548347,0.00391323945536829,0.0154754837882081,0.00649287017963706,-7.65528479942725e-05,-0.00771161881102867,-0.00771966629941262,-0.00425622541008859,0.0196375778718558,0.00391323945536829,0.0154754837882081,"all_positive",TRUE,TRUE
"wb_pg_8_4_request_1","em",0.108254879425286,0.0519934837271145,0.0562613956981715,"both_observed",TRUE,"lamp_GB",0.0112280644533105,0.00887450516217738,0.0164959798421122,0.00606427749685027,-7.65528479942725e-05,-0.013722420227463,-0.00771966629941262,-0.0102905749215593,0.0665519706197308,0.00606427749685027,0.0164959798421122,"all_positive",TRUE,TRUE
"wb_pg_8_3","em",0.0213338106367279,0.012256912490802,0.0090768981459259,"both_observed",TRUE,"lamp_GB",0.00425775088212563,0.00547798121965633,0.00533728073978635,0.00236861412335331,-7.65528479942725e-05,-0.0238280074872812,-0.00771966629941262,-0.0273664757525625,0.0364433738984884,0.00236861412335331,0.00547798121965633,"all_positive",TRUE,TRUE
"wb_pg_8_3_1","em",0.0283573321338378,0.0167889912709845,0.0115683408628533,"both_observed",FALSE,"lamp_GB",0.0158470033113524,0.00362307818798469,0.0176098956954597,0.0128440712739096,-7.65528479942725e-05,-0.00944678112721213,-0.00771966629941262,-0.00139599696326664,0.0129643378261199,0.00362307818798469,0.0176098956954597,"all_positive",FALSE,TRUE
"wb_pg_pop2","em",0.636301120325461,0.534392693225294,0.101908427100167,"both_observed",FALSE,"lamp_GB",0.0225733144338012,0.0104252861542117,0.0232218554256906,0.0184819250848832,-7.65528479942725e-05,-0.00211656165790058,-0.00771966629941262,0.0126605336284938,0.0892478934716732,0.0104252861542117,0.0232218554256906,"all_positive",FALSE,TRUE
"wb_hist_back","em",0.0682239442311585,0.0617256781572902,0.0064982660738683,"both_observed",TRUE,"lamp_GB",0.00590149670425935,0.0121087133157994,0.00698525210839661,0.00312945835795699,-7.65528479942725e-05,-0.00576530718855563,-0.00771966629941262,-0.00766002963170317,0.0141582957055715,0.00312945835795699,0.0121087133157994,"all_positive",TRUE,TRUE
"em_m_view_305","em",0.0503913911664903,0.0497638066978689,0.000627584468621399,"both_observed",TRUE,"lamp_GB",-0.0353999333906131,-0.040594574579275,-0.038240815177033,-0.0408816115838517,-7.65528479942725e-05,0.0112980372160502,-0.00771966629941262,-0.0318981153219698,0.0325256997905912,-0.0408816115838517,-0.0353999333906131,"all_negative",TRUE,TRUE
"wb","em",0.0980288131393976,0.212652589224037,-0.114623776084639,"both_observed",TRUE,"lamp_GB",0.00159121337601906,0.0104242314126824,0.00341941538434582,-0.000273788602092197,-7.65528479942725e-05,-0.0045245012277671,-0.00771966629941262,-0.0107295069991549,-0.103894269085484,-0.000273788602092197,0.0104242314126824,"mixed_or_zero",TRUE,TRUE
"keypress","em",0.130348215343196,0.0918208374253497,0.0385273779178463,"both_observed",TRUE,"lamp_GB",0.00344676184624905,0.0101847865314967,0.00647100330356068,-0.000413480505886965,-7.65528479942725e-05,-0.0017012007004055,-0.00771966629941262,-0.00605065800156334,0.0445780359194096,-0.000413480505886965,0.0101847865314967,"mixed_or_zero",TRUE,TRUE
"wb_pg_8_4_submit","em",0.03596055313547,0,0.03596055313547,"A_only_edge",TRUE,"lamp_GB",0.0314969174435167,0.0236898370860491,0.0331440587876794,0.0265184637149857,-7.65528479942725e-05,-0.00415273218034812,-0.00771966629941262,0.0195479661157617,0.0164125870197083,0.0236898370860491,0.0331440587876794,"all_positive",TRUE,TRUE
"wb_pg_2","em",0.121074490460495,0.11276531881207,0.008309171648425,"both_observed",FALSE,"lamp_GB",-0.00141938422962745,0.00507502434534607,-0.000803585208437775,-0.00294128314496647,-7.65528479942725e-05,-0.000738913911890562,-0.00771966629941262,-0.0099545172889249,0.0182636889373499,-0.00294128314496647,0.00507502434534607,"mixed_or_zero",FALSE,TRUE
"em_f_view","em",0.0482094432971701,0.0612264074852691,-0.013016964188099,"both_observed",TRUE,"lamp_GB",0.00776444039941415,0.00633418216926398,0.00784168994936813,0.00418754529132419,-7.65528479942725e-05,5.08773323784224e-05,-0.00771966629941262,1.90985843856791e-05,-0.0130360627724847,0.00418754529132419,0.00784168994936813,"all_positive",TRUE,TRUE
"em_m_view_117","em",0.00912022400127721,0.0119447548705373,-0.00282453086926009,"both_observed",FALSE,"lamp_GB",-0.00142288545692455,0.0056694088560286,-0.000786878890864471,-0.00218824344864217,-7.65528479942725e-05,-0.00231177087351372,-0.00771966629941262,-0.0115308754778452,0.00870634460858507,-0.00218824344864217,0.0056694088560286,"mixed_or_zero",FALSE,TRUE
"em_m_view_119","em",0.0218387539784183,0,0.0218387539784183,"A_only_edge",FALSE,"lamp_GB",-0.00155055927042219,0.00434388422019245,-0.00137733582312637,-0.00319599375950704,-7.65528479942725e-05,-0.0048400052824886,-0.00771966629941262,-0.0141867837003177,0.036025537678736,-0.00319599375950704,0.00434388422019245,"mixed_or_zero",FALSE,TRUE
"em_m_view_113","em",0.010233355272924,0,0.010233355272924,"A_only_edge",FALSE,"lamp_GB",0.00586994291541488,0.00864294614312673,0.00667986931037146,0.00481609821578161,-7.65528479942725e-05,0.00238019695032605,-0.00771966629941262,0.000453920718334042,0.00977943455458996,0.00481609821578161,0.00864294614312673,"all_positive",FALSE,TRUE
"em_m_view_115","em",0,0.0244535469485618,-0.0244535469485618,"B_only_edge",FALSE,"lamp_GB",-0.00176855622048851,0.00433384092308263,-0.00139288252442968,-0.00340398805325537,-7.65528479942725e-05,-0.003974451058451,-0.00771966629941262,-0.0135392264263464,-0.0109143205222154,-0.00340398805325537,0.00433384092308263,"mixed_or_zero",FALSE,TRUE
"wb_pg_2_1","em",0,0.00671449105140167,-0.00671449105140167,"B_only_edge",FALSE,"lamp_GB",0.0166353623758578,0.00636125887069298,0.0181917213956464,0.0139184591525937,-7.65528479942725e-05,-0.0152284726858652,-0.00771966629941262,-0.00638932945741428,-0.000325161593987394,0.00636125887069298,0.0181917213956464,"all_positive",FALSE,TRUE
"wb_pg_pop1","em",0.0587562761062903,0.086897233063559,-0.0281409569572687,"both_observed",FALSE,"lamp_GB",-0.00230757556225037,0.00576911418964593,-0.00165123899930301,-0.00292855571257891,-7.65528479942725e-05,0.00452583465652866,-0.00771966629941262,-0.0055779600531286,-0.0225629969041401,-0.00292855571257891,0.00576911418964593,"mixed_or_zero",FALSE,TRUE
"wb_pg_2_2","em",0,0.0102521391103814,-0.0102521391103814,"B_only_edge",FALSE,"lamp_GB",-0.00324116980265384,0.00143472191803905,-0.00329534605368286,-0.00554736885276145,-7.65528479942725e-05,0.00246829593081197,-0.00771966629941262,-0.00856909301924876,-0.00168304609113264,-0.00554736885276145,0.00143472191803905,"mixed_or_zero",FALSE,TRUE
"wb_pg_2_3","em",0.00859656034083551,0,0.00859656034083551,"A_only_edge",FALSE,"lamp_GB",0.000240976286038683,0.00429681751719976,-0.000404740309763349,-0.00298026631323133,-7.65528479942725e-05,-0.000540585550464934,-0.00771966629941262,-0.00809582841183314,0.0166923887526687,-0.00298026631323133,0.00429681751719976,"mixed_or_zero",FALSE,TRUE
"em_m_view_101","em",0,0.0189088955329967,-0.0189088955329967,"B_only_edge",FALSE,"lamp_GB",-0.000129541720765845,0.00325436972180806,-6.96513750161275e-05,-0.00211943077389437,-7.65528479942725e-05,-0.00456062905288972,-0.00771966629941262,-0.0124863899210625,-0.00642250561193424,-0.00211943077389437,0.00325436972180806,"mixed_or_zero",FALSE,TRUE
"em_m_view_105","em",0.00808982247053701,0,0.00808982247053701,"A_only_edge",FALSE,"lamp_GB",2.29972726050983e-05,0.0066143752856183,0.000634138408023802,-0.000821409337864124,-7.65528479942725e-05,-0.00529786905258469,-0.00771966629941262,-0.0130710909273865,0.0211609133979235,-0.000821409337864124,0.0066143752856183,"mixed_or_zero",FALSE,TRUE
"url_ok","em",0.529494411617258,0.256167011925977,0.273327399691281,"both_observed",FALSE,"lamp_GB",0.121939215640221,0.0900514879081486,0.123992277453901,0.11837181886759,-7.65528479942725e-05,0.0729792615887111,-0.00771966629941262,0.187122258081526,0.0862051416097554,0.0900514879081486,0.123992277453901,"all_positive",FALSE,TRUE
"wb_pg_pop3","em",0.101809336411265,0.078293388509042,0.023515947902223,"both_observed",FALSE,"lamp_GB",0.0203201148828204,-0.0133283060230835,0.0289297056896349,0.0131037203537084,-7.65528479942725e-05,-0.026884065064748,-0.00771966629941262,-0.0143601693293345,0.0378761172315575,-0.0133283060230835,0.0289297056896349,"mixed_or_zero",FALSE,TRUE
"wb_pg_7","em",0.104169161255224,0.13564171203363,-0.031472550778406,"both_observed",FALSE,"lamp_GB",0.00198979132582906,0.00141934568198529,0.00454981195337683,0.00114596751437094,-7.65528479942725e-05,-0.0164314907616797,-0.00771966629941262,-0.0222379185832575,-0.00923463219514853,0.00114596751437094,0.00454981195337683,"all_positive",FALSE,TRUE
"wb_pg_10","em",0.0707880818373687,0.0924484073793026,-0.0216603255419339,"both_observed",FALSE,"lamp_GB",0.00297013176948632,0.00925934458552494,0.00314230483519538,0.00103121422723111,-7.65528479942725e-05,-0.0151246226298513,-0.00771966629941262,-0.0199507100077719,-0.00170961553416204,0.00103121422723111,0.00925934458552494,"all_positive",FALSE,TRUE
"file","em",0,0.14247356590073,-0.14247356590073,"B_only_edge",FALSE,"lamp_GB",-0.0156489584375269,-0.00262821840136698,-0.016167549752734,-0.0167412801743388,-7.65528479942725e-05,-0.00204033352594517,-0.00771966629941262,-0.0254855111108789,-0.116988054789851,-0.0167412801743388,-0.00262821840136698,"all_negative",FALSE,TRUE
"wb_hist_for","em",0.0903008393918705,0.0819234268381995,0.008377412553671,"both_observed",FALSE,"lamp_GB",0.0227740610464481,0.00310189703074961,0.0264872267687375,0.0205002177220224,-7.65528479942725e-05,-0.0089091613602952,-0.00771966629941262,0.00606868053874605,0.00230873201492495,0.00310189703074961,0.0264872267687375,"all_positive",FALSE,TRUE
"message","em",0,0.0119344011512982,-0.0119344011512982,"B_only_edge",FALSE,"lamp_GB",-0.0441367293691821,-0.0798633108628935,-0.0485200308287273,-0.0551874822075762,-7.65528479942725e-05,-0.0183002770501274,-0.00771966629941262,-0.0702332255667164,0.0582988244154182,-0.0798633108628935,-0.0441367293691821,"all_negative",FALSE,TRUE
"help","em",0,0.181993412578377,-0.181993412578377,"B_only_edge",FALSE,"lamp_GB",-0.0581968788461124,-0.0354700902017882,-0.0604670863886486,-0.0597144488891732,-7.65528479942725e-05,-0.0251551319769124,-0.00771966629941262,-0.0911482299704316,-0.0908451826079454,-0.0604670863886486,-0.0354700902017882,"all_negative",FALSE,TRUE
"wb_pg_0","em",0.069207932129933,0.0656341847074441,0.00357374742248889,"both_observed",FALSE,"lamp_GB",0.000220907193541107,0.00532976441740486,0.00076438179441929,-0.00188048918511435,-7.65528479942725e-05,-0.00128817381747231,-0.00771966629941262,-0.00886348577133809,0.012437233193827,-0.00188048918511435,0.00532976441740486,"mixed_or_zero",FALSE,TRUE
"wb_pg_1","em",0,0.0956876593307806,-0.0956876593307806,"B_only_edge",FALSE,"lamp_GB",-0.0524958606863519,0.0212405181722686,-0.0556728475438815,-0.0462725578379721,-7.65528479942725e-05,-0.00580794752048242,-0.00771966629941262,-0.0661000273542412,-0.0295876319765394,-0.0556728475438815,0.0212405181722686,"mixed_or_zero",FALSE,TRUE
"wb_pg_4","em",0,0.0643314130689627,-0.0643314130689627,"B_only_edge",FALSE,"lamp_GB",-0.0822696937734571,-0.0292581871221558,-0.0938186560545198,-0.0698676574087167,-7.65528479942725e-05,0.0401843153634442,-0.00771966629941262,-0.0498815975574198,-0.0144498155115429,-0.0938186560545198,-0.0292581871221558,"all_negative",FALSE,TRUE
"copy","em",0,0.114273073926424,-0.114273073926424,"B_only_edge",FALSE,"lamp_GB",-0.027940867599207,-0.0209579181239765,-0.0278953675042361,-0.0303235439213359,-7.65528479942725e-05,-0.00184990353196014,-0.00771966629941262,-0.0375869902785741,-0.0766860836478499,-0.0303235439213359,-0.0209579181239765,"all_negative",FALSE,TRUE
"em_re","em",0,0.0209469755482202,-0.0209469755482202,"B_only_edge",FALSE,"lamp_GB",-0.0365895338599523,-0.0480222457762481,-0.0362147403887474,-0.0422986382051891,-7.65528479942725e-05,0.0164961689112805,-0.00771966629941262,-0.0278895840960786,0.00694260854785844,-0.0480222457762481,-0.0362147403887474,"all_negative",FALSE,TRUE
"splithorizontal","em",0,0.131390926130188,-0.131390926130188,"B_only_edge",FALSE,"lamp_GB",-0.00365453751502953,0.0275371154513771,-0.00757330345342867,-0.00153672865730796,-7.65528479942725e-05,-0.0215251744055676,-0.00771966629941262,-0.0329759310680041,-0.0984149950621839,-0.00757330345342867,0.0275371154513771,"mixed_or_zero",FALSE,TRUE
"em_m_drag","em",0.0640369068080822,0,0.0640369068080822,"A_only_edge",FALSE,"lamp_GB",0.0598863564171641,0.0285321892876695,0.0629564923260076,0.0524559085685264,-7.65528479942725e-05,0.00818811765305253,-0.00771966629941262,0.0602782549228097,0.00375865188527248,0.0285321892876695,0.0629564923260076,"all_positive",FALSE,TRUE
"wb_sch","em",0.193841628791123,0.302678300483712,-0.108836671692589,"both_observed",FALSE,"lamp_GB",0.0519654126257276,-0.0348616539823206,0.083086019849733,0.0576631707666433,-7.65528479942725e-05,-0.0757559851174169,-0.00771966629941262,-0.0315867916390962,-0.0772498800534928,-0.0348616539823206,0.083086019849733,"mixed_or_zero",FALSE,TRUE
"wb_pg_8_3","em_m_view_305",0,0.000791664011137209,-0.000791664011137209,"B_only_edge",TRUE,"lamp_GB",0.00176592265485911,-0.0156798118956472,0.00418171108906417,-0.000396191074895593,-7.65528479942725e-05,-0.0238280074872812,0.0442388200489498,0.0221001823685334,-0.0228918463796706,-0.0156798118956472,0.00418171108906417,"mixed_or_zero",TRUE,TRUE
"em","em_m_view_305",0.394506390879935,0.271734040473124,0.122772350406811,"both_observed",TRUE,"lamp_GB",0.0068073273194477,0.0103632379495545,0.00723044816508346,0.00194563432844453,-7.65528479942725e-05,0.000267549670951015,0.0442388200489498,0.0512371441913543,0.0715352062154568,0.00194563432844453,0.0103632379495545,"all_positive",TRUE,TRUE
"keypress","em_m_view_305",0.0172233961841001,0.0125461125623138,0.0046772836217863,"both_observed",TRUE,"lamp_GB",-0.000401883500356264,-0.00413772843176663,0.00491721879945822,-0.00692186366363863,-7.65528479942725e-05,-0.0017012007004055,0.0442388200489498,0.0420591830001938,-0.0373818993784075,-0.00692186366363863,0.00491721879945822,"mixed_or_zero",TRUE,TRUE
"em_f_view","em_m_view_305",0.431798312121275,0.257452009696189,0.174346302425086,"both_observed",TRUE,"lamp_GB",0.0137628456232686,0.0133893301782547,0.0146085322848251,0.00770648493725705,-7.65528479942725e-05,5.08773323784224e-05,0.0442388200489498,0.0579759901566025,0.116370312268484,0.00770648493725705,0.0146085322848251,"all_positive",TRUE,TRUE
"em_m_view_116","em_m_view_305",0.0695240257341653,0.0565206425499669,0.0130033831841984,"both_observed",FALSE,"lamp_GB",-0.00632421555447489,-0.00386014546851497,-0.00463566783078178,-0.0098759217071631,-7.65528479942725e-05,-0.00652499781214751,0.0442388200489498,0.0313130538343331,-0.0183096706501347,-0.0098759217071631,-0.00386014546851497,"all_negative",FALSE,TRUE
"em_m_view_117","em_m_view_305",0.00908742588796172,0,0.00908742588796172,"A_only_edge",FALSE,"lamp_GB",-0.011761696989217,-0.00595325499313963,-0.01011290906744,-0.0144282102431954,-7.65528479942725e-05,-0.00231177087351372,0.0442388200489498,0.0300887993382248,-0.0210013734502631,-0.0144282102431954,-0.00595325499313963,"all_negative",FALSE,TRUE
"em_m_view_119","em_m_view_305",0.0110676353698489,0.0143240769891345,-0.0032564416192856,"both_observed",FALSE,"lamp_GB",-0.011811140545418,-0.0092282361195345,-0.00996030764649988,-0.0149575142405862,-7.65528479942725e-05,-0.0048400052824886,0.0442388200489498,0.0275111213730489,-0.0307675629923345,-0.0149575142405862,-0.0092282361195345,"all_negative",FALSE,TRUE
"em_m_view_115","em_m_view_305",0,0.0139755653180344,-0.0139755653180344,"B_only_edge",FALSE,"lamp_GB",-0.0121473990538302,-0.00680760860399627,-0.0103920146389585,-0.0148431003886916,-7.65528479942725e-05,-0.003974451058451,0.0442388200489498,0.0280404170886744,-0.0420159824067088,-0.0148431003886916,-0.00680760860399627,"all_negative",FALSE,TRUE
"em_m_view_105","em_m_view_305",0,0.0115353027086449,-0.0115353027086449,"B_only_edge",FALSE,"lamp_GB",-0.0103136295268352,-0.00745644404236976,-0.00829918261532671,-0.0124573654918588,-7.65528479942725e-05,-0.00529786905258469,0.0442388200489498,0.0285507686215357,-0.0400860713301806,-0.0124573654918588,-0.00745644404236976,"all_negative",FALSE,TRUE
"file","em_m_view_305",0,0.0147988560297411,-0.0147988560297411,"B_only_edge",FALSE,"lamp_GB",-0.0368860355750726,0.0013579174294768,-0.0365774091492921,-0.0400125875669637,-7.65528479942725e-05,-0.00204033352594517,0.0442388200489498,0.00523589809993778,-0.0200347541296789,-0.0400125875669637,0.0013579174294768,"mixed_or_zero",FALSE,TRUE
"message","em_m_view_305",0,0.0120437595692422,-0.0120437595692422,"B_only_edge",FALSE,"lamp_GB",-0.0267134968910353,-0.070273982559215,-0.0252709833205931,-0.0385421323848,-7.65528479942725e-05,-0.0183002770501274,0.0442388200489498,-0.000851506740207106,-0.0111922528290351,-0.070273982559215,-0.0252709833205931,"all_negative",FALSE,TRUE
"em_re","em_m_view_305",0.0417196542870719,0,0.0417196542870719,"A_only_edge",FALSE,"lamp_GB",-0.0331421151874094,-0.0066021459403631,-0.0260072219551045,-0.0402810930717018,-7.65528479942725e-05,0.0164961689112805,0.0442388200489498,0.0275163209248266,0.0142033333622453,-0.0402810930717018,-0.0066021459403631,"all_negative",FALSE,TRUE
"em_m_drag","em_m_view_305",0.399603391221733,0.161403149373291,0.238200241848442,"both_observed",FALSE,"lamp_GB",0.140034230975572,0.15022260365771,0.144829539777588,0.134016673127081,-7.65528479942725e-05,0.00818811765305253,0.0442388200489498,0.19238461582958,0.0458156260188624,0.134016673127081,0.15022260365771,"all_positive",FALSE,TRUE
"wb_pg_8","wb",0.0167428414105634,0.0269065492063186,-0.0101637077957552,"both_observed",TRUE,"lamp_GB",-0.0254885260858829,-0.0354157813611278,-0.024761193700478,-0.0174589786932144,-7.65528479942725e-05,-0.0172835859506385,0.0354564527486346,-0.00739221213588104,-0.00277149565987416,-0.0354157813611278,-0.0174589786932144,"all_negative",TRUE,TRUE
"wb_pg_8_4","wb",0.00420417581024911,0.00717745441901984,-0.00297327860877073,"both_observed",TRUE,"lamp_GB",-0.0269731094555259,-0.0113815503954099,-0.00496652713072313,-0.0312613051645218,-7.65528479942725e-05,-0.0119641726821207,0.0354564527486346,-0.00355738223700618,0.00058410362823545,-0.0312613051645218,-0.00496652713072313,"all_negative",TRUE,TRUE
"wb_pg_8_4_request_1","wb",0.0138414391263425,0.013080438295166,0.000761000831176499,"both_observed",TRUE,"lamp_GB",-0.0299818814135936,-0.0535710892043552,-0.0378389352367678,-0.0179592923438499,-7.65528479942725e-05,-0.013722420227463,0.0354564527486346,-0.0083244017404162,0.00908540257159269,-0.0535710892043552,-0.0179592923438499,"all_negative",TRUE,TRUE
"wb_pg_8_3","wb",0.00541430643686811,0.00654783404497,-0.00113352760810189,"both_observed",TRUE,"lamp_GB",-0.0176305366122664,-0.0326196834915867,-0.020421286284169,-0.00793093113893824,-7.65528479942725e-05,-0.0238280074872812,0.0354564527486346,-0.00607864419890724,0.00494511659080535,-0.0326196834915867,-0.00793093113893824,"all_negative",TRUE,TRUE
"wb_pg_8_3_1","wb",0.00312071497857836,0.00265943855651059,0.00046127642206777,"both_observed",FALSE,"lamp_GB",-0.0220189057956635,-0.0413606061875751,-0.0240713816801838,-0.0141662430234922,-7.65528479942725e-05,-0.00944678112721213,0.0354564527486346,0.00391421297776469,-0.00345293655569692,-0.0413606061875751,-0.0141662430234922,"all_negative",FALSE,TRUE
"wb_pg_pop2","wb",0.0448785627567122,0.0478387926063994,-0.0029602298496872,"both_observed",FALSE,"lamp_GB",-0.0383975663917546,-0.0411488405405717,-0.0358642717558304,-0.0292282556589549,-7.65528479942725e-05,-0.00211656165790058,0.0354564527486346,-0.00513422814901486,0.00217399829932766,-0.0411488405405717,-0.0292282556589549,"all_negative",FALSE,TRUE
"wb_hist_back","wb",0.00777926986100101,0.0151355718643637,-0.00735630200336269,"both_observed",TRUE,"lamp_GB",-0.0497208956527855,-0.0643109625623441,-0.0574196092305603,-0.0410442295242661,-7.65528479942725e-05,-0.00576530718855563,0.0354564527486346,-0.0201063029407008,0.0127500009373381,-0.0643109625623441,-0.0410442295242661,"all_negative",TRUE,TRUE
"em","wb",0.227888592134099,0.306294579251079,-0.07840598711698,"both_observed",TRUE,"lamp_GB",-0.0472243786293212,-0.0457196338688475,-0.0507790661647616,-0.038565213366039,-7.65528479942725e-05,0.000267549670951015,0.0354564527486346,-0.0115769290577299,-0.0668290580592501,-0.0507790661647616,-0.038565213366039,"all_negative",TRUE,TRUE
"em_m_view_305","wb",0.80912279385068,0.404784800821074,0.404337993029606,"both_observed",TRUE,"lamp_GB",0.225887989492395,0.230507735548676,0.226607175899197,0.229602975323923,-7.65528479942725e-05,0.0112980372160502,0.0354564527486346,0.272565926609085,0.131772066420521,0.225887989492395,0.230507735548676,"all_positive",TRUE,TRUE
"keypress","wb",0.150995082872227,0.177047529196025,-0.026052446323798,"both_observed",TRUE,"lamp_GB",-0.0322058702726513,-0.0576229939972831,-0.0460731097538454,-0.0153606977014437,-7.65528479942725e-05,-0.0017012007004055,0.0354564527486346,0.00147282892758357,-0.0275252752513816,-0.0576229939972831,-0.0153606977014437,"all_negative",TRUE,TRUE
"wb_pg_2","wb",0.0459208431161327,0.0548299898249297,-0.008909146708797,"both_observed",FALSE,"lamp_GB",-0.0245393471003418,-0.0215099731121204,-0.029644887743526,-0.0183485727255479,-7.65528479942725e-05,-0.000738913911890562,0.0354564527486346,0.010101638888408,-0.019010785597205,-0.029644887743526,-0.0183485727255479,"all_negative",FALSE,TRUE
"em_f_view","wb",0.258837620950329,0.283879566326316,-0.025041945375987,"both_observed",TRUE,"lamp_GB",-0.0302220518859071,-0.0259651719450577,-0.0318859165617728,-0.0205597053268608,-7.65528479942725e-05,5.08773323784224e-05,0.0354564527486346,0.00520872534711171,-0.0302506707230987,-0.0318859165617728,-0.0205597053268608,"all_negative",TRUE,TRUE
"em_m_view_116","wb",0.0731366127322978,0.0858155886662971,-0.0126789759339993,"both_observed",FALSE,"lamp_GB",-0.0221162310360228,-0.0260312177269229,-0.024450159838037,-0.0134868203154935,-7.65528479942725e-05,-0.00652499781214751,0.0354564527486346,0.00673867105247002,-0.0194176469864693,-0.0260312177269229,-0.0134868203154935,"all_negative",FALSE,TRUE
"em_m_view_117","wb",0.0409804119539854,0.0498265057875597,-0.0088460938335743,"both_observed",FALSE,"lamp_GB",-0.0313687356589139,-0.0357328201075223,-0.0342202538578068,-0.0245216490565932,-7.65528479942725e-05,-0.00231177087351372,0.0354564527486346,0.00169939336821276,-0.0105454872017871,-0.0357328201075223,-0.0245216490565932,"all_negative",FALSE,TRUE
"em_m_view_118","wb",0.0436587591885034,0,0.0436587591885034,"A_only_edge",FALSE,"lamp_GB",-0.00282373370069761,0.0027699547398426,-0.00390173199712077,0.00253200114170963,-7.65528479942725e-05,0.00416056465958234,0.0354564527486346,0.0367167308595251,0.00694202832897831,-0.00390173199712077,0.0027699547398426,"mixed_or_zero",FALSE,TRUE
"em_m_view_119","wb",0.157708895420048,0.162042271573398,-0.00433337615335,"both_observed",FALSE,"lamp_GB",-0.0224834085244923,-0.029532702717265,-0.0247132432531924,-0.0137183376116437,-7.65528479942725e-05,-0.0048400052824886,0.0354564527486346,0.00805648609365945,-0.0123898622470095,-0.029532702717265,-0.0137183376116437,"all_negative",FALSE,TRUE
"em_m_view_120","wb",0.0526752271880799,0.0474001410948516,0.0052750860932283,"both_observed",FALSE,"lamp_GB",-0.0284314379427702,-0.0284622951786536,-0.0308710901324913,-0.0209921291578196,-7.65528479942725e-05,-0.00121558637162967,0.0354564527486346,0.00573287558624043,-0.000457789493012131,-0.0308710901324913,-0.0209921291578196,"all_negative",FALSE,TRUE
"em_m_view_113","wb",0.0362029665730212,0.0487522526811196,-0.0125492861080984,"both_observed",FALSE,"lamp_GB",-0.0386809532007759,-0.0401663804790345,-0.0421681473274055,-0.0316839988393725,-7.65528479942725e-05,0.00238019695032605,0.0354564527486346,-0.000920856349809478,-0.0116284297582889,-0.0421681473274055,-0.0316839988393725,"all_negative",FALSE,TRUE
"em_m_view_115","wb",0.1503637832386,0.164610852210867,-0.014247068972267,"both_observed",FALSE,"lamp_GB",-0.0270490014704723,-0.0310904854237384,-0.0297988099361332,-0.0178253815813745,-7.65528479942725e-05,-0.003974451058451,0.0354564527486346,0.00435644737171701,-0.018603516343984,-0.0310904854237384,-0.0178253815813745,"all_negative",FALSE,TRUE
"em_m_view_109","wb",0.0701441819968674,0.0701394452925135,4.73670435389983e-06,"both_observed",FALSE,"lamp_GB",-0.0333285836654532,-0.0292012264265989,-0.0338606217370413,-0.0225309682710163,-7.65528479942725e-05,0.0054764206284367,0.0354564527486346,0.00752773686362388,-0.00752300015926998,-0.0338606217370413,-0.0225309682710163,"all_negative",FALSE,TRUE
"wb_pg_pop1","wb",0.0440127935541933,0.0681070371367045,-0.0240942435825112,"both_observed",FALSE,"lamp_GB",-0.0330240504040187,-0.024965876523965,-0.0397528917643168,-0.0292885735020874,-7.65528479942725e-05,0.00452583465652866,0.0354564527486346,0.0068816841531503,-0.0309759277356615,-0.0397528917643168,-0.024965876523965,"all_negative",FALSE,TRUE
"em_m_view_111","wb",0.0651720794598116,0.0555824556734414,0.0095896237863702,"both_observed",FALSE,"lamp_GB",-0.021345420720912,-0.026198053579183,-0.0263023922273067,-0.015396734833457,-7.65528479942725e-05,-0.00539996037226474,0.0354564527486346,0.00863451880746358,0.000955104978906617,-0.0263023922273067,-0.015396734833457,"all_negative",FALSE,TRUE
"em_m_view_101","wb",0.0236649250993063,0.0296346068435684,-0.0059696817442621,"both_observed",FALSE,"lamp_GB",-0.0240878467503765,-0.0247435761163417,-0.0289886181554574,-0.0174572037682956,-7.65528479942725e-05,-0.00456062905288972,0.0354564527486346,0.00673142409737413,-0.0127011058416362,-0.0289886181554574,-0.0174572037682956,"all_negative",FALSE,TRUE
"em_m_view_103","wb",0,0.0331455787403008,-0.0331455787403008,"B_only_edge",FALSE,"lamp_GB",-0.0523367455153783,-0.0519625524869794,-0.0492843200881691,-0.0429865422210148,-7.65528479942725e-05,0.00160097027756513,0.0354564527486346,-0.0153558753371728,-0.017789703403128,-0.0523367455153783,-0.0429865422210148,"all_negative",FALSE,TRUE
"em_m_view_104","wb",0.0863753950166873,0.0631188228462449,0.0232565721704424,"both_observed",FALSE,"lamp_GB",-0.0155248147337471,-0.0160624242160347,-0.018723238155197,-0.00857264365655381,-7.65528479942725e-05,-0.00239853173013682,0.0354564527486346,0.0174565534367565,0.00580001873368595,-0.018723238155197,-0.00857264365655381,"all_negative",FALSE,TRUE
"em_m_view_105","wb",0.0189296815142406,0.0445049051937003,-0.0255752236794597,"both_observed",FALSE,"lamp_GB",-0.0341661346306824,-0.0402428938346537,-0.0376079070840558,-0.0259478931581933,-7.65528479942725e-05,-0.00529786905258469,0.0354564527486346,-0.0040841037826267,-0.021491119896833,-0.0402428938346537,-0.0259478931581933,"all_negative",FALSE,TRUE
"em_m_view_106","wb",0.0424328072120504,0.0468379414128214,-0.004405134200771,"both_observed",FALSE,"lamp_GB",-0.0359154653400642,-0.0376150284437931,-0.0388355935109587,-0.0307444942232318,-7.65528479942725e-05,-0.00189878300225242,0.0354564527486346,-0.00243434844167631,-0.00197078575909469,-0.0388355935109587,-0.0307444942232318,"all_negative",FALSE,TRUE
"em_m_view_107","wb",0.0381662714041044,0,0.0381662714041044,"A_only_edge",FALSE,"lamp_GB",-0.00544858574038632,-0.00535044869065276,-0.00652605252922701,6.17657431093693e-05,-7.65528479942725e-05,-0.00356741334818282,0.0354564527486346,0.0263639008120712,0.0118023705920332,-0.00652605252922701,6.17657431093693e-05,"mixed_or_zero",FALSE,TRUE
"em_m_view_108","wb",0.0301685218303862,0.0281122126376231,0.0020563091927631,"both_observed",FALSE,"lamp_GB",-0.0161469357806355,-0.0307794025660281,-0.019476801918967,-0.0084503655371307,-7.65528479942725e-05,-0.00806565476521718,0.0354564527486346,0.0111673093547876,-0.00911100016202454,-0.0307794025660281,-0.0084503655371307,"all_negative",FALSE,TRUE
"em_m_view_110","wb",0.210003574594006,0.161925012738064,0.048078561855942,"both_observed",FALSE,"lamp_GB",0.0115467228005349,0.00775114481864506,0.00671859665445704,0.0188273940909422,-7.65528479942725e-05,-0.0163056091884807,0.0354564527486346,0.0306210135126945,0.0174575483432475,0.00671859665445704,0.0188273940909422,"all_positive",FALSE,TRUE
"url_ok","wb",0,0.325601650412828,-0.325601650412828,"B_only_edge",FALSE,"lamp_GB",-0.406018893025855,-0.427260102354853,-0.406298074580312,-0.395142853947727,-7.65528479942725e-05,0.0729792615887111,0.0354564527486346,-0.297659731536503,-0.0279419188763246,-0.427260102354853,-0.395142853947727,"all_negative",FALSE,TRUE
"wb_pg_pop3","wb",0,0.0270911069398646,-0.0270911069398646,"B_only_edge",FALSE,"lamp_GB",0.0303862780709416,-0.00225594257919361,0.0312074898107252,0.0528930175804247,-7.65528479942725e-05,-0.026884065064748,0.0354564527486346,0.038882112906834,-0.0659732198466986,-0.00225594257919361,0.0528930175804247,"mixed_or_zero",FALSE,TRUE
"wb_pg_7","wb",0.0941133184986502,0.0889345536909478,0.00517876480770241,"both_observed",FALSE,"lamp_GB",-0.0177029982269322,-0.023837198247644,-0.0169756191853525,-0.00947962486173559,-7.65528479942725e-05,-0.0164314907616797,0.0354564527486346,0.00124541091202848,0.00393335389567393,-0.023837198247644,-0.00947962486173559,"all_negative",FALSE,TRUE
"wb_pg_10","wb",0.0748247091752225,0.110123069718017,-0.0352983605427945,"both_observed",FALSE,"lamp_GB",-0.0533312572639321,-0.0431217558572373,-0.0490432271979477,-0.0389542572193949,-7.65528479942725e-05,-0.0151246226298513,0.0354564527486346,-0.0330759799931431,-0.0022223805496514,-0.0533312572639321,-0.0389542572193949,"all_negative",FALSE,TRUE
"file","wb",0.209667125766606,0.160326705300724,0.049340420465882,"both_observed",FALSE,"lamp_GB",0.0069134718896269,0.00998208941408799,0.00441528364132633,0.015460604457666,-7.65528479942725e-05,-0.00204033352594517,0.0354564527486346,0.0402530382643221,0.00908738220155994,0.00441528364132633,0.015460604457666,"all_positive",FALSE,TRUE
"wb_hist_for","wb",0.0289047513223127,0.0535629751391021,-0.0246582238167894,"both_observed",FALSE,"lamp_GB",-0.0266016334688152,-0.0626862016748794,-0.0240879869353328,-0.0142066506864199,-7.65528479942725e-05,-0.0089091613602952,0.0354564527486346,-0.000130894928470092,-0.0245273288883193,-0.0626862016748794,-0.0142066506864199,"all_negative",FALSE,TRUE
"edit","wb",0.0404401978833011,0,0.0404401978833011,"A_only_edge",FALSE,"lamp_GB",0.00888912614877877,0.00894751549763518,0.00710718780551456,0.0186078684795024,-7.65528479942725e-05,-0.000136474623193661,0.0354564527486346,0.0441325514262254,-0.00369235354292435,0.00710718780551456,0.0186078684795024,"all_positive",FALSE,TRUE
"message","wb",0.457794767463037,0.0464090116336291,0.411385755829408,"both_observed",FALSE,"lamp_GB",0.411840852915256,0.38289281051794,0.412381331368239,0.410688376487876,-7.65528479942725e-05,-0.0183002770501274,0.0354564527486346,0.428920475765769,-0.0175347199363614,0.38289281051794,0.412381331368239,"all_positive",FALSE,TRUE
"help","wb",0.336935150700233,0.115136689145863,0.22179846155437,"both_observed",FALSE,"lamp_GB",0.164930253119969,0.143475500795513,0.166083891468494,0.173836006034595,-7.65528479942725e-05,-0.0251551319769124,0.0354564527486346,0.175155021043697,0.046643440510673,0.143475500795513,0.173836006034595,"all_positive",FALSE,TRUE
"wb_pg_0","wb",0,0.017884297188778,-0.017884297188778,"B_only_edge",FALSE,"lamp_GB",-0.0234300835990671,-0.0312439352088602,-0.0255702694342206,-0.0109995149096675,-7.65528479942725e-05,-0.00128817381747231,0.0354564527486346,0.0106616424841009,-0.0285459396728789,-0.0312439352088602,-0.0109995149096675,"all_negative",FALSE,TRUE
"wb_pg_1","wb",0,0.061297210318778,-0.061297210318778,"B_only_edge",FALSE,"lamp_GB",-0.0664368986636961,0.0110717916127829,-0.0868899345974513,-0.0678311246517845,-7.65528479942725e-05,-0.00580794752048242,0.0354564527486346,-0.0368649462835382,-0.0244322640352398,-0.0868899345974513,0.0110717916127829,"mixed_or_zero",FALSE,TRUE
"em_new","wb",0.477437915095238,0.198440003899596,0.278997911195642,"both_observed",FALSE,"lamp_GB",0.191054868334039,0.20100354108643,0.189041637883855,0.192366083362081,-7.65528479942725e-05,0.0217871957713995,0.0354564527486346,0.248221964006079,0.0307759471895633,0.189041637883855,0.20100354108643,"all_positive",FALSE,TRUE
"wb_book_a","wb",0.0380526238553813,0,0.0380526238553813,"A_only_edge",FALSE,"lamp_GB",0.0200716328540154,0.0210762501153033,0.0166876832756065,0.0267857575576424,-7.65528479942725e-05,-0.0270168030505103,0.0354564527486346,0.0284347297041455,0.0096178941512358,0.0166876832756065,0.0267857575576424,"all_positive",FALSE,TRUE
"copy","wb",1,0.809862664301275,0.190137335698725,"both_observed",FALSE,"lamp_GB",0.109401305550018,0.115427158071332,0.109045289433346,0.11439311177024,-7.65528479942725e-05,-0.00184990353196014,0.0354564527486346,0.142931301918699,0.0472060337800265,0.109045289433346,0.115427158071332,"all_positive",FALSE,TRUE
"em_for","wb",1,0.160046653704272,0.839953346295728,"both_observed",FALSE,"lamp_GB",0.741309010830872,0.761286520415749,0.739961815357357,0.732190920256077,-7.65528479942725e-05,0.0304142355331163,0.0354564527486346,0.807103146264629,0.032850200031099,0.732190920256077,0.761286520415749,"all_positive",FALSE,TRUE
"em_re","wb",0.344842779471441,0,0.344842779471441,"A_only_edge",FALSE,"lamp_GB",0.266726837573952,0.270437765206619,0.267271147330632,0.268946552368868,-7.65528479942725e-05,0.0164961689112805,0.0354564527486346,0.318602906385873,0.0262398730855681,0.266726837573952,0.270437765206619,"all_positive",FALSE,TRUE
"splithorizontal","wb",0,0.161699735071878,-0.161699735071878,"B_only_edge",FALSE,"lamp_GB",-0.175801998012384,-0.180705636882437,-0.175626417950499,-0.162141619078195,-7.65528479942725e-05,-0.0215251744055676,0.0354564527486346,-0.161947272517312,0.000247537445433765,-0.180705636882437,-0.162141619078195,"all_negative",FALSE,TRUE
"em_sch_ok","wb",0.458655196195939,0.301010254810547,0.157644941385392,"both_observed",FALSE,"lamp_GB",-0.0331935890967167,0.127332795288164,-0.039792648942825,-0.0365548963134086,-7.65528479942725e-05,0.100563514854169,0.0354564527486346,0.102749825658093,0.0548951157272992,-0.039792648942825,0.127332795288164,"mixed_or_zero",FALSE,TRUE
"splitvertical","wb",0.27321447929635,0,0.27321447929635,"A_only_edge",FALSE,"lamp_GB",0.16911861037691,0.168751582378381,0.169397343376975,0.17570238361823,-7.65528479942725e-05,0.0161890447686784,0.0354564527486346,0.220687555046229,0.0525269242501209,0.168751582378381,0.17570238361823,"all_positive",FALSE,TRUE
"em_m_drag","wb",0.0911614083431221,0.0768810522793301,0.014280356063792,"both_observed",FALSE,"lamp_GB",-0.0330781081209048,-0.019100955698691,-0.0308814517659196,-0.0273495693905836,-7.65528479942725e-05,0.00818811765305253,0.0354564527486346,0.0104899094327881,0.00379044663100394,-0.0330781081209048,-0.019100955698691,"all_negative",FALSE,TRUE
"wb_pg_8","keypress",0.00104897380295399,0,0.00104897380295399,"A_only_edge",TRUE,"lamp_GB",0.0220260974630499,0.0221024227970019,0.02120275418836,0.0169794872854769,-7.65528479942725e-05,-0.0172835859506385,-0.0039041357868779,0.000761822877539228,0.000287150925414762,0.0169794872854769,0.0221024227970019,"all_positive",TRUE,TRUE
"wb_pg_8_4","keypress",0.129063640928251,0.095001280917227,0.034062360011024,"both_observed",TRUE,"lamp_GB",0.0144518585708668,-0.00215865992965263,0.000701368122894324,0.0171526214257757,-7.65528479942725e-05,-0.0119641726821207,-0.0039041357868779,-0.00149300274612603,0.03555536275715,-0.00215865992965263,0.0171526214257757,"mixed_or_zero",TRUE,TRUE
"wb_pg_8_4_reason_4","keypress",0.0379229316105575,0.0579496336181701,-0.0200267020076126,"both_observed",TRUE,"lamp_GB",0.00352010396162657,0.00107010645112635,0.00871169047605302,-0.0103966878858332,-7.65528479942725e-05,-0.00771161881102867,-0.0039041357868779,-0.00817220348427428,-0.0118544985233383,-0.0103966878858332,0.00871169047605302,"mixed_or_zero",TRUE,TRUE
"wb_pg_8_4_request_1","keypress",0.469945743798462,0.457627364938557,0.012318378859905,"both_observed",TRUE,"lamp_GB",0.0235400880549906,0.0231976583446318,0.0260232384219106,0.0148307020712997,-7.65528479942725e-05,-0.013722420227463,-0.0039041357868779,0.00583697919265546,0.00648139966724954,0.0148307020712997,0.0260232384219106,"all_positive",TRUE,TRUE
"wb_pg_8_3_1","keypress",0.0299159045954631,0.0378181920246356,-0.0079022874291725,"both_observed",FALSE,"lamp_GB",0.0109687152580036,0.000600548309883804,0.011410895139489,0.00314877286565212,-7.65528479942725e-05,-0.00944678112721213,-0.0039041357868779,-0.00245875450408074,-0.00544353292509176,0.000600548309883804,0.011410895139489,"all_positive",FALSE,TRUE
"wb_pg_pop2","keypress",0,0.00335369378300507,-0.00335369378300507,"B_only_edge",FALSE,"lamp_GB",0.0230399745257024,0.0175291260329208,0.0223483598945634,0.0173478015940591,-7.65528479942725e-05,-0.00211656165790058,-0.0039041357868779,0.0169427242329296,-0.0202964180159347,0.0173478015940591,0.0230399745257024,"all_positive",FALSE,TRUE
"wb_hist_back","keypress",0.15054500104249,0.0556342240105281,0.0949107770319619,"both_observed",TRUE,"lamp_GB",0.0471939437298656,0.0560627157433231,0.0525404398540493,0.0425554205288084,-7.65528479942725e-05,-0.00576530718855563,-0.0039041357868779,0.0374479479064378,0.0574628291255241,0.0425554205288084,0.0560627157433231,"all_positive",TRUE,TRUE
"em","keypress",0.126178411127942,0.0689912967573562,0.0571871143705858,"both_observed",TRUE,"lamp_GB",0.04239632668125,0.0479117482493228,0.0450373727638284,0.037694336172239,-7.65528479942725e-05,0.000267549670951015,-0.0039041357868779,0.0386831877173289,0.0185039266532569,0.037694336172239,0.0479117482493228,"all_positive",TRUE,TRUE
"em_m_view_305","keypress",0.0932761417937882,0.282953663482377,-0.189677521688589,"both_observed",TRUE,"lamp_GB",-0.200145144629048,-0.19820475111409,-0.199111107233702,-0.212412509226085,-7.65528479942725e-05,0.0112980372160502,-0.0039041357868779,-0.19282779604787,0.00315027435928106,-0.212412509226085,-0.19820475111409,"all_negative",TRUE,TRUE
"wb","keypress",0.213869299951772,0.0922678351556304,0.121601464796142,"both_observed",TRUE,"lamp_GB",0.041534204808546,0.0503683497498474,0.0501689957328208,0.037054128747655,-7.65528479942725e-05,-0.0045245012277671,-0.0039041357868779,0.0330290149459068,0.0885724498502349,0.037054128747655,0.0503683497498474,"all_positive",TRUE,TRUE
"wb_pg_8_4_submit","keypress",0.235721679816935,0.111565538963195,0.12415614085374,"both_observed",TRUE,"lamp_GB",0.12056451684669,0.113492207237954,0.119054876278575,0.113632119995976,-7.65528479942725e-05,-0.00415273218034812,-0.0039041357868779,0.11243109603147,0.0117250448222698,0.113492207237954,0.12056451684669,"all_positive",TRUE,TRUE
"wb_pg_2","keypress",0,0.0021279769033451,-0.0021279769033451,"B_only_edge",FALSE,"lamp_GB",0.0250673834754154,0.023365699975417,0.0288095560216456,0.0219475448988517,-7.65528479942725e-05,-0.000738913911890562,-0.0039041357868779,0.0203477809286527,-0.0224757578319978,0.0219475448988517,0.0288095560216456,"all_positive",FALSE,TRUE
"em_f_view","keypress",0.00203726482207443,0,0.00203726482207443,"A_only_edge",TRUE,"lamp_GB",0.0244975662576586,0.0319710554187806,0.0257452104161645,0.0182950123423972,-7.65528479942725e-05,5.08773323784224e-05,-0.0039041357868779,0.0205677549551648,-0.0185304901330904,0.0182950123423972,0.0319710554187806,"all_positive",TRUE,TRUE
"em_m_view_116","keypress",0,0.0070059507622942,-0.0070059507622942,"B_only_edge",FALSE,"lamp_GB",0.0205213680863952,0.0168429838567455,0.0222708032332274,0.015162100084914,-7.65528479942725e-05,-0.00652499781214751,-0.0039041357868779,0.0100156816393755,-0.0170216324016697,0.015162100084914,0.0222708032332274,"all_positive",FALSE,TRUE
"em_m_view_119","keypress",0,0.00363913911274345,-0.00363913911274345,"B_only_edge",FALSE,"lamp_GB",0.0224383415972727,0.015763552059412,0.0242826975148091,0.0173514601876769,-7.65528479942725e-05,-0.0048400052824886,-0.0039041357868779,0.0136176476799119,-0.0172567867926554,0.015763552059412,0.0242826975148091,"all_positive",FALSE,TRUE
"wb_pg_2_1","keypress",0.022377633511635,0.0213564069115379,0.0010212266000971,"both_observed",FALSE,"lamp_GB",0.0167750173494017,0.0131542770475271,0.0168565459627711,0.00987534862296473,-7.65528479942725e-05,-0.0152284726858652,-0.0039041357868779,-0.00243414397133563,0.00345537057143273,0.00987534862296473,0.0168565459627711,"all_positive",FALSE,TRUE
"wb_pg_2_2","keypress",0.0149114205194918,0.0154222940318485,-0.000510873512356701,"both_observed",FALSE,"lamp_GB",0.00388343795527805,0.00630795153224892,0.00511274338362003,-0.00234309111625826,-7.65528479942725e-05,0.00246829593081197,-0.0039041357868779,0.00237104525121785,-0.00288191876357455,-0.00234309111625826,0.00630795153224892,"mixed_or_zero",FALSE,TRUE
"wb_pg_2_3","keypress",0.0568021054771828,0.0610807557722594,-0.0042786502950766,"both_observed",FALSE,"lamp_GB",0.00635198599655477,0.0122966412942887,0.00571142180517184,-0.00506785310443455,-7.65528479942725e-05,-0.000540585550464934,-0.0039041357868779,0.00183071181121766,-0.00610936210629426,-0.00506785310443455,0.0122966412942887,"mixed_or_zero",FALSE,TRUE
"em_m_view_108","keypress",0,0.00771731501909418,-0.00771731501909418,"B_only_edge",FALSE,"lamp_GB",0.0202481340612986,0.0062514740393369,0.0235161594070812,0.0170137299145521,-7.65528479942725e-05,-0.00806565476521718,-0.0039041357868779,0.00820179066120929,-0.0159191056803035,0.0062514740393369,0.0235161594070812,"all_positive",FALSE,TRUE
"wb_pg_pop3","keypress",0.136363858723377,0.332457951863541,-0.196094093140164,"both_observed",FALSE,"lamp_GB",-0.0584836632520956,-0.106436982521401,-0.0580324329439144,-0.0748128193228493,-7.65528479942725e-05,-0.026884065064748,-0.0039041357868779,-0.0893484169517158,-0.106745676188448,-0.106436982521401,-0.0580324329439144,"all_negative",FALSE,TRUE
"file","keypress",0.15270926697384,0.171384890314788,-0.018675623340948,"both_observed",FALSE,"lamp_GB",0.00158763514912027,-0.0061314167320174,0.00401602829153354,-0.00354985169790957,-7.65528479942725e-05,-0.00204033352594517,-0.0039041357868779,-0.00443338701169708,-0.0142422363292509,-0.0061314167320174,0.00401602829153354,"mixed_or_zero",FALSE,TRUE
"wb_hist_for","keypress",0,0.0383163539776252,-0.0383163539776252,"B_only_edge",FALSE,"lamp_GB",0.00492456187561227,-0.0121445114112972,0.00416884018164562,-0.00674118874676567,-7.65528479942725e-05,-0.0089091613602952,-0.0039041357868779,-0.00796528811955511,-0.0303510658580701,-0.0121445114112972,0.00492456187561227,"mixed_or_zero",FALSE,TRUE
"edit","keypress",0.482748469772948,0.525669663604108,-0.0429211938311601,"both_observed",FALSE,"lamp_GB",-0.00689322429174958,-0.00999841062402944,-0.00497865469973415,-0.0141760158326484,-7.65528479942725e-05,-0.000136474623193661,-0.0039041357868779,-0.0110103875498154,-0.0319108062813446,-0.0141760158326484,-0.00497865469973415,"all_negative",FALSE,TRUE
"message","keypress",0,0.461189724089435,-0.461189724089435,"B_only_edge",FALSE,"lamp_GB",-0.380286951678314,-0.40443103373929,-0.378329106640854,-0.39775616980263,-7.65528479942725e-05,-0.0183002770501274,-0.0039041357868779,-0.402567917363313,-0.0586218067261216,-0.40443103373929,-0.378329106640854,"all_negative",FALSE,TRUE
"help","keypress",0,0.159358270079805,-0.159358270079805,"B_only_edge",FALSE,"lamp_GB",-0.126404076752385,-0.159569812530957,-0.124692709439061,-0.133104539737584,-7.65528479942725e-05,-0.0251551319769124,-0.0039041357868779,-0.155539897364169,-0.00381837271563584,-0.159569812530957,-0.124692709439061,"all_negative",FALSE,TRUE
"em_new","keypress",0.507135710518011,0.663482380772678,-0.156346670254667,"both_observed",FALSE,"lamp_GB",-0.172750054593237,-0.156098090229668,-0.171639455424287,-0.183041605746175,-7.65528479942725e-05,0.0217871957713995,-0.0039041357868779,-0.15494354745671,-0.00140312279795743,-0.183041605746175,-0.156098090229668,"all_negative",FALSE,TRUE
"wb_pg_1_3","keypress",0,0.1230789018381,-0.1230789018381,"B_only_edge",FALSE,"lamp_GB",-0.150876763604506,-0.154237095559182,-0.159121775980947,-0.15236193401634,-7.65528479942725e-05,0.0488448834430522,-0.0039041357868779,-0.106012568796326,-0.0170663330417737,-0.159121775980947,-0.150876763604506,"all_negative",FALSE,TRUE
"wb_pg_8_4_reason_6","keypress",0,0.0665642955542817,-0.0665642955542817,"B_only_edge",FALSE,"lamp_GB",-0.0606565179362963,-0.139498825313575,-0.154324536496084,0.016923393610759,-7.65528479942725e-05,-0.0126219298105212,-0.0039041357868779,-0.0772591363816896,0.0106948408274079,-0.154324536496084,0.016923393610759,"mixed_or_zero",FALSE,TRUE
"copy","keypress",0,0.0454745710173474,-0.0454745710173474,"B_only_edge",FALSE,"lamp_GB",-0.0878354381414106,-0.0793600738510203,-0.0871734621366771,-0.0959991946898177,-7.65528479942725e-05,-0.00184990353196014,-0.0039041357868779,-0.0936660303082429,0.0481914592908955,-0.0959991946898177,-0.0793600738510203,"all_negative",FALSE,TRUE
"paste","keypress",1,1,0,"both_observed",FALSE,"lamp_GB",0.0222084695409506,-0.0171850299570643,-0.00291659325237925,-0.000516848979488142,-7.65528479942725e-05,-0.0190677660308206,-0.0039041357868779,-0.000839985124742117,0.000839985124742117,-0.0171850299570643,0.0222084695409506,"mixed_or_zero",FALSE,TRUE
"em_for","keypress",0,0.673393990313222,-0.673393990313222,"B_only_edge",FALSE,"lamp_GB",-0.6687445741928,-0.64807997751702,-0.668621111597426,-0.693927270015274,-7.65528479942725e-05,0.0304142355331163,-0.0039041357868779,-0.642311027294556,-0.031082963018666,-0.693927270015274,-0.64807997751702,"all_negative",FALSE,TRUE
"em_re","keypress",0.613437566241486,0.866469732596835,-0.253032166355349,"both_observed",FALSE,"lamp_GB",-0.240838110909899,-0.23635213314705,-0.240778220554596,-0.253892102172786,-7.65528479942725e-05,0.0164961689112805,-0.0039041357868779,-0.228322630633491,-0.024709535721858,-0.253892102172786,-0.23635213314705,"all_negative",FALSE,TRUE
"splithorizontal","keypress",0.215386909476092,0,0.215386909476092,"A_only_edge",FALSE,"lamp_GB",0.177250098097633,0.152634761561557,0.178505235628323,0.178087823160767,-7.65528479942725e-05,-0.0215251744055676,-0.0039041357868779,0.151744235057193,0.0636426744188989,0.152634761561557,0.178505235628323,"all_positive",FALSE,TRUE
"em_sch","keypress",0.890263488332313,1,-0.109736511667687,"both_observed",FALSE,"lamp_GB",-0.105969449448116,-0.122455417638725,-0.104047448510566,-0.116422489844118,-7.65528479942725e-05,0.0129968112785935,-0.0039041357868779,-0.0969533268043949,-0.0127831848632921,-0.122455417638725,-0.104047448510566,"all_negative",FALSE,TRUE
"em_sch_ok","keypress",0.457654676094474,0.326029308314799,0.131625367779675,"both_observed",FALSE,"lamp_GB",-0.0310809327366153,0.137340053029381,-0.0376209197011002,-0.0486847654779069,-7.65528479942725e-05,0.100563514854169,-0.0039041357868779,0.0655018934826817,0.0661234742969933,-0.0486847654779069,0.137340053029381,"mixed_or_zero",FALSE,TRUE
"splitvertical","keypress",0.133286756334942,0.183562327705287,-0.050275571370345,"both_observed",FALSE,"lamp_GB",-0.116412478844414,-0.110735344438818,-0.117545043153516,-0.121110901592265,-7.65528479942725e-05,0.0161890447686784,-0.0039041357868779,-0.104204122710608,0.0539285513402625,-0.121110901592265,-0.110735344438818,"all_negative",FALSE,TRUE
"wb_pg_8_4","wb_pg_8_4_submit",0.00404107522990492,0.010679837253221,-0.00663876202331608,"both_observed",TRUE,"lamp_GB",-0.0102392289298058,0.00322001178037712,-0.00289963233921198,-0.0175525254903876,-7.65528479942725e-05,-0.0119641726821207,0.0236003187793154,0.0013203643193947,-0.00795912634271078,-0.0175525254903876,0.00322001178037712,"mixed_or_zero",TRUE,TRUE
"wb_pg_8_4_reason_4","wb_pg_8_4_submit",0.0964471643479507,0.0832825748638643,0.0131645894840864,"both_observed",TRUE,"lamp_GB",0.00623012446684261,0.0191486044472719,0.0172859798436293,-0.00549409044781757,-7.65528479942725e-05,-0.00771161881102867,0.0236003187793154,0.0220422715871351,-0.00887768210304865,-0.00549409044781757,0.0191486044472719,"mixed_or_zero",TRUE,TRUE
"wb_pg_8_4_request_1","wb_pg_8_4_submit",0.0889371772358247,0.121113318396904,-0.0321761411610793,"both_observed",TRUE,"lamp_GB",0.00525358095786354,0.0221347259770582,0.0199069753781509,-0.00698375288194356,-7.65528479942725e-05,-0.013722420227463,0.0236003187793154,0.0150549266617217,-0.047231067822801,-0.00698375288194356,0.0221347259770582,"mixed_or_zero",TRUE,TRUE
"wb_pg_8_3","wb_pg_8_4_submit",0.00304132656574836,0,0.00304132656574836,"A_only_edge",TRUE,"lamp_GB",0.0059235358847778,0.0155761847512593,0.0120445574535334,-0.00213392147622161,-7.65528479942725e-05,-0.0238280074872812,0.0236003187793154,0.00561929432881769,-0.00257796776306933,-0.00213392147622161,0.0155761847512593,"mixed_or_zero",TRUE,TRUE
"wb_hist_back","wb_pg_8_4_submit",0.0135115251798365,0.0112225236821701,0.0022890014976664,"both_observed",TRUE,"lamp_GB",0.0130956731249531,0.0356067442302733,0.0270827855743544,0.000149520288852727,-7.65528479942725e-05,-0.00576530718855563,0.0236003187793154,0.0308541318677186,-0.0285651303700522,0.000149520288852727,0.0356067442302733,"all_positive",TRUE,TRUE
"wb","wb_pg_8_4_submit",0.00576331896870654,0.00565683944239212,0.00010647952631442,"both_observed",TRUE,"lamp_GB",0.0132619113661012,0.0296989651055819,0.0242128546403816,0.00245967595667486,-7.65528479942725e-05,-0.0045245012277671,0.0236003187793154,0.0322611760696552,-0.0321546965433408,0.00245967595667486,0.0296989651055819,"all_positive",TRUE,TRUE
"keypress","wb_pg_8_4_submit",0.452699846287334,0.263552057020827,0.189147789266507,"both_observed",TRUE,"lamp_GB",0.0184086116335424,0.0355439085445922,0.0284117937706088,0.0072126742053515,-7.65528479942725e-05,-0.0017012007004055,0.0236003187793154,0.040231176864458,0.148916612402049,0.0072126742053515,0.0355439085445922,"all_positive",TRUE,TRUE
"wb_pg_pop3","wb_pg_8_4_submit",0.0601068460431609,0.0630274946078423,-0.0029206485646814,"both_observed",FALSE,"lamp_GB",-0.00362118643085282,-0.00895411559532442,0.00533805252556471,-0.0123067440062747,-7.65528479942725e-05,-0.026884065064748,0.0236003187793154,-0.00698148556427974,0.00406083699959834,-0.0123067440062747,0.00533805252556471,"mixed_or_zero",FALSE,TRUE
"wb_hist_for","wb_pg_8_4_submit",0.0229184831814581,0.0235481561979751,-0.000629673016517,"both_observed",FALSE,"lamp_GB",-0.00186632544278715,0.0253195007087834,0.0211687567096812,-0.0200232279346824,-7.65528479942725e-05,-0.0089091613602952,0.0236003187793154,0.0127482791282388,-0.0133779521447558,-0.0200232279346824,0.0253195007087834,"mixed_or_zero",FALSE,TRUE
"wb_pg_8_4_reason_6","wb_pg_8_4_submit",0,0.133487774206804,-0.133487774206804,"B_only_edge",FALSE,"lamp_GB",-0.133549136254035,-0.159126694889276,-0.177774098856938,-0.0891440019964945,-7.65528479942725e-05,-0.0126219298105212,0.0236003187793154,-0.122647300133235,-0.0108404740735689,-0.177774098856938,-0.0891440019964945,"all_negative",FALSE,TRUE
"wb_hist_back","wb_pg_2",0.0434253754972225,0.0936027445868202,-0.0501773690895977,"both_observed",FALSE,"lamp_GB",-0.00806072491417157,-0.0141769654602046,-0.0109007202518881,-0.00761666465557148,-7.65528479942725e-05,-0.00576530718855563,-0.0197157975822782,-0.0336183825329997,-0.016558986556598,-0.0141769654602046,-0.00761666465557148,"all_negative",TRUE,FALSE
"wb","wb_pg_2",0.0217470398626687,0.0374950355556437,-0.015747995692975,"both_observed",FALSE,"lamp_GB",-0.00494775563544496,-0.0106398530018801,-0.00751671329667067,-0.00477098265815238,-7.65528479942725e-05,-0.0045245012277671,-0.0197157975822782,-0.0292646072934846,0.0135166116005096,-0.0106398530018801,-0.00477098265815238,"all_negative",TRUE,FALSE
"url_ok","wb_pg_2",0,0.0414799712096113,-0.0414799712096113,"B_only_edge",FALSE,"lamp_GB",-0.0907227045032608,-0.106964244357073,-0.0927705466122825,-0.0871766540341182,-7.65528479942725e-05,0.0729792615887111,-0.0197157975822782,-0.0375357933448223,-0.00394417786478905,-0.106964244357073,-0.0871766540341182,"all_negative",FALSE,FALSE
"file","wb_pg_2",0,0.0177641621213154,-0.0177641621213154,"B_only_edge",FALSE,"lamp_GB",0.00620908324928558,0.00251012691467027,0.00394014662652481,0.00389775950925491,-7.65528479942725e-05,-0.00204033352594517,-0.0197157975822782,-0.0156236007069321,-0.00214056141438331,0.00251012691467027,0.00620908324928558,"all_positive",FALSE,FALSE
"edit","wb_pg_2",0.00455648979706136,0,0.00455648979706136,"A_only_edge",FALSE,"lamp_GB",0.00529618017582567,0.00524372420413202,0.00435939485614334,0.00676880000892531,-7.65528479942725e-05,-0.000136474623193661,-0.0197157975822782,-0.0146326448776405,0.0191891346747019,0.00435939485614334,0.00676880000892531,"all_positive",FALSE,FALSE
"wb_pg_0","wb_pg_2",0.0788805234332619,0.118337932323572,-0.0394574088903101,"both_observed",FALSE,"lamp_GB",-0.00419902371272333,-0.00795229237967623,-0.0057571616290443,-0.00236463510574174,-7.65528479942725e-05,-0.00128817381747231,-0.0197157975822782,-0.0252795479604681,-0.014177860929842,-0.00795229237967623,-0.00236463510574174,"all_negative",FALSE,FALSE
"em","em_f_view",0.182171281610567,0.195358432355514,-0.013187150744947,"both_observed",TRUE,"lamp_GB",0.00488490861423895,-0.00580125525367692,0.00360359000726071,0.0111073778090444,-7.65528479942725e-05,0.000267549670951015,-0.0191687313563726,-0.0140928259191769,0.000905675174229896,-0.00580125525367692,0.0111073778090444,"mixed_or_zero",TRUE,TRUE
"em_m_view_305","em_f_view",0.0129813688544894,0.025523837690004,-0.0125424688355146,"both_observed",TRUE,"lamp_GB",-0.00131189017098551,-0.0209407842267427,0.00342716899889912,-0.000474062807471139,-7.65528479942725e-05,0.0112980372160502,-0.0191687313563726,-0.00925913715930218,-0.00328333167621242,-0.0209407842267427,0.00342716899889912,"mixed_or_zero",TRUE,TRUE
"keypress","em_f_view",0.0101247256235767,0.0109304326700491,-0.0008057070464724,"both_observed",TRUE,"lamp_GB",0.00764161956411974,0.0108650217084622,0.00376570080920276,0.0149307399153158,-7.65528479942725e-05,-0.0017012007004055,-0.0191687313563726,-0.0133048653406526,0.0124991582941802,0.00376570080920276,0.0149307399153158,"all_positive",TRUE,TRUE
"em_m_view_116","em_f_view",0.130250271796984,0.148633310890685,-0.018383039093701,"both_observed",FALSE,"lamp_GB",0.0136473279167872,0.00630704927716451,0.010405882993834,0.0172012621830627,-7.65528479942725e-05,-0.00652499781214751,-0.0191687313563726,-0.0121229540997272,-0.00626008499397379,0.00630704927716451,0.0172012621830627,"all_positive",FALSE,TRUE
"em_m_view_117","em_f_view",0.0711383255070671,0.0480459592492852,0.0230923662577819,"both_observed",FALSE,"lamp_GB",0.0237026315163718,0.010315877191481,0.0210600541881784,0.0278528697071708,-7.65528479942725e-05,-0.00231177087351372,-0.0191687313563726,0.00214557643849126,0.0209467898192906,0.010315877191481,0.0278528697071708,"all_positive",FALSE,TRUE
"em_m_view_118","em_f_view",0,0.0656308060988301,-0.0656308060988301,"B_only_edge",FALSE,"lamp_GB",-0.038358648990563,-0.0445495983500727,-0.0368243773701283,-0.038270147897775,-7.65528479942725e-05,0.00416056465958234,-0.0191687313563726,-0.0534433685353475,-0.0121874375634826,-0.0445495983500727,-0.0368243773701283,"all_negative",FALSE,TRUE
"em_m_view_119","em_f_view",0.132529780621246,0.120871931577605,0.011657849043641,"both_observed",FALSE,"lamp_GB",0.0210970423840909,0.0131018704885252,0.0180909395352194,0.0252310890925221,-7.65528479942725e-05,-0.0048400052824886,-0.0191687313563726,-0.00298824710276456,0.0146460961464056,0.0131018704885252,0.0252310890925221,"all_positive",FALSE,TRUE
"em_m_view_120","em_f_view",0.0559399375429146,0.0565830937611014,-0.000643156218186801,"both_observed",FALSE,"lamp_GB",0.0151002061027253,0.00245059673948332,0.00919024075628362,0.017945584168235,-7.65528479942725e-05,-0.00121558637162967,-0.0191687313563726,-0.00536066447327125,0.00471750825508445,0.00245059673948332,0.017945584168235,"all_positive",FALSE,TRUE
"em_m_view_112","em_f_view",0,0.0648791121004227,-0.0648791121004227,"B_only_edge",FALSE,"lamp_GB",-0.0153755353354568,-0.02292851944036,-0.016617415415105,-0.0133186383814964,-7.65528479942725e-05,0.00217603709739245,-0.0191687313563726,-0.0324447824424312,-0.0324343296579915,-0.02292851944036,-0.0133186383814964,"all_negative",FALSE,TRUE
"em_m_view_113","em_f_view",0.0338695255796903,0.0517766342237263,-0.017907108644036,"both_observed",FALSE,"lamp_GB",0.00151019576389312,-0.00762872380226817,-0.000869907878244427,0.00464234339117501,-7.65528479942725e-05,0.00238019695032605,-0.0191687313563726,-0.0153548914901477,-0.00255221715388831,-0.00762872380226817,0.00464234339117501,"mixed_or_zero",FALSE,TRUE
"em_m_view_114","em_f_view",0.0328122338774218,0,0.0328122338774218,"A_only_edge",FALSE,"lamp_GB",0.0389582273740861,0.0202294736777753,0.0343761899604608,0.0372697752248236,-7.65528479942725e-05,-0.00717232443940085,-0.0191687313563726,0.0125406187303184,0.0202716151471034,0.0202294736777753,0.0389582273740861,"all_positive",FALSE,TRUE
"em_m_view_115","em_f_view",0.166403008150515,0.179274350766686,-0.012871342616171,"both_observed",FALSE,"lamp_GB",0.0213081874803319,0.00911231448235459,0.0185367517481664,0.0250579952801255,-7.65528479942725e-05,-0.003974451058451,-0.0191687313563726,-0.00191154778248596,-0.010959794833685,0.00911231448235459,0.0250579952801255,"all_positive",FALSE,TRUE
"em_m_view_109","em_f_view",0,0.0676020660061681,-0.0676020660061681,"B_only_edge",FALSE,"lamp_GB",-0.0279753944266598,-0.0330885799397721,-0.0295314543536989,-0.0229464752058057,-7.65528479942725e-05,0.0054764206284367,-0.0191687313563726,-0.0417442580025899,-0.0258578080035782,-0.0330885799397721,-0.0229464752058057,"all_negative",FALSE,TRUE
"wb_pg_2_2","em_f_view",0,0.00190080427061801,-0.00190080427061801,"B_only_edge",FALSE,"lamp_GB",0.0127160819471541,0.00511792070235044,0.0112793795168228,0.0183649088493861,-7.65528479942725e-05,0.00246829593081197,-0.0191687313563726,-0.00406090632640084,0.00216010205578283,0.00511792070235044,0.0183649088493861,"all_positive",FALSE,TRUE
"wb_pg_2_3","em_f_view",0.00494581718632573,0,0.00494581718632573,"A_only_edge",FALSE,"lamp_GB",0.00616271577078522,0.0186795934385459,0.0048338094101856,0.00981695365157328,-7.65528479942725e-05,-0.000540585550464934,-0.0191687313563726,-0.0136231539840466,0.0185689711703723,0.0048338094101856,0.0186795934385459,"all_positive",FALSE,TRUE
"em_m_view_111","em_f_view",0.0998524863039361,0.0617560448307796,0.0380964414731565,"both_observed",FALSE,"lamp_GB",0.0341740877744965,0.0197061570229817,0.0308516480208488,0.0359981654918052,-7.65528479942725e-05,-0.00539996037226474,-0.0191687313563726,0.00952884319786487,0.0285675982752916,0.0197061570229817,0.0359981654918052,"all_positive",FALSE,TRUE
"em_m_view_101","em_f_view",0.0373411355297379,0.048620065881856,-0.0112789303521181,"both_observed",FALSE,"lamp_GB",0.0131324497368345,0.00309190039288745,0.0117673737128008,0.0161927936826656,-7.65528479942725e-05,-0.00456062905288972,-0.0191687313563726,-0.0106734635204221,-0.000605466831696048,0.00309190039288745,0.0161927936826656,"all_positive",FALSE,TRUE
"em_m_view_102","em_f_view",0.0289173002081663,0,0.0289173002081663,"A_only_edge",FALSE,"lamp_GB",0.0317965305897657,0.0184169793157321,0.0295769091833964,0.0359846899199619,-7.65528479942725e-05,-0.00432126272766551,-0.0191687313563726,0.00822998365773329,0.020687316550433,0.0184169793157321,0.0359846899199619,"all_positive",FALSE,TRUE
"em_m_view_104","em_f_view",0.0709243600021875,0.0881692512529702,-0.0172448912507827,"both_observed",FALSE,"lamp_GB",0.00483450915743876,-0.00726929816538571,0.00506442883259027,0.00703722652679188,-7.65528479942725e-05,-0.00239853173013682,-0.0191687313563726,-0.0168093067770649,-0.000435584473717776,-0.00726929816538571,0.00703722652679188,"mixed_or_zero",FALSE,TRUE
"em_m_view_105","em_f_view",0.047478273960573,0.0588118924054485,-0.0113336184448755,"both_observed",FALSE,"lamp_GB",0.0194479667656943,0.010669239323779,0.0174163969936771,0.0227442819514835,-7.65528479942725e-05,-0.00529786905258469,-0.0191687313563726,-0.00509518649125724,-0.00623843195361826,0.010669239323779,0.0227442819514835,"all_positive",FALSE,TRUE
"em_m_view_107","em_f_view",0.032688660856355,0.0439741440255445,-0.0112854831691895,"both_observed",FALSE,"lamp_GB",0.00114206695087878,-0.0082206339190718,-0.00198595279361895,0.00752008774666569,-7.65528479942725e-05,-0.00356741334818282,-0.0191687313563726,-0.0216706306016709,0.0103851474324814,-0.0082206339190718,0.00752008774666569,"mixed_or_zero",FALSE,TRUE
"em_m_view_108","em_f_view",0.0595689250191127,0,0.0595689250191127,"A_only_edge",FALSE,"lamp_GB",0.0435878825512843,0.0264284836163755,0.0399475185893229,0.0449628147070332,-7.65528479942725e-05,-0.00806565476521718,-0.0191687313563726,0.0162769435817002,0.0432919814374125,0.0264284836163755,0.0449628147070332,"all_positive",FALSE,TRUE
"em_m_view_110","em_f_view",0.25183376164112,0.213299630463733,0.038534131177387,"both_observed",FALSE,"lamp_GB",0.047457513419973,0.0256402336072062,0.0442899056050042,0.0475416173097733,-7.65528479942725e-05,-0.0163056091884807,-0.0191687313563726,0.0119066200271254,0.0266275111502616,0.0256402336072062,0.0475416173097733,"all_positive",FALSE,TRUE
"file","em_f_view",0.0762740181948909,0,0.0762740181948909,"A_only_edge",FALSE,"lamp_GB",0.0496643909375672,-0.00249641176325014,0.0480095298792392,0.0531318739983614,-7.65528479942725e-05,-0.00204033352594517,-0.0191687313563726,0.0283787732072552,0.0478952449876357,-0.00249641176325014,0.0531318739983614,"mixed_or_zero",FALSE,TRUE
"help","em_f_view",0.0908455749763901,0,0.0908455749763901,"A_only_edge",FALSE,"lamp_GB",0.104631667837306,0.0369864077966335,0.104771507511605,0.111028947582237,-7.65528479942725e-05,-0.0251551319769124,-0.0191687313563726,0.0602312516560263,0.0306143233203638,0.0369864077966335,0.111028947582237,"all_positive",FALSE,TRUE
"em_new","em_f_view",0,0.0391892177076627,-0.0391892177076627,"B_only_edge",FALSE,"lamp_GB",-0.0279729087557267,-0.0370552484219138,-0.0297840637888946,-0.0300182209256315,-7.65528479942725e-05,0.0217871957713995,-0.0191687313563726,-0.0254309971886941,-0.0137582205189686,-0.0370552484219138,-0.0279729087557267,"all_negative",FALSE,TRUE
"copy","em_f_view",0,0.0110965620763923,-0.0110965620763923,"B_only_edge",FALSE,"lamp_GB",0.0307722244479603,-0.0262307871970183,0.0290161337372591,0.0306013723553897,-7.65528479942725e-05,-0.00184990353196014,-0.0191687313563726,0.00967703671163331,-0.0207735987880256,-0.0262307871970183,0.0307722244479603,"mixed_or_zero",FALSE,TRUE
"em_for","em_f_view",0,0.0762542284960087,-0.0762542284960087,"B_only_edge",FALSE,"lamp_GB",-0.0799752640724918,-0.072791238506701,-0.0808019596256408,-0.091184947383529,-7.65528479942725e-05,0.0304142355331163,-0.0191687313563726,-0.0688063127437424,-0.00744791575226629,-0.091184947383529,-0.072791238506701,"all_negative",FALSE,TRUE
"em_re","em_f_view",0,0.0184903118146038,-0.0184903118146038,"B_only_edge",FALSE,"lamp_GB",-0.0236924737603586,-0.0189917318333526,-0.0247261239355151,-0.0256881004646161,-7.65528479942725e-05,0.0164961689112805,-0.0191687313563726,-0.026441589053445,0.00795127723884119,-0.0256881004646161,-0.0189917318333526,"all_negative",FALSE,TRUE
"splithorizontal","em_f_view",0.0691687230208831,0,0.0691687230208831,"A_only_edge",FALSE,"lamp_GB",0.110531080254092,0.0244214734192658,0.114323492566793,0.11925812681544,-7.65528479942725e-05,-0.0215251744055676,-0.0191687313563726,0.0697606216441572,-0.000591898623274051,0.0244214734192658,0.11925812681544,"all_positive",FALSE,TRUE
"em_sch_ok","em_f_view",0,0.372960436874655,-0.372960436874655,"B_only_edge",FALSE,"lamp_GB",-0.38387303375183,-0.294699702104952,-0.389065743086954,-0.394525108304385,-7.65528479942725e-05,0.100563514854169,-0.0191687313563726,-0.302554803102028,-0.0704056337726274,-0.394525108304385,-0.294699702104952,"all_negative",FALSE,TRUE
"em_m_drag","em_f_view",0,0.298021041662298,-0.298021041662298,"B_only_edge",FALSE,"lamp_GB",-0.190969163690658,-0.177571622761363,-0.191901741943046,-0.191780835460395,-7.65528479942725e-05,0.00818811765305253,-0.0191687313563726,-0.202026330241973,-0.0959947114203254,-0.191901741943046,-0.177571622761363,"all_negative",FALSE,TRUE
"em","em_m_view_116",0.0104904421124638,0.0190817361045605,-0.0085912939920967,"both_observed",FALSE,"lamp_GB",0.00234483311336873,-0.000164515072917709,0.00202691932435138,0.00359613940762505,-7.65528479942725e-05,0.000267549670951015,-4.61099248845865e-05,0.00248972001144088,-0.0110810140035376,-0.000164515072917709,0.00359613940762505,"mixed_or_zero",TRUE,FALSE
"em_m_view_305","em_m_view_116",0,0.00520243517140866,-0.00520243517140866,"B_only_edge",FALSE,"lamp_GB",-0.00976756150110941,-0.01244396311875,-0.00752068083593902,-0.0119242846559664,-7.65528479942725e-05,0.0112980372160502,-4.61099248845865e-05,0.00140781294206192,-0.00661024811347058,-0.01244396311875,-0.00752068083593902,"all_negative",TRUE,FALSE
"keypress","em_m_view_116",0.000797755282060912,0.0016486454698857,-0.000850890187824788,"both_observed",FALSE,"lamp_GB",0.00225370701766078,0.00413393431183022,0.00221438499815501,0.00361882671110498,-7.65528479942725e-05,-0.0017012007004055,-4.61099248845865e-05,0.000429843544376421,-0.00128073373220121,0.00221438499815501,0.00413393431183022,"all_positive",TRUE,FALSE
"em_f_view","em_m_view_116",0.0479765108159146,0.0472784094260491,0.000698101389865501,"both_observed",FALSE,"lamp_GB",-0.000813399195335197,-0.00143383820644482,-0.000539758165782058,0.000521385182829256,-7.65528479942725e-05,5.08773323784224e-05,-4.61099248845865e-05,-0.000885184635835634,0.00158328602570113,-0.00143383820644482,0.000521385182829256,"mixed_or_zero",TRUE,FALSE
"em_m_view_117","em_m_view_116",0.236594831397851,0.233430546217315,0.00316428518053602,"both_observed",FALSE,"lamp_GB",0.00580432375767961,0.00346921642541387,0.00524079066820765,0.00660902002840519,-7.65528479942725e-05,-0.00231177087351372,-4.61099248845865e-05,0.00336989011128703,-0.000205604930751015,0.00346921642541387,0.00660902002840519,"all_positive",FALSE,FALSE
"em_m_view_118","em_m_view_116",0,0.0424073393233019,-0.0424073393233019,"B_only_edge",FALSE,"lamp_GB",-0.012573576101621,-0.0133291324702835,-0.010578447067222,-0.01231504542537,-7.65528479942725e-05,0.00416056465958234,-4.61099248845865e-05,-0.00853567421491751,-0.0338716651083844,-0.0133291324702835,-0.010578447067222,"all_negative",FALSE,FALSE
"em_m_view_119","em_m_view_116",0.0421220409504851,0.0461948120508276,-0.0040727711003425,"both_observed",FALSE,"lamp_GB",0.00508467976432731,0.00349417439942566,0.00416759292063056,0.00564254660032361,-7.65528479942725e-05,-0.0048400052824886,-4.61099248845865e-05,0.000122011708959848,-0.00419478280930235,0.00349417439942566,0.00564254660032361,"all_positive",FALSE,FALSE
"em_m_view_120","em_m_view_116",0.0422177813357061,0,0.0422177813357061,"A_only_edge",FALSE,"lamp_GB",0.00601779811080679,0.00394708846977895,0.00525791435582288,0.0064637462860458,-7.65528479942725e-05,-0.00121558637162967,-4.61099248845865e-05,0.00467954896629826,0.0375382323694078,0.00394708846977895,0.0064637462860458,"all_positive",FALSE,FALSE
"em_m_view_112","em_m_view_116",0,0.0182269319088531,-0.0182269319088531,"B_only_edge",FALSE,"lamp_GB",-0.00476515912975843,-0.00555799644573843,-0.00340371355081787,-0.00439212240140114,-7.65528479942725e-05,0.00217603709739245,-4.61099248845865e-05,-0.00271178480524485,-0.0155151471036083,-0.00555799644573843,-0.00340371355081787,"all_negative",FALSE,FALSE
"em_m_view_113","em_m_view_116",0.0287558798411918,0.0194810127122734,0.0092748671289184,"both_observed",FALSE,"lamp_GB",0.00144786385722232,-0.00049113935117416,0.00141566459027312,0.00210958032946214,-7.65528479942725e-05,0.00238019695032605,-4.61099248845865e-05,0.00370539803466951,0.00556946909424889,-0.00049113935117416,0.00210958032946214,"mixed_or_zero",FALSE,FALSE
"em_m_view_115","em_m_view_116",0.0262232000940056,0.0179386186642329,0.0082845814297727,"both_observed",FALSE,"lamp_GB",0.00553312274873497,0.00299695174746622,0.00486902597967657,0.00641189807730023,-7.65528479942725e-05,-0.003974451058451,-4.61099248845865e-05,0.00143600891740511,0.00684857251236759,0.00299695174746622,0.00641189807730023,"all_positive",FALSE,FALSE
"em_m_view_111","em_m_view_116",0.0256377882716184,0,0.0256377882716184,"A_only_edge",FALSE,"lamp_GB",0.00899980631961398,0.00616269251993234,0.00786629144033047,0.00921963719796654,-7.65528479942725e-05,-0.00539996037226474,-4.61099248845865e-05,0.00347718317447037,0.022160605097148,0.00616269251993234,0.00921963719796654,"all_positive",FALSE,FALSE
"em_m_view_110","em_m_view_116",0.0359306937242,0.0439953057153868,-0.0080646119911868,"both_observed",FALSE,"lamp_GB",0.00983353071423728,0.00563726800122542,0.00887715818870089,0.00915696309128994,-7.65528479942725e-05,-0.0163056091884807,-4.61099248845865e-05,-0.00659474124712233,-0.00146987074406447,0.00563726800122542,0.00983353071423728,"all_positive",FALSE,FALSE
"em_m_drag","em_m_view_116",0,0.0283803292662344,-0.0283803292662344,"B_only_edge",FALSE,"lamp_GB",-0.0390509798546896,-0.0383188508414064,-0.0338041799312591,-0.0400092276100949,-7.65528479942725e-05,0.00818811765305253,-4.61099248845865e-05,-0.030985524974516,0.00260519570828157,-0.0400092276100949,-0.0338041799312591,"all_negative",FALSE,FALSE
"em","em_m_view_117",0.00122834899228689,0.00320462565441436,-0.00197627666212747,"both_observed",FALSE,"lamp_GB",-0.00371865513029674,-0.00430457390914187,-0.00544974588127189,-0.00312575323401874,-7.65528479942725e-05,0.000267549670951015,0.00845317081961254,0.00492551251227254,-0.00690178917440001,-0.00544974588127189,-0.00312575323401874,"all_negative",TRUE,FALSE
"em_f_view","em_m_view_117",0.0180967823369655,0.0219815034404005,-0.003884721103435,"both_observed",FALSE,"lamp_GB",-0.00322921466655838,-0.00224812774991294,-0.00295503932786039,-0.00166422481211874,-7.65528479942725e-05,5.08773323784224e-05,0.00845317081961254,0.00519828063743831,-0.00908300174087331,-0.00322921466655838,-0.00166422481211874,"all_negative",TRUE,FALSE
"em_m_view_116","em_m_view_117",0.5706440210743,0.546258788214422,0.024385232859878,"both_observed",FALSE,"lamp_GB",0.000656866809231162,-0.000672682496349212,-0.000777077006726198,0.000946849975670178,-7.65528479942725e-05,-0.00652499781214751,0.00845317081961254,0.00250848696870192,0.0218767458911761,-0.000777077006726198,0.000946849975670178,"mixed_or_zero",FALSE,FALSE
"em_m_view_118","em_m_view_117",0.261824063538925,0.219026081353046,0.042797982185879,"both_observed",FALSE,"lamp_GB",0.00424464786328298,0.0065084877107939,0.00723968573595136,0.00465044141549907,-7.65528479942725e-05,0.00416056465958234,0.00845317081961254,0.0167818304944836,0.0260161516913954,0.00424464786328298,0.00723968573595136,"all_positive",FALSE,FALSE
"em_m_view_119","em_m_view_117",0.0179635271851511,0.0246909574348374,-0.0067274302496863,"both_observed",FALSE,"lamp_GB",-0.002187277266278,-0.00394887365713398,-0.00322171857390511,-0.001586626770438,-7.65528479942725e-05,-0.0048400052824886,0.00845317081961254,0.00134933542285166,-0.00807676567253796,-0.00394887365713398,-0.001586626770438,"all_negative",FALSE,FALSE
"em_m_view_120","em_m_view_117",0.0140083351212724,0.0171668890368572,-0.0031585539155848,"both_observed",FALSE,"lamp_GB",-0.00348264114318298,-0.00327351577870951,-0.00361336466636724,-0.00248073473253625,-7.65528479942725e-05,-0.00121558637162967,0.00845317081961254,0.00367839045680562,-0.00683694437239042,-0.00361336466636724,-0.00248073473253625,"all_negative",FALSE,FALSE
"em_m_view_112","em_m_view_117",0,0.00868892016266375,-0.00868892016266375,"B_only_edge",FALSE,"lamp_GB",-0.00349492956523942,-0.00355708797199824,-0.00346844974037018,-0.00370665506160837,-7.65528479942725e-05,0.00217603709739245,0.00845317081961254,0.00705772550377129,-0.015746645666435,-0.00370665506160837,-0.00346844974037018,"all_negative",FALSE,FALSE
"em_m_view_115","em_m_view_117",0.0136532445298751,0.00959566664672758,0.00405757788314752,"both_observed",FALSE,"lamp_GB",-0.00210617205998942,-0.00339137177376553,-0.0031518482100415,-0.00109430278157291,-7.65528479942725e-05,-0.003974451058451,0.00845317081961254,0.00229599485317784,0.00176158302996968,-0.00339137177376553,-0.00109430278157291,"all_negative",FALSE,FALSE
"em_m_view_101","em_m_view_117",0,0.0158248675695,-0.0158248675695,"B_only_edge",FALSE,"lamp_GB",-0.00404942844817208,-0.00506997894762939,-0.00517567818745346,-0.00361868489304804,-7.65528479942725e-05,-0.00456062905288972,0.00845317081961254,-0.000233439529443538,-0.0155914280400565,-0.00517567818745346,-0.00361868489304804,"all_negative",FALSE,FALSE
"em_m_view_104","em_m_view_117",0.00924617490631388,0,0.00924617490631388,"A_only_edge",FALSE,"lamp_GB",-0.00106612737431917,-0.00149139976072063,-0.000744390305298884,0.000111936840023045,-7.65528479942725e-05,-0.00239853173013682,0.00845317081961254,0.00491195886716227,0.00433421603915161,-0.00149139976072063,0.000111936840023045,"mixed_or_zero",FALSE,FALSE
"em_m_drag","em_m_view_117",0.0833527253989481,0.0582238334668191,0.025128891932129,"both_observed",FALSE,"lamp_GB",-0.000881620733626024,0.00593536593817956,0.004920404382337,0.000236016968560769,-7.65528479942725e-05,0.00818811765305253,0.00845317081961254,0.0156831148910448,0.00944577704108423,-0.000881620733626024,0.00593536593817956,"mixed_or_zero",FALSE,FALSE
"em_f_view","em_m_view_118",0.00674098954682363,0,0.00674098954682363,"A_only_edge",FALSE,"lamp_GB",-0.00172529435074867,-0.00187332053637571,-0.00175514353306481,-0.00112386680023054,-7.65528479942725e-05,5.08773323784224e-05,-0.00915179841994046,-0.010902768286305,0.0176437578331286,-0.00187332053637571,-0.00112386680023054,"all_negative",TRUE,FALSE
"em_m_view_116","em_m_view_118",0.0608962327347408,0.0514768249626247,0.0094194077721161,"both_observed",FALSE,"lamp_GB",0.00591065875616069,0.00341123869321028,0.00416669061574474,0.00485991336977091,-7.65528479942725e-05,-0.00652499781214751,-0.00915179841994046,-0.00984269032392155,0.0192620980960376,0.00341123869321028,0.00591065875616069,"all_positive",FALSE,FALSE
"em_m_view_117","em_m_view_118",0.508550035187075,0.551804326186538,-0.043254290999463,"both_observed",FALSE,"lamp_GB",0.000601245316813297,-0.0028222861928636,-0.000722501870623086,-0.000163700463049132,-7.65528479942725e-05,-0.00231177087351372,-0.00915179841994046,-0.0109388768246352,-0.0323154141748278,-0.0028222861928636,0.000601245316813297,"mixed_or_zero",FALSE,FALSE
"em_m_view_119","em_m_view_118",0.114761930485119,0.0965158953942271,0.0182460350908919,"both_observed",FALSE,"lamp_GB",0.00722111093039455,0.00513896075466269,0.00571254354792984,0.00711238355163844,-7.65528479942725e-05,-0.0048400052824886,-0.00915179841994046,-0.00684724562002879,0.0250932807109207,0.00513896075466269,0.00722111093039455,"all_positive",FALSE,FALSE
"em_m_view_120","em_m_view_118",0.0111274202041981,0.0313039926977566,-0.0201765724935585,"both_observed",FALSE,"lamp_GB",0.000958048441225771,-0.00118731141562435,-0.000520466936332529,-0.000204461691308875,-7.65528479942725e-05,-0.00121558637162967,-0.00915179841994046,-0.00948588919833863,-0.0106906832952199,-0.00118731141562435,0.000958048441225771,"mixed_or_zero",FALSE,FALSE
"em_m_view_103","em_m_view_118",0,0.0089920787163342,-0.0089920787163342,"B_only_edge",FALSE,"lamp_GB",0.000579739789834611,0.000635979496410775,0.000318447422642145,0.00081673477266815,-7.65528479942725e-05,0.00160097027756513,-0.00915179841994046,-0.00704764120053499,-0.00194443751579921,0.000318447422642145,0.00081673477266815,"all_positive",FALSE,FALSE
"em_m_drag","em_m_view_118",0,0.0662823261616863,-0.0662823261616863,"B_only_edge",FALSE,"lamp_GB",-0.0494977599398034,-0.04753832197986,-0.0482579126811221,-0.0531669096542308,-7.65528479942725e-05,0.00818811765305253,-0.00915179841994046,-0.0505379935546856,-0.0157443326070007,-0.0531669096542308,-0.04753832197986,"all_negative",FALSE,FALSE
"em","em_m_view_119",0.0228255579687615,0.039146670313019,-0.0163211123442575,"both_observed",FALSE,"lamp_GB",0.0025909046930201,0.00295103487020582,0.00282518865373929,0.00247121954105945,-7.65528479942725e-05,0.000267549670951015,-0.00119060142165715,0.00159130009431969,-0.0179124124385772,0.00247121954105945,0.00295103487020582,"all_positive",TRUE,FALSE
"em_m_view_305","em_m_view_119",0,0.00442488990625843,-0.00442488990625843,"B_only_edge",FALSE,"lamp_GB",-0.0155472328087011,-0.00935416153570012,-0.015415920665579,-0.0202062409179266,-7.65528479942725e-05,0.0112980372160502,-0.00119060142165715,-0.00551634986230231,0.00109145995604388,-0.0202062409179266,-0.00935416153570012,"all_negative",TRUE,FALSE
"keypress","em_m_view_119",0.00163898734948981,0.00246728262333381,-0.000828295273844,"both_observed",FALSE,"lamp_GB",0.00139945933387806,0.00195120407726657,0.00247971880439319,0.000533836527853988,-7.65528479942725e-05,-0.0017012007004055,-0.00119060142165715,-0.00156889563617887,0.00074060036233487,0.000533836527853988,0.00247971880439319,"all_positive",TRUE,FALSE
"em_f_view","em_m_view_119",0.0822928072982897,0.110490404509105,-0.0281975972108153,"both_observed",FALSE,"lamp_GB",0.00173108757302814,0.00224915781094367,0.00201635879540722,0.00142344535479257,-7.65528479942725e-05,5.08773323784224e-05,-0.00119060142165715,0.000514810635755136,-0.0287124078465704,0.00142344535479257,0.00224915781094367,"all_positive",TRUE,FALSE
"em_m_view_116","em_m_view_119",0.0491220238916016,0.0652047519030291,-0.0160827280114275,"both_observed",FALSE,"lamp_GB",0.00089582453389762,0.000765344152388771,0.000731130953096178,0.000250132581260294,-7.65528479942725e-05,-0.00652499781214751,-0.00119060142165715,-0.00689632754790131,-0.00918640046352619,0.000250132581260294,0.00089582453389762,"all_positive",FALSE,FALSE
"em_m_view_117","em_m_view_119",0.0760430051410661,0.0543424202615489,0.0217005848795172,"both_observed",FALSE,"lamp_GB",0.00127830054614334,0.0019570423785245,0.00170023847986148,0.00149054154720297,-7.65528479942725e-05,-0.00231177087351372,-0.00119060142165715,-0.0023006245970218,0.024001209476539,0.00127830054614334,0.0019570423785245,"all_positive",FALSE,FALSE
"em_m_view_118","em_m_view_119",0.652707442294789,0.580471189376044,0.072236252918745,"both_observed",FALSE,"lamp_GB",0.00522338189070721,0.00879998379595504,0.00608115056852741,0.00462011937634033,-7.65528479942725e-05,0.00416056465958234,-0.00119060142165715,0.00811679228063813,0.0641194606381069,0.00462011937634033,0.00879998379595504,"all_positive",FALSE,FALSE
"em_m_view_120","em_m_view_119",0.183050536221427,0.187201066394079,-0.00415053017265199,"both_observed",FALSE,"lamp_GB",0.00104725463276011,0.00180834661288003,0.00164172816811914,0.00129128786205539,-7.65528479942725e-05,-0.00121558637162967,-0.00119060142165715,-0.00143548600852098,-0.00271504416413101,0.00104725463276011,0.00180834661288003,"all_positive",FALSE,FALSE
"em_m_view_112","em_m_view_119",0.0304795294239813,0.0306850415401309,-0.000205512116149602,"both_observed",FALSE,"lamp_GB",0.00135740377716212,0.0024445266319138,0.00204699458006812,0.000858836548906596,-7.65528479942725e-05,0.00217603709739245,-0.00119060142165715,0.00226628660490315,-0.00247179872105275,0.000858836548906596,0.0024445266319138,"all_positive",FALSE,FALSE
"em_m_view_114","em_m_view_119",0.0126378955190571,0.0317198834494395,-0.0190819879303824,"both_observed",FALSE,"lamp_GB",-0.000555037515871586,-0.000483483105822677,-0.000883111543890629,-0.000813617644085819,-7.65528479942725e-05,-0.00717232443940085,-0.00119060142165715,-0.00899451622492386,-0.0100874717054585,-0.000883111543890629,-0.000483483105822677,"all_negative",FALSE,FALSE
"em_m_view_115","em_m_view_119",0.134660566692219,0.131405532772632,0.00325503391958701,"both_observed",FALSE,"lamp_GB",0.000772445695500831,0.000807095990581455,0.000694561406780124,0.000390073874724164,-7.65528479942725e-05,-0.003974451058451,-0.00119060142165715,-0.00446915963260159,0.0077241935521886,0.000390073874724164,0.000807095990581455,"all_positive",FALSE,FALSE
"em_m_view_111","em_m_view_119",0,0.0251757854163859,-0.0251757854163859,"B_only_edge",FALSE,"lamp_GB",-0.000553463625203772,-0.000886750215161671,-0.000294552632416618,-0.000819118390224274,-7.65528479942725e-05,-0.00539996037226474,-0.00119060142165715,-0.00722057826711994,-0.017955207149266,-0.000886750215161671,-0.000294552632416618,"all_negative",FALSE,FALSE
"em_m_view_105","em_m_view_119",0,0.0118488572146702,-0.0118488572146702,"B_only_edge",FALSE,"lamp_GB",0.00104689670672397,0.000893902370845104,0.00113524365278209,0.000770413348982383,-7.65528479942725e-05,-0.00529786905258469,-0.00119060142165715,-0.00551812661551214,-0.00633073059915806,0.000770413348982383,0.00113524365278209,"all_positive",FALSE,FALSE
"em_new","em_m_view_119",0,0.00804371305354776,-0.00804371305354776,"B_only_edge",FALSE,"lamp_GB",-0.0129124261879489,-0.0069137366016884,-0.0116690221940912,-0.0174207425605407,-7.65528479942725e-05,0.0217871957713995,-0.00119060142165715,0.00760761531379924,-0.015651328367347,-0.0174207425605407,-0.0069137366016884,"all_negative",FALSE,FALSE
"em_for","em_m_view_119",0,0.0213103609974797,-0.0213103609974797,"B_only_edge",FALSE,"lamp_GB",-0.0468880582051784,-0.0307847882815879,-0.0450459045190239,-0.0618071108324419,-7.65528479942725e-05,0.0304142355331163,-0.00119060142165715,-0.0177409769417135,-0.0035693840557662,-0.0618071108324419,-0.0307847882815879,"all_negative",FALSE,FALSE
"em_m_drag","em_m_view_119",0.0969579841997668,0.0660895337932654,0.0308684504065014,"both_observed",FALSE,"lamp_GB",0.00993076821918025,0.0193876301096586,0.0136473203312304,0.0098033445172511,-7.65528479942725e-05,0.00818811765305253,-0.00119060142165715,0.0168517316025814,0.01401671880392,0.0098033445172511,0.0193876301096586,"all_positive",FALSE,FALSE
"em","em_m_view_120",0.0029235995556787,0.00523112472419902,-0.00230752516852032,"both_observed",FALSE,"lamp_GB",0.000434047617792293,0.00214927795690271,-2.81638088972883e-05,-0.000392772405315777,-7.65528479942725e-05,0.000267549670951015,-0.00263764905958519,-0.00201260461883616,-0.000294920549684164,-0.000392772405315777,0.00214927795690271,"mixed_or_zero",TRUE,FALSE
"keypress","em_m_view_120",0.000556230245503521,0,0.000556230245503521,"A_only_edge",FALSE,"lamp_GB",-9.57996790773297e-05,0.000249521958881584,-0.000229905145027176,-0.00145341849766422,-7.65528479942725e-05,-0.0017012007004055,-0.00263764905958519,-0.0045112022870623,0.00506743253256582,-0.00145341849766422,0.000249521958881584,"mixed_or_zero",TRUE,FALSE
"em_f_view","em_m_view_120",0.0122062487409929,0.016303896293322,-0.0040976475523291,"both_observed",FALSE,"lamp_GB",0.00125850385193319,0.00231509636019562,0.000692137487015279,0.000467219059073923,-7.65528479942725e-05,5.08773323784224e-05,-0.00263764905958519,-0.00140482072326785,-0.00269282682906125,0.000467219059073923,0.00231509636019562,"all_positive",TRUE,FALSE
"em_m_view_116","em_m_view_120",0,0.0162670484166175,-0.0162670484166175,"B_only_edge",FALSE,"lamp_GB",-0.000887011802421388,-0.000997148849993586,-0.00154696884874967,-0.00166603872214655,-7.65528479942725e-05,-0.00652499781214751,-0.00263764905958519,-0.0101262115221484,-0.00614083689446914,-0.00166603872214655,-0.000887011802421388,"all_negative",FALSE,FALSE
"em_m_view_117","em_m_view_120",0.0124061222067448,0.00863957170638685,0.00376655050035795,"both_observed",FALSE,"lamp_GB",-0.00082315763904711,-7.25978133398036e-05,-0.00149885379201899,-0.00163012877860083,-7.65528479942725e-05,-0.00231177087351372,-0.00263764905958519,-0.00584913042014029,0.00961568092049824,-0.00163012877860083,-7.25978133398036e-05,"all_negative",FALSE,FALSE
"em_m_view_118","em_m_view_120",0,0.0754032113090395,-0.0754032113090395,"B_only_edge",FALSE,"lamp_GB",-0.00896982646232944,-0.00624148740229269,-0.00965343411040688,-0.0100733787516832,-7.65528479942725e-05,0.00416056465958234,-0.00263764905958519,-0.00752346371032656,-0.0678797475987129,-0.0100733787516832,-0.00624148740229269,"all_negative",FALSE,FALSE
"em_m_view_119","em_m_view_120",0.324056478672499,0.320190181511306,0.00386629716119297,"both_observed",FALSE,"lamp_GB",-0.000947117855501011,-0.000782598570009496,-0.00122017413268307,-0.00175441264633576,-7.65528479942725e-05,-0.0048400052824886,-0.00263764905958519,-0.00850132504556908,0.012367622206762,-0.00175441264633576,-0.000782598570009496,"all_negative",FALSE,FALSE
"em_m_view_112","em_m_view_120",0.174950982876208,0.169133780517373,0.00581720235883501,"both_observed",FALSE,"lamp_GB",0.00149535356150576,0.00409111426896402,0.0024704123655761,0.000557054080750828,-7.65528479942725e-05,0.00217603709739245,-0.00263764905958519,0.00095718875131874,0.00486001360751627,0.000557054080750828,0.00409111426896402,"all_positive",FALSE,FALSE
"em_m_view_115","em_m_view_120",0.0154531669653186,0.0187549105773717,-0.0033017436120531,"both_observed",FALSE,"lamp_GB",-0.00127034158043976,-0.000349097900115345,-0.00191423258325089,-0.00168315588733389,-7.65528479942725e-05,-0.003974451058451,-0.00263764905958519,-0.00795899454647022,0.00465725093441712,-0.00191423258325089,-0.000349097900115345,"all_negative",FALSE,FALSE
"em_m_view_111","em_m_view_120",0,0.00897509091803573,-0.00897509091803573,"B_only_edge",FALSE,"lamp_GB",-0.00204436719848645,-0.00192895755068102,-0.00351741059376844,-0.00325864744416292,-7.65528479942725e-05,-0.00539996037226474,-0.00263764905958519,-0.0101585294783307,0.00118343856029493,-0.00351741059376844,-0.00192895755068102,"all_negative",FALSE,FALSE
"em_m_view_102","em_m_view_120",0,0.00815313504223113,-0.00815313504223113,"B_only_edge",FALSE,"lamp_GB",-0.00254708346140417,-0.00132850021628163,-0.00341004989361329,-0.00318829654866023,-7.65528479942725e-05,-0.00432126272766551,-0.00263764905958519,-0.00958254809664914,0.00142941305441801,-0.00341004989361329,-0.00132850021628163,"all_negative",FALSE,FALSE
"em_m_view_106","em_m_view_120",0.00460427444406402,0.00708124158067804,-0.00247696713661402,"both_observed",FALSE,"lamp_GB",0.00127847758767976,0.000372087855052894,-0.00114913069701416,-0.00225130227998053,-7.65528479942725e-05,-0.00189878300225242,-0.00263764905958519,-0.00333450732215212,0.000857540185538096,-0.00225130227998053,0.00127847758767976,"mixed_or_zero",FALSE,FALSE
"em_m_drag","em_m_view_120",0.0700979829021948,0,0.0700979829021948,"A_only_edge",FALSE,"lamp_GB",0.0235642128836655,0.0307209552642159,0.0279695909779102,0.0225708163986341,-7.65528479942725e-05,0.00818811765305253,-0.00263764905958519,0.0290381286291386,0.0410598542730562,0.0225708163986341,0.0307209552642159,"all_positive",FALSE,FALSE
"em_f_view","em_m_view_112",0.00211392595150467,0,0.00211392595150467,"A_only_edge",FALSE,"lamp_GB",-0.00238757604616895,-0.00121775837154322,-0.00348193734845141,-0.00121605650765186,-7.65528479942725e-05,5.08773323784224e-05,0.00401613580248921,0.00160288424070441,0.000511041710800257,-0.00348193734845141,-0.00121605650765186,"all_negative",TRUE,FALSE
"em_m_view_116","em_m_view_112",0.0101492238075468,0.0193897470872292,-0.0092405232796824,"both_observed",FALSE,"lamp_GB",-0.000962396241125825,-0.000557033021786742,-0.0024007066491806,-0.000329122037986367,-7.65528479942725e-05,-0.00652499781214751,0.00401613580248921,-0.00354781109877839,-0.00569271218090401,-0.0024007066491806,-0.000329122037986367,"all_negative",FALSE,FALSE
"em_m_view_117","em_m_view_112",0.00543597614458056,0,0.00543597614458056,"A_only_edge",FALSE,"lamp_GB",-0.000133913965466442,-0.000175790861429019,-0.000930421348404359,0.000921288759472405,-7.65528479942725e-05,-0.00231177087351372,0.00401613580248921,0.00149389811551478,0.00394207802906578,-0.000930421348404359,0.000921288759472405,"mixed_or_zero",FALSE,FALSE
"em_m_view_118","em_m_view_112",0.00999580788633455,0,0.00999580788633455,"A_only_edge",FALSE,"lamp_GB",-0.00308184142237563,-0.00018789333565643,-0.00303509870260633,-0.00331639260263529,-7.65528479942725e-05,0.00416056465958234,0.00401613580248921,0.00501830619170165,0.0049775016946329,-0.00331639260263529,-0.00018789333565643,"all_negative",FALSE,FALSE
"em_m_view_119","em_m_view_112",0.0299975276594864,0.0223897501701686,0.0076077774893178,"both_observed",FALSE,"lamp_GB",0.000342714059258639,0.000408434356703828,-0.000525677736685563,0.00168812986443764,-7.65528479942725e-05,-0.0048400052824886,0.00401613580248921,-0.000557708268735023,0.00816548575805282,-0.000525677736685563,0.00168812986443764,"mixed_or_zero",FALSE,FALSE
"em_m_view_120","em_m_view_112",0.522409121149524,0.523751654600912,-0.00134253345138802,"both_observed",FALSE,"lamp_GB",-0.001600539280909,-0.000102395836919911,-0.00275030984216656,-0.0013069122677291,-7.65528479942725e-05,-0.00121558637162967,0.00401613580248921,0.00112345730195627,-0.00246599075334429,-0.00275030984216656,-0.000102395836919911,"all_negative",FALSE,FALSE
"em_m_view_113","em_m_view_112",0.194497972966063,0.190297376531015,0.004200596435048,"both_observed",FALSE,"lamp_GB",-0.00318271085727373,-0.00279856513130566,-0.00394329864722702,-0.0014618860566374,-7.65528479942725e-05,0.00238019695032605,0.00401613580248921,0.00313706904754726,0.00106352738750074,-0.00394329864722702,-0.0014618860566374,"all_negative",FALSE,FALSE
"em_m_view_115","em_m_view_112",0,0.00884901393522744,-0.00884901393522744,"B_only_edge",FALSE,"lamp_GB",-0.00115105181498601,-0.00105689970371053,-0.00250383090275971,0.000144730103688115,-7.65528479942725e-05,-0.003974451058451,0.00401613580248921,-0.00118591991894206,-0.00766309401628538,-0.00250383090275971,0.000144730103688115,"mixed_or_zero",FALSE,FALSE
"em_m_view_101","em_m_view_112",0,0.00543535899364446,-0.00543535899364446,"B_only_edge",FALSE,"lamp_GB",-0.000623424816780918,-0.00125761318813211,-0.00296161406852938,-7.10265214672919e-05,-7.65528479942725e-05,-0.00456062905288972,0.00401613580248921,-0.0012444709151757,-0.00419088807846876,-0.00296161406852938,-7.10265214672919e-05,"all_negative",FALSE,FALSE
"em_m_view_104","em_m_view_112",0.00920733182748513,0,0.00920733182748513,"A_only_edge",FALSE,"lamp_GB",-6.31177158430424e-05,0.000984614088910995,-0.000631526597445834,0.000469291793025052,-7.65528479942725e-05,-0.00239853173013682,0.00401613580248921,0.00147793350851508,0.00772939831897005,-0.000631526597445834,0.000984614088910995,"mixed_or_zero",FALSE,FALSE
"em_m_view_108","em_m_view_112",0,0.00627444634756771,-0.00627444634756771,"B_only_edge",FALSE,"lamp_GB",0.00234610109482688,-0.000346648325292775,0.000208768934789082,0.00245279164704903,-7.65528479942725e-05,-0.00806565476521718,0.00401613580248921,-0.00177997071589536,-0.00449447563167235,-0.000346648325292775,0.00245279164704903,"mixed_or_zero",FALSE,FALSE
"em","em_m_view_113",0.000303272077910616,0.000979962817256841,-0.000676690739346225,"both_observed",FALSE,"lamp_GB",-0.000823262546270454,-0.00558731810627156,-0.000649357274279204,0.00089261855305321,-7.65528479942725e-05,0.000267549670951015,0.00372876416058746,0.00309649843727375,-0.00377318917661998,-0.00558731810627156,0.00089261855305321,"mixed_or_zero",TRUE,FALSE
"em_f_view","em_m_view_113",0,0.00128584217704758,-0.00128584217704758,"B_only_edge",FALSE,"lamp_GB",-0.00280851655057965,-0.00486794220728978,-0.00240405133949195,-0.00123727747161822,-7.65528479942725e-05,5.08773323784224e-05,0.00372876416058746,0.000894572094391961,-0.00218041427143954,-0.00486794220728978,-0.00123727747161822,"all_negative",TRUE,FALSE
"em_m_view_116","em_m_view_113",0.0101544694954951,0,0.0101544694954951,"A_only_edge",FALSE,"lamp_GB",0.00367374734250307,-5.81521187348993e-05,0.00274641161518238,0.00446581780968458,-7.65528479942725e-05,-0.00652499781214751,0.00372876416058746,0.000800960842948755,0.00935350865254635,-5.81521187348993e-05,0.00446581780968458,"mixed_or_zero",FALSE,FALSE
"em_m_view_117","em_m_view_113",0.00944689590255754,0.00582398456446443,0.00362291133809311,"both_observed",FALSE,"lamp_GB",0.00292831803380056,-0.00135603795185827,0.0025556393745246,0.00432800566778912,-7.65528479942725e-05,-0.00231177087351372,0.00372876416058746,0.00426875847288003,-0.000645847134786924,-0.00135603795185827,0.00432800566778912,"mixed_or_zero",FALSE,FALSE
"em_m_view_119","em_m_view_113",0.00724897330998608,0.00647389131848845,0.00077508199149763,"both_observed",FALSE,"lamp_GB",0.00373578542413176,-0.000210647321208061,0.00286349338015751,0.00454979692806302,-7.65528479942725e-05,-0.0048400052824886,0.00372876416058746,0.00254799145423635,-0.00177290946273871,-0.000210647321208061,0.00454979692806302,"mixed_or_zero",FALSE,FALSE
"em_m_view_120","em_m_view_113",0.0310042941184311,0.0329194929285764,-0.0019151988101453,"both_observed",FALSE,"lamp_GB",0.000882833224637315,-0.00310121883157952,0.000171924644734286,0.00167873549104701,-7.65528479942725e-05,-0.00121558637162967,0.00372876416058746,0.00331945816560084,-0.00523465697574613,-0.00310121883157952,0.00167873549104701,"mixed_or_zero",FALSE,FALSE
"em_m_view_112","em_m_view_113",0.710375385316,0.63067130664778,0.0797040786682199,"both_observed",FALSE,"lamp_GB",0.0130076093878463,0.011319770482468,0.0130326915647803,0.01463377535533,-7.65528479942725e-05,0.00217603709739245,0.00372876416058746,0.0188358577978319,0.060868220870388,0.011319770482468,0.01463377535533,"all_positive",FALSE,FALSE
"em_m_view_114","em_m_view_113",0.267882374838396,0.311970452294749,-0.044088077456353,"both_observed",FALSE,"lamp_GB",-0.00340021454282158,-0.010932359926517,-0.00656849180927629,-0.00445920042431076,-7.65528479942725e-05,-0.00717232443940085,0.00372876416058746,-0.00692032766962924,-0.0371677497867238,-0.010932359926517,-0.00340021454282158,"all_negative",FALSE,FALSE
"em_m_drag","em_m_view_113",0,0.0506166632279918,-0.0506166632279918,"B_only_edge",FALSE,"lamp_GB",-0.0416911626060135,-0.044265154177717,-0.039148943755154,-0.0427992019558582,-7.65528479942725e-05,0.00818811765305253,0.00372876416058746,-0.0298508336403677,-0.0207658295876241,-0.044265154177717,-0.039148943755154,"all_negative",FALSE,FALSE
"em","em_m_view_114",0,0.000641758344855128,-0.000641758344855128,"B_only_edge",FALSE,"lamp_GB",-0.00201206110636126,-0.00292428314214468,-0.0012490706313684,-0.000708404737912112,-7.65528479942725e-05,0.000267549670951015,0.00335758237284706,0.00153651808944254,-0.00217827643429767,-0.00292428314214468,-0.000708404737912112,"all_negative",TRUE,FALSE
"em_m_view_113","em_m_view_114",0.477435167146541,0.477096377912499,0.000338789234042014,"both_observed",FALSE,"lamp_GB",-0.00300815688267849,-0.00300606507406768,-0.00159907309456745,-0.00148022888596268,-7.65528479942725e-05,0.00238019695032605,0.00335758237284706,0.00265306959250034,-0.00231428035845833,-0.00300815688267849,-0.00148022888596268,"all_negative",FALSE,FALSE
"em_m_view_115","em_m_view_114",0.0975094957091107,0.0979409637257805,-0.000431468016669795,"both_observed",FALSE,"lamp_GB",-0.000114465447126217,0.00110669231931889,0.000802736647052742,0.00187770810557118,-7.65528479942725e-05,-0.003974451058451,0.00335758237284706,-0.000807886980724431,0.000376418964054637,-0.000114465447126217,0.00187770810557118,"mixed_or_zero",FALSE,FALSE
"em_m_view_111","em_m_view_114",0.0182823759569787,0.0110122134424531,0.0072701625145256,"both_observed",FALSE,"lamp_GB",0.00292463186820707,0.00404823877694687,0.00333369634886228,0.00476159316643342,-7.65528479942725e-05,-0.00539996037226474,0.00335758237284706,0.000805701020795112,0.00646446149373049,0.00292463186820707,0.00476159316643342,"all_positive",FALSE,FALSE
"em_m_view_107","em_m_view_114",0,0.00440132866169636,-0.00440132866169636,"B_only_edge",FALSE,"lamp_GB",-0.00176280175206543,-0.000551393053581111,-0.000991281117286071,5.77596519352761e-05,-7.65528479942725e-05,-0.00356741334818282,0.00335758237284706,-0.00204918557539546,-0.0023521430863009,-0.00176280175206543,5.77596519352761e-05,"mixed_or_zero",FALSE,FALSE
"em","em_m_view_115",0.0179696759746086,0.032780251160477,-0.0148105751858684,"both_observed",FALSE,"lamp_GB",0.000511287822198133,0.00123254566136011,0.000149237339478238,0.000766766975019118,-7.65528479942725e-05,0.000267549670951015,-0.00244965823250032,-0.00174737358734544,-0.013063201598523,0.000149237339478238,0.00123254566136011,"all_positive",TRUE,FALSE
"em_m_view_305","em_m_view_115",0.00158853831727441,0.00214893723114725,-0.00056039891387284,"both_observed",FALSE,"lamp_GB",-0.00510605201204479,-0.004487934293677,-0.00374877422960701,-0.00867213765225852,-7.65528479942725e-05,0.0112980372160502,-0.00244965823250032,0.00366577412351081,-0.00422617303738365,-0.00867213765225852,-0.00374877422960701,"all_negative",TRUE,FALSE
"keypress","em_m_view_115",0.00198849985513896,0.00245271359434227,-0.00046421373920331,"both_observed",FALSE,"lamp_GB",0.000157438324892869,0.000924600097128331,0.000339724823956186,0.000272083558686605,-7.65528479942725e-05,-0.0017012007004055,-0.00244965823250032,-0.00406997345600723,0.00360575971680392,0.000157438324892869,0.000924600097128331,"all_positive",TRUE,FALSE
"em_f_view","em_m_view_115",0.0662911210087167,0.0857700373649518,-0.0194789163562351,"both_observed",FALSE,"lamp_GB",0.000274496178732669,0.000979507738101841,0.000204515811183718,0.000414329382370855,-7.65528479942725e-05,5.08773323784224e-05,-0.00244965823250032,-0.0022008375693835,-0.0172780787868516,0.000204515811183718,0.000979507738101841,"all_positive",TRUE,FALSE
"em_m_view_116","em_m_view_115",0.0226690037062447,0,0.0226690037062447,"A_only_edge",FALSE,"lamp_GB",0.00136988634983539,0.00118547337680342,0.000937034002453624,0.00130842825128672,-7.65528479942725e-05,-0.00652499781214751,-0.00244965823250032,-0.00768132254280671,0.0303503262490514,0.000937034002453624,0.00136988634983539,"all_positive",FALSE,FALSE
"em_m_view_117","em_m_view_115",0.0170030234797891,0.0282856814578766,-0.0112826579780875,"both_observed",FALSE,"lamp_GB",-0.000271697089209362,9.84581364382872e-05,-0.000461536791291349,0.000296842636735782,-7.65528479942725e-05,-0.00231177087351372,-0.00244965823250032,-0.00510967904321767,-0.00617297893486983,-0.000461536791291349,0.000296842636735782,"mixed_or_zero",FALSE,FALSE
"em_m_view_118","em_m_view_115",0.0318139270914467,0.0170613725397354,0.0147525545517113,"both_observed",FALSE,"lamp_GB",0.000842534946791068,0.00340882032573247,0.00197308273527728,0.000371207046685777,-7.65528479942725e-05,0.00416056465958234,-0.00244965823250032,0.00247688852587882,0.0122756660258325,0.000371207046685777,0.00340882032573247,"all_positive",FALSE,FALSE
"em_m_view_119","em_m_view_115",0.131251773957312,0.143231270869579,-0.011979496912267,"both_observed",FALSE,"lamp_GB",0.000255579873821075,-0.00035963139135407,-0.000465129399061509,8.83310183147575e-05,-7.65528479942725e-05,-0.0048400052824886,-0.00244965823250032,-0.00711063648916212,-0.0048688604231049,-0.000465129399061509,0.000255579873821075,"mixed_or_zero",FALSE,FALSE
"em_m_view_120","em_m_view_115",0.0778515298903178,0.0849622216829296,-0.00711069179261181,"both_observed",FALSE,"lamp_GB",0.000163071728313884,0.000703109570609148,0.000520795005098915,0.00048775015356792,-7.65528479942725e-05,-0.00121558637162967,-0.00244965823250032,-0.00357872572381038,-0.00353196606880143,0.000163071728313884,0.000703109570609148,"all_positive",FALSE,FALSE
"em_m_view_112","em_m_view_115",0.0604912645118713,0.0633597593118104,-0.0028684947999391,"both_observed",FALSE,"lamp_GB",3.56735673178813e-07,0.000771056951431046,0.000615876978602373,0.00038661884629412,-7.65528479942725e-05,0.00217603709739245,-0.00244965823250032,-0.000349817247428967,-0.00251867755251013,3.56735673178813e-07,0.000771056951431046,"all_positive",FALSE,FALSE
"em_m_view_113","em_m_view_115",0.176866013755843,0.155180222838945,0.021685790916898,"both_observed",FALSE,"lamp_GB",0.0011050097459119,0.00193219285488668,0.00106548862461919,0.0016664849666236,-7.65528479942725e-05,0.00238019695032605,-0.00244965823250032,0.000958995615743352,0.0207267953011546,0.00106548862461919,0.00193219285488668,"all_positive",FALSE,FALSE
"em_m_view_114","em_m_view_115",0.583775580476013,0.604928028409796,-0.021152447933783,"both_observed",FALSE,"lamp_GB",-0.000299571647782578,-0.0012666473318558,-0.00130209039025603,-0.0010706741133666,-7.65528479942725e-05,-0.00717232443940085,-0.00244965823250032,-0.00999810716767802,-0.011154340766105,-0.00130209039025603,-0.000299571647782578,"all_negative",FALSE,FALSE
"em_m_view_109","em_m_view_115",0.0131316451889322,0.0181948975695732,-0.005063252380641,"both_observed",FALSE,"lamp_GB",0.000327362490700858,0.00167410287410596,0.000695695239972833,-0.000325030858607545,-7.65528479942725e-05,0.0054764206284367,-0.00244965823250032,0.00327757203864297,-0.00834082441928397,-0.000325030858607545,0.00167410287410596,"mixed_or_zero",FALSE,FALSE
"em_m_view_111","em_m_view_115",0.193129694257786,0.234208268298434,-0.041078574040648,"both_observed",FALSE,"lamp_GB",-0.00100108321177303,-0.00145910314380509,-0.00146781513420386,-0.000915386991566604,-7.65528479942725e-05,-0.00539996037226474,-0.00244965823250032,-0.00892725466453237,-0.0321513193761156,-0.00146781513420386,-0.000915386991566604,"all_negative",FALSE,FALSE
"em_m_view_101","em_m_view_115",0,0.058893212019504,-0.058893212019504,"B_only_edge",FALSE,"lamp_GB",-0.00204546992085024,-0.00178932602806174,-0.00188571244195554,-0.0017945969093752,-7.65528479942725e-05,-0.00456062905288972,-0.00244965823250032,-0.00913231005423456,-0.0497609019652694,-0.00204546992085024,-0.00178932602806174,"all_negative",FALSE,FALSE
"em_m_view_103","em_m_view_115",0,0.0181841472074965,-0.0181841472074965,"B_only_edge",FALSE,"lamp_GB",-0.00142189140984768,-0.00150557500977913,-0.00207292552233359,-1.81140975852385e-05,-7.65528479942725e-05,0.00160097027756513,-0.00244965823250032,-0.00234713221277714,-0.0158370149947194,-0.00207292552233359,-1.81140975852385e-05,"all_negative",FALSE,FALSE
"em_m_view_104","em_m_view_115",0.0243462587323224,0,0.0243462587323224,"A_only_edge",FALSE,"lamp_GB",0.00121118839754054,0.00183244580484119,0.00127642270657526,0.00106253322942063,-7.65528479942725e-05,-0.00239853173013682,-0.00244965823250032,-0.00371355441309087,0.0280598131454133,0.00106253322942063,0.00183244580484119,"all_positive",FALSE,FALSE
"em_m_view_105","em_m_view_115",0.0198127454092292,0,0.0198127454092292,"A_only_edge",FALSE,"lamp_GB",0.000839991441405106,0.00105581295722129,0.000803918880756637,0.00114357616452788,-7.65528479942725e-05,-0.00529786905258469,-0.00244965823250032,-0.00698408869167417,0.0267968341009034,0.000803918880756637,0.00114357616452788,"all_positive",FALSE,FALSE
"em_m_view_107","em_m_view_115",0.0042556430144463,0,0.0042556430144463,"A_only_edge",FALSE,"lamp_GB",0.000514929652687639,0.000929869402306606,0.000281388993185671,0.000572939948318246,-7.65528479942725e-05,-0.00356741334818282,-0.00244965823250032,-0.00557869477598977,0.00983433779043607,0.000281388993185671,0.000929869402306606,"all_positive",FALSE,FALSE
"em_m_view_108","em_m_view_115",0.0122832433834169,0,0.0122832433834169,"A_only_edge",FALSE,"lamp_GB",0.00138400510749574,4.74527769678702e-05,0.00014622314915194,0.00129341814008538,-7.65528479942725e-05,-0.00806565476521718,-0.00244965823250032,-0.00920786073821603,0.0214911041216329,4.74527769678702e-05,0.00138400510749574,"all_positive",FALSE,FALSE
"em_re","em_m_view_115",0,0.00466143364878284,-0.00466143364878284,"B_only_edge",FALSE,"lamp_GB",-0.00582825452664693,-0.00544786660741348,-0.00333666907322535,-0.0100886121337133,-7.65528479942725e-05,0.0164961689112805,-0.00244965823250032,0.00814170330413899,-0.0128031369529218,-0.0100886121337133,-0.00333666907322535,"all_negative",FALSE,FALSE
"em_m_drag","em_m_view_115",0.153368271760719,0.115189475157342,0.038178796603377,"both_observed",FALSE,"lamp_GB",0.00263813726531852,0.0112918752384848,0.00746585122177037,0.00323405627567037,-7.65528479942725e-05,0.00818811765305253,-0.00244965823250032,0.00830004383787646,0.0298787527655005,0.00263813726531852,0.0112918752384848,"all_positive",FALSE,FALSE
"em","em_m_view_109",0.00148041932548852,0.00358220154596023,-0.00210178222047171,"both_observed",FALSE,"lamp_GB",-0.000332902237122595,-0.00112496737178206,-0.00064977974291841,0.00159039770556461,-7.65528479942725e-05,0.000267549670951015,0.0012997011567199,0.00115779574255405,-0.00325957796302576,-0.00112496737178206,0.00159039770556461,"mixed_or_zero",TRUE,FALSE
"em_f_view","em_m_view_109",0.00513949013134875,0.00596726769531046,-0.000827777563961711,"both_observed",FALSE,"lamp_GB",-0.00206319702006382,-0.00159797448189296,-0.00142945597931605,5.14936034486966e-05,-7.65528479942725e-05,5.08773323784224e-05,0.0012997011567199,-0.000789171378959769,-3.86061850019416e-05,-0.00206319702006382,5.14936034486966e-05,"mixed_or_zero",TRUE,FALSE
"em_m_view_119","em_m_view_109",0.00945268239039919,0.00860798835815708,0.00084469403224211,"both_observed",FALSE,"lamp_GB",0.0028587807197495,0.00138799523839893,0.00239349510095785,0.00395653537297218,-7.65528479942725e-05,-0.0048400052824886,0.0012997011567199,-0.000758076254013473,0.00160277028625558,0.00138799523839893,0.00395653537297218,"all_positive",FALSE,FALSE
"em_m_view_115","em_m_view_109",0.0426869656518031,0.0525438726914718,-0.0098569070396687,"both_observed",FALSE,"lamp_GB",0.00242903702799294,0.000248658769780536,0.00103417766976495,0.00372993583299103,-7.65528479942725e-05,-0.003974451058451,0.0012997011567199,-0.000322265721732428,-0.00953464131793628,0.000248658769780536,0.00372993583299103,"all_positive",FALSE,FALSE
"em_m_view_111","em_m_view_109",0.0256572582516188,0,0.0256572582516188,"A_only_edge",FALSE,"lamp_GB",0.00664365578529338,0.00379091067551239,0.00523348573782022,0.00772512083836391,-7.65528479942725e-05,-0.00539996037226474,0.0012997011567199,0.00246684372175427,0.0231904145298645,0.00379091067551239,0.00772512083836391,"all_positive",FALSE,FALSE
"em_m_view_101","em_m_view_109",0,0.0188586286322406,-0.0188586286322406,"B_only_edge",FALSE,"lamp_GB",-0.000528298934893625,-0.000735534087467731,-0.000689504554221954,0.000338104776393781,-7.65528479942725e-05,-0.00456062905288972,0.0012997011567199,-0.00386577967905772,-0.0149928489531829,-0.000735534087467731,0.000338104776393781,"mixed_or_zero",FALSE,FALSE
"em_m_view_102","em_m_view_109",0.0194492340450908,0,0.0194492340450908,"A_only_edge",FALSE,"lamp_GB",0.00702883528992333,0.00506075514601701,0.0063271653194992,0.00795578687875674,-7.65528479942725e-05,-0.00432126272766551,0.0012997011567199,0.00393072087098345,0.0155185131741073,0.00506075514601701,0.00795578687875674,"all_positive",FALSE,FALSE
"em_m_view_103","em_m_view_109",0.024209019922619,0,0.024209019922619,"A_only_edge",FALSE,"lamp_GB",0.00345133311182722,0.00409288525743742,0.00483930019615855,0.00822296636385703,-7.65528479942725e-05,0.00160097027756513,0.0012997011567199,0.00627545169811798,0.017933568224501,0.00345133311182722,0.00822296636385703,"all_positive",FALSE,FALSE
"em_m_view_104","em_m_view_109",0.0189337129865738,0.0273670614165674,-0.0084333484299936,"both_observed",FALSE,"lamp_GB",-0.000496879747059795,-0.00123235086644185,2.76859025600299e-05,0.000707455833777474,-7.65528479942725e-05,-0.00239853173013682,0.0012997011567199,-0.00167226316847099,-0.00676108526152261,-0.00123235086644185,0.000707455833777474,"mixed_or_zero",FALSE,FALSE
"em_m_view_106","em_m_view_109",0,0.00958726165061115,-0.00958726165061115,"B_only_edge",FALSE,"lamp_GB",-0.000223284755570484,-0.000439909749622717,-0.000617614636128159,0.000567793845308052,-7.65528479942725e-05,-0.00189878300225242,0.0012997011567199,-0.000898919449097273,-0.00868834220151388,-0.000617614636128159,0.000567793845308052,"mixed_or_zero",FALSE,FALSE
"em_m_view_107","em_m_view_109",0.0488133052508416,0.0611981322226404,-0.0123848269717988,"both_observed",FALSE,"lamp_GB",-0.00147980500778496,-0.00129397239542968,-0.00176969133776204,0.000609705251625072,-7.65528479942725e-05,-0.00356741334818282,0.0012997011567199,-0.00382407004724215,-0.00856075692455665,-0.00176969133776204,0.000609705251625072,"mixed_or_zero",FALSE,FALSE
"em_m_view_108","em_m_view_109",0.471966671710202,0.423317664747795,0.048649006962407,"both_observed",FALSE,"lamp_GB",0.011076554382738,0.00684856197399313,0.00922151076230325,0.011869558456577,-7.65528479942725e-05,-0.00806565476521718,0.0012997011567199,0.00423404792624646,0.0444149590361606,0.00684856197399313,0.011869558456577,"all_positive",FALSE,FALSE
"em_m_view_110","em_m_view_109",0.358055042487093,0.423880624088092,-0.065825581600999,"both_observed",FALSE,"lamp_GB",0.00100026640384565,-0.00357494987321195,-0.00160166496016676,-0.000398222122127325,-7.65528479942725e-05,-0.0163056091884807,0.0012997011567199,-0.0140821944759095,-0.0517433871250895,-0.00357494987321195,0.00100026640384565,"mixed_or_zero",FALSE,FALSE
"em_m_drag","em_m_view_109",0.0164769586621001,0.0357352097844989,-0.0192582511223988,"both_observed",FALSE,"lamp_GB",-0.0299948424538038,-0.0240415375234332,-0.0245838111956826,-0.027571141314325,-7.65528479942725e-05,0.00818811765305253,0.0012997011567199,-0.0205835764920257,0.00132532536962689,-0.0299948424538038,-0.0240415375234332,"all_negative",FALSE,FALSE
"wb_hist_back","wb_pg_2_1",0,0.000269478033259136,-0.000269478033259136,"B_only_edge",FALSE,"lamp_GB",-0.00259534985826694,-0.00394030809309013,-0.00399917545688782,0.000816024344093999,-7.65528479942725e-05,-0.00576530718855563,-0.00782991489271066,-0.0162671247875275,0.0159976467542684,-0.00399917545688782,0.000816024344093999,"mixed_or_zero",TRUE,FALSE
"wb","wb_pg_2_1",0.00286647114733835,0.019591119238526,-0.0167246480911877,"both_observed",FALSE,"lamp_GB",-0.000979928512062467,-0.00442316537488287,-0.00305943932332744,0.00180464905767384,-7.65528479942725e-05,-0.0045245012277671,-0.00782991489271066,-0.0134108974805345,-0.00331375061065315,-0.00442316537488287,0.00180464905767384,"mixed_or_zero",TRUE,FALSE
"keypress","wb_pg_2_1",0,0.00163970183172934,-0.00163970183172934,"B_only_edge",FALSE,"lamp_GB",-0.00230639411840429,-0.00307812493223286,-0.00394193293215821,0.00164528514927686,-7.65528479942725e-05,-0.0017012007004055,-0.00782991489271066,-0.0119140625595147,0.0102743607277854,-0.00394193293215821,0.00164528514927686,"mixed_or_zero",TRUE,FALSE
"wb_pg_2","wb_pg_2_1",0.112369966346707,0.143635098789818,-0.031265132443111,"both_observed",FALSE,"lamp_GB",-0.00124000292350168,-0.00399038049401895,-0.00237926572951844,0.00163468282928343,-7.65528479942725e-05,-0.000738913911890562,-0.00782991489271066,-0.00988538457609717,-0.0213797478670138,-0.00399038049401895,0.00163468282928343,"mixed_or_zero",FALSE,FALSE
"wb_pg_pop1","wb_pg_2_1",0.172366729052448,0.177294957866891,-0.00492822881444302,"both_observed",FALSE,"lamp_GB",0.00109561973955629,-0.00340533955907075,-0.000667352106926347,0.00326203940902572,-7.65528479942725e-05,0.00452583465652866,-0.00782991489271066,-0.00228501334461999,-0.00264321546982303,-0.00340533955907075,0.00326203940902572,"mixed_or_zero",FALSE,FALSE
"wb_pg_2_2","wb_pg_2_1",0,0.00584709970104012,-0.00584709970104012,"B_only_edge",FALSE,"lamp_GB",0.000489896289720783,-0.00094870197019038,-0.00030626167093321,0.00299581514040112,-7.65528479942725e-05,0.00246829593081197,-0.00782991489271066,-0.00494827552017218,-0.000898824180867938,-0.00094870197019038,0.00299581514040112,"mixed_or_zero",FALSE,FALSE
"wb_pg_2_3","wb_pg_2_1",0,0.0141151571653554,-0.0141151571653554,"B_only_edge",FALSE,"lamp_GB",-0.00223518570460055,-0.0013259584034427,-0.00188607132757845,2.6173405086572e-05,-7.65528479942725e-05,-0.000540585550464934,-0.00782991489271066,-0.0106822389957704,-0.00343291816958498,-0.00223518570460055,2.6173405086572e-05,"mixed_or_zero",FALSE,FALSE
"file","wb_pg_2_1",0,0.0177476523383487,-0.0177476523383487,"B_only_edge",FALSE,"lamp_GB",0.00680435661258091,-0.000562092325976108,0.00555748232101264,0.00949073845617918,-7.65528479942725e-05,-0.00204033352594517,-0.00782991489271066,-0.00314244465406919,-0.0146052076842795,-0.000562092325976108,0.00949073845617918,"mixed_or_zero",FALSE,FALSE
"help","wb_pg_2_1",0.0432553908710233,0.0216777114514606,0.0215776794195627,"both_observed",FALSE,"lamp_GB",0.0338790864416023,0.0169328720864259,0.0331586199312218,0.0360212665986067,-7.65528479942725e-05,-0.0251551319769124,-0.00782991489271066,0.00081748672398492,0.0207601926955778,0.0169328720864259,0.0360212665986067,"all_positive",FALSE,FALSE
"keypress","wb_pg_pop1",0.00652191108074954,0.0340366678848253,-0.0275147568040758,"both_observed",FALSE,"lamp_GB",-0.00273276472769038,-0.00833655601578162,-0.00194651120003424,-0.00277451226240071,-7.65528479942725e-05,-0.0017012007004055,0.0115959060689332,0.00708538779284302,-0.0346001445969188,-0.00833655601578162,-0.00194651120003424,"all_negative",TRUE,FALSE
"wb_pg_2_1","wb_pg_pop1",0.977622366488366,0.961683448913496,0.01593891757487,"both_observed",FALSE,"lamp_GB",0.00671152462363317,-0.0012832946345704,0.00947840242329147,0.0134451261336306,-7.65528479942725e-05,-0.0152284726858652,0.0115959060689332,0.00300240515870688,0.0129365124161631,-0.0012832946345704,0.0134451261336306,"mixed_or_zero",FALSE,FALSE
"wb_pg_2_2","wb_pg_pop1",0.985088579480509,0.957283292507656,0.027805286972853,"both_observed",FALSE,"lamp_GB",0.00345908054584105,0.000973238627380007,0.00448839880432204,0.00387101218862364,-7.65528479942725e-05,0.00246829593081197,0.0115959060689332,0.0174467296975919,0.0103585572752611,0.000973238627380007,0.00448839880432204,"all_positive",FALSE,FALSE
"wb_pg_2_3","wb_pg_pop1",0.908887743177508,0.909653370796017,-0.000765627618509068,"both_observed",FALSE,"lamp_GB",-0.00398804223767459,-0.00480105402250989,-0.00223936379964293,-0.00366551305893734,-7.65528479942725e-05,-0.000540585550464934,0.0115959060689332,0.00699072543279938,-0.00775635305130844,-0.00480105402250989,-0.00223936379964293,"all_negative",FALSE,FALSE
"wb_pg_1_3","wb_pg_pop1",1,0.876921098161896,0.123078901838104,"both_observed",FALSE,"lamp_GB",0.0445664555606377,0.0431460731789042,0.0403112901568562,0.0527839953896275,-7.65528479942725e-05,0.0488448834430522,0.0115959060689332,0.104930692224629,0.0181482096134752,0.0403112901568562,0.0527839953896275,"all_positive",FALSE,FALSE
"em","wb_pg_2_2",0,0.0024419975263651,-0.0024419975263651,"B_only_edge",FALSE,"lamp_GB",0.000142870443546774,-0.00101285025058586,0.000433628945112568,0.00168261492229448,-7.65528479942725e-05,0.000267549670951015,-0.0322644663327566,-0.0319305990662531,0.029488601539888,-0.00101285025058586,0.00168261492229448,"mixed_or_zero",TRUE,FALSE
"wb","wb_pg_2_2",0.00866272552473517,0.033182362713588,-0.0245196371888528,"both_observed",FALSE,"lamp_GB",0.00207910628491835,-0.00420855999877685,0.0023612801141173,0.00227266859211062,-7.65528479942725e-05,-0.0045245012277671,-0.0322644663327566,-0.0347864141235996,0.0102667769347468,-0.00420855999877685,0.0023612801141173,"mixed_or_zero",TRUE,FALSE
"keypress","wb_pg_2_2",0.000337697348788767,0.00117900753995653,-0.000841310191167763,"both_observed",FALSE,"lamp_GB",0.00127577566967023,-0.00603841764980192,0.00077821595666156,0.00405696970380155,-7.65528479942725e-05,-0.0017012007004055,-0.0322644663327566,-0.0327664442114861,0.0319251340203184,-0.00603841764980192,0.00405696970380155,"mixed_or_zero",TRUE,FALSE
"wb_pg_2","wb_pg_2_2",0.292081329684635,0.347223666837225,-0.05514233715259,"both_observed",FALSE,"lamp_GB",0.00133246458747437,-0.00187266604590761,0.00193506393502818,0.00111579565482178,-7.65528479942725e-05,-0.000738913911890562,-0.0322644663327566,-0.031747468505167,-0.0233948686474229,-0.00187266604590761,0.00193506393502818,"mixed_or_zero",FALSE,FALSE
"wb_pg_pop1","wb_pg_2_2",0.111757262648428,0.119229220465651,-0.007471957817223,"both_observed",FALSE,"lamp_GB",0.00419258493469515,0.000676430411299321,0.00410709089793215,0.00280354123398617,-7.65528479942725e-05,0.00452583465652866,-0.0322644663327566,-0.023622599589527,0.016150641772304,0.000676430411299321,0.00419258493469515,"all_positive",FALSE,FALSE
"wb_pg_2_3","wb_pg_2_2",0,0.0124879846454598,-0.0124879846454598,"B_only_edge",FALSE,"lamp_GB",0.00373068734198932,-0.00310175251160816,0.00265979988741613,0.00402242314935323,-7.65528479942725e-05,-0.000540585550464934,-0.0322644663327566,-0.0291509173892265,0.0166629327437667,-0.00310175251160816,0.00402242314935323,"mixed_or_zero",FALSE,FALSE
"url_ok","wb_pg_2_2",0,0.0597531702192252,-0.0597531702192252,"B_only_edge",FALSE,"lamp_GB",-0.0709630676875127,-0.088628396672737,-0.0684472217981107,-0.0694187222220821,-7.65528479942725e-05,0.0729792615887111,-0.0322644663327566,-0.0303248252795525,-0.0294283449396728,-0.088628396672737,-0.0684472217981107,"all_negative",FALSE,FALSE
"file","wb_pg_2_2",0,0.0286363295210871,-0.0286363295210871,"B_only_edge",FALSE,"lamp_GB",0.00945126350410334,0.00278288364244599,0.00993492433918509,0.00727834809048852,-7.65528479942725e-05,-0.00204033352594517,-0.0322644663327566,-0.0249300892025927,-0.00370624031849442,0.00278288364244599,0.00993492433918509,"all_positive",FALSE,FALSE
"help","wb_pg_2_2",0,0.0356191767745972,-0.0356191767745972,"B_only_edge",FALSE,"lamp_GB",0.0233396420276191,0.000698042871486764,0.0222286897257595,0.0178856525498164,-7.65528479942725e-05,-0.0251551319769124,-0.0322644663327566,-0.0341565091300442,-0.001462667644553,0.000698042871486764,0.0233396420276191,"all_positive",FALSE,FALSE
"splitvertical","wb_pg_2_2",0,0.0884822698110308,-0.0884822698110308,"B_only_edge",FALSE,"lamp_GB",-0.0238919554974053,-0.0301750748563917,-0.0319457700311076,-0.0335850223963569,-7.65528479942725e-05,0.0161890447686784,-0.0322644663327566,-0.0400439299094778,-0.048438339901553,-0.0335850223963569,-0.0238919554974053,"all_negative",FALSE,FALSE
"em","wb_pg_2_3",0.000369596987144064,0,0.000369596987144064,"A_only_edge",FALSE,"lamp_GB",-0.00150093870690966,-0.000918554449175345,-0.0038999164470987,-0.00547397480521668,-7.65528479942725e-05,0.000267549670951015,-0.00117051822014707,-0.00248046010409999,0.00285005709124405,-0.00547397480521668,-0.000918554449175345,"all_negative",TRUE,FALSE
"wb","wb_pg_2_3",0.00320229840929279,0.0137212327613663,-0.0105189343520735,"both_observed",FALSE,"lamp_GB",-0.00589789593237964,-0.000107283516287594,-0.00816171265265443,-0.00955205223953699,-7.65528479942725e-05,-0.0045245012277671,-0.00117051822014707,-0.0116694682282881,0.00115053387621458,-0.00955205223953699,-0.000107283516287594,"all_negative",TRUE,FALSE
"wb_pg_2","wb_pg_2_3",0.0379864012789268,0.0598264520353135,-0.0218400507563867,"both_observed",FALSE,"lamp_GB",-0.00780810036987606,-0.00175610994285872,-0.00911203586059115,-0.0103108343264442,-7.65528479942725e-05,-0.000738913911890562,-0.00117051822014707,-0.00979408534990796,-0.0120459654064787,-0.0103108343264442,-0.00175610994285872,"all_negative",FALSE,FALSE
"wb_pg_pop1","wb_pg_2_3",0.195922926115512,0.198034830172571,-0.00211190405705899,"both_observed",FALSE,"lamp_GB",-0.00892551519426228,-0.00296960077921892,-0.0110047704578435,-0.0124217317073037,-7.65528479942725e-05,0.00452583465652866,-0.00117051822014707,-0.00564675160587497,0.00353484754881597,-0.0124217317073037,-0.00296960077921892,"all_negative",FALSE,FALSE
"wb_pg_2_2","wb_pg_2_3",0,0.00929437037845315,-0.00929437037845315,"B_only_edge",FALSE,"lamp_GB",-0.00404209802761185,-0.000603547976965106,-0.006431935130876,-0.00860389821417078,-7.65528479942725e-05,0.00246829593081197,-0.00117051822014707,-0.00282087316494122,-0.00647349721351193,-0.00860389821417078,-0.000603547976965106,"all_negative",FALSE,FALSE
"wb_hist_for","wb_pg_2_3",0.00581279662313328,0,0.00581279662313328,"A_only_edge",FALSE,"lamp_GB",0.0238191824298818,0.0203244627440669,0.0266306044141178,0.0246265405728791,-7.65528479942725e-05,-0.0089091613602952,-0.00117051822014707,0.0136629500014453,-0.00785015337831201,0.0203244627440669,0.0266306044141178,"all_positive",FALSE,FALSE
"edit","wb_pg_2_3",0,0.00333654247389418,-0.00333654247389418,"B_only_edge",FALSE,"lamp_GB",-0.00500757601172642,0.000792592809105193,-0.006634569487766,-0.0071906898886586,-7.65528479942725e-05,-0.000136474623193661,-0.00117051822014707,-0.00639112170306143,0.00305457922916725,-0.0071906898886586,0.000792592809105193,"mixed_or_zero",FALSE,FALSE
"wb_sch","wb_pg_2_3",0.0960210755581212,0,0.0960210755581212,"A_only_edge",FALSE,"lamp_GB",0.158910574082252,0.10614755588362,0.179388406838933,0.159294326604191,-7.65528479942725e-05,-0.0757559851174169,-0.00117051822014707,0.0819075178966934,0.0141135576614278,0.10614755588362,0.179388406838933,"all_positive",FALSE,FALSE
"em","view",0.000304421757594846,0,0.000304421757594846,"A_only_edge",FALSE,"lamp_GB",0.00421001596740078,0.00238335463394391,0.00553191182841186,0.0042980993139223,-7.65528479942725e-05,0.000267549670951015,-0.00679854740257873,-0.0023975346122212,0.00270195636981605,0.00238335463394391,0.00553191182841186,"all_positive",TRUE,FALSE
"em_f_view","view",0,0.00311262334780956,-0.00311262334780956,"B_only_edge",FALSE,"lamp_GB",0.00250565517476301,0.00142023863105885,0.00260525991628942,0.00187290372895883,-7.65528479942725e-05,5.08773323784224e-05,-0.00679854740257873,-0.00431856774343157,0.00120594439562201,0.00142023863105885,0.00260525991628942,"all_positive",TRUE,FALSE
"file","view",0,0.00468333195300183,-0.00468333195300183,"B_only_edge",FALSE,"lamp_GB",0.00197706713498279,-0.000416326889917219,0.00159381026934622,0.000505874270456862,-7.65528479942725e-05,-0.00204033352594517,-0.00679854740257873,-0.00693836664153538,0.00225503468853355,-0.000416326889917219,0.00197706713498279,"mixed_or_zero",FALSE,FALSE
"em_new","view",0,0.00802043570667712,-0.00802043570667712,"B_only_edge",FALSE,"lamp_GB",-0.0169183451601521,-0.0142487812412136,-0.0214738519236192,-0.0263662576676413,-7.65528479942725e-05,0.0217871957713995,-0.00679854740257873,-0.00200624963932555,-0.00601418606735157,-0.0263662576676413,-0.0142487812412136,"all_negative",FALSE,FALSE
"em_m_view_119","em_m_view_111",0,0.00931907819120893,-0.00931907819120893,"B_only_edge",FALSE,"lamp_GB",0.00323969432962735,0.00115271435073302,0.00231118481878306,0.0020540434844274,-7.65528479942725e-05,-0.0048400052824886,-0.00522009581370312,-0.00689695961455864,-0.00242211857665029,0.00115271435073302,0.00323969432962735,"all_positive",FALSE,FALSE
"em_m_view_120","em_m_view_111",0,0.0141712418647633,-0.0141712418647633,"B_only_edge",FALSE,"lamp_GB",0.000284357800664891,-0.00190199228785973,-0.00057494622568618,-0.000730492984436063,-7.65528479942725e-05,-0.00121558637162967,-0.00522009581370312,-0.00622787723266217,-0.00794336463210113,-0.00190199228785973,0.000284357800664891,"mixed_or_zero",FALSE,FALSE
"em_m_view_112","em_m_view_111",0.0109676748914547,0,0.0109676748914547,"A_only_edge",FALSE,"lamp_GB",0.0018130410832214,-0.000139265142908189,-0.000312456471124166,0.000607987465215695,-7.65528479942725e-05,0.00217603709739245,-0.00522009581370312,-0.00130757048108355,0.0122752453725382,-0.000312456471124166,0.0018130410832214,"mixed_or_zero",FALSE,FALSE
"em_m_view_113","em_m_view_111",0.031128683344034,0.0378496924403575,-0.0067210090963235,"both_observed",FALSE,"lamp_GB",-0.00150203763815302,-0.00337122848553914,-0.00350828562157193,-0.00279150030345979,-7.65528479942725e-05,0.00238019695032605,-0.00522009581370312,-0.00441848934952436,-0.00230251974679914,-0.00350828562157193,-0.00150203763815302,"all_negative",FALSE,FALSE
"em_m_view_114","em_m_view_111",0.0611252150972209,0.0347463439965103,0.0263788711007106,"both_observed",FALSE,"lamp_GB",0.0150117887810454,0.0112389884384837,0.0115849541268834,0.0130429222404571,-7.65528479942725e-05,-0.00717232443940085,-0.00522009581370312,0.00254281567994716,0.0238360554207634,0.0112389884384837,0.0150117887810454,"all_positive",FALSE,FALSE
"em_m_view_115","em_m_view_111",0.236700292539954,0.219645998306888,0.017054294233066,"both_observed",FALSE,"lamp_GB",0.00515937030128959,0.00319096730251343,0.00444056133753215,0.00432712196494351,-7.65528479942725e-05,-0.003974451058451,-0.00522009581370312,-0.0041117294188588,0.0211660236519248,0.00319096730251343,0.00515937030128959,"all_positive",FALSE,FALSE
"em_m_view_109","em_m_view_111",0,0.0182366342012811,-0.0182366342012811,"B_only_edge",FALSE,"lamp_GB",-0.00643678679549289,-0.00827319670865357,-0.00792930846856109,-0.00745989498978425,-7.65528479942725e-05,0.0054764206284367,-0.00522009581370312,-0.00625701482875358,-0.0119796193725275,-0.00827319670865357,-0.00643678679549289,"all_negative",FALSE,FALSE
"em_m_view_101","em_m_view_111",0.163784191116978,0.191491736952162,-0.027707545835184,"both_observed",FALSE,"lamp_GB",-0.00168296091057239,-0.0022854025155502,-0.00174219797928615,-0.0024644723153818,-7.65528479942725e-05,-0.00456062905288972,-0.00522009581370312,-0.0115402386251595,-0.0161673072100245,-0.0024644723153818,-0.00168296091057239,"all_negative",FALSE,FALSE
"em_m_view_104","em_m_view_111",0,0.027506523605736,-0.027506523605736,"B_only_edge",FALSE,"lamp_GB",-0.00207022673294074,-0.00398640903288927,-0.00262854311217441,-0.00317783458724098,-7.65528479942725e-05,-0.00239853173013682,-0.00522009581370312,-0.00976540712477495,-0.017741116480961,-0.00398640903288927,-0.00207022673294074,"all_negative",FALSE,FALSE
"em_m_view_108","em_m_view_111",0,0.00630390755440357,-0.00630390755440357,"B_only_edge",FALSE,"lamp_GB",0.00654050895085726,0.00335920034101901,0.00625513773129636,0.00593138708874329,-7.65528479942725e-05,-0.00806565476521718,-0.00522009581370312,-0.00682179447605732,0.000517886921653748,0.00335920034101901,0.00654050895085726,"all_positive",FALSE,FALSE
"em_m_view_112","em_m_view_101",0.00725020358873466,0,0.00725020358873466,"A_only_edge",FALSE,"lamp_GB",-0.00191769753465127,-0.00352939590064064,-0.0026909974400511,-7.37159309899188e-05,-7.65528479942725e-05,0.00217603709739245,0.0045599698238683,0.00474175653861521,0.00250844705011945,-0.00352939590064064,-7.37159309899188e-05,"all_negative",FALSE,FALSE
"em_m_view_114","em_m_view_101",0.0209572444610026,0,0.0209572444610026,"A_only_edge",FALSE,"lamp_GB",0.0104843812597541,0.00544773824295224,0.00978118594649709,0.0108309344598611,-7.65528479942725e-05,-0.00717232443940085,0.0045599698238683,0.00779547379622728,0.0131617706647753,0.00544773824295224,0.0108309344598611,"all_positive",FALSE,FALSE
"em_m_view_115","em_m_view_101",0.0463592827085951,0.0281027047982699,0.0182565779103252,"both_observed",FALSE,"lamp_GB",0.00458310813724303,0.00151277023459426,0.00411937871596035,0.00545640217456597,-7.65528479942725e-05,-0.003974451058451,0.0045599698238683,0.00509207405466606,0.0131645038556591,0.00151277023459426,0.00545640217456597,"all_positive",FALSE,FALSE
"em_m_view_111","em_m_view_101",0.529483519949051,0.516121283304503,0.0133622366445479,"both_observed",FALSE,"lamp_GB",0.00570786399247959,0.00232711092318629,0.00483845679787924,0.00582637306022324,-7.65528479942725e-05,-0.00539996037226474,0.0045599698238683,0.00479132059608888,0.00857091604845906,0.00232711092318629,0.00582637306022324,"all_positive",FALSE,FALSE
"em_m_view_102","em_m_view_101",0.210460434793696,0.238197864848104,-0.027737430054408,"both_observed",FALSE,"lamp_GB",-0.00441597426297433,-0.00698224490145091,-0.0041746312107054,-0.00220182115474304,-7.65528479942725e-05,-0.00432126272766551,0.0045599698238683,-0.00425382001476581,-0.0234836100396422,-0.00698224490145091,-0.00220182115474304,"all_negative",FALSE,FALSE
"em_m_view_104","em_m_view_101",0.00705734754149381,0.0157845410431203,-0.00872719350162649,"both_observed",FALSE,"lamp_GB",-0.00155219311207062,-0.0037698855123968,-0.00204472703333218,-0.000594788260576706,-7.65528479942725e-05,-0.00239853173013682,0.0045599698238683,0.000532692133666586,-0.00925988563529308,-0.0037698855123968,-0.000594788260576706,"all_negative",FALSE,FALSE
"em_m_view_105","em_m_view_101",0,0.00703918659572204,-0.00703918659572204,"B_only_edge",FALSE,"lamp_GB",0.000843667344144292,-0.00111562321317956,-0.000124252590565189,0.00218338952989114,-7.65528479942725e-05,-0.00529786905258469,0.0045599698238683,2.92152674336352e-05,-0.00706840186315567,-0.00111562321317956,0.00218338952989114,"mixed_or_zero",FALSE,FALSE
"em_m_view_110","em_m_view_101",0.00723818925403772,0.00804064253982006,-0.000802453285782341,"both_observed",FALSE,"lamp_GB",0.00855523104303147,0.00480897769741878,0.00853882118144982,0.0079206004697137,-7.65528479942725e-05,-0.0163056091884807,0.0045599698238683,-0.00326696116957524,0.0024645078837929,0.00480897769741878,0.00855523104303147,"all_positive",FALSE,FALSE
"em_m_view_116","em_m_view_102",0.00345411502662412,0,0.00345411502662412,"A_only_edge",FALSE,"lamp_GB",-0.000871163583020423,-0.00166428785649368,-0.000776867544818049,-0.000486292813507554,-7.65528479942725e-05,-0.00652499781214751,0.0134696292238186,0.00599691498065637,-0.00254279995403225,-0.00166428785649368,-0.000486292813507554,"all_negative",FALSE,FALSE
"em_m_view_120","em_m_view_102",0,0.00454020593817226,-0.00454020593817226,"B_only_edge",FALSE,"lamp_GB",-0.00353559170172499,-0.00491412648589096,-0.00470363996550582,-0.00493908711533826,-7.65528479942725e-05,-0.00121558637162967,0.0134696292238186,0.00864189830246965,-0.0131821042406419,-0.00493908711533826,-0.00353559170172499,"all_negative",FALSE,FALSE
"em_m_view_114","em_m_view_102",0,0.00828898583616535,-0.00828898583616535,"B_only_edge",FALSE,"lamp_GB",-0.00419833724227723,-0.0063876944209614,-0.00434658631912045,-0.00546512753512124,-7.65528479942725e-05,-0.00717232443940085,0.0134696292238186,0.00202241469414622,-0.0103114005303116,-0.0063876944209614,-0.00419833724227723,"all_negative",FALSE,FALSE
"em_m_view_111","em_m_view_102",0.0357421727052611,0.0533725920048815,-0.0176304192996204,"both_observed",FALSE,"lamp_GB",-0.00332120827098943,-0.0047193831245717,-0.00416916965153348,-0.00349323723202384,-7.65528479942725e-05,-0.00539996037226474,0.0134696292238186,0.00467190773257013,-0.0223023270321905,-0.0047193831245717,-0.00332120827098943,"all_negative",FALSE,FALSE
"em_m_view_101","em_m_view_102",0.710060459224498,0.590209931115933,0.119850528108565,"both_observed",FALSE,"lamp_GB",0.0206814731595839,0.0202604680670592,0.0209968327849232,0.020068742953583,-7.65528479942725e-05,-0.00456062905288972,0.0134696292238186,0.0295139204825184,0.0903366076260466,0.020068742953583,0.0209968327849232,"all_positive",FALSE,FALSE
"em_m_view_103","em_m_view_102",0.247349338686438,0.285722571135964,-0.038373232449526,"both_observed",FALSE,"lamp_GB",-0.0217765594329805,-0.0196361421694411,-0.0181285564258323,-0.0197598935721158,-7.65528479942725e-05,0.00160097027756513,0.0134696292238186,-0.00678251277959104,-0.031590719669935,-0.0217765594329805,-0.0181285564258323,"all_negative",FALSE,FALSE
"em_m_view_104","em_m_view_102",0.0115294977517648,0,0.0115294977517648,"A_only_edge",FALSE,"lamp_GB",0.00101678857409424,-0.000141609332673334,0.00073462398587256,0.000674463165029031,-7.65528479942725e-05,-0.00239853173013682,0.0134696292238186,0.0120113332197817,-0.000481835468016925,-0.000141609332673334,0.00101678857409424,"mixed_or_zero",FALSE,FALSE
"em_m_view_105","em_m_view_102",0.00919738937808696,0,0.00919738937808696,"A_only_edge",FALSE,"lamp_GB",-6.46688086030888e-05,-0.0006202505997303,-7.61746804117172e-05,-4.53408647487919e-06,-7.65528479942725e-05,-0.00529786905258469,0.0134696292238186,0.00803053851463653,0.00116685086345043,-0.0006202505997303,-4.53408647487919e-06,"all_negative",FALSE,FALSE
"em_m_view_106","em_m_view_102",0,0.00484339785417179,-0.00484339785417179,"B_only_edge",FALSE,"lamp_GB",-0.00827490174390452,-0.007739265064297,-0.00811686060482611,-0.00943409368084493,-7.65528479942725e-05,-0.00189878300225242,0.0134696292238186,0.00321939162966737,-0.00806278948383916,-0.00943409368084493,-0.007739265064297,"all_negative",FALSE,FALSE
"em_f_view","em_m_view_103",0.000575250722251331,0,0.000575250722251331,"A_only_edge",FALSE,"lamp_GB",-0.00155523307014481,-0.00224018095400056,-0.000965128448653072,-0.000559564169235904,-7.65528479942725e-05,5.08773323784224e-05,0.00395888195442588,0.00237797336866523,-0.00180272264641389,-0.00224018095400056,-0.000559564169235904,"all_negative",TRUE,FALSE
"em_m_view_114","em_m_view_103",0.0152246732452938,0,0.0152246732452938,"A_only_edge",FALSE,"lamp_GB",0.009158608191401,0.00666046274958988,0.00748203296927157,0.0104646360975875,-7.65528479942725e-05,-0.00717232443940085,0.00395888195442588,0.00586861285843176,0.00935606038686204,0.00666046274958988,0.0104646360975875,"all_positive",FALSE,FALSE
"em_m_view_101","em_m_view_103",0.0311470831623217,0,0.0311470831623217,"A_only_edge",FALSE,"lamp_GB",0.00736088139467023,0.00615587887607412,0.00744134163109724,0.00721183250311998,-7.65528479942725e-05,-0.00456062905288972,0.00395888195442588,0.00668258144821212,0.0244645017141096,0.00615587887607412,0.00744134163109724,"all_positive",FALSE,FALSE
"em_m_view_102","em_m_view_103",0.681107593864994,0.676791609709494,0.00431598415549994,"both_observed",FALSE,"lamp_GB",0.00435705838242511,0.000866511562890887,0.00303669824705066,0.00469075536083558,-7.65528479942725e-05,-0.00432126272766551,0.00395888195442588,0.00391812476119121,0.000397859394308729,0.000866511562890887,0.00469075536083558,"all_positive",FALSE,FALSE
"em_m_view_104","em_m_view_103",0.21379886815785,0.265038262734791,-0.051239394576941,"both_observed",FALSE,"lamp_GB",-0.00631996003127439,-0.00958408167889923,-0.0063618356677897,-0.00659091589246208,-7.65528479942725e-05,-0.00239853173013682,0.00395888195442588,-0.00483616265497961,-0.0464032319219614,-0.00958408167889923,-0.00631996003127439,"all_negative",FALSE,FALSE
"em_m_view_105","em_m_view_103",0.0143162686493505,0,0.0143162686493505,"A_only_edge",FALSE,"lamp_GB",0.00499149327844706,0.0019431655466039,0.00456727592187359,0.00556976893118073,-7.65528479942725e-05,-0.00529786905258469,0.00395888195442588,0.00357595333229398,0.0107403153170565,0.0019431655466039,0.00556976893118073,"all_positive",FALSE,FALSE
"em_m_view_107","em_m_view_103",0,0.00635432254954034,-0.00635432254954034,"B_only_edge",FALSE,"lamp_GB",-0.00219743880220663,-0.00275196357061134,-0.00166309023873179,-0.00131665320068744,-7.65528479942725e-05,-0.00356741334818282,0.00395888195442588,-0.00188252304395783,-0.00447179950558251,-0.00275196357061134,-0.00131665320068744,"all_negative",FALSE,FALSE
"em_m_view_108","em_m_view_103",0.00789142068866025,0,0.00789142068866025,"A_only_edge",FALSE,"lamp_GB",0.00727625461566061,0.00319123558951104,0.005266922216906,0.00799811174068685,-7.65528479942725e-05,-0.00806565476521718,0.00395888195442588,0.00309292895687504,0.00479849173178521,0.00319123558951104,0.00799811174068685,"all_positive",FALSE,FALSE
"em_f_view","em_m_view_104",0.00102655248750695,0.00272378851711964,-0.00169723602961269,"both_observed",FALSE,"lamp_GB",-0.00185198420773398,-0.00289797598998077,-0.00247943926398544,-0.00110693052308164,-7.65528479942725e-05,5.08773323784224e-05,0.00800166425147684,0.00612400452812702,-0.00782124055773971,-0.00289797598998077,-0.00110693052308164,"all_negative",TRUE,FALSE
"em_m_view_119","em_m_view_104",0,0.00501383092535526,-0.00501383092535526,"B_only_edge",FALSE,"lamp_GB",0.00127521508209586,-8.85267685426667e-05,-0.000257773536214357,0.00165381870992821,-7.65528479942725e-05,-0.0048400052824886,0.00800166425147684,0.00436032120308983,-0.00937415212844508,-0.000257773536214357,0.00165381870992821,"mixed_or_zero",FALSE,FALSE
"em_m_view_112","em_m_view_104",0,0.00387154041269798,-0.00387154041269798,"B_only_edge",FALSE,"lamp_GB",-0.00462762630931498,-0.00611041410548764,-0.005388174770593,-0.00527479178392267,-7.65528479942725e-05,0.00217603709739245,0.00800166425147684,0.00547352219156004,-0.00934506260425802,-0.00611041410548764,-0.00462762630931498,"all_negative",FALSE,FALSE
"em_m_view_113","em_m_view_104",0.0110104355206901,0.00874271755565009,0.00226771796504001,"both_observed",FALSE,"lamp_GB",-0.00216754907737427,-0.00375039795122373,-0.00426049280595109,-0.00228907651895578,-7.65528479942725e-05,0.00238019695032605,0.00800166425147684,0.00813775927643436,-0.00587004131139435,-0.00426049280595109,-0.00216754907737427,"all_negative",FALSE,FALSE
"em_m_view_115","em_m_view_104",0.0235014615322874,0,0.0235014615322874,"A_only_edge",FALSE,"lamp_GB",0.0034805512052653,0.00138436175661991,0.00169739781326453,0.00430258996788484,-7.65528479942725e-05,-0.003974451058451,0.00800166425147684,0.00743121155029687,0.0160702499819905,0.00138436175661991,0.00430258996788484,"all_positive",FALSE,FALSE
"em_m_view_111","em_m_view_104",0,0.0155226032701796,-0.0155226032701796,"B_only_edge",FALSE,"lamp_GB",0.00105089563903655,-0.000200444741953721,0.000370958953938738,0.00240893123608144,-7.65528479942725e-05,-0.00539996037226474,0.00800166425147684,0.00357604667025437,-0.019098649940434,-0.000200444741953721,0.00240893123608144,"mixed_or_zero",FALSE,FALSE
"em_m_view_101","em_m_view_104",0.0185623327283965,0.0221226964585953,-0.0035603637301988,"both_observed",FALSE,"lamp_GB",-0.00163870151586229,-0.00288644053640089,-0.00199468808595454,-0.0017194215470387,-7.65528479942725e-05,-0.00456062905288972,0.00800166425147684,0.00172578083473056,-0.00528614456492936,-0.00288644053640089,-0.00163870151586229,"all_negative",FALSE,FALSE
"em_m_view_102","em_m_view_104",0.0467183128694804,0.0465728304571328,0.000145482412347603,"both_observed",FALSE,"lamp_GB",0.00212390388732334,-5.82814545435344e-06,0.000563475125528443,0.00157792386333105,-7.65528479942725e-05,-0.00432126272766551,0.00800166425147684,0.0057277525631404,-0.0055822701507928,-5.82814545435344e-06,0.00212390388732334,"mixed_or_zero",FALSE,FALSE
"em_m_view_103","em_m_view_104",0.674344814968096,0.549705005320345,0.124639809647751,"both_observed",FALSE,"lamp_GB",0.0261297752073322,0.0237792495835836,0.0235927537588131,0.0277287934628086,-7.65528479942725e-05,0.00160097027756513,0.00800166425147684,0.0356558568883799,0.088983952759371,0.0235927537588131,0.0277287934628086,"all_positive",FALSE,FALSE
"em_m_view_105","em_m_view_104",0.334325636767144,0.376558812032642,-0.042233175265498,"both_observed",FALSE,"lamp_GB",-0.00323574579696899,-0.00461259610260734,-0.00448294463022022,-0.00292595414433349,-7.65528479942725e-05,-0.00529786905258469,0.00800166425147684,-0.00060850344607111,-0.0416246718194269,-0.00461259610260734,-0.00292595414433349,"all_negative",FALSE,FALSE
"em_m_view_106","em_m_view_104",0.0227798949501707,0.0271579796807102,-0.0043780847305395,"both_observed",FALSE,"lamp_GB",4.4503151577016e-05,-0.000552665870999308,-0.00226793263844956,-0.00159929123501445,-7.65528479942725e-05,-0.00189878300225242,0.00800166425147684,0.00607083155280717,-0.0104489162833467,-0.00226793263844956,4.4503151577016e-05,"mixed_or_zero",FALSE,FALSE
"em_m_view_107","em_m_view_104",0.012516777214213,0.0132187603547054,-0.0007019831404924,"both_observed",FALSE,"lamp_GB",-0.000278013129204339,-0.00140549690559897,-0.00150788240317416,0.000470836493598255,-7.65528479942725e-05,-0.00356741334818282,0.00800166425147684,0.00407968492609542,-0.00478166806658782,-0.00150788240317416,0.000470836493598255,"mixed_or_zero",FALSE,FALSE
"em_m_view_110","em_m_view_104",0.0142400524332135,0,0.0142400524332135,"A_only_edge",FALSE,"lamp_GB",0.0093356155974305,0.00589607624253093,0.00764819416049175,0.00875066330768406,-7.65528479942725e-05,-0.0163056091884807,0.00800166425147684,0.000955117812432328,0.0132849346207812,0.00589607624253093,0.0093356155974305,"all_positive",FALSE,FALSE
"em","em_m_view_105",0,0.00075620793876898,-0.00075620793876898,"B_only_edge",FALSE,"lamp_GB",-0.00723834737034884,-0.0087387923615855,-0.00614260728038207,-0.00504810297968304,-7.65528479942725e-05,0.000267549670951015,0.00732952260368391,0.000282172056291807,-0.00103837999506079,-0.0087387923615855,-0.00504810297968304,"all_negative",TRUE,FALSE
"em_f_view","em_m_view_105",0,0.00196177624427518,-0.00196177624427518,"B_only_edge",FALSE,"lamp_GB",-0.00504198311159537,-0.00550182469304167,-0.00428800756363062,-0.00328517248692732,-7.65528479942725e-05,5.08773323784224e-05,0.00732952260368391,0.00226186397647269,-0.00422364022074787,-0.00550182469304167,-0.00328517248692732,"all_negative",TRUE,FALSE
"em_m_view_117","em_m_view_105",0,0.00333981377005224,-0.00333981377005224,"B_only_edge",FALSE,"lamp_GB",-0.00427368861570353,-0.00681986761200232,-0.00360392493934422,-0.00337230720861346,-7.65528479942725e-05,-0.00231177087351372,0.00732952260368391,0.000667510266472381,-0.00400732403652462,-0.00681986761200232,-0.00337230720861346,"all_negative",FALSE,FALSE
"em_m_view_109","em_m_view_105",0,0.0069314982591706,-0.0069314982591706,"B_only_edge",FALSE,"lamp_GB",-0.00801356402442423,-0.00902713171887165,-0.00778258280063941,-0.00656520400536926,-7.65528479942725e-05,0.0054764206284367,0.00732952260368391,0.00471582635970211,-0.0116473246188727,-0.00902713171887165,-0.00656520400536926,"all_negative",FALSE,FALSE
"em_m_view_111","em_m_view_105",0,0.0132173121861572,-0.0132173121861572,"B_only_edge",FALSE,"lamp_GB",-0.00327226845013137,-0.00714853758424297,-0.00402334296447814,-0.00402793644077309,-7.65528479942725e-05,-0.00539996037226474,0.00732952260368391,-0.00141925906670649,-0.0117980531194507,-0.00714853758424297,-0.00327226845013137,"all_negative",FALSE,FALSE
"em_m_view_101","em_m_view_105",0.0154398731387595,0,0.0154398731387595,"A_only_edge",FALSE,"lamp_GB",0.00193269592270121,-5.92375720591669e-05,0.00230489880898955,0.00210000702970112,-7.65528479942725e-05,-0.00456062905288972,0.00732952260368391,0.00462503662550112,0.0108148365132584,-5.92375720591669e-05,0.00230489880898955,"mixed_or_zero",FALSE,FALSE
"em_m_view_103","em_m_view_105",0.0452757535342473,0.0583429253286253,-0.013067171794378,"both_observed",FALSE,"lamp_GB",-0.0139542609431458,-0.0142989275645294,-0.0114973509934181,-0.00975994232143501,-7.65528479942725e-05,0.00160097027756513,0.00732952260368391,-0.00510032090989103,-0.00796685088448696,-0.0142989275645294,-0.00975994232143501,"all_negative",FALSE,FALSE
"em_m_view_104","em_m_view_105",0.495755533696796,0.423240548106894,0.072514985589902,"both_observed",FALSE,"lamp_GB",0.00798896041891897,0.00682093553425739,0.00955583515094078,0.00858288682787667,-7.65528479942725e-05,-0.00239853173013682,0.00732952260368391,0.0128433984444718,0.0596715871454302,0.00682093553425739,0.00955583515094078,"all_positive",FALSE,FALSE
"em_m_view_106","em_m_view_105",0.389210381615919,0.459531471984204,-0.070321090368285,"both_observed",FALSE,"lamp_GB",-0.0230077032827267,-0.027617777426259,-0.0249656846388971,-0.0247892788340253,-7.65528479942725e-05,-0.00189878300225242,0.00732952260368391,-0.0176535165292895,-0.0526675738389955,-0.027617777426259,-0.0230077032827267,"all_negative",FALSE,FALSE
"em_m_view_107","em_m_view_105",0.0300408816963997,0,0.0300408816963997,"A_only_edge",FALSE,"lamp_GB",0.00463012722089762,0.00293657216570602,0.0043484223718606,0.0050947022017528,-7.65528479942725e-05,-0.00356741334818282,0.00732952260368391,0.00831568362840444,0.0217251980679953,0.00293657216570602,0.0050947022017528,"all_positive",FALSE,FALSE
"em_f_view","em_m_view_106",0.00104453050663244,0,0.00104453050663244,"A_only_edge",FALSE,"lamp_GB",-0.0014674291105869,-0.00137214492998834,-0.000294231046456179,0.000513996069245535,-7.65528479942725e-05,5.08773323784224e-05,-0.000357847826736728,-0.00185095245293948,0.00289548295957192,-0.0014674291105869,0.000513996069245535,"mixed_or_zero",TRUE,FALSE
"em_m_view_116","em_m_view_106",0,0.0034273465468376,-0.0034273465468376,"B_only_edge",FALSE,"lamp_GB",0.0033368687741419,0.00159422577622433,0.00301910213849048,0.00320404532244436,-7.65528479942725e-05,-0.00652499781214751,-0.000357847826736728,-0.00362252971273661,0.000195183165899013,0.00159422577622433,0.0033368687741419,"all_positive",FALSE,FALSE
"em_m_view_112","em_m_view_106",0.00548495939174715,0,0.00548495939174715,"A_only_edge",FALSE,"lamp_GB",-0.000575408831439009,-0.00137490599059744,-0.00101972630251116,0.000336013035106256,-7.65528479942725e-05,0.00217603709739245,-0.000357847826736728,0.00116622759122244,0.00431873180052471,-0.00137490599059744,0.000336013035106256,"mixed_or_zero",FALSE,FALSE
"em_m_view_109","em_m_view_106",0,0.00687867972686405,-0.00687867972686405,"B_only_edge",FALSE,"lamp_GB",-0.00584262763293442,-0.00553062137094273,-0.00540275433586085,-0.00490029124408203,-7.65528479942725e-05,0.0054764206284367,-0.000357847826736728,-0.000800607679228718,-0.00607807204763533,-0.00584262763293442,-0.00490029124408203,"all_negative",FALSE,FALSE
"em_m_view_102","em_m_view_106",0,0.00578654810407406,-0.00578654810407406,"B_only_edge",FALSE,"lamp_GB",0.00429435198768836,0.000815291851724164,0.00464130388641424,0.00428836748989269,-7.65528479942725e-05,-0.00432126272766551,-0.000357847826736728,-0.000461311414708151,-0.00532523668936591,0.000815291851724164,0.00464130388641424,"all_positive",FALSE,FALSE
"em_m_view_103","em_m_view_106",0.0088210728886007,0.0118600803193065,-0.0030390074307058,"both_observed",FALSE,"lamp_GB",-8.78306419806972e-05,-0.000552103312103606,0.00265758908431213,0.000319945513462029,-7.65528479942725e-05,0.00160097027756513,-0.000357847826736728,0.00107873896085343,-0.00411774639155924,-0.000552103312103606,0.00265758908431213,"mixed_or_zero",FALSE,FALSE
"em_m_view_104","em_m_view_106",0.0436948487701445,0.0276268201918673,0.0160680285782772,"both_observed",FALSE,"lamp_GB",0.00236176835315201,0.000591881409961699,0.00380386687901339,0.00360855044281517,-7.65528479942725e-05,-0.00239853173013682,-0.000357847826736728,-0.00047116405171581,0.016539192629993,0.000591881409961699,0.00380386687901339,"all_positive",FALSE,FALSE
"em_m_view_105","em_m_view_106",0.500624084796408,0.428885072902662,0.071739011893746,"both_observed",FALSE,"lamp_GB",0.0127531878646302,0.0115024783646345,0.0130260129914404,0.012933012078398,-7.65528479942725e-05,-0.00529786905258469,-0.000357847826736728,0.00702091813731453,0.0647180937564315,0.0115024783646345,0.0130260129914404,"all_positive",FALSE,FALSE
"em_m_view_107","em_m_view_106",0.370357316552498,0.475356227320488,-0.10499891076799,"both_observed",FALSE,"lamp_GB",-0.018130196433088,-0.0198628269035327,-0.0181136267658223,-0.0172782489262584,-7.65528479942725e-05,-0.00356741334818282,-0.000357847826736728,-0.0221320104560018,-0.0828669003119882,-0.0198628269035327,-0.0172782489262584,"all_negative",FALSE,FALSE
"em_m_view_108","em_m_view_106",0.0273738519704197,0.0157198400360093,0.0116540119344104,"both_observed",FALSE,"lamp_GB",0.0103046704386538,0.00510936550012076,0.00995340074769073,0.0101942846043451,-7.65528479942725e-05,-0.00806565476521718,-0.000357847826736728,0.00180461499870561,0.00984939693570479,0.00510936550012076,0.0103046704386538,"all_positive",FALSE,FALSE
"em","em_m_view_107",0,0.000539365357150433,-0.000539365357150433,"B_only_edge",FALSE,"lamp_GB",-0.000470859275816106,-0.00360837892117044,-0.00143138974313765,0.00145240105970469,-7.65528479942725e-05,0.000267549670951015,-0.00386397484251862,-0.00414383729537798,0.00360447193822755,-0.00360837892117044,0.00145240105970469,"mixed_or_zero",TRUE,FALSE
"em_f_view","em_m_view_107",0.00154689598762089,0.00235360511297665,-0.00080670912535576,"both_observed",FALSE,"lamp_GB",-0.00158912142534874,-0.0031474845947951,-0.00218067923273795,-2.19064401104935e-05,-7.65528479942725e-05,5.08773323784224e-05,-0.00386397484251862,-0.00547877178348321,0.00467206265812745,-0.0031474845947951,-2.19064401104935e-05,"all_negative",TRUE,FALSE
"em_m_view_120","em_m_view_107",0.00971581722812993,0,0.00971581722812993,"A_only_edge",FALSE,"lamp_GB",0.00280042657771416,0.000367855269633808,0.00161202030885099,0.00379827056477686,-7.65528479942725e-05,-0.00121558637162967,-0.00386397484251862,-0.0023556874844284,0.0120715047125583,0.000367855269633808,0.00379827056477686,"all_positive",FALSE,FALSE
"em_m_view_114","em_m_view_107",0.00558478248559567,0.00834630601334362,-0.00276152352774795,"both_observed",FALSE,"lamp_GB",0.00633987025254121,0.0020509191785387,0.00441214506627465,0.00615759431408371,-7.65528479942725e-05,-0.00717232443940085,-0.00386397484251862,-0.00477298187737253,0.00201145834962458,0.0020509191785387,0.00633987025254121,"all_positive",FALSE,FALSE
"em_m_view_115","em_m_view_107",0.0154407495704751,0.0104626847694607,0.0049780648010144,"both_observed",FALSE,"lamp_GB",0.0033569977253742,0.000221658390342293,0.00226743410952638,0.00479278138052761,-7.65528479942725e-05,-0.003974451058451,-0.00386397484251862,-0.00455798102358969,0.00953604582460409,0.000221658390342293,0.00479278138052761,"all_positive",FALSE,FALSE
"em_m_view_109","em_m_view_107",0.0216509083360457,0.0182580308717131,0.0033928774643326,"both_observed",FALSE,"lamp_GB",-0.00358512400235817,-0.00537236060406396,-0.00328192707213703,-0.00229468834373889,-7.65528479942725e-05,0.0054764206284367,-0.00386397484251862,-0.00204923106443436,0.00544210852876697,-0.00537236060406396,-0.00229468834373889,"all_negative",FALSE,FALSE
"em_m_view_102","em_m_view_107",0.0133471242185739,0,0.0133471242185739,"A_only_edge",FALSE,"lamp_GB",0.00605459353539468,0.00388006691359258,0.00542465152747054,0.00825864355871754,-7.65528479942725e-05,-0.00432126272766551,-0.00386397484251862,-0.00220719688278372,0.0155543211013576,0.00388006691359258,0.00825864355871754,"all_positive",FALSE,FALSE
"em_m_view_103","em_m_view_107",0,0.00901963282340887,-0.00901963282340887,"B_only_edge",FALSE,"lamp_GB",0.0005450713794495,-0.00231904651072182,-0.000166462058197551,0.00225061792774143,-7.65528479942725e-05,0.00160097027756513,-0.00386397484251862,-0.00179448603349826,-0.00722514678991061,-0.00231904651072182,0.00225061792774143,"mixed_or_zero",FALSE,FALSE
"em_m_view_104","em_m_view_107",0,0.0159253262675827,-0.0159253262675827,"B_only_edge",FALSE,"lamp_GB",-0.00119651230840254,-0.00396092530617748,-0.00137101961324539,-0.000780653730829483,-7.65528479942725e-05,-0.00239853173013682,-0.00386397484251862,-0.00753557172905226,-0.00838975453853044,-0.00396092530617748,-0.000780653730829483,"all_negative",FALSE,FALSE
"em_m_view_105","em_m_view_107",0,0.0288341529250586,-0.0288341529250586,"B_only_edge",FALSE,"lamp_GB",0.000405184719159888,-0.00172755416531492,-0.000493301096130824,0.00141652213643151,-7.65528479942725e-05,-0.00529786905258469,-0.00386397484251862,-0.00883321202393769,-0.0200009409011209,-0.00172755416531492,0.00141652213643151,"mixed_or_zero",FALSE,FALSE
"em_m_view_106","em_m_view_107",0.517704807772546,0.429980396615936,0.08772441115661,"both_observed",FALSE,"lamp_GB",0.0164251698947516,0.0152642839006343,0.0150459389508377,0.0162799650846827,-7.65528479942725e-05,-0.00189878300225242,-0.00386397484251862,0.0105858592019863,0.0771385519546237,0.0150459389508377,0.0164251698947516,"all_positive",FALSE,FALSE
"em_m_view_108","em_m_view_107",0.390747365397803,0.478827005303562,-0.088079639905759,"both_observed",FALSE,"lamp_GB",-0.00129923898116684,-0.00485710359187996,-0.00311869621582275,1.58934489535658e-05,-7.65528479942725e-05,-0.00806565476521718,-0.00386397484251862,-0.0133054214368969,-0.074774218468862,-0.00485710359187996,1.58934489535658e-05,"mixed_or_zero",FALSE,FALSE
"em_m_drag","em_m_view_107",0,0.0431773858272437,-0.0431773858272437,"B_only_edge",FALSE,"lamp_GB",-0.0291954326517155,-0.0331742277026575,-0.0285449550283097,-0.0347877466032345,-7.65528479942725e-05,0.00818811765305253,-0.00386397484251862,-0.0249478426891759,-0.0182295431380678,-0.0347877466032345,-0.0285449550283097,"all_negative",FALSE,FALSE
"em","em_m_view_108",0.00030172479976984,0,0.00030172479976984,"A_only_edge",FALSE,"lamp_GB",-0.00343371715135799,-0.00215639202925195,-0.00407452655394904,-0.00061989386241778,-7.65528479942725e-05,0.000267549670951015,0.00790219111115638,0.00465947078275513,-0.00435774598298529,-0.00407452655394904,-0.00061989386241778,"all_negative",TRUE,FALSE
"keypress","em_m_view_108",0,0.000463715821190218,-0.000463715821190218,"B_only_edge",FALSE,"lamp_GB",-0.00277492793015769,-0.00310107754362075,-0.00386255693583053,-0.000175076738454158,-7.65528479942725e-05,-0.0017012007004055,0.00790219111115638,0.00334950963259891,-0.00381322545378913,-0.00386255693583053,-0.000175076738454158,"all_negative",TRUE,FALSE
"em_f_view","em_m_view_108",0,0.00233057301111411,-0.00233057301111411,"B_only_edge",FALSE,"lamp_GB",-0.00232025419581728,-0.0014669240086081,-0.00237448434776283,-0.000301261991679006,-7.65528479942725e-05,5.08773323784224e-05,0.00790219111115638,0.00555626139972325,-0.00788683441083736,-0.00237448434776283,-0.000301261991679006,"all_negative",TRUE,FALSE
"em_m_view_119","em_m_view_108",0,0.00644774696124381,-0.00644774696124381,"B_only_edge",FALSE,"lamp_GB",-0.00280967980690565,-0.00231670984820026,-0.00329434479801109,-0.000273924622383197,-7.65528479942725e-05,-0.0048400052824886,0.00790219111115638,0.000175953173767853,-0.00662370013501166,-0.00329434479801109,-0.000273924622383197,"all_negative",FALSE,FALSE
"em_m_view_115","em_m_view_108",0,0.00880484598851976,-0.00880484598851976,"B_only_edge",FALSE,"lamp_GB",-0.00295578330750231,-0.00227528266162542,-0.00387208678994824,-0.000473248501171257,-7.65528479942725e-05,-0.003974451058451,0.00790219111115638,0.000895403897208793,-0.00970024988572855,-0.00387208678994824,-0.000473248501171257,"all_negative",FALSE,FALSE
"em_m_view_109","em_m_view_108",0.328508747880088,0.312363364065203,0.016145383814885,"both_observed",FALSE,"lamp_GB",-0.000977974033204094,0.00146230268497534,0.000224572091762914,0.000929117223134845,-7.65528479942725e-05,0.0054764206284367,0.00790219111115638,0.0123240848583947,0.00382129895649029,-0.000977974033204094,0.00146230268497534,"mixed_or_zero",FALSE,FALSE
"em_m_view_104","em_m_view_108",0,0.0246066177631308,-0.0246066177631308,"B_only_edge",FALSE,"lamp_GB",-0.00412333869018398,-0.00312928326462765,-0.00447804201441947,-0.00243279775215801,-7.65528479942725e-05,-0.00239853173013682,0.00790219111115638,0.0013037678428413,-0.0259103856059721,-0.00447804201441947,-0.00243279775215801,"all_negative",FALSE,FALSE
"em_m_view_105","em_m_view_108",0.011736150723741,0,0.011736150723741,"A_only_edge",FALSE,"lamp_GB",-0.00218616538711415,-0.00154466733599836,-0.00277191326250535,0.000265532471746477,-7.65528479942725e-05,-0.00529786905258469,0.00790219111115638,0.000341603823463269,0.0113945469002777,-0.00277191326250535,0.000265532471746477,"mixed_or_zero",FALSE,FALSE
"em_m_view_107","em_m_view_108",0.440836031248068,0.368862665142666,0.071973366105402,"both_observed",FALSE,"lamp_GB",0.00937432921710961,0.00934795357614053,0.00924017448338851,0.0112420734681174,-7.65528479942725e-05,-0.00356741334818282,0.00790219111115638,0.0136325541320889,0.0583408119733131,0.00924017448338851,0.0112420734681174,"all_positive",FALSE,FALSE
"em_m_view_110","em_m_view_108",0.11540684759917,0.148858784454902,-0.033451936855732,"both_observed",FALSE,"lamp_GB",-0.00337311086675373,-0.00408569586935348,-0.00496795511759947,-0.00268146422601871,-7.65528479942725e-05,-0.0163056091884807,0.00790219111115638,-0.0118530817920724,-0.0215988550636596,-0.00496795511759947,-0.00268146422601871,"all_negative",FALSE,FALSE
"em_m_drag","em_m_view_108",0.0249443707033328,0,0.0249443707033328,"A_only_edge",FALSE,"lamp_GB",0.00408652880401336,0.00640588837279576,0.00820001164936494,0.00198916657484008,-7.65528479942725e-05,0.00818811765305253,0.00790219111115638,0.020100284720228,0.0048440859831048,0.00198916657484008,0.00820001164936494,"all_positive",FALSE,FALSE
"em","em_m_view_110",0.000515624517791808,0,0.000515624517791808,"A_only_edge",FALSE,"lamp_GB",-0.00159294593009414,-0.00263314262149053,-0.00317007855981486,-0.00405853074006661,-7.65528479942725e-05,0.000267549670951015,0.00620516338461906,0.00480321427748167,-0.00428758975968986,-0.00405853074006661,-0.00159294593009414,"all_negative",TRUE,FALSE
"keypress","em_m_view_110",0,0.000732257527793146,-0.000732257527793146,"B_only_edge",FALSE,"lamp_GB",-0.00138117924031319,-0.00406421789689482,-0.00251078236576056,-0.00252486257185938,-7.65528479942725e-05,-0.0017012007004055,0.00620516338461906,0.0030462305959061,-0.00377848812369925,-0.00406421789689482,-0.00138117924031319,"all_negative",TRUE,FALSE
"em_f_view","em_m_view_110",0,0.00471127247101426,-0.00471127247101426,"B_only_edge",FALSE,"lamp_GB",-0.00117637485826556,-0.00158369098458294,-0.00246051897342856,-0.00292334894459684,-7.65528479942725e-05,5.08773323784224e-05,0.00620516338461906,0.00500311301073765,-0.00971438548175191,-0.00292334894459684,-0.00117637485826556,"all_negative",TRUE,FALSE
"em_m_view_119","em_m_view_110",0,0.00431678935782534,-0.00431678935782534,"B_only_edge",FALSE,"lamp_GB",-0.00139080073670773,-0.00351405666535647,-0.0027140080221728,-0.00308872021751199,-7.65528479942725e-05,-0.0048400052824886,0.00620516338461906,-0.000102195482571546,-0.00421459387525379,-0.00351405666535647,-0.00139080073670773,"all_negative",FALSE,FALSE
"em_m_view_115","em_m_view_110",0.0234212483841469,0,0.0234212483841469,"A_only_edge",FALSE,"lamp_GB",0.00124894628046571,-0.00048168678686082,-0.000499461757319261,-0.000237731220703109,-7.65528479942725e-05,-0.003974451058451,0.00620516338461906,0.0034031057586395,0.0200181426255074,-0.000499461757319261,0.00124894628046571,"mixed_or_zero",FALSE,FALSE
"em_m_view_109","em_m_view_110",0.566564516598071,0.474575186417059,0.0919893301810121,"both_observed",FALSE,"lamp_GB",0.0125964648656331,0.0142363661809153,0.0114844165401781,0.0100804643458991,-7.65528479942725e-05,0.0054764206284367,0.00620516338461906,0.0242014960306946,0.0677878341503175,0.0100804643458991,0.0142363661809153,"all_positive",FALSE,FALSE
"em_m_view_102","em_m_view_110",0,0.0244980118389647,-0.0244980118389647,"B_only_edge",FALSE,"lamp_GB",-0.00699515528367933,-0.0094143882666624,-0.00799510662588919,-0.0087768635190598,-7.65528479942725e-05,-0.00432126272766551,0.00620516338461906,-0.00518780747472005,-0.0193102043642446,-0.0094143882666624,-0.00699515528367933,"all_negative",FALSE,FALSE
"em_m_view_103","em_m_view_110",0,0.025027980408218,-0.025027980408218,"B_only_edge",FALSE,"lamp_GB",-0.0107459022162411,-0.0121219294256292,-0.0103883896435273,-0.0123671352870679,-7.65528479942725e-05,0.00160097027756513,0.00620516338461906,-0.00301632140205118,-0.0220116590061668,-0.0123671352870679,-0.0103883896435273,"all_negative",FALSE,FALSE
"em_m_view_105","em_m_view_110",0.0284905784081171,0.0200160095213907,0.0084745688867264,"both_observed",FALSE,"lamp_GB",0.000256831216796926,-0.00174021628148204,-0.00124453709913662,-0.0022287005818921,-7.65528479942725e-05,-0.00529786905258469,0.00620516338461906,0.00108757270083703,0.00738699618588938,-0.0022287005818921,0.000256831216796926,"mixed_or_zero",FALSE,FALSE
"em_m_view_106","em_m_view_110",0.0141692577052988,0.0149803092208676,-0.0008110515155688,"both_observed",FALSE,"lamp_GB",-0.00275665375498663,-0.00275806665239851,-0.00390881597462265,-0.00676994853493762,-7.65528479942725e-05,-0.00189878300225242,0.00620516338461906,0.00147317377938574,-0.00228422529495454,-0.00676994853493762,-0.00275665375498663,"all_negative",FALSE,FALSE
"em_m_view_107","em_m_view_110",0.0223251127630742,0.0266344197227173,-0.0043093069596431,"both_observed",FALSE,"lamp_GB",-0.00133339264064141,-0.00237367493204872,-0.00204149862966744,-0.00238308439082321,-7.65528479942725e-05,-0.00356741334818282,0.00620516338461906,0.00122780454780056,-0.00553711150744366,-0.00238308439082321,-0.00133339264064141,"all_negative",FALSE,FALSE
"em_m_view_108","em_m_view_110",0,0.0293076216444251,-0.0293076216444251,"B_only_edge",FALSE,"lamp_GB",-0.00359252594935268,-0.00801768245758504,-0.00639118308209046,-0.00629214855739044,-7.65528479942725e-05,-0.00806565476521718,0.00620516338461906,-0.00552957017794507,-0.02377805146648,-0.00801768245758504,-0.00359252594935268,"all_negative",FALSE,FALSE
"wb_pg_8_4_request_1","url_ok",0.000292371404793516,0,0.000292371404793516,"A_only_edge",FALSE,"lamp_GB",0.00309679220175396,0.00261862899746236,0.00404090798258449,0.00343673429576766,-7.65528479942725e-05,-0.013722420227463,-0.00410312532911768,-0.014805306202821,0.0150976776076145,0.00261862899746236,0.00404090798258449,"all_positive",TRUE,FALSE
"wb_pg_pop2","url_ok",0,0.00155437138320382,-0.00155437138320382,"B_only_edge",FALSE,"lamp_GB",0.00231060689518029,0.00287594067420884,0.0046480439987096,0.00205117522525621,-7.65528479942725e-05,-0.00211656165790058,-0.00410312532911768,-0.00398563293983225,0.00243126155662843,0.00205117522525621,0.0046480439987096,"all_positive",FALSE,FALSE
"wb_hist_back","url_ok",0,0.00367332486074166,-0.00367332486074166,"B_only_edge",FALSE,"lamp_GB",0.00222139907076586,0.00601635561916702,0.00228374940979656,0.0020488780884026,-7.65528479942725e-05,-0.00576530718855563,-0.00410312532911768,-0.00772358629490172,0.00405026143416006,0.0020488780884026,0.00601635561916702,"all_positive",TRUE,FALSE
"wb","url_ok",0.0018914202292429,0.0177572598952709,-0.015865839666028,"both_observed",FALSE,"lamp_GB",0.00117630121203508,0.0057321021924542,0.0012287055761012,0.000789993811458613,-7.65528479942725e-05,-0.0045245012277671,-0.00410312532911768,-0.00752787819284398,-0.00833796147318402,0.000789993811458613,0.0057321021924542,"all_positive",TRUE,FALSE
"keypress","url_ok",0.000564189685883713,0.0037906707937683,-0.00322648110788459,"both_observed",FALSE,"lamp_GB",0.00105961996783113,0.00446605741942476,0.00161822329367958,0.000365498975427883,-7.65528479942725e-05,-0.0017012007004055,-0.00410312532911768,-0.00482125890968633,0.00159477780180174,0.000365498975427883,0.00446605741942476,"all_positive",TRUE,FALSE
"wb_pg_2","url_ok",0,0.00386101528333515,-0.00386101528333515,"B_only_edge",FALSE,"lamp_GB",0.000820056056299179,0.00318914384334462,7.51318701737614e-05,-0.000631350045395097,-7.65528479942725e-05,-0.000738913911890562,-0.00410312532911768,-0.00409853603270334,0.000237520749368188,-0.000631350045395097,0.00318914384334462,"mixed_or_zero",FALSE,FALSE
"wb_pg_pop1","url_ok",0.00400050104146595,0.0162658919999503,-0.0122653909584844,"both_observed",FALSE,"lamp_GB",0.000151556557805103,0.00358571160271922,-0.000661132464688217,-0.00110742673395634,-7.65528479942725e-05,0.00452583465652866,-0.00410312532911768,0.000497713037221808,-0.0127631039957062,-0.00110742673395634,0.00358571160271922,"mixed_or_zero",FALSE,FALSE
"file","url_ok",0.027476621698696,0.0323471020874039,-0.0048704803887079,"both_observed",FALSE,"lamp_GB",-0.0017345120152586,0.000110586257583828,-0.00312400851175834,-0.0036433900456122,-7.65528479942725e-05,-0.00204033352594517,-0.00410312532911768,-0.00795452371831572,0.00308404332960783,-0.0036433900456122,0.000110586257583828,"mixed_or_zero",FALSE,FALSE
"help","url_ok",0,0.0461923283819641,-0.0461923283819641,"B_only_edge",FALSE,"lamp_GB",-0.0107104447730781,-0.023226497899728,-0.0125803560999662,-0.0151505182360982,-7.65528479942725e-05,-0.0251551319769124,-0.00410312532911768,-0.0400452549271025,-0.00614707345486163,-0.023226497899728,-0.0107104447730781,"all_negative",FALSE,FALSE
"wb_pg_8","wb_pg_8_2",0.0721982208639709,0.0543571392573081,0.0178410816066628,"both_observed",TRUE,"lamp_GB",0.00801265148976696,0.00632374761509224,0.00501487052797824,0.00231927486110833,-7.65528479942725e-05,-0.0172835859506385,0.0092158789952675,-0.00013160831359829,0.0179726899202611,0.00231927486110833,0.00801265148976696,"all_positive",TRUE,TRUE
"wb_hist_back","wb_pg_8_2",0.029282631082396,0.0333046517973164,-0.0040220207149204,"both_observed",TRUE,"lamp_GB",0.00187665059571879,0.000116424050118397,0.000185843101749709,-0.00510029327170695,-7.65528479942725e-05,-0.00576530718855563,0.0092158789952675,0.00525066955443639,-0.00927269026935679,-0.00510029327170695,0.00187665059571879,"mixed_or_zero",TRUE,TRUE
"wb","wb_pg_8_2",0.00547802385550944,0.00536028277861237,0.00011774107689707,"both_observed",TRUE,"lamp_GB",0.000947732239623984,-0.000751554240830121,-0.000268158303244114,-0.00433411007471448,-7.65528479942725e-05,-0.0045245012277671,0.0092158789952675,0.00556255715913011,-0.00544481608223304,-0.00433411007471448,0.000947732239623984,"mixed_or_zero",TRUE,TRUE
"wb","wb_pg_pop3",0.000170332056809314,0,0.000170332056809314,"A_only_edge",FALSE,"lamp_GB",-0.00885622237899238,0.00172179354933778,-0.000583675373808857,-0.00372478468712572,-7.65528479942725e-05,-0.0045245012277671,-0.0150458082872141,-0.0285030847419678,0.0286734167987771,-0.00885622237899238,0.00172179354933778,"mixed_or_zero",TRUE,FALSE
"wb_pg_8_4_submit","wb_pg_pop3",0.698423619702925,0.879169820899655,-0.18074620119673,"both_observed",FALSE,"lamp_GB",-0.130234390514592,-0.125601878208077,-0.114056361253669,-0.121259813892577,-7.65528479942725e-05,-0.00415273218034812,-0.0150458082872141,-0.149509483830149,-0.0312367173665812,-0.130234390514592,-0.114056361253669,"all_negative",TRUE,FALSE
"wb_hist_back","wb_pg_7",0.0426249859465571,0.0738379212495088,-0.0312129353029517,"both_observed",FALSE,"lamp_GB",-0.00613901033692026,-0.0124724941340218,-0.00570275330277812,-0.00274322845653173,-7.65528479942725e-05,-0.00576530718855563,-0.00858521179155448,-0.0205660821650246,-0.0106468531379271,-0.0124724941340218,-0.00274322845653173,"all_negative",TRUE,FALSE
"wb","wb_pg_7",0.00602305637415226,0.0101089947079157,-0.00408593833376344,"both_observed",FALSE,"lamp_GB",-0.00262207931704759,-0.0091697913356043,-0.00223724258678044,0.00017320625429338,-7.65528479942725e-05,-0.0045245012277671,-0.00858521179155448,-0.0158083451843634,0.0117224068506,-0.0091697913356043,0.00017320625429338,"mixed_or_zero",TRUE,FALSE
"file","wb_pg_7",0,0.0108520888328875,-0.0108520888328875,"B_only_edge",FALSE,"lamp_GB",0.00807314163094429,0.00174305970935213,0.00936160406316836,0.011116304663271,-7.65528479942725e-05,-0.00204033352594517,-0.00858521179155448,-0.00262895653454963,-0.00822313229833787,0.00174305970935213,0.011116304663271,"all_positive",FALSE,FALSE
"help","wb_pg_7",0.0429593273992417,0,0.0429593273992417,"A_only_edge",FALSE,"lamp_GB",0.041168960613753,0.0221147727563949,0.0415546877468353,0.0443665162302375,-7.65528479942725e-05,-0.0251551319769124,-0.00858521179155448,0.00735206399729188,0.0356072634019498,0.0221147727563949,0.0443665162302375,"all_positive",FALSE,FALSE
"wb_pg_0","wb_pg_7",0.0923335117054868,0.108660613614455,-0.0163271019089682,"both_observed",FALSE,"lamp_GB",-0.00204299146520997,-0.00730542208658681,-0.00229279875457983,0.00139559959001327,-7.65528479942725e-05,-0.00128817381747231,-0.00858521179155448,-0.011992929922231,-0.00433417198673718,-0.00730542208658681,0.00139559959001327,"mixed_or_zero",FALSE,FALSE
"splitvertical","wb_pg_7",0,0.0201115827121953,-0.0201115827121953,"B_only_edge",FALSE,"lamp_GB",-0.0014468102540954,-0.00585033627818971,-0.00870846055170136,-0.00393640541699471,-7.65528479942725e-05,0.0161890447686784,-0.00858521179155448,0.00608046987503425,-0.0261920525872296,-0.00870846055170136,-0.0014468102540954,"all_negative",FALSE,FALSE
"wb_pg_8","wb_pg_8_1",0.0511445364568326,0.0728335083038869,-0.0216889718470543,"both_observed",FALSE,"lamp_GB",0.00148617223976413,-0.00164253871122061,0.000750288463534161,-2.8935516026689e-05,-7.65528479942725e-05,-0.0172835859506385,-0.00500265270884457,-0.0208766192677132,-0.000812352579341112,-0.00164253871122061,0.00148617223976413,"mixed_or_zero",TRUE,FALSE
"wb_hist_back","wb_pg_8_1",0.0197011226385062,0.0263222600051581,-0.0066211373666519,"both_observed",FALSE,"lamp_GB",0.00434278510907166,0.000774356664986081,-0.00147073311658547,0.000887297832547615,-7.65528479942725e-05,-0.00576530718855563,-0.00500265270884457,-0.00650172763632282,-0.000119409730329078,-0.00147073311658547,0.00434278510907166,"mixed_or_zero",TRUE,FALSE
"wb","wb_pg_8_1",0.00303840352004435,0.00837053028946936,-0.00533212676942501,"both_observed",FALSE,"lamp_GB",0.00492186356919714,0.00100092030125438,-0.00169988607939243,0.00102091274673313,-7.65528479942725e-05,-0.0045245012277671,-0.00500265270884457,-0.00468184321540881,-0.000650283554016204,-0.00169988607939243,0.00492186356919714,"mixed_or_zero",TRUE,FALSE
"keypress","wb_pg_8_1",0.000406606828124533,0.0019612216457024,-0.00155461481757787,"both_observed",FALSE,"lamp_GB",0.00330468765491918,0.000327923063173577,-0.00180295360184891,0.00122513453132619,-7.65528479942725e-05,-0.0017012007004055,-0.00500265270884457,-0.00347571860232517,0.0019211037847473,-0.00180295360184891,0.00330468765491918,"mixed_or_zero",TRUE,FALSE
"wb_hist_back","wb_pg_10",0.0133597596179445,0.0247516536146087,-0.0113918939966642,"both_observed",FALSE,"lamp_GB",-0.00278425779769494,-0.000974760294756853,-0.0037387189485624,-0.00179045544440731,-7.65528479942725e-05,-0.00576530718855563,-0.00938302283650587,-0.0180091406707507,0.00661724667408651,-0.0037387189485624,-0.000974760294756853,"all_negative",TRUE,FALSE
"wb","wb_pg_10",0,0.00362977241591575,-0.00362977241591575,"B_only_edge",FALSE,"lamp_GB",-0.00226545277896803,-0.000134216188725443,-0.00401700596479148,-0.00192026489902088,-7.65528479942725e-05,-0.0045245012277671,-0.00938302283650587,-0.0162495296912353,0.0126197572753195,-0.00401700596479148,-0.000134216188725443,"all_negative",TRUE,FALSE
"wb_pg_0","wb_pg_10",0,0.0418395411102726,-0.0418395411102726,"B_only_edge",FALSE,"lamp_GB",-0.00433615262791045,-0.0037261337480416,-0.004380084794529,-0.0027108381316341,-7.65528479942725e-05,-0.00128817381747231,-0.00938302283650587,-0.0150839021298829,-0.0267556389803897,-0.004380084794529,-0.0027108381316341,"all_negative",FALSE,FALSE
"copy","wb_pg_10",0,0.0050130739568313,-0.0050130739568313,"B_only_edge",FALSE,"lamp_GB",0.00347569295761863,0.00103430663419249,0.00488910993031172,-0.00109171092979783,-7.65528479942725e-05,-0.00184990353196014,-0.00938302283650587,-0.00783378625884165,0.00282071230201035,-0.00109171092979783,0.00488910993031172,"mixed_or_zero",FALSE,FALSE
"wb_sch","wb_pg_10",0,0.053952806077581,-0.053952806077581,"B_only_edge",FALSE,"lamp_GB",0.0281695043205059,-0.0280899595886595,0.0522839111811535,0.0339156524321462,-7.65528479942725e-05,-0.0757559851174169,-0.00938302283650587,-0.0570460564814111,0.00309325040383009,-0.0280899595886595,0.0522839111811535,"mixed_or_zero",FALSE,FALSE
"wb_hist_back","wb_pg_9",0.00453816634200986,0.00677412529472921,-0.00223595895271935,"both_observed",FALSE,"lamp_GB",-0.00264013719709592,0.00214232085846984,-0.000427538635420614,-0.000885713444277318,-7.65528479942725e-05,-0.00576530718855563,0.00273203079952116,-0.00574996643412466,0.00351400748140531,-0.00264013719709592,0.00214232085846984,"mixed_or_zero",TRUE,FALSE
"wb_pg_8","file",0,0.00179017996838174,-0.00179017996838174,"B_only_edge",FALSE,"lamp_GB",0.00183410316094917,0.000140521207824848,0.00162965792722498,0.00188575097826074,-7.65528479942725e-05,-0.0172835859506385,-0.00472140905097617,-0.0202474446886597,0.018457264720278,0.000140521207824848,0.00188575097826074,"all_positive",TRUE,FALSE
"wb_pg_pop2","file",0,0.00317853567223899,-0.00317853567223899,"B_only_edge",FALSE,"lamp_GB",0.000324204040134574,-0.00125601867102943,0.00107988983710973,0.000269043153049229,-7.65528479942725e-05,-0.00211656165790058,-0.00472140905097617,-0.00659031951673644,0.00341178384449745,-0.00125601867102943,0.00107988983710973,"mixed_or_zero",FALSE,FALSE
"wb_hist_back","file",0.00187282988829374,0.00366283351598251,-0.00179000362768877,"both_observed",FALSE,"lamp_GB",0.00456873916960418,0.00392085912644517,0.00457460923071346,0.00513550197748288,-7.65528479942725e-05,-0.00576530718855563,-0.00472140905097617,-0.00599452991792189,0.00420452629023312,0.00392085912644517,0.00513550197748288,"all_positive",TRUE,FALSE
"em","file",0.00206646708125155,0.00719269025274088,-0.00512622317148933,"both_observed",FALSE,"lamp_GB",0.00361026903127131,0.00439906711448684,0.00368932883586571,0.00398438196445071,-7.65528479942725e-05,0.000267549670951015,-0.00472140905097617,-0.000920143196748111,-0.00420607997474122,0.00361026903127131,0.00439906711448684,"all_positive",TRUE,FALSE
"em_m_view_305","file",0.00433281467580542,0.0225929663015757,-0.0182601516257703,"both_observed",FALSE,"lamp_GB",-0.0167963694612857,-0.0129944426302392,-0.0165912911955956,-0.0208922877257453,-7.65528479942725e-05,0.0112980372160502,-0.00472140905097617,-0.0102962941442059,-0.00796385748156436,-0.0208922877257453,-0.0129944426302392,"all_negative",TRUE,FALSE
"wb","file",0.00238832141897858,0.00984685314667437,-0.00745853172769579,"both_observed",FALSE,"lamp_GB",0.00440924759433045,0.00417397686987289,0.004561213049067,0.00481577104925656,-7.65528479942725e-05,-0.0045245012277671,-0.00472140905097617,-0.00491321553240709,-0.0025453161952887,0.00417397686987289,0.00481577104925656,"all_positive",TRUE,FALSE
"keypress","file",0.00181343112366897,0.0141617109435143,-0.0123482798198453,"both_observed",FALSE,"lamp_GB",0.00230323765681167,0.00223828305783441,0.00331707018072566,0.0022820308053376,-7.65528479942725e-05,-0.0017012007004055,-0.00472140905097617,-0.00419592494256428,-0.00815235487728106,0.00223828305783441,0.00331707018072566,"all_positive",TRUE,FALSE
"wb_pg_2","file",0,0.00510067204433307,-0.00510067204433307,"B_only_edge",FALSE,"lamp_GB",0.00286274076132035,0.00235269675443407,0.00267880499278958,0.0032567999089611,-7.65528479942725e-05,-0.000738913911890562,-0.00472140905097617,-0.00267413504954065,-0.00242653699479242,0.00235269675443407,0.0032567999089611,"all_positive",FALSE,FALSE
"em_f_view","file",0,0.0201957489485006,-0.0201957489485006,"B_only_edge",FALSE,"lamp_GB",0.00144697751660423,0.0032716100872673,0.00156598209212061,0.0014034606866459,-7.65528479942725e-05,5.08773323784224e-05,-0.00472140905097617,-0.00330010704998778,-0.0168956418985128,0.0014034606866459,0.0032716100872673,"all_positive",TRUE,FALSE
"wb_pg_pop1","file",0.0018607992807589,0.00796624745097596,-0.00610544817021706,"both_observed",FALSE,"lamp_GB",0.00397370665978339,0.00336280937379548,0.00373600251081397,0.00472774386447799,-7.65528479942725e-05,0.00452583465652866,-0.00472140905097617,0.00370157941734161,-0.00980702758755867,0.00336280937379548,0.00472774386447799,"all_positive",FALSE,FALSE
"url_ok","file",0.127554085920156,0,0.127554085920156,"A_only_edge",FALSE,"lamp_GB",0.025148960177411,0.0217971440044941,0.0254272242802192,0.0305167765533357,-7.65528479942725e-05,0.0729792615887111,-0.00472140905097617,0.0933302598671517,0.0342238260530043,0.0217971440044941,0.0305167765533357,"all_positive",FALSE,FALSE
"wb_pg_pop3","file",0,0.00653626826007692,-0.00653626826007692,"B_only_edge",FALSE,"lamp_GB",-0.0102808522220968,-0.0240659031345466,-0.00781992923990703,-0.0118720438104776,-7.65528479942725e-05,-0.026884065064748,-0.00472140905097617,-0.0419628791858152,0.0354266109257383,-0.0240659031345466,-0.00781992923990703,"all_negative",FALSE,FALSE
"wb_hist_for","file",0,0.0120560073975037,-0.0120560073975037,"B_only_edge",FALSE,"lamp_GB",-0.00373650785510561,-0.0114825311183617,-0.0014775863338018,-0.00533419699167288,-7.65528479942725e-05,-0.0089091613602952,-0.00472140905097617,-0.0174436311143712,0.00538762371686755,-0.0114825311183617,-0.0014775863338018,"all_negative",FALSE,FALSE
"edit","file",0,0.0339001450092541,-0.0339001450092541,"B_only_edge",FALSE,"lamp_GB",-0.000777384358494313,-0.0013769834487185,-0.000832988358300531,-0.000964233660484958,-7.65528479942725e-05,-0.000136474623193661,-0.00472140905097617,-0.00571182088065841,-0.0281883241285957,-0.0013769834487185,-0.000777384358494313,"all_negative",FALSE,FALSE
"wb_book_a","file",0,0.0335857107440058,-0.0335857107440058,"B_only_edge",FALSE,"lamp_GB",-0.00130434567366863,0.00051863792187496,-0.00152195272493515,-0.00317905494420651,-7.65528479942725e-05,-0.0270168030505103,-0.00472140905097617,-0.0331191106231494,-0.00046660012085644,-0.00317905494420651,0.00051863792187496,"mixed_or_zero",FALSE,FALSE
"copy","file",0,0.0142800547217306,-0.0142800547217306,"B_only_edge",FALSE,"lamp_GB",-0.00587111403313752,-0.00182514473463188,-0.00546668037856595,-0.00784193238955854,-7.65528479942725e-05,-0.00184990353196014,-0.00472140905097617,-0.0125189794640681,-0.0017610752576625,-0.00784193238955854,-0.00182514473463188,"all_negative",FALSE,FALSE
"em_for","file",0,0.021447612081581,-0.021447612081581,"B_only_edge",FALSE,"lamp_GB",-0.0581466565597747,-0.0392087089792873,-0.0578883791249407,-0.0726943028261789,-7.65528479942725e-05,0.0304142355331163,-0.00472140905097617,-0.0325303829256288,0.0110827708440478,-0.0726943028261789,-0.0392087089792873,"all_negative",FALSE,FALSE
"em_sch_ok","file",0.0476288466821613,0,0.0476288466821613,"A_only_edge",FALSE,"lamp_GB",-0.0184636780605971,0.0495671830148779,-0.0182217486891496,-0.0297833397966176,-7.65528479942725e-05,0.100563514854169,-0.00472140905097617,0.0773018748946016,-0.0296730282124403,-0.0297833397966176,0.0495671830148779,"mixed_or_zero",FALSE,FALSE
"wb_pg_8","wb_hist_for",0,0.00128031483308202,-0.00128031483308202,"B_only_edge",FALSE,"lamp_GB",-0.00129742807315404,0.00118258586891721,-0.00200926733239672,-0.000929415048120624,-7.65528479942725e-05,-0.0172835859506385,0.00933808289272431,-0.00931948397906248,0.00803916914598046,-0.00200926733239672,0.00118258586891721,"mixed_or_zero",TRUE,FALSE
"wb_pg_8_3","wb_hist_for",0,0.000793135996186992,-0.000793135996186992,"B_only_edge",FALSE,"lamp_GB",-6.95398283278382e-05,0.00111099596662857,-0.000405161237678488,0.000443857215115385,-7.65528479942725e-05,-0.0238280074872812,0.00933808289272431,-0.014636017270879,0.013842881274692,-0.000405161237678488,0.00111099596662857,"mixed_or_zero",TRUE,FALSE
"wb_pg_pop2","wb_hist_for",0.00562339350066815,0.00875962545737627,-0.00313623195670812,"both_observed",FALSE,"lamp_GB",0.0010820463022003,0.000560047548480404,0.00278530828484375,-0.000242234731142885,-7.65528479942725e-05,-0.00211656165790058,0.00933808289272431,0.00822701468902976,-0.0113632466457379,-0.000242234731142885,0.00278530828484375,"mixed_or_zero",FALSE,FALSE
"wb_hist_back","wb_hist_for",0.00988326428444982,0.0133450909777635,-0.00346182669331368,"both_observed",FALSE,"lamp_GB",-0.00397362643950737,0.00124061844087827,-0.00572737227101529,-0.00323501118900826,-7.65528479942725e-05,-0.00576530718855563,0.00933808289272431,-0.000477403583332958,-0.00298442310998072,-0.00572737227101529,0.00124061844087827,"mixed_or_zero",TRUE,FALSE
"wb","wb_hist_for",0.00575989182883137,0.0115822166910907,-0.00582232486225933,"both_observed",FALSE,"lamp_GB",-0.00500159530408711,0.00083478088368943,-0.00660784095743488,-0.00374872459707706,-7.65528479942725e-05,-0.0045245012277671,0.00933808289272431,-0.000264566487124173,-0.00555775837513516,-0.00660784095743488,0.00083478088368943,"mixed_or_zero",TRUE,FALSE
"wb_pg_8_4_submit","wb_hist_for",0.0141036006085501,0,0.0141036006085501,"A_only_edge",FALSE,"lamp_GB",0.0007614853955461,0.00365250790262808,0.000530038689184514,0.000728905838983585,-7.65528479942725e-05,-0.00415273218034812,0.00933808289272431,0.00587028325992802,0.00823331734862208,0.000530038689184514,0.00365250790262808,"all_positive",TRUE,FALSE
"wb_pg_2","wb_hist_for",0.00370802905173295,0.00488410860538467,-0.00117607955365172,"both_observed",FALSE,"lamp_GB",-0.00437494460016186,0.000444002992866588,-0.005543203447234,-0.00332683206260671,-7.65528479942725e-05,-0.000738913911890562,0.00933808289272431,0.00414767153267762,-0.00532375108632934,-0.005543203447234,0.000444002992866588,"mixed_or_zero",FALSE,FALSE
"wb_pg_pop1","wb_hist_for",0.00400978275871828,0.0109524664870148,-0.00694268372829652,"both_observed",FALSE,"lamp_GB",-0.00621707637361506,-5.18603966086347e-05,-0.00742679884258036,-0.00484216566264238,-7.65528479942725e-05,0.00452583465652866,0.00933808289272431,0.00757028832764364,-0.0145129720559402,-0.00742679884258036,-5.18603966086347e-05,"all_negative",FALSE,FALSE
"wb_pg_7","wb_hist_for",0,0.027187960291499,-0.027187960291499,"B_only_edge",FALSE,"lamp_GB",-0.00418934958541192,-0.00273094750353135,-0.00323329601704195,-0.00383678195558687,-7.65528479942725e-05,-0.0164314907616797,0.00933808289272431,-0.0113593103023615,-0.0158286499891375,-0.00418934958541192,-0.00273094750353135,"all_negative",FALSE,FALSE
"edit","wb_hist_for",0.00454030009851847,0,0.00454030009851847,"A_only_edge",FALSE,"lamp_GB",-0.00165953026574517,0.000339881965258632,-0.00267293986398028,-0.000593086140422573,-7.65528479942725e-05,-0.000136474623193661,0.00933808289272431,0.00746552515579121,-0.00292522505727274,-0.00267293986398028,0.000339881965258632,"mixed_or_zero",FALSE,FALSE
"help","wb_hist_for",0.0434043924927915,0.0285685310712415,0.01483586142155,"both_observed",FALSE,"lamp_GB",0.00147692270318398,-0.0015198187073791,-3.40741241745413e-05,0.00462959881403323,-7.65528479942725e-05,-0.0251551319769124,0.00933808289272431,-0.0144166792289984,0.0292525406505484,-0.0015198187073791,0.00462959881403323,"mixed_or_zero",FALSE,FALSE
"wb_pg_0","wb_hist_for",0.0191780516898861,0,0.0191780516898861,"A_only_edge",FALSE,"lamp_GB",-0.00223135974111907,0.000921451804571185,-0.00370675851215024,-0.0012140544970126,-7.65528479942725e-05,-0.00128817381747231,0.00933808289272431,0.00574199648613866,0.0134360552037474,-0.00370675851215024,0.000921451804571185,"mixed_or_zero",FALSE,FALSE
"wb_pg_4","wb_hist_for",0,0.00948692520375379,-0.00948692520375379,"B_only_edge",FALSE,"lamp_GB",-0.0436938802568941,-0.00820658730169425,-0.0566870100896964,-0.0372177227938174,-7.65528479942725e-05,0.0401843153634442,0.00933808289272431,0.00575196515128021,-0.015238890355034,-0.0566870100896964,-0.00820658730169425,"all_negative",FALSE,FALSE
"wb_hist_back","edit",0.000380007187884865,0,0.000380007187884865,"A_only_edge",FALSE,"lamp_GB",0.00777554300254897,-0.000744855263365566,0.00676428830476806,0.00906785273791366,-7.65528479942725e-05,-0.00576530718855563,-0.0186161095584164,-0.0166824265924173,0.0170624337803021,-0.000744855263365566,0.00906785273791366,"mixed_or_zero",TRUE,FALSE
"em","edit",0,0.00169471457516938,-0.00169471457516938,"B_only_edge",FALSE,"lamp_GB",0.00508894128859026,0.00201146087966261,0.00471249004433613,0.00682654307423962,-7.65528479942725e-05,0.000267549670951015,-0.0186161095584164,-0.0133361714468693,0.0116414568717,0.00201146087966261,0.00682654307423962,"all_positive",TRUE,FALSE
"em_m_view_305","edit",0.0194996518823802,0.0796969418470479,-0.0601972899646677,"both_observed",FALSE,"lamp_GB",-0.0124557003664692,-0.00604460305928888,-0.0135671094170702,-0.0145844764584171,-7.65528479942725e-05,0.0112980372160502,-0.0186161095584164,-0.0198503255568297,-0.040346964407838,-0.0145844764584171,-0.00604460305928888,"all_negative",TRUE,FALSE
"keypress","edit",0.0139808403058398,0.051272500720429,-0.0372916604145892,"both_observed",FALSE,"lamp_GB",0.00430244968698539,-0.00250319833191085,0.00344964902853223,0.00587243882743942,-7.65528479942725e-05,-0.0017012007004055,-0.0186161095584164,-0.0160914134198307,-0.0212002469947585,-0.00250319833191085,0.00587243882743942,"mixed_or_zero",TRUE,FALSE
"wb_pg_2","edit",0,0.00324970106227704,-0.00324970106227704,"B_only_edge",FALSE,"lamp_GB",0.0105988930446739,0.000559991762411896,0.00934508221160939,0.0103466001556388,-7.65528479942725e-05,-0.000738913911890562,-0.0186161095584164,-0.00883268327362726,0.00558298221135022,0.000559991762411896,0.0105988930446739,"all_positive",FALSE,FALSE
"em_f_view","edit",0.00240638565577185,0,0.00240638565577185,"A_only_edge",FALSE,"lamp_GB",-0.000567231888354262,0.00359024964246334,-0.00140037356571601,0.00206119847548838,-7.65528479942725e-05,5.08773323784224e-05,-0.0186161095584164,-0.0192090169623865,0.0216154026181583,-0.00140037356571601,0.00359024964246334,"mixed_or_zero",TRUE,FALSE
"wb_pg_pop1","edit",0.00187770007443121,0.00401524956096431,-0.0021375494865331,"both_observed",FALSE,"lamp_GB",0.0144776422882134,0.00178206500760106,0.013365641895544,0.0128465412498664,-7.65528479942725e-05,0.00452583465652866,-0.0186161095584164,0.000310814538331429,-0.00244836402486453,0.00178206500760106,0.0144776422882134,"all_positive",FALSE,FALSE
"url_ok","edit",0,0.0341110417075166,-0.0341110417075166,"B_only_edge",FALSE,"lamp_GB",-0.0656459351402164,-0.0745385721231535,-0.0668076566587139,-0.0610555474498732,-7.65528479942725e-05,0.0729792615887111,-0.0186161095584164,-0.0113593359579159,-0.0227517057496007,-0.0745385721231535,-0.0610555474498732,"all_negative",FALSE,FALSE
"file","edit",0.0814123132404941,0.0531068574504751,0.028305455790019,"both_observed",FALSE,"lamp_GB",0.0212349269097547,0.00370655191167576,0.0210171558577166,0.0193076502680877,-7.65528479942725e-05,-0.00204033352594517,-0.0186161095584164,0.000501930977398934,0.0278035248126201,0.00370655191167576,0.0212349269097547,"all_positive",FALSE,FALSE
"em","message",0,0.00563753116692321,-0.00563753116692321,"B_only_edge",FALSE,"lamp_GB",0.00169058061579309,0.000294435576883664,0.0030929186195387,0.00423719175541505,-7.65528479942725e-05,0.000267549670951015,-0.00339576956877807,-0.00151419213002823,-0.00412333903689498,0.000294435576883664,0.00423719175541505,"all_positive",TRUE,FALSE
"em_m_view_305","message",0.00143720901605752,0.0142082016192619,-0.0127709926032044,"both_observed",FALSE,"lamp_GB",-0.0118527113174445,-0.0134782095831431,-0.00969515200181855,-0.0175094653390265,-7.65528479942725e-05,0.0112980372160502,-0.00339576956877807,-0.00402699651816663,-0.00874399608503775,-0.0175094653390265,-0.00969515200181855,"all_negative",TRUE,FALSE
"keypress","message",0,0.0134623537288424,-0.0134623537288424,"B_only_edge",FALSE,"lamp_GB",0.00123153312448998,0.00258507377206923,0.00301021251612056,0.0031809412780737,-7.65528479942725e-05,-0.0017012007004055,-0.00339576956877807,-0.00394198999268786,-0.00952036373615454,0.00123153312448998,0.0031809412780737,"all_positive",TRUE,FALSE
"em_f_view","message",0,0.00512447282731182,-0.00512447282731182,"B_only_edge",FALSE,"lamp_GB",-0.00145543801024113,-0.000758541073833472,0.000636226633997593,0.00149193919837778,-7.65528479942725e-05,5.08773323784224e-05,-0.00339576956877807,-0.00487688309463504,-0.000247589732676779,-0.00145543801024113,0.00149193919837778,"mixed_or_zero",TRUE,FALSE
"em_m_view_115","message",0,0.00565478208116704,-0.00565478208116704,"B_only_edge",FALSE,"lamp_GB",0.00389177804915554,0.0018687619207812,0.00350268855798389,0.00486680652692222,-7.65528479942725e-05,-0.003974451058451,-0.00339576956877807,-0.0035549954260678,-0.00209978665509924,0.0018687619207812,0.00486680652692222,"all_positive",FALSE,FALSE
"em_m_view_110","message",0.00729183826716009,0,0.00729183826716009,"A_only_edge",FALSE,"lamp_GB",0.011781185507006,0.00915993579812807,0.0106992541399312,0.00993454629673906,-7.65528479942725e-05,-0.0163056091884807,-0.00339576956877807,-0.00799674609824709,0.0152885843654072,0.00915993579812807,0.011781185507006,"all_positive",FALSE,FALSE
"file","message",0.012595412158315,0,0.012595412158315,"A_only_edge",FALSE,"lamp_GB",0.00793625378012128,-0.000634149387838861,0.00785666185593965,0.00682585754434069,-7.65528479942725e-05,-0.00204033352594517,-0.00339576956877807,0.00242359783740378,0.0101718143209112,-0.000634149387838861,0.00793625378012128,"mixed_or_zero",FALSE,FALSE
"em_new","message",0.0154263743867516,0.0130283521016424,0.0023980222851092,"both_observed",FALSE,"lamp_GB",-0.0143728392514415,-0.0118502797641411,-0.014118549478444,-0.0187522672909867,-7.65528479942725e-05,0.0217871957713995,-0.00339576956877807,0.00394203410318566,-0.00154401181807646,-0.0187522672909867,-0.0118502797641411,"all_negative",FALSE,FALSE
"wb_pg_8","help",0,0.00087410336588312,-0.00087410336588312,"B_only_edge",FALSE,"lamp_GB",0.00106887911869342,0.0223923025519538,-0.00156998961472121,-0.00632400191974492,-7.65528479942725e-05,-0.0172835859506385,0.0230905183048506,0.00679925862491128,-0.0076733619907944,-0.00632400191974492,0.0223923025519538,"mixed_or_zero",TRUE,FALSE
"wb_hist_back","help",0.000682526939797961,0.00244881334089521,-0.00176628640109725,"both_observed",FALSE,"lamp_GB",-0.0173569422007249,0.00923715302063278,-0.0158387770177362,-0.0282245263585191,-7.65528479942725e-05,-0.00576530718855563,0.0230905183048506,-0.000108283932424142,-0.00165800246867311,-0.0282245263585191,0.00923715302063278,"mixed_or_zero",TRUE,FALSE
"em","help",0,0.0021945803342544,-0.0021945803342544,"B_only_edge",FALSE,"lamp_GB",-0.0103315192088219,-0.0125589625971299,-0.00834896631442679,-0.0168744297962905,-7.65528479942725e-05,0.000267549670951015,0.0230905183048506,0.0129499959189854,-0.0151445762532398,-0.0168744297962905,-0.00834896631442679,"all_negative",TRUE,FALSE
"em_m_view_305","help",0.000710982756424469,0,0.000710982756424469,"A_only_edge",FALSE,"lamp_GB",-0.00949862938736019,-0.0238977114251842,-0.00797578681481541,-0.0259588984278638,-7.65528479942725e-05,0.0112980372160502,0.0230905183048506,0.0248133732855463,-0.0241023905291219,-0.0259588984278638,-0.00797578681481541,"all_negative",TRUE,FALSE
"wb","help",0.000867168275125202,0.00469821988899548,-0.00383105161387028,"both_observed",FALSE,"lamp_GB",-0.0320274017593942,-0.00119298638759212,-0.0308059403043137,-0.0391053720025359,-7.65528479942725e-05,-0.0045245012277671,0.0230905183048506,-0.013537937530305,0.00970688591643472,-0.0391053720025359,-0.00119298638759212,"all_negative",TRUE,FALSE
"keypress","help",0,0.00328636666288082,-0.00328636666288082,"B_only_edge",FALSE,"lamp_GB",-0.0150371286866508,0.0175335788388121,-0.00819079594923521,-0.0241432861143502,-7.65528479942725e-05,-0.0017012007004055,0.0230905183048506,0.00627563606980003,-0.00956200273268085,-0.0241432861143502,0.0175335788388121,"mixed_or_zero",TRUE,FALSE
"wb_pg_2","help",0,0.00242375974394982,-0.00242375974394982,"B_only_edge",FALSE,"lamp_GB",-0.034485789574457,-0.00692398125156594,-0.0338310293389897,-0.0430485895409028,-7.65528479942725e-05,-0.000738913911890562,0.0230905183048506,-0.0122107380294912,0.00978697828554143,-0.0430485895409028,-0.00692398125156594,"all_negative",FALSE,FALSE
"wb_pg_pop1","help",0,0.00556278109652674,-0.00556278109652674,"B_only_edge",FALSE,"lamp_GB",-0.0447520408812361,-0.0163080945169292,-0.0467746825289403,-0.0523390575227708,-7.65528479942725e-05,0.00452583465652866,0.0230905183048506,-0.0172122407678511,0.0116494596713243,-0.0523390575227708,-0.0163080945169292,"all_negative",FALSE,FALSE
"file","help",0,0.064673411290901,-0.064673411290901,"B_only_edge",FALSE,"lamp_GB",-0.0812541584685333,-0.00805548268672082,-0.0875948822754996,-0.0903787203737976,-7.65528479942725e-05,-0.00204033352594517,0.0230905183048506,-0.0602805265376221,-0.00439288475327887,-0.0903787203737976,-0.00805548268672082,"all_negative",FALSE,FALSE
"edit","help",0,0.0145287790438849,-0.0145287790438849,"B_only_edge",FALSE,"lamp_GB",-0.0324912069903369,0.00154264087146813,-0.0323963823316033,-0.0390506391699473,-7.65528479942725e-05,-0.000136474623193661,0.0230905183048506,-0.00961371615667418,-0.00491506288721072,-0.0390506391699473,0.00154264087146813,"mixed_or_zero",FALSE,FALSE
"message","help",0.136560118260604,0.0213625884567878,0.115197529803816,"both_observed",FALSE,"lamp_GB",0.119550196182327,0.113139178725872,0.119379013274766,0.0985061790883618,-7.65528479942725e-05,-0.0183002770501274,0.0230905183048506,0.124263884589056,-0.00906635478523994,0.0985061790883618,0.119550196182327,"all_positive",FALSE,FALSE
"wb_pg_0","help",0.0172859630614241,0.0178079789177385,-0.000522015856314399,"both_observed",FALSE,"lamp_GB",-0.0196057107909213,0.0107290373339333,-0.020679805295073,-0.0263175704571367,-7.65528479942725e-05,-0.00128817381747231,0.0230905183048506,0.0021200808484627,-0.00264209670477709,-0.0263175704571367,0.0107290373339333,"mixed_or_zero",FALSE,FALSE
"wb_sch","help",0.71013729565076,0,0.71013729565076,"A_only_edge",FALSE,"lamp_GB",0.70944655016644,0.679090167566009,0.730566333830255,0.703775896188843,-7.65528479942725e-05,-0.0757559851174169,0.0230905183048506,0.656704530505879,0.0534327651448807,0.679090167566009,0.730566333830255,"all_positive",FALSE,FALSE
"wb_pg_8","wb_pg_0",0.0016224851262025,0.00380703667145445,-0.00218455154525195,"both_observed",FALSE,"lamp_GB",0.00389410068431735,0.00373177186040428,0.00322123013266937,0.002619677214104,-7.65528479942725e-05,-0.0172835859506385,0.00102810979156824,-0.0124379283227472,0.0102533767774952,0.002619677214104,0.00389410068431735,"all_positive",TRUE,FALSE
"wb_pg_8_3","wb_pg_0",0,0.000652677766941102,-0.000652677766941102,"B_only_edge",FALSE,"lamp_GB",0.00420853998278897,0.0022027091258091,0.00480194620838911,0.00313000201326134,-7.65528479942725e-05,-0.0238280074872812,0.00102810979156824,-0.0186679105609183,0.0180152327939772,0.0022027091258091,0.00480194620838911,"all_positive",TRUE,FALSE
"wb_pg_pop2","wb_pg_0",0.00563568488602545,0.00723251864546581,-0.00159683375944036,"both_observed",FALSE,"lamp_GB",0.00713111250024225,0.00321743495975039,0.00746975788686959,0.00493358489721477,-7.65528479942725e-05,-0.00211656165790058,0.00102810979156824,0.00596610778591563,-0.00756294154535599,0.00321743495975039,0.00746975788686959,"all_positive",FALSE,FALSE
"wb_hist_back","wb_pg_0",0.00448146014105918,0.00650400894875674,-0.00202254880769756,"both_observed",FALSE,"lamp_GB",0.0055511233618821,0.00978806200276532,0.00591380853200776,0.00459461408005636,-7.65528479942725e-05,-0.00576530718855563,0.00102810979156824,0.000737373116900433,-0.00275992192459799,0.00459461408005636,0.00978806200276532,"all_positive",TRUE,FALSE
"wb","wb_pg_0",0.0158029566806806,0.0276723062008095,-0.0118693495201289,"both_observed",FALSE,"lamp_GB",0.00385922526783169,0.00901699407348923,0.00472165395211579,0.00302488458226228,-7.65528479942725e-05,-0.0045245012277671,0.00102810979156824,0.000286280983638546,-0.0121556305037674,0.00302488458226228,0.00901699407348923,"all_positive",TRUE,FALSE
"keypress","wb_pg_0",0.00181116862196884,0.00413325583020127,-0.00232208720823243,"both_observed",FALSE,"lamp_GB",0.00313403261862003,0.00748801245645575,0.00495413032491655,0.00109807430333648,-7.65528479942725e-05,-0.0017012007004055,0.00102810979156824,0.00238438886178849,-0.00470647607002092,0.00109807430333648,0.00748801245645575,"all_positive",TRUE,FALSE
"wb_pg_2","wb_pg_0",0.0113025296254558,0.00892753592499853,0.00237499370045727,"both_observed",FALSE,"lamp_GB",0.00153919693823494,0.00472780984050056,0.00164033496826195,0.000682022263548035,-7.65528479942725e-05,-0.000738913911890562,0.00102810979156824,0.00175183996991834,0.000623153730538927,0.000682022263548035,0.00472780984050056,"all_positive",FALSE,FALSE
"wb_pg_pop1","wb_pg_0",0.0172998643232613,0.0141346366198822,0.0031652277033791,"both_observed",FALSE,"lamp_GB",0.00199134581273385,0.00595059111138791,0.00183179734495705,0.00163974234575605,-7.65528479942725e-05,0.00452583465652866,0.00102810979156824,0.00746873741283647,-0.00430350970945737,0.00163974234575605,0.00595059111138791,"all_positive",FALSE,FALSE
"wb_pg_2_3","wb_pg_0",0,0.00266273162090316,-0.00266273162090316,"B_only_edge",FALSE,"lamp_GB",-0.000445217656819178,0.00128216729417642,-0.000140903659203987,-0.00205357379966011,-7.65528479942725e-05,-0.000540585550464934,0.00102810979156824,-3.42462637101478e-05,-0.00262848535719301,-0.00205357379966011,0.00128216729417642,"mixed_or_zero",FALSE,FALSE
"url_ok","wb_pg_0",0.250042143011372,0.115539260427637,0.134502882583735,"both_observed",FALSE,"lamp_GB",0.0600681299720923,0.0522387501050113,0.0624784198614756,0.0649671783580979,-7.65528479942725e-05,0.0729792615887111,0.00102810979156824,0.133998948504377,0.000503934079357615,0.0522387501050113,0.0649671783580979,"all_positive",FALSE,FALSE
"wb_pg_7","wb_pg_0",0.0222022374016265,0,0.0222022374016265,"A_only_edge",FALSE,"lamp_GB",0.0078623120059982,0.00563829901438227,0.00856119483115424,0.00691150012967661,-7.65528479942725e-05,-0.0164314907616797,0.00102810979156824,-0.00761762181210749,0.029819859213734,0.00563829901438227,0.00856119483115424,"all_positive",FALSE,FALSE
"help","wb_pg_0",0,0.0875927231829551,-0.0875927231829551,"B_only_edge",FALSE,"lamp_GB",-0.031628606686497,-0.0355758225258501,-0.0312167714421298,-0.0343182293215388,-7.65528479942725e-05,-0.0251551319769124,0.00102810979156824,-0.0558321817198354,-0.0317605414631197,-0.0355758225258501,-0.0312167714421298,"all_negative",FALSE,FALSE
"wb_book_a","wb_pg_0",0.209333921795224,0.227973747454061,-0.018639825658837,"both_observed",FALSE,"lamp_GB",-0.000929547381233533,0.00168389029640428,-0.00203174664690645,-0.00248214553205542,-7.65528479942725e-05,-0.0270168030505103,0.00102810979156824,-0.0269947934881699,0.00835496782933288,-0.00248214553205542,0.00168389029640428,"mixed_or_zero",FALSE,FALSE
"wb_hist_back","wb_pg_1",0.00344300239406517,0.00784713099092467,-0.0044041285968595,"both_observed",FALSE,"lamp_GB",-0.00307301261064379,-0.00120019490139601,-0.000541807753764777,0.00100929638620506,-7.65528479942725e-05,-0.00576530718855563,0.00559597943688022,-0.00331889321031347,-0.00108523538654603,-0.00307301261064379,0.00100929638620506,"mixed_or_zero",TRUE,FALSE
"wb","wb_pg_1",0,0.00584677306614469,-0.00584677306614469,"B_only_edge",FALSE,"lamp_GB",-0.00360310614673117,-0.000749571113276235,-0.000499611644378208,4.06066531355657e-05,-7.65528479942725e-05,-0.0045245012277671,0.00559597943688022,-0.00260818078561233,-0.00323859228053236,-0.00360310614673117,4.06066531355657e-05,"mixed_or_zero",TRUE,FALSE
"file","wb_pg_1",0,0.0076057051311842,-0.0076057051311842,"B_only_edge",FALSE,"lamp_GB",-0.00548597754468853,-8.72789442475395e-05,-1.23565870700742e-05,-0.00382986409922214,-7.65528479942725e-05,-0.00204033352594517,0.00559597943688022,-0.00200688448174774,-0.00559882064943646,-0.00548597754468853,-1.23565870700742e-05,"all_negative",FALSE,FALSE
"wb_pg_0","wb_pg_1",0.0137814802078964,0,0.0137814802078964,"A_only_edge",FALSE,"lamp_GB",-7.40486788017273e-05,0.00122405185067831,0.00220712571967995,0.00342109795548581,-7.65528479942725e-05,-0.00128817381747231,0.00559597943688022,0.00415720409261192,0.00962427611528448,-7.40486788017273e-05,0.00342109795548581,"mixed_or_zero",FALSE,FALSE
"wb_pg_pop1","wb_pg_1_1",0.00306766627433831,0.00542323626256885,-0.00235556998823054,"both_observed",FALSE,"lamp_GB",-0.0130379722777789,-0.00499033094425333,-0.0136406524873867,-0.014137320857088,-7.65528479942725e-05,0.00452583465652866,-0.00939369967481146,-0.0179823901440559,0.0156268201558254,-0.014137320857088,-0.00499033094425333,"all_negative",FALSE,FALSE
"wb_pg_1","wb_pg_1_1",0,0.152317954182751,-0.152317954182751,"B_only_edge",FALSE,"lamp_GB",-0.119726087563971,-0.0630286852890444,-0.128351940875472,-0.114035500494539,-7.65528479942725e-05,-0.00580794752048242,-0.00939369967481146,-0.135004287607259,-0.0173136665754916,-0.128351940875472,-0.0630286852890444,"all_negative",FALSE,FALSE
"wb_pg_8_4_reason_4","wb_pg_8_4_request_2",0.0042594102516749,0.0330536298933888,-0.0287942196417139,"both_observed",FALSE,"lamp_GB",-0.00717814523353115,-0.00437744283661244,-0.00379025291941715,-0.00636879333643019,-7.65528479942725e-05,-0.00771161881102867,-0.00877089465307727,-0.0237372115456314,-0.00505700809608254,-0.00717814523353115,-0.00379025291941715,"all_negative",TRUE,FALSE
"keypress","wb_pg_8_4_request_2",0,0.00164238589997264,-0.00164238589997264,"B_only_edge",FALSE,"lamp_GB",0.00385999534243953,0.00509924442371171,0.000676692162715791,0.0028357307207874,-7.65528479942725e-05,-0.0017012007004055,-0.00877089465307727,-0.00668865285903752,0.00504626695906488,0.000676692162715791,0.00509924442371171,"all_positive",TRUE,FALSE
"wb_hist_back","wb_pg_4",0.00275688612824685,0.00887809962940616,-0.00612121350115931,"both_observed",FALSE,"lamp_GB",-0.000445397428215935,0.000602879696150549,7.92439416705661e-05,0.00100059890361283,-7.65528479942725e-05,-0.00576530718855563,0.000877854179247517,-0.00540940328551832,-0.000711810215640987,-0.000445397428215935,0.00100059890361283,"mixed_or_zero",TRUE,FALSE
"wb","wb_pg_4",0,0.00234146990248485,-0.00234146990248485,"B_only_edge",FALSE,"lamp_GB",4.38807428031272e-06,1.3631111295502e-05,-4.01757197957711e-05,0.00138869331226821,-7.65528479942725e-05,-0.0045245012277671,0.000877854179247517,-0.00371881182223355,0.0013773419197487,-4.01757197957711e-05,0.00138869331226821,"mixed_or_zero",TRUE,FALSE
"em","em_new",0.00274990929332614,0.0146025812972648,-0.0118526720039387,"both_observed",FALSE,"lamp_GB",-0.00972054090179535,-0.00600898533291693,-0.0105007346763851,-0.00711770299929372,-7.65528479942725e-05,0.000267549670951015,-0.0209074584177497,-0.0304370024965883,0.0185843304926497,-0.0105007346763851,-0.00600898533291693,"all_negative",TRUE,FALSE
"em_m_view_305","em_new",0,0.00967115698501666,-0.00967115698501666,"B_only_edge",FALSE,"lamp_GB",0.0469368511089307,0.0359589625440957,0.0486892571026774,0.0467380283178425,-7.65528479942725e-05,0.0112980372160502,-0.0209074584177497,0.0372508770592369,-0.0469220340442535,0.0359589625440957,0.0486892571026774,"all_positive",TRUE,FALSE
"keypress","em_new",0,0.00412812690322789,-0.00412812690322789,"B_only_edge",FALSE,"lamp_GB",-0.00663631231541965,-0.00972694899243232,-0.00960166576592874,-0.00186730072001223,-7.65528479942725e-05,-0.0017012007004055,-0.0209074584177497,-0.0293215242815692,0.0251933973783413,-0.00972694899243232,-0.00186730072001223,"all_negative",TRUE,FALSE
"em_f_view","em_new",0,0.0210693589354966,-0.0210693589354966,"B_only_edge",FALSE,"lamp_GB",-0.00691941979115017,-0.00300406996445917,-0.00716732731142914,-0.0041762696445683,-7.65528479942725e-05,5.08773323784224e-05,-0.0209074584177497,-0.0278525537245158,0.00678319478901916,-0.00716732731142914,-0.00300406996445917,"all_negative",TRUE,FALSE
"file","em_new",0,0.0530874404849735,-0.0530874404849735,"B_only_edge",FALSE,"lamp_GB",0.00308054570344164,0.00145512781337265,0.00292542629439441,0.00606378745555774,-7.65528479942725e-05,-0.00204033352594517,-0.0209074584177497,-0.0199437990882475,-0.033143641396726,0.00145512781337265,0.00606378745555774,"all_positive",FALSE,FALSE
"message","em_new",0.26770708708673,0.183921338353768,0.083785748732962,"both_observed",FALSE,"lamp_GB",0.0853764051119856,0.0521098029757416,0.0875965640863969,0.0813536233699739,-7.65528479942725e-05,-0.0183002770501274,-0.0209074584177497,0.0460921167961142,0.0376936319368479,0.0521098029757416,0.0875965640863969,"all_positive",FALSE,FALSE
"em_sch_ok","em_new",0.0360612810274263,0,0.0360612810274263,"A_only_edge",FALSE,"lamp_GB",-0.0306589475632929,0.0557730813184831,-0.033325888004756,-0.0403403814577479,-7.65528479942725e-05,0.100563514854169,-0.0209074584177497,0.0489205560251323,-0.012859274997706,-0.0403403814577479,0.0557730813184831,"mixed_or_zero",FALSE,FALSE
"keypress","em_send",0.000560380613038246,0.0495617984776247,-0.0490014178645865,"both_observed",FALSE,"lamp_GB",0.00133923831878993,-8.45518496120877e-05,0.000658373804386229,-0.000849534064549388,-7.65528479942725e-05,-0.0017012007004055,-0.0461380850972999,-0.0465766003269097,-0.00242481753767673,-0.000849534064549388,0.00133923831878993,"mixed_or_zero",TRUE,FALSE
"em_for","em_send",0,0.0475471544074366,-0.0475471544074366,"B_only_edge",FALSE,"lamp_GB",-0.0310748150402567,-0.0140471364783563,-0.0317817367507089,-0.0515459988943201,-7.65528479942725e-05,0.0304142355331163,-0.0461380850972999,-0.0468752174524346,-0.00067193695500202,-0.0515459988943201,-0.0140471364783563,"all_negative",FALSE,FALSE
"em_re","em_send",0,0.0385464868140169,-0.0385464868140169,"B_only_edge",FALSE,"lamp_GB",-0.00993447950014029,-0.00555675036098532,-0.010420056661846,-0.0209367199441804,-7.65528479942725e-05,0.0164961689112805,-0.0461380850972999,-0.0396529485341539,0.00110646172013703,-0.0209367199441804,-0.00555675036098532,"all_negative",FALSE,FALSE
"wb","wb_pg_1_2",0,0.000859918927094673,-0.000859918927094673,"B_only_edge",FALSE,"lamp_GB",-0.00129602661854854,0.00284558956966054,-0.00744405412303632,-0.000623223168956092,-7.65528479942725e-05,-0.0045245012277671,0.000776136469041011,-0.0051209442252689,0.00426102529817423,-0.00744405412303632,0.00284558956966054,"mixed_or_zero",TRUE,FALSE
"wb_pg_pop1","wb_pg_1_2",0.00594776666629916,0.00528364809569896,0.0006641185706002,"both_observed",FALSE,"lamp_GB",-0.00309284694429738,0.00124117957202146,-0.00760203579301932,-0.00116484121534014,-7.65528479942725e-05,0.00452583465652866,0.000776136469041011,0.00213257133327802,-0.00146845276267782,-0.00760203579301932,0.00124117957202146,"mixed_or_zero",FALSE,FALSE
"wb_pg_1","wb_pg_1_2",0.103402345847622,0.133798305009547,-0.030395959161925,"both_observed",FALSE,"lamp_GB",-0.0214930679637377,0.0289448999708672,-0.0377103191093291,-0.0154856171646106,-7.65528479942725e-05,-0.00580794752048242,0.000776136469041011,-0.0266014318631734,-0.00379452729875163,-0.0377103191093291,0.0289448999708672,"mixed_or_zero",FALSE,FALSE
"wb_pg_pop1","wb_pg_1_3",0.00593228272357548,0.00682544182810097,-0.000893159104525491,"both_observed",FALSE,"lamp_GB",0.00596526081958259,0.00129904093986167,0.00393820676447617,0.00402094053403655,-7.65528479942725e-05,0.00452583465652866,-0.006436585601961,0.00397795702615598,-0.00487111613068147,0.00129904093986167,0.00596526081958259,"all_positive",FALSE,FALSE
"wb_pg_1","wb_pg_1_3",0.0680567494985454,0.0297219939036114,0.038334755594934,"both_observed",FALSE,"lamp_GB",0.0449150145319787,0.088376762357395,0.0346904929001946,0.0450626866877477,-7.65528479942725e-05,-0.00580794752048242,-0.006436585601961,0.032593928561541,0.00574082703339303,0.0346904929001946,0.088376762357395,"all_positive",FALSE,FALSE
"wb","wb_book_a",0.00124896088997143,0.0040225172728983,-0.00277355638292687,"both_observed",FALSE,"lamp_GB",0.0107918780285988,0.00139875864002411,0.00980459727801671,0.0115249127877214,-7.65528479942725e-05,-0.0045245012277671,-0.0188133199671097,-0.0126224960142723,0.00984893963134541,0.00139875864002411,0.0115249127877214,"all_positive",TRUE,FALSE
"wb_pg_2","wb_book_a",0,0.0026440733174559,-0.0026440733174559,"B_only_edge",FALSE,"lamp_GB",0.0100280362226288,0.00331334686999384,0.00815610387401767,0.0104412663639908,-7.65528479942725e-05,-0.000738913911890562,-0.0188133199671097,-0.00960075050436576,0.00695667718690986,0.00331334686999384,0.0104412663639908,"all_positive",FALSE,FALSE
"wb_pg_pop1","wb_book_a",0,0.00613170802300635,-0.00613170802300635,"B_only_edge",FALSE,"lamp_GB",0.0133929767053763,0.0061111969027968,0.0111068416473034,0.0136200981336406,-7.65528479942725e-05,0.00452583465652866,-0.0188133199671097,-0.000971061453198984,-0.00516064656980737,0.0061111969027968,0.0136200981336406,"all_positive",FALSE,FALSE
"url_ok","wb_book_a",0.0929093594512169,0.0484045738633201,0.0445047855878968,"both_observed",FALSE,"lamp_GB",-0.00746305638366346,-0.0311015049338438,-0.00671363718216686,0.00204396328023626,-7.65528479942725e-05,0.0729792615887111,-0.0188133199671097,0.0466263323899437,-0.00212154680204688,-0.0311015049338438,0.00204396328023626,"mixed_or_zero",FALSE,FALSE
"wb_hist_for","wb_book_a",0,0.0264609842269598,-0.0264609842269598,"B_only_edge",FALSE,"lamp_GB",-0.0191405307806573,-0.0447792561497845,-0.0181187377186662,-0.021775290093899,-7.65528479942725e-05,-0.0089091613602952,-0.0188133199671097,-0.0469395649560565,0.0204785807290967,-0.0447792561497845,-0.0181187377186662,"all_negative",FALSE,FALSE
"edit","wb_book_a",0.00451178094336907,0,0.00451178094336907,"A_only_edge",FALSE,"lamp_GB",0.00459016466877547,-0.00037972133158616,0.00359374818920228,0.00443621109883504,-7.65528479942725e-05,-0.000136474623193661,-0.0188133199671097,-0.0144361827695222,0.0189479637128912,-0.00037972133158616,0.00459016466877547,"mixed_or_zero",FALSE,FALSE
"help","wb_book_a",0,0.0610961761428203,-0.0610961761428203,"B_only_edge",FALSE,"lamp_GB",0.0113916070956812,-0.0246204471641613,0.00929759203732572,0.0112388377176819,-7.65528479942725e-05,-0.0251551319769124,-0.0188133199671097,-0.0326533976963352,-0.0284427784464851,-0.0246204471641613,0.0113916070956812,"mixed_or_zero",FALSE,FALSE
"wb_pg_0","wb_book_a",0.0521352106654962,0.0825744666771253,-0.0304392560116291,"both_observed",FALSE,"lamp_GB",0.00590772498296323,-0.00353560352375894,0.00445207104854303,0.00562646245625184,-7.65528479942725e-05,-0.00128817381747231,-0.0188133199671097,-0.014270321649613,-0.0161689343620161,-0.00353560352375894,0.00590772498296323,"mixed_or_zero",FALSE,FALSE
"splitvertical","wb_book_a",0.0201230721730651,0,0.0201230721730651,"A_only_edge",FALSE,"lamp_GB",0.00770301064807957,0.0118662920649889,0.00316071205365561,0.00901710574605019,-7.65528479942725e-05,0.0161890447686784,-0.0188133199671097,0.00500218260165401,0.0151208895714111,0.00316071205365561,0.0118662920649889,"all_positive",FALSE,FALSE
"wb_sch","wb_book_a",0,0.258272618415415,-0.258272618415415,"B_only_edge",FALSE,"lamp_GB",-0.141380349999888,-0.212074691855568,-0.120535963141892,-0.135778770989661,-7.65528479942725e-05,-0.0757559851174169,-0.0188133199671097,-0.236026207932409,-0.022246410483006,-0.212074691855568,-0.120535963141892,"all_negative",FALSE,FALSE
"wb_pg_0","wb_book_a_c",0,0.00782161981455963,-0.00782161981455963,"B_only_edge",FALSE,"lamp_GB",0.00606711465433351,0.0100854945872186,0.00787873230573894,0.00341503674233256,-7.65528479942725e-05,-0.00128817381747231,-0.0376516044421318,-0.0329492164532649,0.0251275966387052,0.00341503674233256,0.0100854945872186,"all_positive",FALSE,FALSE
"wb_book_a","wb_book_a_c",0.543756702462729,0.691118951630146,-0.147362249167417,"both_observed",FALSE,"lamp_GB",-0.0530861032522598,-0.047838878052202,-0.0490143729264646,-0.0557712760116956,-7.65528479942725e-05,-0.0270168030505103,-0.0376516044421318,-0.117831063592896,-0.0295311855745209,-0.0557712760116956,-0.047838878052202,"all_negative",FALSE,FALSE
"wb_hist_back","wb_pg_5",0.00406399012644556,0.011262096876326,-0.00719810674988044,"both_observed",FALSE,"lamp_GB",0.00381445079339712,-0.00205634734542438,0.00224672848286285,0.00272639644341253,-7.65528479942725e-05,-0.00576530718855563,-0.00210594717510005,-0.00413335641825283,-0.00306475033162761,-0.00205634734542438,0.00381445079339712,"mixed_or_zero",TRUE,FALSE
"wb","wb_pg_5",0,0.00109552477268444,-0.00109552477268444,"B_only_edge",FALSE,"lamp_GB",0.00329251114824539,-0.00163745506650561,0.00226810842158454,0.00203639276405711,-7.65528479942725e-05,-0.0045245012277671,-0.00210594717510005,-0.00341449010261604,0.0023189653299316,-0.00163745506650561,0.00329251114824539,"mixed_or_zero",TRUE,FALSE
"keypress","wb_pg_5",0.000203582868710903,0,0.000203582868710903,"A_only_edge",FALSE,"lamp_GB",0.00285079042111041,-0.00229462580215377,0.00235331457079946,0.00175368365836906,-7.65528479942725e-05,-0.0017012007004055,-0.00210594717510005,-0.00103291030238942,0.00123649317110032,-0.00229462580215377,0.00285079042111041,"mixed_or_zero",TRUE,FALSE
"wb_pg_5","wb_pg_5_1",0,0.336166965659516,-0.336166965659516,"B_only_edge",FALSE,"lamp_GB",-0.27092274058672,-0.245328050994102,-0.276892277537682,-0.2555367342315,-7.65528479942725e-05,0.0970228109845527,-0.149657833851469,-0.32363431630163,-0.0125326493578856,-0.276892277537682,-0.245328050994102,"all_negative",FALSE,FALSE
"wb_pg_pop1","wb_pg_5_2",0,0.00428260290448017,-0.00428260290448017,"B_only_edge",FALSE,"lamp_GB",-0.00461047070329993,0.000216539083469034,-0.00700166975049119,-0.0107716624179688,-7.65528479942725e-05,0.00452583465652866,-0.0135543530481812,-0.0137155419429468,0.00943293903846661,-0.0107716624179688,0.000216539083469034,"mixed_or_zero",FALSE,FALSE
"wb_pg_5","wb_pg_5_2",0,0.101508605096078,-0.101508605096078,"B_only_edge",FALSE,"lamp_GB",-0.174788822623068,-0.110107556137371,-0.181197975210475,-0.152920657948198,-7.65528479942725e-05,0.0970228109845527,-0.0135543530481812,-0.0913969175346905,-0.0101116875613875,-0.181197975210475,-0.110107556137371,"all_negative",FALSE,FALSE
"wb_pg_8_4","wb_pg_8_4_reason_1",0.00227230353770541,0.00763141964900943,-0.00535911611130402,"both_observed",FALSE,"lamp_GB",-0.00825354974978117,0.00190085081929944,-0.000227654877972924,-1.69085232044038e-05,-7.65528479942725e-05,-0.0119641726821207,0.0132181337192734,-0.00707614156062274,0.00171702544931872,-0.00825354974978117,0.00190085081929944,"mixed_or_zero",TRUE,FALSE
"wb_pg_8_4","wb_pg_8_4_reason_6",0.00621801296864281,0.0661170753655426,-0.0598990623968998,"both_observed",FALSE,"lamp_GB",-0.0152119238727815,-0.00721680258082485,-0.00676458912282637,-0.0140031877827066,-7.65528479942725e-05,-0.0119641726821207,-0.0116564170068113,-0.0389090664097077,-0.0209899959871921,-0.0152119238727815,-0.00676458912282637,"all_negative",TRUE,FALSE
"wb_pg_8_4_reason_4","wb_pg_8_4_reason_6",0,0.0177937987033496,-0.0177937987033496,"B_only_edge",FALSE,"lamp_GB",-0.00183775861291032,-0.00163430915614133,0.00521675972069889,-0.00288532144122832,-7.65528479942725e-05,-0.00771161881102867,-0.0116564170068113,-0.0212823472787445,0.00348854857539493,-0.00288532144122832,0.00521675972069889,"mixed_or_zero",TRUE,FALSE
"wb_pg_8_4_request_1","wb_pg_8_4_reason_6",0.00125925142450118,0.0165305872079123,-0.0152713357834111,"both_observed",FALSE,"lamp_GB",-0.000367509660586301,0.000791717468600042,0.00552550527579493,-6.21585900365043e-05,-7.65528479942725e-05,-0.013722420227463,-0.0116564170068113,-0.0258228997428548,0.0105515639594437,-0.000367509660586301,0.00552550527579493,"mixed_or_zero",TRUE,FALSE
"keypress","wb_pg_8_4_reason_6",0.00172221276892754,0.00548930320243231,-0.00376709043350477,"both_observed",FALSE,"lamp_GB",0.0019509852879554,0.00481093218426314,0.00340432542955706,0.00413028646433438,-7.65528479942725e-05,-0.0017012007004055,-0.0116564170068113,-0.0114831852672556,0.00771609483375087,0.0019509852879554,0.00481093218426314,"all_positive",TRUE,FALSE
"wb_hist_back","wb_pg_6",0,0.0110625832120858,-0.0110625832120858,"B_only_edge",FALSE,"lamp_GB",0.000780730085502468,-0.00740491276430721,0.00830663711267796,-0.00173477553912967,-7.65528479942725e-05,-0.00576530718855563,-0.00405458759622832,-0.00911571754727575,-0.00194686566481005,-0.00740491276430721,0.00830663711267796,"mixed_or_zero",TRUE,FALSE
"wb","wb_pg_6",0,0.000634128999402665,-0.000634128999402665,"B_only_edge",FALSE,"lamp_GB",0.000179247543168802,-0.00478301297423496,0.00977855543735943,9.96807539441525e-05,-7.65528479942725e-05,-0.0045245012277671,-0.00405458759622832,-0.00847639412882089,0.00784226512941823,-0.00478301297423496,0.00977855543735943,"mixed_or_zero",TRUE,FALSE
"wb_pg_0","wb_pg_6",0,0.0127394643224755,-0.0127394643224755,"B_only_edge",FALSE,"lamp_GB",-0.00149589933095918,-0.00658397783112417,0.00527888058806932,-0.00292953492268738,-7.65528479942725e-05,-0.00128817381747231,-0.00405458759622832,-0.00691521359265407,-0.00582425072982143,-0.00658397783112417,0.00527888058806932,"mixed_or_zero",FALSE,FALSE
"wb_pg_pop1","wb_pg_6_3",0,0.00304460237958873,-0.00304460237958873,"B_only_edge",FALSE,"lamp_GB",-0.000639829491832135,0.00245385245297367,0.00333817649713219,-0.0036622808879722,-7.65528479942725e-05,0.00452583465652866,-0.00877485523388499,-0.00496540291718274,0.00192080053759401,-0.0036622808879722,0.00333817649713219,"mixed_or_zero",FALSE,FALSE
"wb_pg_pop1","wb_pg_6_2",0,0.00248582839435849,-0.00248582839435849,"B_only_edge",FALSE,"lamp_GB",0.00119509195163423,0.000820560530125647,0.00302502032250414,-0.00737885646709745,-7.65528479942725e-05,0.00452583465652866,-0.00732378757196887,-0.00167941381180025,-0.000806414582558238,-0.00737885646709745,0.00302502032250414,"mixed_or_zero",FALSE,FALSE
"wb_pg_pop1","wb_pg_6_4",0,0.00359551884594936,-0.00359551884594936,"B_only_edge",FALSE,"lamp_GB",-9.59561196561287e-05,-0.000883250438298871,-0.00338432073970648,-0.00177720921317923,-7.65528479942725e-05,0.00452583465652866,-0.00650600795734489,-0.00215268226846663,-0.00144283657748273,-0.00338432073970648,-9.59561196561287e-05,"all_negative",FALSE,FALSE
"wb_pg_pop1","wb_pg_6_5",0,0.00222817741272277,-0.00222817741272277,"B_only_edge",FALSE,"lamp_GB",-0.00246525339984481,0.00171418184732168,0.00123943834339874,-0.00161638105903955,-7.65528479942725e-05,0.00452583465652866,-0.00371181511854976,-0.00172778670986018,-0.000500390702862586,-0.00246525339984481,0.00171418184732168,"mixed_or_zero",FALSE,FALSE
"wb_hist_back","wb_pg_3",0,0.00572436206573404,-0.00572436206573404,"B_only_edge",FALSE,"lamp_GB",0.00155461862595658,0.0031275561681073,-0.00148579943846629,0.000332738385677706,-7.65528479942725e-05,-0.00576530718855563,-0.00114292663911984,-0.00543016804971316,-0.000294194016020882,-0.00148579943846629,0.0031275561681073,"mixed_or_zero",TRUE,FALSE
"keypress","copy",0,0.00196809021153026,-0.00196809021153026,"B_only_edge",FALSE,"lamp_GB",0.000410731383926702,-0.00188654157098412,-0.000547587912274702,-0.00281373117913216,-7.65528479942725e-05,-0.0017012007004055,0.00468889821816468,0.0033218760536916,-0.00528996626522186,-0.00281373117913216,0.000410731383926702,"mixed_or_zero",TRUE,FALSE
"file","copy",0.0942277552487891,0.089808255537731,0.00441949971105809,"both_observed",FALSE,"lamp_GB",-0.000514283565875479,0.00032452610157458,0.000212549685877255,-0.00231559696117654,-7.65528479942725e-05,-0.00204033352594517,0.00468889821816468,0.00205772827834976,0.00236177143270834,-0.00231559696117654,0.00032452610157458,"mixed_or_zero",FALSE,FALSE
"edit","copy",0.397734667225468,0.388490982038547,0.00924368518692104,"both_observed",FALSE,"lamp_GB",0.000880718996879158,0.00147550579614664,0.00219991898643578,-0.00193836542180476,-7.65528479942725e-05,-0.000136474623193661,0.00468889821816468,0.0053565897438559,0.00388709544306514,-0.00193836542180476,0.00219991898643578,"mixed_or_zero",FALSE,FALSE
"keypress","paste",0.0101928720445199,0.0454490056576481,-0.0352561336131282,"both_observed",FALSE,"lamp_GB",-0.00308532283281867,-0.00988787005319522,-0.00618555520762346,-0.00521205703331483,-7.65528479942725e-05,-0.0017012007004055,-0.0113733143872236,-0.016236390768442,-0.0190197428446862,-0.00988787005319522,-0.00308532283281867,"all_negative",TRUE,FALSE
"edit","paste",0.0433602565165254,0.0340738878303135,0.0092863686862119,"both_observed",FALSE,"lamp_GB",0.00539011755216023,0.0047251288298643,0.00632257829332857,0.0030997489111699,-7.65528479942725e-05,-0.000136474623193661,-0.0113733143872236,-0.00619622430625128,0.0154825929924632,0.0030997489111699,0.00632257829332857,"all_positive",FALSE,FALSE
"wb_book_a","wb_book_a_ok",0.208856751886662,0,0.208856751886662,"A_only_edge",FALSE,"lamp_GB",0.040008485936257,0.0379071104581456,0.0351886700133363,0.0384661928203034,-7.65528479942725e-05,-0.0270168030505103,0.180635634105542,0.193550764143294,0.0153059877433678,0.0351886700133363,0.040008485936257,"all_positive",FALSE,FALSE
"em","wb_pg_4_1",0,0.00043418681337703,-0.00043418681337703,"B_only_edge",FALSE,"lamp_GB",0.000988380192015205,0.000679771947967961,-1.95020471734516e-05,0.0016825003953221,-7.65528479942725e-05,0.000267549670951015,-0.00736523848922515,-0.00618586147425321,0.00575167466087618,-1.95020471734516e-05,0.0016825003953221,"mixed_or_zero",TRUE,FALSE
"wb_pg_pop1","wb_pg_4_1",0,0.00755302055765396,-0.00755302055765396,"B_only_edge",FALSE,"lamp_GB",-0.00155419785889053,-0.000579746992782725,-0.00351069988518427,-0.00102865886879032,-7.65528479942725e-05,0.00452583465652866,-0.00736523848922515,-0.0044701545395813,-0.00308286601807266,-0.00351069988518427,-0.000579746992782725,"all_negative",FALSE,FALSE
"wb_pg_4","wb_pg_4_1",0.146787324554879,0.13806216854577,0.008725156009109,"both_observed",FALSE,"lamp_GB",-0.0244744552379967,0.0118827337766437,-0.0353572793720973,-0.0140851264700628,-7.65528479942725e-05,0.0401843153634442,-0.00736523848922515,0.00826806878822806,0.000457087220880944,-0.0353572793720973,0.0118827337766437,"mixed_or_zero",FALSE,FALSE
"wb_pg_pop1","wb_pg_4_2",0.00400183906276584,0.00625277139662286,-0.00225093233385702,"both_observed",FALSE,"lamp_GB",-0.0203015743779051,0.00531807327402197,-0.0170965964762378,-0.0231196886277472,-7.65528479942725e-05,0.00452583465652866,-0.00300322029716073,-0.0188555128665314,0.0166045805326744,-0.0231196886277472,0.00531807327402197,"mixed_or_zero",FALSE,FALSE
"wb_pg_4","wb_pg_4_2",0,0.278515516802,-0.278515516802,"B_only_edge",FALSE,"lamp_GB",-0.299187536021847,-0.245560591293494,-0.312039549135274,-0.296050558111293,-7.65528479942725e-05,0.0401843153634442,-0.00300322029716073,-0.262082993803558,-0.0164325229984418,-0.312039549135274,-0.245560591293494,"all_negative",FALSE,FALSE
"wb_pg_pop1","wb_pg_4_3",0,0.00952080130583553,-0.00952080130583553,"B_only_edge",FALSE,"lamp_GB",-0.00805457229603713,-0.00106569345565023,-0.00892995100709096,-0.0120271989984049,-7.65528479942725e-05,0.00452583465652866,-0.00975767664653226,-0.013362967134035,0.00384216582819948,-0.0120271989984049,-0.00106569345565023,"all_negative",FALSE,FALSE
"wb_pg_4","wb_pg_4_3",0,0.117032684831103,-0.117032684831103,"B_only_edge",FALSE,"lamp_GB",-0.142383734250372,-0.098766142860502,-0.149609463315838,-0.133714182256924,-7.65528479942725e-05,0.0401843153634442,-0.00975767664653226,-0.112033648381455,-0.00499903644964829,-0.149609463315838,-0.098766142860502,"all_negative",FALSE,FALSE
"keypress","em_move",0,0.000868849939289648,-0.000868849939289648,"B_only_edge",FALSE,"lamp_GB",0.00248840234298018,0.00415440217859508,0.00319835708778703,0.00138830641493003,-7.65528479942725e-05,-0.0017012007004055,0.00243031341747184,0.00314096221205224,-0.00400981215134189,0.00138830641493003,0.00415440217859508,"all_positive",TRUE,FALSE
"em_m_view_105","em_move",0.00699936792257195,0,0.00699936792257195,"A_only_edge",FALSE,"lamp_GB",0.00369118672706237,0.00634883335324883,0.00468216266793076,0.00276996088513107,-7.65528479942725e-05,-0.00529786905258469,0.00243031341747184,0.000747078243955242,0.00625228967861671,0.00276996088513107,0.00634883335324883,"all_positive",FALSE,FALSE
"em_re","em_move",0,0.00801824897081239,-0.00801824897081239,"B_only_edge",FALSE,"lamp_GB",-0.022993134301675,-0.0151528572995763,-0.0162239834225957,-0.0269279172868001,-7.65528479942725e-05,0.0164961689112805,0.00243031341747184,-0.00414320482091696,-0.00387504414989543,-0.0269279172868001,-0.0151528572995763,"all_negative",FALSE,FALSE
"em_f_view","em_move_c",0.000792780749376991,0.00196364158009671,-0.00117086083071972,"both_observed",FALSE,"lamp_GB",0.00218479976291864,-0.00138813421332155,0.000298646017531619,0.000948180844582748,-7.65528479942725e-05,5.08773323784224e-05,-0.00112996637116083,0.00102915787614196,-0.00220001870686168,-0.00138813421332155,0.00218479976291864,"mixed_or_zero",TRUE,FALSE
"em","em_for",0,0.00120908978674967,-0.00120908978674967,"B_only_edge",FALSE,"lamp_GB",-0.0117811624026414,-0.0104999653065282,-0.010864841338356,-0.0108220585015062,-7.65528479942725e-05,0.000267549670951015,0.000257640102705223,-0.0113325254769794,0.0101234356902297,-0.0117811624026414,-0.0104999653065282,"all_negative",TRUE,FALSE
"em_m_view_305","em_for",0.000713769724299038,0.00402507815237386,-0.00331130842807482,"both_observed",FALSE,"lamp_GB",0.0347802039603391,0.0225567013013341,0.0391710521318463,0.0295080517285027,-7.65528479942725e-05,0.0112980372160502,0.000257640102705223,0.0462593284311002,-0.0495706368591751,0.0225567013013341,0.0391710521318463,"all_positive",TRUE,FALSE
"keypress","em_for",0,0.00277452190642789,-0.00277452190642789,"B_only_edge",FALSE,"lamp_GB",-0.0106859293496974,-0.0047122895136934,-0.00986509958162132,-0.00799789489431047,-7.65528479942725e-05,-0.0017012007004055,0.000257640102705223,-0.012206042795392,0.0094315208889641,-0.0106859293496974,-0.0047122895136934,"all_negative",TRUE,FALSE
"em_f_view","em_for",0,0.00160411960941618,-0.00160411960941618,"B_only_edge",FALSE,"lamp_GB",-0.00356042301076776,-0.00875477144468945,-0.00212908023397158,-0.0036013137993617,-7.65528479942725e-05,5.08773323784224e-05,0.000257640102705223,-0.00332845842367839,0.00172433881426221,-0.00875477144468945,-0.00212908023397158,"all_negative",TRUE,FALSE
"message","em_for",0.137938027189629,0,0.137938027189629,"A_only_edge",FALSE,"lamp_GB",0.123516692214417,0.092093406714892,0.122921029688773,0.11075732522704,-7.65528479942725e-05,-0.0183002770501274,0.000257640102705223,0.105397502419001,0.0325405247706284,0.092093406714892,0.123516692214417,"all_positive",FALSE,FALSE
"em","em_re",0.00131580289225258,0.00654739701835508,-0.0052315941261025,"both_observed",FALSE,"lamp_GB",0.0204283399602953,0.0247779052197573,0.0223068151140323,0.0185926909553114,-7.65528479942725e-05,0.000267549670951015,-0.0186334135255791,0.00198592325767295,-0.00721751738377545,0.0185926909553114,0.0247779052197573,"all_positive",TRUE,FALSE
"em_m_view_305","em_re",0.00466163944357503,0.0869156981441698,-0.0822540587005948,"both_observed",FALSE,"lamp_GB",-0.0931011065536058,-0.101493628595572,-0.0935960575348084,-0.101158962846,-7.65528479942725e-05,0.0112980372160502,-0.0186334135255791,-0.100513035711129,0.0182589770105342,-0.101493628595572,-0.0931011065536058,"all_negative",TRUE,FALSE
"keypress","em_re",0,0.00617875649812712,-0.00617875649812712,"B_only_edge",FALSE,"lamp_GB",0.0146405626965585,0.0230877997810276,0.020604254672656,0.00965522846229055,-7.65528479942725e-05,-0.0017012007004055,-0.0186334135255791,-0.00577060437742038,-0.000408152120706736,0.00965522846229055,0.0230877997810276,"all_positive",TRUE,FALSE
"em_f_view","em_re",0.00156063908204494,0.00233005111387472,-0.00076941203182978,"both_observed",FALSE,"lamp_GB",0.0113624502252499,0.0173249589680708,0.0126817886799555,0.00865182737959273,-7.65528479942725e-05,5.08773323784224e-05,-0.0186334135255791,-0.00729663881594504,0.00652722678411526,0.00865182737959273,0.0173249589680708,"all_positive",TRUE,FALSE
"em_m_view_117","em_re",0,0.00451643592843629,-0.00451643592843629,"B_only_edge",FALSE,"lamp_GB",0.016693493496103,0.0133088449909661,0.0184944092184209,0.0161433047932228,-7.65528479942725e-05,-0.00231177087351372,-0.0186334135255791,-0.00432824375098406,-0.000188192177452235,0.0133088449909661,0.0184944092184209,"all_positive",FALSE,FALSE
"em_m_view_119","em_re",0,0.00573038820389405,-0.00573038820389405,"B_only_edge",FALSE,"lamp_GB",0.0129191710703368,0.00956863659855127,0.01460050275833,0.0112321819176404,-7.65528479942725e-05,-0.0048400052824886,-0.0186334135255791,-0.0106308005857252,0.0049004123818311,0.00956863659855127,0.01460050275833,"all_positive",FALSE,FALSE
"em_m_view_115","em_re",0,0.0079860897981021,-0.0079860897981021,"B_only_edge",FALSE,"lamp_GB",0.0145417863711818,0.0108708303818903,0.0159081127976264,0.0122951047148274,-7.65528479942725e-05,-0.003974451058451,-0.0186334135255791,-0.00814263106084253,0.000156541262740433,0.0108708303818903,0.0159081127976264,"all_positive",FALSE,FALSE
"message","em_re",0,0.26313917674584,-0.26313917674584,"B_only_edge",FALSE,"lamp_GB",-0.192806255679638,-0.216732550827069,-0.191028415335988,-0.204437018884728,-7.65528479942725e-05,-0.0183002770501274,-0.0186334135255791,-0.229816499103338,-0.0333226776425016,-0.216732550827069,-0.191028415335988,"all_negative",FALSE,FALSE
"em_new","em_re",0,0.0697958967581949,-0.0697958967581949,"B_only_edge",FALSE,"lamp_GB",-0.0810491828399697,-0.0770624181044641,-0.080667683472372,-0.0876951373903477,-7.65528479942725e-05,0.0217871957713995,-0.0186334135255791,-0.0779719534421435,0.00817605668394859,-0.0876951373903477,-0.0770624181044641,"all_negative",FALSE,FALSE
"wb_hist_back","splithorizontal",0.00031915808081326,0.000826136087506281,-0.000506978006693021,"both_observed",FALSE,"lamp_GB",0.0304685456963017,0.034272379897227,0.0364073912740042,0.0233262234563421,-7.65528479942725e-05,-0.00576530718855563,-0.0268631060637392,-0.00223642040398741,0.00172944239729439,0.0233262234563421,0.0364073912740042,"all_positive",TRUE,FALSE
"em","splithorizontal",0,0.00121413843716738,-0.00121413843716738,"B_only_edge",FALSE,"lamp_GB",0.030263015155562,0.0286018720958312,0.0318575848343732,0.022721222588462,-7.65528479942725e-05,0.000267549670951015,-0.0268631060637392,0.00359090591477954,-0.00480504435194692,0.022721222588462,0.0318575848343732,"all_positive",TRUE,FALSE
"wb","splithorizontal",0.000787408203065068,0.00310816455303049,-0.00232075634996542,"both_observed",FALSE,"lamp_GB",0.0252166032486985,0.0304265744399429,0.0341079692612091,0.0187303705450118,-7.65528479942725e-05,-0.0045245012277671,-0.0268631060637392,-0.00624755689080205,0.00392680054083663,0.0187303705450118,0.0341079692612091,"all_positive",TRUE,FALSE
"keypress","splithorizontal",0.000801204361459001,0,0.000801204361459001,"A_only_edge",FALSE,"lamp_GB",0.021326071756445,0.0312107565245321,0.0297429858908564,0.0120029444956777,-7.65528479942725e-05,-0.0017012007004055,-0.0268631060637392,-0.00731478785569395,0.00811599221715295,0.0120029444956777,0.0312107565245321,"all_positive",TRUE,FALSE
"wb_pg_2","splithorizontal",0,0.00126413718489675,-0.00126413718489675,"B_only_edge",FALSE,"lamp_GB",0.0148317983450769,0.0145400283578364,0.0207528212080954,0.0107045802056339,-7.65528479942725e-05,-0.000738913911890562,-0.0268631060637392,-0.0128467744785471,0.0115826372936503,0.0107045802056339,0.0207528212080954,"all_positive",FALSE,FALSE
"wb_pg_pop1","splithorizontal",0.0018671961383179,0.00248521571810782,-0.00061801957978992,"both_observed",FALSE,"lamp_GB",0.0190570141425512,0.0175413004970229,0.0259555216522033,0.0153507599180072,-7.65528479942725e-05,0.00452583465652866,-0.0268631060637392,-0.00335681011265357,0.00273879053286365,0.0153507599180072,0.0259555216522033,"all_positive",FALSE,FALSE
"file","splithorizontal",0,0.0091689327688088,-0.0091689327688088,"B_only_edge",FALSE,"lamp_GB",-0.00572548571943498,-0.00155023569295464,0.000776299896628207,-0.00967250375385372,-7.65528479942725e-05,-0.00204033352594517,-0.0268631060637392,-0.0347054781571136,0.0255365453883048,-0.00967250375385372,0.000776299896628207,"mixed_or_zero",FALSE,FALSE
"splitvertical","splithorizontal",0.43858296578817,0.70784381977149,-0.26926085398332,"both_observed",FALSE,"lamp_GB",-0.210362137713966,-0.195545172399156,-0.210846383538628,-0.225067921014861,-7.65528479942725e-05,0.0161890447686784,-0.0268631060637392,-0.221112751857021,-0.0481481021262989,-0.225067921014861,-0.195545172399156,"all_negative",FALSE,FALSE
"em","em_sch",0.00131420463297997,0,0.00131420463297997,"A_only_edge",FALSE,"lamp_GB",0.00118738218921181,-0.00389381394219132,-0.00345860008575434,-0.000156285754228573,-7.65528479942725e-05,0.000267549670951015,0.00200786683195392,0.00338624584412247,-0.0020720412111425,-0.00389381394219132,0.00118738218921181,"mixed_or_zero",TRUE,FALSE
"keypress","em_sch",0,0.00101528688191453,-0.00101528688191453,"B_only_edge",FALSE,"lamp_GB",0.00129684616181015,-0.00428775652446711,-0.00327930579157574,0.0014352673749649,-7.65528479942725e-05,-0.0017012007004055,0.00200786683195392,0.0015269594453643,-0.00254224632727883,-0.00428775652446711,0.0014352673749649,"mixed_or_zero",TRUE,FALSE
"em_f_view","em_sch",0.00300588209683528,0.00763780081931741,-0.00463191872248213,"both_observed",FALSE,"lamp_GB",0.000547246870625486,-0.00316487391751763,-0.0043685734480216,-9.81549924220945e-05,-7.65528479942725e-05,5.08773323784224e-05,0.00200786683195392,0.00252943818696356,-0.00716135690944569,-0.0043685734480216,0.000547246870625486,"mixed_or_zero",TRUE,FALSE
"em_m_view_111","em_sch",0,0.00505635065475193,-0.00505635065475193,"B_only_edge",FALSE,"lamp_GB",0.00121121048568804,-0.00124314943293238,-0.00367571676970265,0.000362443622298283,-7.65528479942725e-05,-0.00539996037226474,0.00200786683195392,-0.00225743590261706,-0.00279891475213487,-0.00367571676970265,0.00121121048568804,"mixed_or_zero",FALSE,FALSE
"edit","em_sch",0.0221078377628112,0,0.0221078377628112,"A_only_edge",FALSE,"lamp_GB",0.00442525678550691,0.00413879579791,0.00240851414800904,0.00688818026244474,-7.65528479942725e-05,-0.000136474623193661,0.00200786683195392,0.0062200961462729,0.0158877416165383,0.00240851414800904,0.00688818026244474,"all_positive",FALSE,FALSE
"keypress","em_sch_ok",0.0062331166585453,0.0074093294095535,-0.0011762127510082,"both_observed",FALSE,"lamp_GB",-0.0041325316432058,-0.00144836707550702,-0.00375289386505592,-0.00152595057970711,-7.65528479942725e-05,-0.0017012007004055,0.0103409147203346,0.00443062952872902,-0.00560684227973722,-0.0041325316432058,-0.00144836707550702,"all_negative",TRUE,FALSE
"em_f_view","em_sch_ok",0,0.00196168587625446,-0.00196168587625446,"B_only_edge",FALSE,"lamp_GB",-0.00469008832311084,-0.00187541242340113,-0.0040765193735249,-0.00297740400805717,-7.65528479942725e-05,5.08773323784224e-05,0.0103409147203346,0.0056251508816079,-0.00758683675786236,-0.00469008832311084,-0.00187541242340113,"all_negative",TRUE,FALSE
"em_sch","em_sch_ok",0.109736511667688,0,0.109736511667688,"A_only_edge",FALSE,"lamp_GB",0.0702670155092035,0.0578093604183683,0.0744233415065541,0.0727973901515444,-7.65528479942725e-05,0.0129968112785935,0.0103409147203346,0.0935281886601373,0.0162083230075507,0.0578093604183683,0.0744233415065541,"all_positive",FALSE,FALSE
"wb","book",0,0.00183271344330912,-0.00183271344330912,"B_only_edge",FALSE,"lamp_GB",-0.000553574582001957,0.000341132809962215,0.00264710196539036,0.00019386128187011,-7.65528479942725e-05,-0.0045245012277671,-0.00327976866625654,-0.00843439732401988,0.00660168388071076,-0.000553574582001957,0.00264710196539036,"mixed_or_zero",TRUE,FALSE
"wb_pg_0","book",0,0.00563125810111283,-0.00563125810111283,"B_only_edge",FALSE,"lamp_GB",-0.000532868225632082,-0.000571072030529881,0.00107762828555182,0.000553324017897728,-7.65528479942725e-05,-0.00128817381747231,-0.00327976866625654,-0.00517736355735521,-0.000453894543757625,-0.000571072030529881,0.00107762828555182,"mixed_or_zero",FALSE,FALSE
"wb_book_a","book",0,0.0473215901717905,-0.0473215901717905,"B_only_edge",FALSE,"lamp_GB",-0.0108741550529453,-0.00672345911027566,-0.00994875103236363,-0.0112278285052739,-7.65528479942725e-05,-0.0270168030505103,-0.00327976866625654,-0.0412472796177065,-0.00607431055408405,-0.0112278285052739,-0.00672345911027566,"all_negative",FALSE,FALSE
"em_m_view_305","splitvertical",0.00128369851873512,0,0.00128369851873512,"A_only_edge",FALSE,"lamp_GB",-0.0105641232637668,-0.0120724085695234,-0.0121929267306529,-0.0179984603050308,-7.65528479942725e-05,0.0112980372160502,0.00164820891267457,0.00230557001696374,-0.00102187149822862,-0.0179984603050308,-0.0105641232637668,"all_negative",TRUE,FALSE
"keypress","splitvertical",0.000638680482347036,0,0.000638680482347036,"A_only_edge",FALSE,"lamp_GB",0.00247019374296436,0.00273943493699095,0.00289378207891082,0.00261303726529531,-7.65528479942725e-05,-0.0017012007004055,0.00164820891267457,0.00234064910723915,-0.00170196862489212,0.00247019374296436,0.00289378207891082,"all_positive",TRUE,FALSE
"em_f_view","splitvertical",0,0.000969444795823277,-0.000969444795823277,"B_only_edge",FALSE,"lamp_GB",-4.99671545402311e-05,0.00119226345860797,0.00145756472946156,0.000935006728022386,-7.65528479942725e-05,5.08773323784224e-05,0.00164820891267457,0.00157256624251849,-0.00254201103834177,-4.99671545402311e-05,0.00145756472946156,"mixed_or_zero",TRUE,FALSE
"splithorizontal","splitvertical",0.666327255909508,0.652953594584796,0.0133736613247121,"both_observed",FALSE,"lamp_GB",0.0277827322562086,0.00952570398213577,0.0271221197396122,0.0303880565659609,-7.65528479942725e-05,-0.0215251744055676,0.00164820891267457,0.00782921391532129,0.00554444740939079,0.00952570398213577,0.0303880565659609,"all_positive",FALSE,FALSE
"em","em_m_drag",0.00309625627814837,0.00719099027852084,-0.00409473400037247,"both_observed",FALSE,"lamp_GB",0.00142437132452902,0.000355273086083851,0.00113193254764664,0.00256106832298699,-7.65528479942725e-05,0.000267549670951015,-0.00317394802581405,-0.00155857987832828,-0.00253615412204419,0.000355273086083851,0.00256106832298699,"all_positive",TRUE,FALSE
"em_m_view_305","em_m_drag",0,0.00520925384905458,-0.00520925384905458,"B_only_edge",FALSE,"lamp_GB",-0.00593283755154897,-0.00665503601527661,-0.00451361741131895,-0.00819959665979338,-7.65528479942725e-05,0.0112980372160502,-0.00317394802581405,0.0021146987906929,-0.00732395263974748,-0.00819959665979338,-0.00451361741131895,"all_negative",TRUE,FALSE
"em_f_view","em_m_drag",0.00299394873548681,0,0.00299394873548681,"A_only_edge",FALSE,"lamp_GB",-4.16197683533477e-05,-0.000505739977585486,-0.000391880964556237,0.000756409970705603,-7.65528479942725e-05,5.08773323784224e-05,-0.00317394802581405,-0.00324124330978325,0.00623519204527006,-0.000505739977585486,0.000756409970705603,"mixed_or_zero",TRUE,FALSE
"em_m_view_117","em_m_drag",0.00419372319004621,0,0.00419372319004621,"A_only_edge",FALSE,"lamp_GB",0.00383565915366972,0.00214307947252549,0.0035288759888136,0.00482372876291979,-7.65528479942725e-05,-0.00231177087351372,-0.00317394802581405,-0.00172661259365233,0.00592033578369854,0.00214307947252549,0.00482372876291979,"all_positive",FALSE,FALSE
"em_m_view_112","em_m_drag",0,0.0104836073982655,-0.0104836073982655,"B_only_edge",FALSE,"lamp_GB",-0.00263259060827043,-0.0026503381803772,-0.00295620676066018,-0.00325656494019646,-7.65528479942725e-05,0.00217603709739245,-0.00317394802581405,-0.00370705438468631,-0.00677655301357919,-0.00325656494019646,-0.00263259060827043,"all_negative",FALSE,FALSE
"em_m_view_113","em_m_drag",0,0.0108237131044153,-0.0108237131044153,"B_only_edge",FALSE,"lamp_GB",-0.000640146396294282,-0.00119949528034846,-0.00055607636128655,-0.000188915441388585,-7.65528479942725e-05,0.00238019695032605,-0.00317394802581405,-0.00151045031977656,-0.00931326278463874,-0.00119949528034846,-0.000188915441388585,"all_negative",FALSE,FALSE
"em_m_view_115","em_m_drag",0.00762353423309581,0,0.00762353423309581,"A_only_edge",FALSE,"lamp_GB",0.0040340582664954,0.00180240651125314,0.00372062408233685,0.00479053769906153,-7.65528479942725e-05,-0.003974451058451,-0.00317394802581405,-0.00319089366576392,0.0108144278988597,0.00180240651125314,0.00479053769906153,"all_positive",FALSE,FALSE
"em_m_view_109","em_m_drag",0,0.00682019759045504,-0.00682019759045504,"B_only_edge",FALSE,"lamp_GB",-0.00305848657737035,-0.00333979064630308,-0.00397174295534678,-0.00439545392958448,-7.65528479942725e-05,0.0054764206284367,-0.00317394802581405,-0.000832566822741971,-0.00598763076771307,-0.00439545392958448,-0.00305848657737035,"all_negative",FALSE,FALSE
"em_m_view_111","em_m_drag",0.00704262484394081,0,0.00704262484394081,"A_only_edge",FALSE,"lamp_GB",0.00500762791612212,0.00308274646785028,0.00541815474791913,0.00649770369650227,-7.65528479942725e-05,-0.00539996037226474,-0.00317394802581405,-0.00364283332995095,0.0106854581738918,0.00308274646785028,0.00649770369650227,"all_positive",FALSE,FALSE
"em_m_view_104","em_m_drag",0.00913067061038292,0.0216162247710955,-0.0124855541607126,"both_observed",FALSE,"lamp_GB",0.000147491615617321,-0.000967551985112576,0.000966217708352716,0.000133850877636992,-7.65528479942725e-05,-0.00239853173013682,-0.00317394802581405,-0.00550154098832783,-0.00698401317238475,-0.000967551985112576,0.000966217708352716,"mixed_or_zero",FALSE,FALSE
"em_m_view_105","em_m_drag",0,0.0119658085000585,-0.0119658085000585,"B_only_edge",FALSE,"lamp_GB",0.00243725958725302,0.00145466714113167,0.00258715875778817,0.00291918523824051,-7.65528479942725e-05,-0.00529786905258469,-0.00317394802581405,-0.00611111033913999,-0.00585469816091851,0.00145466714113167,0.00291918523824051,"all_positive",FALSE,FALSE
"em_m_view_106","em_m_drag",0.00909857629995156,0,0.00909857629995156,"A_only_edge",FALSE,"lamp_GB",0.00460941532551161,0.00424305986462926,0.00354470178669379,0.00381781732744066,-7.65528479942725e-05,-0.00189878300225242,-0.00317394802581405,-0.000539868550549131,0.00963844485050069,0.00354470178669379,0.00460941532551161,"all_positive",FALSE,FALSE
"em_m_view_108","em_m_drag",0,0.00441998670952014,-0.00441998670952014,"B_only_edge",FALSE,"lamp_GB",0.00660285525652181,0.00267257105265635,0.00519416603948762,0.00718230548752492,-7.65528479942725e-05,-0.00806565476521718,-0.00317394802581405,-0.00471330038250369,0.000293313672983555,0.00267257105265635,0.00718230548752492,"all_positive",FALSE,FALSE
"em","em_f_unfold",0,0.000433724827936499,-0.000433724827936499,"B_only_edge",FALSE,"lamp_GB",0.000232306142592432,0.00246409644861168,0.00220870536073404,6.9867572962944e-05,-7.65528479942725e-05,0.000267549670951015,-0.00241460763146109,-0.00199130466591191,0.00155757983797541,6.9867572962944e-05,0.00246409644861168,"all_positive",TRUE,FALSE
"em_f_view","em_f_unfold",0,0.0059246347929032,-0.0059246347929032,"B_only_edge",FALSE,"lamp_GB",-0.00132850203229284,0.00112864985532707,0.000216134668084504,-0.00212385432304507,-7.65528479942725e-05,5.08773323784224e-05,-0.00241460763146109,-0.00376878517936978,-0.00215584961353343,-0.00212385432304507,0.00112864985532707,"mixed_or_zero",TRUE,FALSE
"wb_pg_8_4","wb_pg_8_4_reason_3",0.00213622010267504,0.0157573419662226,-0.0136211218635476,"both_observed",FALSE,"lamp_GB",-0.00332098218790573,0.000159314352908333,-0.00324850975318401,-0.000304466248862169,-7.65528479942725e-05,-0.0119641726821207,0.00082490988994517,-0.0145367978280755,0.000915675964527922,-0.00332098218790573,0.000159314352908333,"mixed_or_zero",TRUE,FALSE
"wb_pg_8_4_reason_4","wb_pg_8_4_reason_3",0,0.00179230943248804,-0.00179230943248804,"B_only_edge",FALSE,"lamp_GB",0.00309971924806785,0.00126453361386252,0.00036995449802483,-0.000861464998599848,-7.65528479942725e-05,-0.00771161881102867,0.00082490988994517,-0.00386354252100992,0.00207123308852188,-0.000861464998599848,0.00309971924806785,"mixed_or_zero",TRUE,FALSE
"wb_hist_back","wb_sch",0.000213588634264898,0.00127595905604892,-0.00106237042178402,"both_observed",FALSE,"lamp_GB",-0.00959484494900517,-0.0182735132485356,-0.0143844359098263,-0.00485554228942692,-7.65528479942725e-05,-0.00576530718855563,0.00919344846441256,-0.00624325652114251,0.00518088609935849,-0.0182735132485356,-0.00485554228942692,"all_negative",TRUE,FALSE
"wb_pg_pop1","wb_sch",0,0.00181394036014415,-0.00181394036014415,"B_only_edge",FALSE,"lamp_GB",0.000768904572428349,-0.0102785943387592,-0.00513209500583847,0.00212871169914225,-7.65528479942725e-05,0.00452583465652866,0.00919344846441256,0.0144116348453753,-0.0162255752055195,-0.0102785943387592,0.00212871169914225,"mixed_or_zero",FALSE,FALSE
"help","wb_sch",0.210497154031408,0.121049392817541,0.089447761213867,"both_observed",FALSE,"lamp_GB",0.0870616233288785,0.0505900350113361,0.0799796746783199,0.0859613999137778,-7.65528479942725e-05,-0.0251551319769124,0.00919344846441256,0.0710233869683844,0.0184243742454826,0.0505900350113361,0.0870616233288785,"all_positive",FALSE,FALSE
"wb_pg_0","wb_sch",0,0.00907673458795149,-0.00907673458795149,"B_only_edge",FALSE,"lamp_GB",-0.0021100629025073,-0.011301698830832,-0.00611825349213081,0.00178286703837365,-7.65528479942725e-05,-0.00128817381747231,0.00919344846441256,0.00571865889643869,-0.0147953934843902,-0.011301698830832,0.00178286703837365,"mixed_or_zero",FALSE,FALSE
"splithorizontal","wb_sch",0,0.0171910250479358,-0.0171910250479358,"B_only_edge",FALSE,"lamp_GB",-0.0121334753657306,-0.0445363785725074,-0.0173051750145558,-0.00543059243045096,-7.65528479942725e-05,-0.0215251744055676,0.00919344846441256,-0.0245417541548799,0.00735072910694414,-0.0445363785725074,-0.00543059243045096,"all_negative",FALSE,FALSE
"em_f_view","em_m_move",0.00330661695506855,0.0163184608303347,-0.0130118438752661,"both_observed",FALSE,"lamp_GB",-0.00228792919765037,0.00224699135907572,-0.00129073187332919,-0.0030768637242285,-7.65528479942725e-05,5.08773323784224e-05,-0.0118732252285736,-0.0141868299418398,0.00117498606657367,-0.0030768637242285,0.00224699135907572,"mixed_or_zero",TRUE,FALSE
"em_m_view_305","em_re_a",0,0.00287833210135943,-0.00287833210135943,"B_only_edge",FALSE,"lamp_GB",-0.0235657179157223,-0.0216863065191403,-0.0214115984903305,-0.0276586544704733,-7.65528479942725e-05,0.0112980372160502,-0.00594041099283313,-0.0182846445404995,0.0154063124391401,-0.0276586544704733,-0.0214115984903305,"all_negative",TRUE,FALSE
"keypress","em_re_a",0,0.000870169005572331,-0.000870169005572331,"B_only_edge",FALSE,"lamp_GB",0.00317660354581949,0.00519684142459973,0.00549359253375623,0.00198583175874619,-7.65528479942725e-05,-0.0017012007004055,-0.00594041099283313,-0.00454156099541342,0.00367139198984109,0.00198583175874619,0.00549359253375623,"all_positive",TRUE,FALSE
"file","em_re_a",0,0.00758475617040428,-0.00758475617040428,"B_only_edge",FALSE,"lamp_GB",0.00361106463556559,-0.000678271323420868,0.00297499319686584,0.000647131776635452,-7.65528479942725e-05,-0.00204033352594517,-0.00594041099283313,-0.00444623273120698,-0.0031385234391973,-0.000678271323420868,0.00361106463556559,"mixed_or_zero",FALSE,FALSE
"em_re","em_re_a",0,0.0428668106067318,-0.0428668106067318,"B_only_edge",FALSE,"lamp_GB",-0.0369681283870868,-0.0326666098020988,-0.0341352562672917,-0.0414341672993833,-7.65528479942725e-05,0.0164961689112805,-0.00594041099283313,-0.0264889233166337,-0.0163778872900981,-0.0414341672993833,-0.0326666098020988,"all_negative",FALSE,FALSE
"em_f_view","em_move_ok",0,0.00510227000420087,-0.00510227000420087,"B_only_edge",FALSE,"lamp_GB",0.00247261283147172,0.00333030272583313,0.00698090932514944,0.000374350790500535,-7.65528479942725e-05,5.08773323784224e-05,-0.0106229981890602,-0.00817606087320429,0.00307379086900342,0.000374350790500535,0.00698090932514944,"all_positive",TRUE,FALSE
"keypress","wb_pg_8_4_reason_5",0,0.000469251980905921,-0.000469251980905921,"B_only_edge",FALSE,"lamp_GB",0.000388766611146834,-0.00450669127831179,-0.00128411294198143,0.00266192904673119,-7.65528479942725e-05,-0.0017012007004055,0.00232909940924379,0.000940112471990845,-0.00140936445289677,-0.00450669127831179,0.00266192904673119,"mixed_or_zero",TRUE,FALSE
"em_f_view","em_trash",0,0.000969326748198773,-0.000969326748198773,"B_only_edge",FALSE,"lamp_GB",0.000748308693348131,-0.000491006792358132,-0.00229127989597148,-0.000936462579336367,-7.65528479942725e-05,5.08773323784224e-05,-0.00342134253148399,-0.00269870935375171,0.00172938260555294,-0.00229127989597148,0.000748308693348131,"mixed_or_zero",TRUE,FALSE
"wb_pg_8_4","wb_pg_8_4_reason_2",0,0.0326809886346961,-0.0326809886346961,"B_only_edge",FALSE,"lamp_GB",-0.00473092191439634,-0.000985274205490314,-0.0019426809046369,-0.00516056965464115,-7.65528479942725e-05,-0.0119641726821207,-0.00397349074746047,-0.0207451381919717,-0.0119358504427244,-0.00516056965464115,-0.000985274205490314,"all_negative",TRUE,FALSE
"wb_pg_8_4_request_1","wb_pg_8_4_reason_2",0,0.00584342054523077,-0.00584342054523077,"B_only_edge",FALSE,"lamp_GB",0.00147106697470737,0.00383779729581778,0.00611480412799488,0.00322509086058198,-7.65528479942725e-05,-0.013722420227463,-0.00397349074746047,-0.0163013968482104,0.0104579763029796,0.00147106697470737,0.00611480412799488,"all_positive",TRUE,FALSE
"wb_hist_back","wb_pg_8",0.252598018003042,0.251865575248283,0.000732442754758977,"both_observed",TRUE,"lamp_SK_GB",-0.00562534883207058,-0.005663277827504,-0.00513676697488431,-0.00431211589223391,-0.00372197314822066,0.0082182878189884,0.0362810683346262,0.0351520341733234,-0.0344195914185644,-0.005663277827504,-0.00431211589223391,"all_negative",TRUE,TRUE
"wb","wb_pg_8",0.0475445737829041,0.0476006648720548,-5.60910891506949e-05,"both_observed",TRUE,"lamp_SK_GB",-0.00563189460242607,-0.00532779899324939,-0.00472630001359187,-0.00415891517996164,-0.00372197314822066,0.0066964924163626,0.0362810683346262,0.0336236930003421,-0.0336797840894928,-0.00563189460242607,-0.00415891517996164,"all_negative",TRUE,TRUE
"url_ok","wb_pg_8",0.316374678791584,0,0.316374678791584,"A_only_edge",FALSE,"lamp_SK_GB",0.264855986183538,0.261546028642627,0.261962384098045,0.270856261533412,-0.00372197314822066,0.0126485840278551,0.0362810683346262,0.310063665397799,0.00631101339378537,0.261546028642627,0.270856261533412,"all_positive",FALSE,TRUE
"wb_pg_8_2","wb_pg_8",0.99568148998968,1,-0.00431851001032002,"both_observed",TRUE,"lamp_SK_GB",-0.0303388387250569,-0.0317435835059709,-0.0253814995900072,-0.0262733431178373,-0.00372197314822066,0.00565924602444758,0.0362810683346262,0.00787950248579629,-0.0121980124961163,-0.0317435835059709,-0.0253814995900072,"all_negative",TRUE,TRUE
"wb_pg_8_1","wb_pg_8",0.994219285907086,1,-0.00578071409291403,"both_observed",FALSE,"lamp_SK_GB",-0.0214479541997709,-0.0233949984599278,-0.0191738048684432,-0.0208141996413753,-0.00372197314822066,-0.0115858871485966,0.0362810683346262,-0.000474746161961952,-0.00530596793095208,-0.0233949984599278,-0.0191738048684432,"all_negative",FALSE,TRUE
"file","wb_pg_8",0,0.0764059840411986,-0.0764059840411986,"B_only_edge",FALSE,"lamp_SK_GB",-0.135075111250111,-0.1397685244742,-0.134979324031105,-0.137071798355298,-0.00372197314822066,0.0246167920973764,0.0362810683346262,-0.0778992239663287,0.00149323992513013,-0.1397685244742,-0.134979324031105,"all_negative",FALSE,TRUE
"wb_hist_for","wb_pg_8",0,0.0381942201586167,-0.0381942201586167,"B_only_edge",FALSE,"lamp_SK_GB",-0.0497519435311027,-0.0496335747623875,-0.0472438510494301,-0.0487709771601266,-0.00372197314822066,0.00191720527490084,0.0362810683346262,-0.0152756430697963,-0.0229185770888204,-0.0497519435311027,-0.0472438510494301,"all_negative",FALSE,TRUE
"wb_pg_0","wb_pg_8",1,0.641874968762108,0.358125031237892,"both_observed",FALSE,"lamp_SK_GB",0.188227956460636,0.186963459439784,0.190407178802531,0.190387859964394,-0.00372197314822066,0.0328824088291611,0.0362810683346262,0.253669460476203,0.104455570761689,0.186963459439784,0.190407178802531,"all_positive",FALSE,TRUE
"wb_pg_8","wb_pg_8_4",0.304058069819987,0.304100036534122,-4.19667141349778e-05,"both_observed",TRUE,"lamp_SK_GB",-0.000917659098709631,-0.00041316007857204,0.00014718223221246,-0.00280303757121216,-0.00372197314822066,0.00753198513241713,-0.00186833353933189,0.00102401934615496,-0.00106598606028993,-0.00280303757121216,0.00014718223221246,"mixed_or_zero",TRUE,TRUE
"wb_pg_8_3","wb_pg_8_4",0.00426781674755601,0.0042939841641057,-2.61674165496903e-05,"both_observed",TRUE,"lamp_SK_GB",0.00010642626400388,-0.00272957919411934,-0.00131633245797339,-0.00166198862482526,-0.00372197314822066,0.00732057740161939,-0.00186833353933189,0.00183669697807073,-0.00186286439462042,-0.00272957919411934,0.00010642626400388,"mixed_or_zero",TRUE,TRUE
"wb_hist_back","wb_pg_8_4",0.244690643001973,0.243981342109355,0.000709300892618003,"both_observed",TRUE,"lamp_SK_GB",-0.000241371593831237,-0.000493497984804205,0.000243147148654339,-0.000237229077582993,-0.00372197314822066,0.0082182878189884,-0.00186833353933189,0.00238660953760462,-0.00167730864498662,-0.000493497984804205,0.000243147148654339,"mixed_or_zero",TRUE,TRUE
"wb","wb_pg_8_4",0.0227999227966595,0.0228267744900509,-2.68516933914012e-05,"both_observed",TRUE,"lamp_SK_GB",0.000476742978372495,-0.000357322041934095,0.000779214826737576,-0.000158511844760319,-0.00372197314822066,0.0066964924163626,-0.00186833353933189,0.00158292870718255,-0.00160978040057395,-0.000357322041934095,0.000779214826737576,"mixed_or_zero",TRUE,TRUE
"keypress","wb_pg_8_4",0.000626617004858948,0,0.000626617004858948,"A_only_edge",TRUE,"lamp_SK_GB",0.000170153199964206,-0.000390867154648968,-0.000183176665858767,-0.000805082277980995,-0.00372197314822066,0.00992450075315462,-0.00186833353933189,0.00450434726556628,-0.00387773026070734,-0.000805082277980995,0.000170153199964206,"mixed_or_zero",TRUE,TRUE
"wb_hist_for","wb_pg_8_4",0.115046201622755,0.0967350896823975,0.0183111119403575,"both_observed",FALSE,"lamp_SK_GB",0.00951249332373946,0.0087459465088942,0.0109361954560138,0.00843103778026079,-0.00372197314822066,0.00191720527490084,-0.00186833353933189,0.00583939191108776,0.0124717200292697,0.00843103778026079,0.0109361954560138,"all_positive",FALSE,TRUE
"wb_pg_8_4","wb_pg_8_4_reason_4",0.684919670180821,0.682666034585774,0.00225363559504699,"both_observed",TRUE,"lamp_SK_GB",-0.00480675605586531,-0.00573751973052355,-0.00466640857259611,-0.00424572150810562,-0.00372197314822066,0.00569292432272698,0.00917694694815748,0.0063411420667985,-0.00408750647175152,-0.00573751973052355,-0.00424572150810562,"all_negative",TRUE,TRUE
"wb_pg_8_4_request_1","wb_pg_8_4_reason_4",0.0753358523197896,0.0752189580500826,0.000116894269707013,"both_observed",TRUE,"lamp_SK_GB",-0.00439511522295288,-0.00639366810031534,-0.00566682020698798,-0.00633677228430961,-0.00372197314822066,0.00509211495909682,0.00917694694815748,0.00615197353608077,-0.00603507926637376,-0.00639366810031534,-0.00439511522295288,"all_negative",TRUE,TRUE
"wb_hist_back","wb_pg_8_4_reason_4",0.00187546738271944,0.00187003201967867,5.43536304077e-06,"both_observed",TRUE,"lamp_SK_GB",-0.00249290589408734,-0.00131770756620481,-0.000487830013561762,-0.00223404222886554,-0.00372197314822066,0.0082182878189884,0.00917694694815748,0.0111803557248379,-0.0111749203617971,-0.00249290589408734,-0.000487830013561762,"all_negative",TRUE,TRUE
"wb","wb_pg_8_4_reason_4",0.00528442427588626,0.00529068465351823,-6.26037763197008e-06,"both_observed",TRUE,"lamp_SK_GB",-0.00190380165430051,-0.0016535775848654,-0.00113794923544653,-0.00252580863557641,-0.00372197314822066,0.0066964924163626,0.00917694694815748,0.0102476645619989,-0.0102539249396309,-0.00252580863557641,-0.00113794923544653,"all_negative",TRUE,TRUE
"keypress","wb_pg_8_4_reason_4",0.0378772535205864,0.0366936334714513,0.0011836200491351,"both_observed",TRUE,"lamp_SK_GB",-0.00123426443374857,-0.00214472806675884,-0.00153146698585079,-0.00247113642094456,-0.00372197314822066,0.00992450075315462,0.00917694694815748,0.0141452101193429,-0.0129615900702078,-0.00247113642094456,-0.00123426443374857,"all_negative",TRUE,TRUE
"wb_pg_8_4_submit","wb_pg_8_4_reason_4",0.0133908518841332,0,0.0133908518841332,"A_only_edge",TRUE,"lamp_SK_GB",-0.00149385718073635,-0.000501684191794727,-0.00064986452508115,-0.0024707745504174,-0.00372197314822066,0.0028292576570617,0.00917694694815748,0.00679037427626219,0.00660047760787101,-0.0024707745504174,-0.000501684191794727,"all_negative",TRUE,TRUE
"wb_pg_pop3","wb_pg_8_4_reason_4",0.296693002400625,0.274850589724854,0.021842412675771,"both_observed",FALSE,"lamp_SK_GB",-0.00545497856492189,-0.00951228583749459,-0.0066376729198427,-0.00767544586941751,-0.00372197314822066,0.00915021762345977,0.00917694694815748,0.00915021285847471,0.0126921998172963,-0.00951228583749459,-0.00545497856492189,"all_negative",FALSE,TRUE
"wb_pg_8_4_reason_6","wb_pg_8_4_reason_4",0.897063890545368,0.698074316864477,0.198989573680891,"both_observed",FALSE,"lamp_SK_GB",0.140690246945531,0.148112377723153,0.163261565598278,0.142091360281648,-0.00372197314822066,0.0247014474020852,0.00917694694815748,0.170846668147553,0.0281429055333377,0.140690246945531,0.163261565598278,"all_positive",FALSE,TRUE
"wb_pg_8_4","wb_pg_8_4_request_1",0.0879149939260381,0.0876257571110335,0.000289236815004604,"both_observed",TRUE,"lamp_SK_GB",0.00455732453970528,0.00582251250457361,0.0039500064620226,0.00409782382658322,-0.00372197314822066,0.00569292432272698,-0.0132403033155686,-0.00671202760135704,0.00700126441636164,0.0039500064620226,0.00582251250457361,"all_positive",TRUE,TRUE
"wb_pg_8_4_reason_4","wb_pg_8_4_request_1",0.821171132944695,0.812771373619126,0.00839975932556902,"both_observed",TRUE,"lamp_SK_GB",0.0108889759352829,0.00980826124331157,0.00955794558874093,0.00962028759253672,-0.00372197314822066,0.00575079520640221,-0.0132403033155686,-0.000322505322104243,0.00872226464767327,0.00955794558874093,0.0108889759352829,"all_positive",TRUE,TRUE
"wb_hist_back","wb_pg_8_4_request_1",0,0.00123856907768692,-0.00123856907768692,"B_only_edge",TRUE,"lamp_SK_GB",0.00461924444386434,0.00240023340769719,0.00114139914069435,0.00244254816320208,-0.00372197314822066,0.0082182878189884,-0.0132403033155686,-0.00412474420093656,0.00288617512324964,0.00114139914069435,0.00461924444386434,"all_positive",TRUE,TRUE
"wb","wb_pg_8_4_request_1",0,0.00177995974797786,-0.00177995974797786,"B_only_edge",TRUE,"lamp_SK_GB",0.00390259972267437,0.00376913869000239,0.00190691644951612,0.00312680601410131,-0.00372197314822066,0.0066964924163626,-0.0132403033155686,-0.00636318432475233,0.00458322457677447,0.00190691644951612,0.00390259972267437,"all_positive",TRUE,TRUE
"keypress","wb_pg_8_4_request_1",0.025212952685669,0.0244250953443339,0.000787857341335102,"both_observed",TRUE,"lamp_SK_GB",0.00308796208965824,0.00293635103507631,0.00137937088265903,0.0026633611710561,-0.00372197314822066,0.00992450075315462,-0.0132403033155686,-0.00394981362097644,0.00473767096231154,0.00137937088265903,0.00308796208965824,"all_positive",TRUE,TRUE
"wb_pg_8_4_submit","wb_pg_8_4_request_1",0.00719979821982336,0,0.00719979821982336,"A_only_edge",TRUE,"lamp_SK_GB",0.01127910705423,0.0119508296967728,0.00768302914470428,0.00847531079700866,-0.00372197314822066,0.0028292576570617,-0.0132403033155686,-0.0028539117524976,0.010053709972321,0.00768302914470428,0.0119508296967728,"all_positive",TRUE,TRUE
"wb_pg_pop3","wb_pg_8_4_request_1",0.15832611374623,0.146670494129942,0.011655619616288,"both_observed",FALSE,"lamp_SK_GB",0.010103131925355,0.0085702582222294,0.00914107851200233,0.00901402444985988,-0.00372197314822066,0.00915021762345977,-0.0132403033155686,0.00229107308502551,0.00936454653126251,0.0085702582222294,0.010103131925355,"all_positive",FALSE,TRUE
"wb_pg_8_4_reason_6","wb_pg_8_4_request_1",0,0.301925683135522,-0.301925683135522,"B_only_edge",FALSE,"lamp_SK_GB",-0.259867963922965,-0.248976531003475,-0.235871035159967,-0.25009355621415,-0.00372197314822066,0.0247014474020852,-0.0132403033155686,-0.25212879298467,-0.0497968901508525,-0.259867963922965,-0.235871035159967,"all_negative",FALSE,TRUE
"wb_pg_8","wb_pg_8_3",0.260389210609773,0.260425482600169,-3.62719903960196e-05,"both_observed",TRUE,"lamp_SK_GB",-0.00252609318371239,-0.00224487796633691,-0.00038799976169431,-0.00315721372197861,-0.00372197314822066,0.00753198513241713,0.00418197167916997,0.00546589047965405,-0.00550216247005007,-0.00315721372197861,-0.00038799976169431,"all_negative",TRUE,TRUE
"wb_pg_8_4","wb_pg_8_3",0.0306435784643017,0.0305427517354103,0.0001008267288914,"both_observed",TRUE,"lamp_SK_GB",-0.00186173671623867,-0.00426483190760616,-0.0010729012569132,-0.00307946095599164,-0.00372197314822066,0.00569292432272698,0.00418197167916997,0.00429118613743762,-0.00419035940854622,-0.00426483190760616,-0.0010729012569132,"all_negative",TRUE,TRUE
"wb_pg_8_4_reason_4","wb_pg_8_3",0.0271800072719366,0.0269019967776257,0.0002780104943109,"both_observed",TRUE,"lamp_SK_GB",-0.00185871182729577,-0.00460303691249896,-0.00255699864110892,-0.00500503079230019,-0.00372197314822066,0.00575079520640221,0.00418197167916997,0.00435208191005575,-0.00407407141574485,-0.00500503079230019,-0.00185871182729577,"all_negative",TRUE,TRUE
"wb_pg_8_4_request_1","wb_pg_8_3",0.215569330582606,0.215234879347248,0.000334451235357996,"both_observed",TRUE,"lamp_SK_GB",-0.00146490652339433,-0.00327106263945224,-0.0027874322562417,-0.0026082983604417,-0.00372197314822066,0.00509211495909682,0.00418197167916997,0.00408720696665179,-0.0037527557312938,-0.00327106263945224,-0.00146490652339433,"all_negative",TRUE,TRUE
"wb_hist_back","wb_pg_8_3",0.0801883631598276,0.0799559863005525,0.000232376859275088,"both_observed",TRUE,"lamp_SK_GB",0.000239116574251432,-0.000669287548209243,0.000590291516792882,-0.000336616280786943,-0.00372197314822066,0.0082182878189884,0.00418197167916997,0.00891740292418914,-0.00868502606491406,-0.000669287548209243,0.000590291516792882,"mixed_or_zero",TRUE,TRUE
"wb","wb_pg_8_3",0.0295217155178346,0.0295566158987345,-3.49003808999028e-05,"both_observed",TRUE,"lamp_SK_GB",0.000105707793378406,-0.000651265066222765,0.000496731025083258,-9.43253792888303e-07,-0.00372197314822066,0.0066964924163626,0.00418197167916997,0.00726219874069031,-0.00729709912159021,-0.000651265066222765,0.000496731025083258,"mixed_or_zero",TRUE,TRUE
"keypress","wb_pg_8_3",0.0937474989496677,0.0908179636273133,0.0029295353223544,"both_observed",TRUE,"lamp_SK_GB",4.09437858363767e-05,-0.00138638503149335,0.000498898503316224,-0.000362816805583215,-0.00372197314822066,0.00992450075315462,0.00418197167916997,0.0104254430699403,-0.0074959077475859,-0.00138638503149335,0.000498898503316224,"mixed_or_zero",TRUE,TRUE
"wb_pg_8_4_submit","wb_pg_8_3",0.0158897283703495,0.0157905467361182,9.91816342312997e-05,"both_observed",TRUE,"lamp_SK_GB",-0.00120124772698868,-0.00146551049419203,-0.00178606970032932,-0.00155007931229145,-0.00372197314822066,0.0028292576570617,0.00418197167916997,0.00208800846102233,-0.00198882682679103,-0.00178606970032932,-0.00120124772698868,"all_negative",TRUE,TRUE
"wb_pg_pop3","wb_pg_8_3",0.218902253339236,0.202787825872925,0.016114427466311,"both_observed",FALSE,"lamp_SK_GB",-0.00441006360740141,-0.00620403591638357,-0.00433163893054179,-0.00537570242148033,-0.00372197314822066,0.00915021762345977,0.00418197167916997,0.00520015254700767,0.0109142749193033,-0.00620403591638357,-0.00433163893054179,"all_negative",FALSE,TRUE
"wb_pg_8_1","wb_pg_8_3",0.00578071409291208,0,0.00578071409291208,"A_only_edge",FALSE,"lamp_SK_GB",0.0107381300743363,0.0131933475459333,0.0144534612869367,0.00789920689444672,-0.00372197314822066,-0.0115858871485966,0.00418197167916997,-0.000387758543311021,0.0061684726362231,0.00789920689444672,0.0144534612869367,"all_positive",FALSE,TRUE
"file","wb_pg_8_3",0.0806149060957194,0,0.0806149060957194,"A_only_edge",FALSE,"lamp_SK_GB",0.0385431222484179,0.0342863230877129,0.0368700710058078,0.0335027858655734,-0.00372197314822066,0.0246167920973764,0.00418197167916997,0.0636199128767436,0.0169949932189758,0.0335027858655734,0.0385431222484179,"all_positive",FALSE,TRUE
"wb_hist_for","wb_pg_8_3",0.150663379508963,0.12667858046752,0.023984799041443,"both_observed",FALSE,"lamp_SK_GB",0.010226559447172,0.00838989343751568,0.0104650339021423,0.00914768917750394,-0.00372197314822066,0.00191720527490084,0.00418197167916997,0.0126037632530222,0.0113810357884208,0.00838989343751568,0.0104650339021423,"all_positive",FALSE,TRUE
"wb_pg_8_3","wb_pg_8_3_1",0.914633697756212,0.89040685101765,0.0242268467385619,"both_observed",FALSE,"lamp_SK_GB",0.00932505828879959,0.00673063883500534,0.00833230612286038,0.0092124301167102,-0.00372197314822066,0.00732057740161939,-0.00702561183217755,0.00589805071002077,0.0183287960285411,0.00673063883500534,0.00932505828879959,"all_positive",TRUE,FALSE
"wb_pg_pop2","wb_pg_8_3_1",0.0666151050060858,0.0686150541820668,-0.00199994917598099,"both_observed",FALSE,"lamp_SK_GB",-0.00281132890606184,-0.00198591105415493,0.000830856809801856,-0.000738101811939128,-0.00372197314822066,0.0120307251546755,-0.00702561183217755,-0.00152818873178455,-0.000471760444196449,-0.00281132890606184,0.000830856809801856,"mixed_or_zero",FALSE,FALSE
"wb","wb_pg_8_3_1",0.0364305820668687,0.0352619420060079,0.0011686400608608,"both_observed",FALSE,"lamp_SK_GB",-0.00103939830151971,0.00020989807998039,0.000289766491349006,0.00043502922546667,-0.00372197314822066,0.0066964924163626,-0.00702561183217755,-0.00509049086555532,0.00625913092641613,-0.00103939830151971,0.00043502922546667,"mixed_or_zero",TRUE,FALSE
"file","wb_pg_8_3_1",0,0.0171176769683954,-0.0171176769683954,"B_only_edge",FALSE,"lamp_SK_GB",-0.0230296631325541,-0.0260421623148017,-0.0203286703689711,-0.0235738110860976,-0.00372197314822066,0.0246167920973764,-0.00702561183217755,-0.00916045601557591,-0.00795722095281949,-0.0260421623148017,-0.0203286703689711,"all_negative",FALSE,FALSE
"wb_hist_for","wb_pg_8_3_1",0,0.0380598895088727,-0.0380598895088727,"B_only_edge",FALSE,"lamp_SK_GB",-0.0114864392532996,-0.0106118378283271,-0.00816840311654842,-0.00937291270953073,-0.00372197314822066,0.00191720527490084,-0.00702561183217755,-0.020316818958797,-0.0177430705500757,-0.0114864392532996,-0.00816840311654842,"all_negative",FALSE,FALSE
"wb_pg_8_3","wb_pg_pop2",0.000660465146878431,0,0.000660465146878431,"A_only_edge",FALSE,"lamp_SK_GB",0.000307157862994376,0.000103082680033882,0.000650545382759254,0.000291513171051929,-0.00372197314822066,0.00732057740161939,-0.00318000563357374,0.000725756482819376,-6.52913359409454e-05,0.000103082680033882,0.000650545382759254,"all_positive",TRUE,FALSE
"wb_pg_8_3_1","wb_pg_pop2",0.92728391554365,0.927928794773036,-0.000644879229386053,"both_observed",FALSE,"lamp_SK_GB",-0.00216985930356802,-0.000373306785425525,-0.00201787254581939,-0.00117462551333194,-0.00372197314822066,0.00894405285651261,-0.00318000563357374,-0.000127785228849805,-0.000517094000536248,-0.00216985930356802,-0.000373306785425525,"all_negative",FALSE,FALSE
"wb","wb_pg_pop2",0.0124099972621575,0.0120119072401208,0.000398090022036699,"both_observed",FALSE,"lamp_SK_GB",0.000513397275992323,0.00154489088159877,0.00142199856844325,0.000639866225458781,-0.00372197314822066,0.0066964924163626,-0.00318000563357374,0.000307910910560526,9.01791114761735e-05,0.000513397275992323,0.00154489088159877,"all_positive",TRUE,FALSE
"keypress","wb_pg_pop2",0.016552158047416,0.0155004097924997,0.0010517482549163,"both_observed",FALSE,"lamp_SK_GB",0.000670074957319975,0.00140865852981939,0.00141216190130608,0.000613689474072417,-0.00372197314822066,0.00992450075315462,-0.00318000563357374,0.0036925969286802,-0.0026408486737639,0.000613689474072417,0.00141216190130608,"all_positive",TRUE,FALSE
"wb_pg_8","wb_hist_back",0.260239288249087,0.260275221672275,-3.59334231880282e-05,"both_observed",TRUE,"lamp_SK_GB",-0.00236381985061665,-0.00389870491969228,0.000752135678133607,-0.00430552994998087,-0.00372197314822066,0.00753198513241713,0.012353136049579,0.0137993281831588,-0.0138352616063469,-0.00430552994998087,0.000752135678133607,"mixed_or_zero",TRUE,TRUE
"wb_pg_8_4","wb_hist_back",0.0276939347836781,0.0276027345897565,9.12001939216006e-05,"both_observed",TRUE,"lamp_SK_GB",-0.00582427289945993,-0.00942456123258481,-0.00496963533659904,-0.00672910303334495,-0.00372197314822066,0.00569292432272698,0.012353136049579,0.0084998143246254,-0.0084086141307038,-0.00942456123258481,-0.00496963533659904,"all_negative",TRUE,TRUE
"wb_pg_8_4_reason_4","wb_hist_back",0,0.00631577093129742,-0.00631577093129742,"B_only_edge",TRUE,"lamp_SK_GB",-0.00908224962311541,-0.0146593231380368,-0.00967138747064296,-0.0114326915108761,-0.00372197314822066,0.00575079520640221,0.012353136049579,0.00529970848464514,-0.0116154794159426,-0.0146593231380368,-0.00908224962311541,"all_negative",TRUE,TRUE
"wb_pg_8_4_request_1","wb_hist_back",0.02705728968997,0.0270153001874603,4.19895025096997e-05,"both_observed",TRUE,"lamp_SK_GB",-0.00574585696162583,-0.008843053326896,-0.00459045957145856,-0.00515529319772052,-0.00372197314822066,0.00509211495909682,0.012353136049579,0.00797742089882933,-0.00793543139631963,-0.008843053326896,-0.00459045957145856,"all_negative",TRUE,TRUE
"wb_pg_8_3","wb_hist_back",0.0750559277084748,0.0755097211788983,-0.0004537934704235,"both_observed",TRUE,"lamp_SK_GB",-0.0063355471395603,-0.0088653808769085,-0.00495651588726199,-0.00541968813877425,-0.00372197314822066,0.00732057740161939,0.012353136049579,0.00961619316341744,-0.0100699866338409,-0.0088653808769085,-0.00495651588726199,"all_negative",TRUE,TRUE
"wb_pg_8_3_1","wb_hist_back",0.0111450447001687,0.0106772535190816,0.000467791181087101,"both_observed",FALSE,"lamp_SK_GB",-0.00967566178938828,-0.00859847103652899,-0.00898062769030106,-0.00827472485105707,-0.00372197314822066,0.00894405285651261,0.012353136049579,0.00789955396848268,-0.00743176278739558,-0.00967566178938828,-0.00827472485105707,"all_negative",FALSE,TRUE
"wb_pg_pop2","wb_hist_back",0.242104649131897,0.238946184349065,0.00315846478283199,"both_observed",FALSE,"lamp_SK_GB",-0.0057763975454096,-0.00423282224530592,-0.00273416726798834,-0.00504227666475507,-0.00372197314822066,0.0120307251546755,0.012353136049579,0.0148854905106242,-0.0117270257277923,-0.0057763975454096,-0.00273416726798834,"all_negative",FALSE,TRUE
"wb","wb_hist_back",0.447548326997751,0.448075540755215,-0.000527213757464007,"both_observed",TRUE,"lamp_SK_GB",0.00152877093666738,0.000541679694946064,0.00276868071969485,0.00177816643571612,-0.00372197314822066,0.0066964924163626,0.012353136049579,0.0168564262543883,-0.0173836400118523,0.000541679694946064,0.00276868071969485,"all_positive",TRUE,TRUE
"keypress","wb_hist_back",0.021060400387385,0.0204022639292016,0.000658136458183398,"both_observed",TRUE,"lamp_SK_GB",8.57645603024334e-05,-0.0021212001103856,0.00140012355950501,0.000222240928747789,-0.00372197314822066,0.00992450075315462,0.012353136049579,0.0186414282148154,-0.017983291756632,-0.0021212001103856,0.00140012355950501,"mixed_or_zero",TRUE,TRUE
"wb_pg_2","wb_hist_back",0.388646017395703,0.375556410435916,0.013089606959787,"both_observed",FALSE,"lamp_SK_GB",-0.00174535229405275,-0.00185335761321031,0.000570228705593042,-0.00119314711741492,-0.00372197314822066,0.0122054043362614,0.012353136049579,0.019091214943567,-0.00600160798377999,-0.00185335761321031,0.000570228705593042,"mixed_or_zero",FALSE,TRUE
"wb_pg_pop1","wb_hist_back",0.387579802910996,0.367318614179195,0.020261188731801,"both_observed",FALSE,"lamp_SK_GB",0.0023231804895379,0.0015695566729364,0.00228478839649094,0.00126972860087325,-0.00372197314822066,0.00816225668860434,0.012353136049579,0.0191166000795006,0.00114458865230041,0.00126972860087325,0.0023231804895379,"all_positive",FALSE,TRUE
"wb_pg_2_3","wb_hist_back",0.0219101057941847,0.0207677738181481,0.0011423319760366,"both_observed",FALSE,"lamp_SK_GB",-0.00835248257082318,-0.00588034975163022,-0.00283751248047103,-0.00120665641501747,-0.00372197314822066,0.0061789539757858,0.012353136049579,0.00645763430632096,-0.00531530233028437,-0.00835248257082318,-0.00120665641501747,"all_negative",FALSE,TRUE
"wb_pg_8_2","wb_hist_back",0.00221964565082237,0,0.00221964565082237,"A_only_edge",TRUE,"lamp_SK_GB",-0.00242279431146289,-0.000688803355139288,0.000469091024934827,0.001945507127706,-0.00372197314822066,0.00565924602444758,0.012353136049579,0.011867614614343,-0.00964796896352066,-0.00242279431146289,0.001945507127706,"mixed_or_zero",TRUE,TRUE
"wb_pg_pop3","wb_hist_back",0,0.0774110490944745,-0.0774110490944745,"B_only_edge",FALSE,"lamp_SK_GB",-0.0306673751493687,-0.035667416628755,-0.0307766777219081,-0.0308242220907731,-0.00372197314822066,0.00915021762345977,0.012353136049579,-0.0128859946245506,-0.0645250544699239,-0.035667416628755,-0.0306673751493687,"all_negative",FALSE,TRUE
"wb_pg_7","wb_hist_back",0.781727517030613,0.7795152828445,0.00221223418611305,"both_observed",FALSE,"lamp_SK_GB",-0.0103580545379737,-0.0125095711400504,-0.0100142284852783,-0.0115536173571864,-0.00372197314822066,0.0151690377434164,0.012353136049579,0.013442146106801,-0.011229911920688,-0.0125095711400504,-0.0100142284852783,"all_negative",FALSE,TRUE
"wb_pg_10","wb_hist_back",0.978046103459193,0.85438720898741,0.123658894471783,"both_observed",FALSE,"lamp_SK_GB",0.0881251352070274,0.0832315885061703,0.0839849159933287,0.0817182226639595,-0.00372197314822066,-0.0142481306069625,0.012353136049579,0.0825081675014232,0.0411507269703597,0.0817182226639595,0.0881251352070274,"all_positive",FALSE,TRUE
"file","wb_hist_back",0.54378884287132,0.252113825708776,0.291675017162544,"both_observed",FALSE,"lamp_SK_GB",0.146119823269943,0.14242160057898,0.145608140064611,0.139071724608331,-0.00372197314822066,0.0246167920973764,0.012353136049579,0.179367778268678,0.112307238893866,0.139071724608331,0.146119823269943,"all_positive",FALSE,TRUE
"wb_hist_for","wb_hist_back",0.656989925385216,0.552395349663815,0.104594575721401,"both_observed",FALSE,"lamp_SK_GB",0.0385440606843743,0.0382396777375259,0.0400208661096455,0.0383910597979392,-0.00372197314822066,0.00191720527490084,0.012353136049579,0.0490924288606335,0.0555021468607675,0.0382396777375259,0.0400208661096455,"all_positive",FALSE,TRUE
"wb_pg_0","wb_hist_back",0,0.0153223583445061,-0.0153223583445061,"B_only_edge",FALSE,"lamp_SK_GB",-0.0707544220108078,-0.0743699155338501,-0.072944454807667,-0.0725232873931247,-0.00372197314822066,0.0328824088291611,0.012353136049579,-0.0292408502802884,0.0139184919357823,-0.0743699155338501,-0.0707544220108078,"all_negative",FALSE,TRUE
"wb_pg_1","wb_hist_back",0.893170736115113,0.828540904653832,0.064629831461281,"both_observed",FALSE,"lamp_SK_GB",0.0289005174835685,0.0226706866276601,0.0207937452888724,0.0228645237967588,-0.00372197314822066,0.00933216392345869,0.012353136049579,0.0468638443083855,0.0177659871528955,0.0207937452888724,0.0289005174835685,"all_positive",FALSE,TRUE
"wb_pg_4","wb_hist_back",0.653497726633465,0.85321267544512,-0.199714948811655,"both_observed",FALSE,"lamp_SK_GB",-0.13008401488941,-0.136375299042015,-0.135192097562837,-0.134262811745087,-0.00372197314822066,-0.033604707094429,0.012353136049579,-0.15505755908248,-0.0446573897291747,-0.136375299042015,-0.13008401488941,"all_negative",FALSE,TRUE
"wb_book_a","wb_hist_back",0.127716046129779,0,0.127716046129779,"A_only_edge",FALSE,"lamp_SK_GB",0.0593089278650089,0.0528030091748845,0.064556515288649,0.0631873183436185,-0.00372197314822066,-0.000898178821595849,0.012353136049579,0.0670419119447714,0.0606741341850076,0.0528030091748845,0.064556515288649,"all_positive",FALSE,TRUE
"wb_pg_5","wb_hist_back",0.63769074644871,1,-0.36230925355129,"both_observed",FALSE,"lamp_SK_GB",-0.176949979520148,-0.195279633237504,-0.192172450343448,-0.182872548043808,-0.00372197314822066,-0.144479725162642,0.012353136049579,-0.312798541781431,-0.0495107117698586,-0.195279633237504,-0.176949979520148,"all_negative",FALSE,TRUE
"wb_pg_8","em",0.0324376990835194,0.0324422015329102,-4.50244939079886e-06,"both_observed",TRUE,"lamp_SK_GB",0.000631857953540185,0.00102056185664336,0.00166592366236966,1.17801847075481e-05,-0.00372197314822066,0.00753198513241713,-0.018138938164205,-0.0136970682264683,0.0136925657770775,1.17801847075481e-05,0.00166592366236966,"all_positive",TRUE,TRUE
"wb_pg_8_4","em",0.0237052789628728,0.0236272934005989,7.79855622739002e-05,"both_observed",TRUE,"lamp_SK_GB",4.34250385044741e-05,-0.00131204506613118,0.000373461064863184,-0.000359701344590047,-0.00372197314822066,0.00569292432272698,-0.018138938164205,-0.0161245619511942,0.0162025475134681,-0.00131204506613118,0.000373461064863184,"mixed_or_zero",TRUE,TRUE
"wb_pg_8_4_reason_4","em",0.0155403084177495,0.0153813524617672,0.000158955955982301,"both_observed",TRUE,"lamp_SK_GB",0.000767927366943451,-0.00177236634362585,-0.000552859612148926,-0.000871203106545583,-0.00372197314822066,0.00575079520640221,-0.018138938164205,-0.01534218873908,0.0155011446950623,-0.00177236634362585,0.000767927366943451,"mixed_or_zero",TRUE,TRUE
"wb_pg_8_4_request_1","em",0.108423119045148,0.108254879425286,0.000168239619861996,"both_observed",TRUE,"lamp_SK_GB",0.000429507630410922,-0.000232386264838248,0.000176708672807216,0.000331548270035095,-0.00372197314822066,0.00509211495909682,-0.018138938164205,-0.0163392887229179,0.0165075283427799,-0.000232386264838248,0.000429507630410922,"mixed_or_zero",TRUE,TRUE
"wb_pg_8_3","em",0,0.0213338106367279,-0.0213338106367279,"B_only_edge",TRUE,"lamp_SK_GB",-0.000970632750553932,-0.00292863656444126,-0.00233892552736128,-0.00199500793063229,-0.00372197314822066,0.00732057740161939,-0.018138938164205,-0.0155109666613602,-0.00582284397536773,-0.00292863656444126,-0.000970632750553932,"all_negative",TRUE,TRUE
"wb_pg_8_3_1","em",0.0296027095764955,0.0283573321338378,0.0012453774426577,"both_observed",FALSE,"lamp_SK_GB",0.000568133969887095,-0.00119085412886055,-0.00168277066162941,0.000117373437348112,-0.00372197314822066,0.00894405285651261,-0.018138938164205,-0.0123487244860259,0.0135941019286836,-0.00168277066162941,0.000568133969887095,"mixed_or_zero",FALSE,TRUE
"wb_pg_pop2","em",0.644712449469312,0.636301120325461,0.00841132914385101,"both_observed",FALSE,"lamp_SK_GB",0.00120002621250725,0.000804960974479675,0.0017275361503811,0.000772180105145218,-0.00372197314822066,0.0120307251546755,-0.018138938164205,-0.00863015994524289,0.0170414890890939,0.000772180105145218,0.0017275361503811,"all_positive",FALSE,TRUE
"wb_hist_back","em",0.0684224575715469,0.0682239442311585,0.000198513340388395,"both_observed",TRUE,"lamp_SK_GB",0.00141040450816561,0.00111807085757055,0.00162718400975293,0.000925638045131797,-0.00372197314822066,0.0082182878189884,-0.018138938164205,-0.0122322189852716,0.01243073232566,0.000925638045131797,0.00162718400975293,"all_positive",TRUE,TRUE
"em_m_view_305","em",0.0513060323317679,0.0503913911664903,0.000914641165277598,"both_observed",TRUE,"lamp_SK_GB",0.00105977495014452,0.0011418075143662,0.00308157651025969,0.0014047780973203,-0.00372197314822066,0.0125844546892489,-0.018138938164205,-0.00821668167303225,0.00913132283830985,0.00105977495014452,0.00308157651025969,"all_positive",TRUE,TRUE
"wb","em",0.0979133567237293,0.0980288131393976,-0.000115456415668291,"both_observed",TRUE,"lamp_SK_GB",0.00132669106915585,0.000893221785771781,0.00143022126293861,0.000766553523988168,-0.00372197314822066,0.0066964924163626,-0.018138938164205,-0.0138377278269072,0.0137222714112389,0.000766553523988168,0.00143022126293861,"all_positive",TRUE,TRUE
"keypress","em",0.134552925903714,0.130348215343196,0.00420471056051802,"both_observed",TRUE,"lamp_SK_GB",0.000926148918400742,0.000339255961702993,0.00113324380256635,0.000522023114145076,-0.00372197314822066,0.00992450075315462,-0.018138938164205,-0.0110102616408703,0.0152149722013883,0.000339255961702993,0.00113324380256635,"all_positive",TRUE,TRUE
"wb_pg_8_4_submit","em",0,0.03596055313547,-0.03596055313547,"B_only_edge",TRUE,"lamp_SK_GB",-0.00245579676652664,-0.00287533739073272,-0.00354147448186932,-0.00260781797830495,-0.00372197314822066,0.0028292576570617,-0.018138938164205,-0.0214874504218906,-0.0144731027135794,-0.00354147448186932,-0.00245579676652664,"all_negative",TRUE,TRUE
"wb_pg_2","em",0.125293642296321,0.121074490460495,0.00421915183582601,"both_observed",FALSE,"lamp_SK_GB",-0.000139450321969377,0.000872959867628959,0.00110764049581809,0.000298500796962689,-0.00372197314822066,0.0122054043362614,-0.018138938164205,-0.00979495729813362,0.0140141091339596,-0.000139450321969377,0.00110764049581809,"mixed_or_zero",FALSE,TRUE
"em_f_view","em",0.0506565246858572,0.0482094432971701,0.0024470813886871,"both_observed",TRUE,"lamp_SK_GB",0.00131793502537826,0.000906630809895131,0.00164366570124376,0.00146429319131456,-0.00372197314822066,0.00539905208853044,-0.018138938164205,-0.0151439241985169,0.017591005587204,0.000906630809895131,0.00164366570124376,"all_positive",TRUE,TRUE
"em_m_view_116","em",0.0243727202953535,0,0.0243727202953535,"A_only_edge",FALSE,"lamp_SK_GB",0.0102243553816834,0.00953534829843658,0.0104440613441019,0.00936130549971654,-0.00372197314822066,0.0109374282143305,-0.018138938164205,-0.000699127716411721,0.0250718480117652,0.00936130549971654,0.0104440613441019,"all_positive",FALSE,TRUE
"em_m_view_117","em",0,0.00912022400127721,-0.00912022400127721,"B_only_edge",FALSE,"lamp_SK_GB",0.00466822651003528,0.00304552742781199,0.00301797577004857,0.00414144349779752,-0.00372197314822066,0.00903867652838764,-0.018138938164205,-0.00815400827400272,-0.000966215727274495,0.00301797577004857,0.00466822651003528,"all_positive",FALSE,TRUE
"em_m_view_119","em",0,0.0218387539784183,-0.0218387539784183,"B_only_edge",FALSE,"lamp_SK_GB",-0.00505356070389959,-0.00606908898173041,-0.00334190143930365,-0.00511032119264213,-0.00372197314822066,0.0169351656248879,-0.018138938164205,-0.00997930639143729,-0.011859447586981,-0.00606908898173041,-0.00334190143930365,"all_negative",FALSE,TRUE
"em_m_view_113","em",0,0.010233355272924,-0.010233355272924,"B_only_edge",FALSE,"lamp_SK_GB",0.0206892815602355,0.0119871201905251,0.0233885536017721,0.0158364355313796,-0.00372197314822066,0.0154294015355631,-0.018138938164205,0.014257771783373,-0.024491127056297,0.0119871201905251,0.0233885536017721,"all_positive",FALSE,TRUE
"em_m_view_114","em",0.0102884427605585,0,0.0102884427605585,"A_only_edge",FALSE,"lamp_SK_GB",0.00263893228611433,0.00283343279486353,0.00220716730969518,0.00321298420752013,-0.00372197314822066,0.014200079392714,-0.018138938164205,-0.00502189963359727,0.0153103423941558,0.00220716730969518,0.00321298420752013,"all_positive",FALSE,TRUE
"em_m_view_115","em",0.0346715467123812,0,0.0346715467123812,"A_only_edge",FALSE,"lamp_SK_GB",-0.000357204015277849,0.000952551446191002,0.00302959964228982,0.000881856030522095,-0.00372197314822066,0.00891593007138232,-0.018138938164205,-0.0133021852563212,0.0479737319687024,-0.000357204015277849,0.00302959964228982,"mixed_or_zero",FALSE,TRUE
"wb_pg_pop1","em",0.0619987372589687,0.0587562761062903,0.0032424611526784,"both_observed",FALSE,"lamp_SK_GB",0.000983187699624784,0.00164603859102043,0.000841871122515978,0.000607992676148765,-0.00372197314822066,0.00816225668860434,-0.018138938164205,-0.0127154669241965,0.0159579280768749,0.000607992676148765,0.00164603859102043,"all_positive",FALSE,TRUE
"wb_pg_2_3","em",0,0.00859656034083551,-0.00859656034083551,"B_only_edge",FALSE,"lamp_SK_GB",-0.00152822351230545,0.000621916277586753,0.00252455615120962,0.00228198458647744,-0.00372197314822066,0.0061789539757858,-0.018138938164205,-0.0172101808489453,0.00861362050810977,-0.00152822351230545,0.00252455615120962,"mixed_or_zero",FALSE,TRUE
"em_m_view_104","em",0.0688728839967312,0,0.0688728839967312,"A_only_edge",FALSE,"lamp_SK_GB",0.038123593965621,0.0356985449205121,0.0332112641445717,0.0351196706616086,-0.00372197314822066,0.0309000319228734,-0.018138938164205,0.0471627145760688,0.0217101694206624,0.0332112641445717,0.038123593965621,"all_positive",FALSE,TRUE
"em_m_view_105","em",0,0.00808982247053701,-0.00808982247053701,"B_only_edge",FALSE,"lamp_SK_GB",0.00562810747148774,0.00456202248002494,0.00481395965906626,0.00525489513716156,-0.00372197314822066,0.00620828355158402,-0.018138938164205,-0.0100245202893539,0.00193469781881686,0.00456202248002494,0.00562810747148774,"all_positive",FALSE,TRUE
"url_ok","em",0.351623785415829,0.529494411617258,-0.177870626201429,"both_observed",FALSE,"lamp_SK_GB",-0.0848906039328061,-0.0850110552481333,-0.0893944601384573,-0.080818116051149,-0.00372197314822066,0.0126485840278551,-0.018138938164205,-0.0941029312173766,-0.0837676949840523,-0.0893944601384573,-0.080818116051149,"all_negative",FALSE,TRUE
"wb_pg_8_2","em",0.00104538633273209,0,0.00104538633273209,"A_only_edge",TRUE,"lamp_SK_GB",0.00441517263697524,0.00413841749005182,0.00382368805036838,0.00391894896391572,-0.00372197314822066,0.00565924602444758,-0.018138938164205,-0.0117864926510028,0.0128318789837349,0.00382368805036838,0.00441517263697524,"all_positive",TRUE,TRUE
"wb_pg_pop3","em",0.109901660787305,0.101809336411265,0.00809232437604,"both_observed",FALSE,"lamp_SK_GB",-0.00417279732698764,-0.00643594475754674,-0.00519005710563603,-0.00508674564242502,-0.00372197314822066,0.00915021762345977,-0.018138938164205,-0.0168834910159535,0.0249758153919935,-0.00643594475754674,-0.00417279732698764,"all_negative",FALSE,TRUE
"wb_pg_7","em",0.104463843815614,0.104169161255224,0.000294682560389989,"both_observed",FALSE,"lamp_SK_GB",-0.00181580292899944,-0.00198270529296268,-0.00380762144646228,-0.00126569625670647,-0.00372197314822066,0.0151690377434164,-0.018138938164205,-0.00850767649800872,0.00880235905839871,-0.00380762144646228,-0.00126569625670647,"all_negative",FALSE,TRUE
"wb_pg_10","em",0,0.0707880818373687,-0.0707880818373687,"B_only_edge",FALSE,"lamp_SK_GB",0.0175800587588308,0.0168953671614405,0.0200418892906113,0.0153395447114268,-0.00372197314822066,-0.0142481306069625,-0.018138938164205,-0.0185289831605574,-0.0522590986768113,0.0153395447114268,0.0200418892906113,"all_positive",FALSE,TRUE
"wb_hist_for","em",0,0.0903008393918705,-0.0903008393918705,"B_only_edge",FALSE,"lamp_SK_GB",0.0108711381720074,0.009543238173627,0.0121264836853264,0.0101697057941929,-0.00372197314822066,0.00191720527490084,-0.018138938164205,-0.00907256786551738,-0.0812282715263531,0.009543238173627,0.0121264836853264,"all_positive",FALSE,TRUE
"wb_pg_0","em",0,0.069207932129933,-0.069207932129933,"B_only_edge",FALSE,"lamp_SK_GB",-0.0414417786295372,-0.0396781559211624,-0.0435927547873997,-0.0398211159136182,-0.00372197314822066,0.0328824088291611,-0.018138938164205,-0.0304202811128017,-0.0387876510171313,-0.0435927547873997,-0.0396781559211624,"all_negative",FALSE,TRUE
"em_m_drag","em",0,0.0640369068080822,-0.0640369068080822,"B_only_edge",FALSE,"lamp_SK_GB",-0.0268710248257323,-0.0258043267385446,-0.0337072892013155,-0.0254682831977134,-0.00372197314822066,0.0362761775773702,-0.018138938164205,-0.0124557585607878,-0.0515811482472944,-0.0337072892013155,-0.0254682831977134,"all_negative",FALSE,TRUE
"em","em_m_view_305",0.400904798422615,0.394506390879935,0.00639840754268001,"both_observed",TRUE,"lamp_SK_GB",-0.00233501490235589,-0.00074545449541668,-0.00227980698207677,0.000325265869635452,-0.00372197314822066,0.00777019260380006,0.00558517748836775,0.00729838204159126,-0.000899974498911252,-0.00233501490235589,0.000325265869635452,"mixed_or_zero",TRUE,TRUE
"keypress","em_m_view_305",0.0177790207986441,0.0172233961841001,0.000555624614543997,"both_observed",TRUE,"lamp_SK_GB",-0.00188798120233468,-1.23733143407797e-05,-0.00164003495313288,0.000226770980900285,-0.00372197314822066,0.00992450075315462,0.00558517748836775,0.00989972389096703,-0.00934409927642304,-0.00188798120233468,0.000226770980900285,"mixed_or_zero",TRUE,TRUE
"em_f_view","em_m_view_305",0.453713769540055,0.431798312121275,0.02191545741878,"both_observed",TRUE,"lamp_SK_GB",-0.000782959231702746,0.00119677142399612,-0.00091425250258192,0.000745928300768078,-0.00372197314822066,0.00539905208853044,0.00558517748836775,0.00647929719697478,0.0154361602218052,-0.00091425250258192,0.00119677142399612,"mixed_or_zero",TRUE,TRUE
"em_m_view_116","em_m_view_305",0,0.0695240257341653,-0.0695240257341653,"B_only_edge",FALSE,"lamp_SK_GB",-0.0281188431747025,-0.024150141040889,-0.0294945570444833,-0.0225023612979129,-0.00372197314822066,0.0109374282143305,0.00558517748836775,-0.015318210620225,-0.0542058151139403,-0.0294945570444833,-0.0225023612979129,"all_negative",FALSE,TRUE
"em_m_view_117","em_m_view_305",0,0.00908742588796172,-0.00908742588796172,"B_only_edge",FALSE,"lamp_SK_GB",-0.0109720637921819,-0.00789102526523808,-0.0146156166135808,-0.00790846522385662,-0.00372197314822066,0.00903867652838764,0.00558517748836775,-7.01829236471243e-05,-0.0090172429643146,-0.0146156166135808,-0.00789102526523808,"all_negative",FALSE,TRUE
"em_m_view_119","em_m_view_305",0.0175571463823129,0.0110676353698489,0.006489511012464,"both_observed",FALSE,"lamp_SK_GB",-0.0256814100310168,-0.0196591483341823,-0.0224281584501453,-0.0221681070950017,-0.00372197314822066,0.0169351656248879,0.00558517748836775,-0.00688304006598181,0.0133725510784458,-0.0256814100310168,-0.0196591483341823,"all_negative",FALSE,TRUE
"em_re","em_m_view_305",0,0.0417196542870719,-0.0417196542870719,"B_only_edge",FALSE,"lamp_SK_GB",-0.0315344138001686,-0.0354529520523325,-0.0366965902649539,-0.0292901038276314,-0.00372197314822066,0.00796369588994863,0.00558517748836775,-0.0217075135700728,-0.0200121407169991,-0.0366965902649539,-0.0292901038276314,"all_negative",FALSE,TRUE
"em_m_drag","em_m_view_305",0.595099544735205,0.399603391221733,0.195496153513472,"both_observed",FALSE,"lamp_SK_GB",0.0888605273073803,0.0922986898289613,0.0998596767131221,0.0889620653355724,-0.00372197314822066,0.0362761775773702,0.00558517748836775,0.126999909224898,0.0684962442885745,0.0888605273073803,0.0998596767131221,"all_positive",FALSE,TRUE
"wb_pg_8","wb",0.0167405040421207,0.0167428414105634,-2.33736844270152e-06,"both_observed",TRUE,"lamp_SK_GB",-0.000659499483661626,-0.00063281028214438,-0.00138430207717172,6.92492612491384e-05,-0.00372197314822066,0.00753198513241713,-0.00943956202847706,-0.00628904952794221,0.00628671215949951,-0.00138430207717172,6.92492612491384e-05,"mixed_or_zero",TRUE,TRUE
"wb_pg_8_4","wb",0.00421804784977175,0.00420417581024911,1.38720395226402e-05,"both_observed",TRUE,"lamp_SK_GB",0.00174459125953348,0.00160419855262512,0.000689190551701039,0.00115585551243359,-0.00372197314822066,0.00569292432272698,-0.00943956202847706,-0.00572401959443725,0.00573789163395989,0.000689190551701039,0.00174459125953348,"all_positive",TRUE,TRUE
"wb_pg_8_4_request_1","wb",0.0138629429422718,0.0138414391263425,2.15038159293007e-05,"both_observed",TRUE,"lamp_SK_GB",0.00274141977886808,0.00315014247109368,0.000582105047162862,0.00249043394799977,-0.00372197314822066,0.00509211495909682,-0.00943956202847706,-0.00532800043873282,0.00534950425466212,0.000582105047162862,0.00315014247109368,"all_positive",TRUE,TRUE
"wb_pg_8_3","wb",0.0053820926408761,0.00541430643686811,-3.22137959920098e-05,"both_observed",TRUE,"lamp_SK_GB",0.00212780342547304,0.00271927748906457,0.00100505754490996,0.00300622890879125,-0.00372197314822066,0.00732057740161939,-0.00943956202847706,-0.00371315434960528,0.00368094055361327,0.00100505754490996,0.00300622890879125,"all_positive",TRUE,TRUE
"wb_pg_8_3_1","wb",0,0.00312071497857836,-0.00312071497857836,"B_only_edge",FALSE,"lamp_SK_GB",0.000954827876417536,0.00365667690382672,0.00132817010794073,0.00255766364282,-0.00372197314822066,0.00894405285651261,-0.00943956202847706,-0.00326265444376757,0.000141939465189208,0.000954827876417536,0.00365667690382672,"all_positive",FALSE,TRUE
"wb_pg_pop2","wb",0.0454718248327349,0.0448785627567122,0.000593262076022706,"both_observed",FALSE,"lamp_SK_GB",0.00131275247632553,0.00118300692269727,0.00029131471250475,2.05636452597009e-05,-0.00372197314822066,0.0120307251546755,-0.00943956202847706,0.000181942454303318,0.000411319621719388,2.05636452597009e-05,0.00131275247632553,"all_positive",FALSE,TRUE
"wb_hist_back","wb",0.00780180420852515,0.00777926986100101,2.25343475241399e-05,"both_observed",TRUE,"lamp_SK_GB",-0.00197827220638873,-0.0012598897814404,-0.00211205585205308,-0.00193245795461151,-0.00372197314822066,0.0082182878189884,-0.00943956202847706,-0.00692151956409804,0.00694405391162218,-0.00211205585205308,-0.0012598897814404,"all_negative",TRUE,TRUE
"em","wb",0.231585082213417,0.227888592134099,0.00369649007931799,"both_observed",TRUE,"lamp_SK_GB",-0.00150831917814667,-0.000903887584877567,-0.00164445270134804,-0.000922440166600117,-0.00372197314822066,0.00777019260380006,-0.00943956202847706,-0.00689966175104432,0.0105961518303623,-0.00164445270134804,-0.000903887584877567,"all_negative",TRUE,TRUE
"em_m_view_305","wb",0.823808511632734,0.80912279385068,0.0146857177820541,"both_observed",TRUE,"lamp_SK_GB",-0.000957811183088572,-0.00131517660717064,-0.00309331773522234,-0.000964812710137515,-0.00372197314822066,0.0125844546892489,-0.00943956202847706,-0.00153489167053742,0.0162206094525915,-0.00309331773522234,-0.000957811183088572,"all_negative",TRUE,TRUE
"keypress","wb",0.155865914424241,0.150995082872227,0.00487083155201401,"both_observed",TRUE,"lamp_SK_GB",-0.00056961405620623,-4.94560292899525e-06,-0.00120241411291904,-0.000205887701663641,-0.00372197314822066,0.00992450075315462,-0.00943956202847706,-0.00380664847974932,0.00867748003176333,-0.00120241411291904,-4.94560292899525e-06,"all_negative",TRUE,TRUE
"wb_pg_2","wb",0.0475212198543375,0.0459208431161327,0.0016003767382048,"both_observed",FALSE,"lamp_SK_GB",0.000422038249149178,0.000667404427861941,0.000411601283342883,0.000676788496608712,-0.00372197314822066,0.0122054043362614,-0.00943956202847706,-0.000534092591287141,0.00213446932949194,0.000411601283342883,0.000676788496608712,"all_positive",FALSE,TRUE
"em_f_view","wb",0.271972315627077,0.258837620950329,0.013134694676748,"both_observed",TRUE,"lamp_SK_GB",-0.00141297928938769,-0.000662112002637381,-0.00159549931808409,-0.000560004332571941,-0.00372197314822066,0.00539905208853044,-0.00943956202847706,-0.00917546237755497,0.022310157054303,-0.00159549931808409,-0.000560004332571941,"all_negative",TRUE,TRUE
"em_m_view_116","wb",0,0.0731366127322978,-0.0731366127322978,"B_only_edge",FALSE,"lamp_SK_GB",-0.0135789546826129,-0.0122530371018797,-0.0160832620747349,-0.0118231375716153,-0.00372197314822066,0.0109374282143305,-0.00943956202847706,-0.0158030616449801,-0.0573335510873177,-0.0160832620747349,-0.0118231375716153,"all_negative",FALSE,TRUE
"em_m_view_117","wb",0,0.0409804119539854,-0.0409804119539854,"B_only_edge",FALSE,"lamp_SK_GB",-0.00737357790582893,-0.0059006386138652,-0.00835623839347286,-0.00626157891157605,-0.00372197314822066,0.00903867652838764,-0.00943956202847706,-0.011496436554139,-0.0294839753998464,-0.00835623839347286,-0.0059006386138652,"all_negative",FALSE,TRUE
"em_m_view_118","wb",0,0.0436587591885034,-0.0436587591885034,"B_only_edge",FALSE,"lamp_SK_GB",0.0105083030992882,-0.0109789894528347,-1.59716958123959e-05,-0.0127369348922643,-0.00372197314822066,-0.0336213389904124,-0.00943956202847706,-0.036274571067822,-0.00738418812068142,-0.0127369348922643,0.0105083030992882,"mixed_or_zero",FALSE,TRUE
"em_m_view_119","wb",0.250213900280689,0.157708895420048,0.092505004860641,"both_observed",FALSE,"lamp_SK_GB",0.00553599480584279,0.00827597641920329,0.00207788765466029,0.00750728084231947,-0.00372197314822066,0.0169351656248879,-0.00943956202847706,0.00930962525403301,0.083195379606608,0.00207788765466029,0.00827597641920329,"all_positive",FALSE,TRUE
"em_m_view_120","wb",0.0849610726428742,0.0526752271880799,0.0322858454547943,"both_observed",FALSE,"lamp_SK_GB",0.0336055659332665,0.0262074081544681,0.0340180225827216,0.0310997086286377,-0.00372197314822066,0.00279768435004795,-0.00943956202847706,0.0232417151066167,0.00904413034817756,0.0262074081544681,0.0340180225827216,"all_positive",FALSE,TRUE
"em_m_view_113","wb",0.0498466992502039,0.0362029665730212,0.0136437326771827,"both_observed",FALSE,"lamp_SK_GB",-0.0317072197256705,-0.0216567518649576,-0.0352189970081667,-0.0245009618364679,-0.00372197314822066,0.0154294015355631,-0.00943956202847706,-0.0294393533668051,0.0430830860439878,-0.0352189970081667,-0.0216567518649576,"all_negative",FALSE,TRUE
"em_m_view_114","wb",0.04147367400436,0,0.04147367400436,"A_only_edge",FALSE,"lamp_SK_GB",-0.00177137707677307,-0.00347669048358529,-0.00286117713594913,-0.00183820940338896,-0.00372197314822066,0.014200079392714,-0.00943956202847706,-0.000732832860756749,0.0422065068651167,-0.00347669048358529,-0.00177137707677307,"all_negative",FALSE,TRUE
"em_m_view_115","wb",0.214936012018469,0.1503637832386,0.064572228779869,"both_observed",FALSE,"lamp_SK_GB",8.34260049385441e-05,-0.00273820232454006,-0.00534929098824658,-0.00101775030134168,-0.00372197314822066,0.00891593007138232,-0.00943956202847706,-0.00416217910037685,0.0687344078802459,-0.00534929098824658,8.34260049385441e-05,"mixed_or_zero",FALSE,TRUE
"em_m_view_109","wb",0.113510446510863,0.0701441819968674,0.0433662645139956,"both_observed",FALSE,"lamp_SK_GB",0.0298477380051807,0.043868348391561,0.0351559029516243,0.0399183516451035,-0.00372197314822066,0.0144082798849559,-0.00943956202847706,0.0310944827134389,0.0122717818005567,0.0298477380051807,0.043868348391561,"all_positive",FALSE,TRUE
"wb_pg_pop1","wb",0.0464381647327585,0.0440127935541933,0.0024253711785652,"both_observed",FALSE,"lamp_SK_GB",-0.00119660580857323,-0.000937432289438603,-0.000555339501388719,4.97922577029442e-05,-0.00372197314822066,0.00816225668860434,-0.00943956202847706,-0.0061958842966666,0.0086212554752318,-0.00119660580857323,4.97922577029442e-05,"mixed_or_zero",FALSE,TRUE
"em_m_view_111","wb",0,0.0651720794598116,-0.0651720794598116,"B_only_edge",FALSE,"lamp_SK_GB",-0.0197965969202089,-0.01777728786369,-0.0219382845397009,-0.0161883628933651,-0.00372197314822066,0.00799594099877873,-0.00943956202847706,-0.0249621910981279,-0.0402098883616837,-0.0219382845397009,-0.0161883628933651,"all_negative",FALSE,TRUE
"em_m_view_101","wb",0,0.0236649250993063,-0.0236649250993063,"B_only_edge",FALSE,"lamp_SK_GB",0.0118905522487753,0.0035809865127888,0.0239799359744331,-0.00622458925946025,-0.00372197314822066,-0.0191037099773081,-0.00943956202847706,-0.0203746929052305,-0.00329023219407577,-0.00622458925946025,0.0239799359744331,"mixed_or_zero",FALSE,TRUE
"em_m_view_102","wb",0.0419962035661847,0,0.0419962035661847,"A_only_edge",FALSE,"lamp_SK_GB",0.0338492004371855,0.0335766481408205,0.033892425526607,0.036661626839498,-0.00372197314822066,0.000760679452515592,-0.00943956202847706,0.0214483447130033,0.0205478588531814,0.0335766481408205,0.036661626839498,"all_positive",FALSE,TRUE
"em_m_view_104","wb",0,0.0863753950166873,-0.0863753950166873,"B_only_edge",FALSE,"lamp_SK_GB",-0.0414801829364005,-0.0375512919754513,-0.0332044261207863,-0.0381177958455211,-0.00372197314822066,0.0309000319228734,-0.00943956202847706,-0.0237416861902248,-0.0626337088264625,-0.0414801829364005,-0.0332044261207863,"all_negative",FALSE,TRUE
"em_m_view_105","wb",0,0.0189296815142406,-0.0189296815142406,"B_only_edge",FALSE,"lamp_SK_GB",-0.00848442181700679,-0.00593926413661783,-0.00811213773165831,-0.00652310851588297,-0.00372197314822066,0.00620828355158402,-0.00943956202847706,-0.0154376734421205,-0.00349200807212012,-0.00848442181700679,-0.00593926413661783,"all_negative",FALSE,TRUE
"em_m_view_106","wb",0,0.0424328072120504,-0.0424328072120504,"B_only_edge",FALSE,"lamp_SK_GB",-0.00721778918990178,-0.00502273464461439,-0.0058300062758351,-0.00457661258164741,-0.00372197314822066,0.00410158033125056,-0.00943956202847706,-0.0162777440353489,-0.0261550631767015,-0.00721778918990178,-0.00457661258164741,"all_negative",FALSE,TRUE
"em_m_view_107","wb",0,0.0381662714041044,-0.0381662714041044,"B_only_edge",FALSE,"lamp_SK_GB",-0.00322734942975653,-0.00459982886840093,-0.0023731839047224,-0.00217133791648277,-0.00372197314822066,0.00690675189405741,-0.00943956202847706,-0.00948213271239683,-0.0286841386917076,-0.00459982886840093,-0.00217133791648277,"all_negative",FALSE,TRUE
"em_m_view_108","wb",0,0.0301685218303862,-0.0301685218303862,"B_only_edge",FALSE,"lamp_SK_GB",-0.0170740309139746,-0.0141845997961872,-0.0152241948327474,-0.015550214113991,-0.00372197314822066,0.00490403133553693,-0.00943956202847706,-0.0253315347551354,-0.00483698707525084,-0.0170740309139746,-0.0141845997961872,"all_negative",FALSE,TRUE
"em_m_view_110","wb",0,0.210003574594006,-0.210003574594006,"B_only_edge",FALSE,"lamp_SK_GB",-0.101871591848036,-0.102301344551776,-0.103029207689035,-0.103500323764601,-0.00372197314822066,0.00648283100274448,-0.00943956202847706,-0.108550296021989,-0.101453278572017,-0.103500323764601,-0.101871591848036,"all_negative",FALSE,TRUE
"url_ok","wb",0.250793921412898,0,0.250793921412898,"A_only_edge",FALSE,"lamp_SK_GB",0.126348629016965,0.12419111030402,0.125524497062461,0.127471747445966,-0.00372197314822066,0.0126485840278551,-0.00943956202847706,0.125835677868123,0.124958243544775,0.12419111030402,0.127471747445966,"all_positive",FALSE,TRUE
"wb_pg_8_2","wb",0.00105347802676863,0,0.00105347802676863,"A_only_edge",TRUE,"lamp_SK_GB",-0.00272089851912883,-0.00253136484037502,-0.00139731177511859,-0.00309569653210193,-0.00372197314822066,0.00565924602444758,-0.00943956202847706,-0.010223187671379,0.0112766656981476,-0.00309569653210193,-0.00139731177511859,"all_negative",TRUE,TRUE
"wb_pg_7","wb",0.0943812163977436,0.0941133184986502,0.0002678978990934,"both_observed",FALSE,"lamp_SK_GB",0.0041288828618734,0.00454670692711882,0.00397445316514034,0.00500752941117786,-0.00372197314822066,0.0151690377434164,-0.00943956202847706,0.00613638542859205,-0.00586848752949865,0.00397445316514034,0.00500752941117786,"all_positive",FALSE,TRUE
"wb_pg_10","wb",0,0.0748247091752225,-0.0748247091752225,"B_only_edge",FALSE,"lamp_SK_GB",-0.0400062834586246,-0.0386664498413857,-0.037781926454641,-0.0386963784769014,-0.00372197314822066,-0.0142481306069625,-0.00943956202847706,-0.0674159492422848,-0.00740875993293766,-0.0400062834586246,-0.037781926454641,"all_negative",FALSE,TRUE
"file","wb",0,0.209667125766606,-0.209667125766606,"B_only_edge",FALSE,"lamp_SK_GB",-0.0820138334300502,-0.0807036956182858,-0.0824325544642065,-0.0801238088776664,-0.00372197314822066,0.0246167920973764,-0.00943956202847706,-0.0705585765093715,-0.139108549257235,-0.0824325544642065,-0.0801238088776664,"all_negative",FALSE,TRUE
"wb_hist_for","wb",0,0.0289047513223127,-0.0289047513223127,"B_only_edge",FALSE,"lamp_SK_GB",-0.0209322041872191,-0.0204494404206896,-0.0206702257789908,-0.0212249376733197,-0.00372197314822066,0.00191720527490084,-0.00943956202847706,-0.032176534089016,0.00327178276670327,-0.0212249376733197,-0.0204494404206896,"all_negative",FALSE,TRUE
"wb_pg_4","wb",0.0291242283436175,0,0.0291242283436175,"A_only_edge",FALSE,"lamp_SK_GB",0.0648452173316701,0.0646324919613485,0.055212763421279,0.0599068333057261,-0.00372197314822066,-0.033604707094429,-0.00943956202847706,0.0180789750605434,0.0110452532830741,0.055212763421279,0.0648452173316701,"all_positive",FALSE,TRUE
"em_new","wb",0.4849228058657,0.477437915095238,0.00748489077046205,"both_observed",FALSE,"lamp_SK_GB",0.000805167686097667,0.0025079816590378,0.00190789257759242,0.00310365569741775,-0.00372197314822066,0.00994842248070753,-0.00943956202847706,-0.00240794500989251,0.00989283578035456,0.000805167686097667,0.00310365569741775,"all_positive",FALSE,TRUE
"wb_book_a","wb",0,0.0380526238553813,-0.0380526238553813,"B_only_edge",FALSE,"lamp_SK_GB",-0.0046996293219644,-0.0105109710337802,-0.00607224196748294,-0.00510678922856704,-0.00372197314822066,-0.000898178821595849,-0.00943956202847706,-0.018759343320258,-0.0192932805351233,-0.0105109710337802,-0.0046996293219644,"all_negative",FALSE,TRUE
"em_re","wb",0.359857112306429,0.344842779471441,0.015014332834988,"both_observed",FALSE,"lamp_SK_GB",0.00374261391187907,0.000560636115648933,-0.00304003118541197,0.00276222974427444,-0.00372197314822066,0.00796369588994863,-0.00943956202847706,-0.00145522537487001,0.016469558209858,-0.00304003118541197,0.00374261391187907,"mixed_or_zero",FALSE,TRUE
"em_m_drag","wb",0.135989627307428,0.0911614083431221,0.0448282189643059,"both_observed",FALSE,"lamp_SK_GB",0.037834683828126,0.0420607110592871,0.05094411389729,0.0428870072236341,-0.00372197314822066,0.0362761775773702,-0.00943956202847706,0.0609493262287985,-0.0161211072644926,0.037834683828126,0.05094411389729,"all_positive",FALSE,TRUE
"wb_pg_8","keypress",0.00104886058107257,0.00104897380295399,-1.13221881419857e-07,"both_observed",TRUE,"lamp_SK_GB",-0.0032829893504219,-0.00339685991347653,-0.0012696913557962,-0.0043922346228035,-0.00372197314822066,0.00753198513241713,0.0117992624449124,0.012326285078687,-0.0123263983005684,-0.0043922346228035,-0.0012696913557962,"all_negative",TRUE,TRUE
"wb_pg_8_4","keypress",0.129489761341925,0.129063640928251,0.000426120413673986,"both_observed",TRUE,"lamp_SK_GB",-0.00394581201606329,-0.00495590707719955,-0.00348708569217093,-0.00418334765232769,-0.00372197314822066,0.00569292432272698,0.0117992624449124,0.00982440160335544,-0.00939828118968146,-0.00495590707719955,-0.00348708569217093,"all_negative",TRUE,TRUE
"wb_pg_8_4_reason_4","keypress",0.0383148948143162,0.0379229316105575,0.0003919632037587,"both_observed",TRUE,"lamp_SK_GB",-0.00527904279991926,-0.00755680464625502,-0.00511405194833104,-0.00657564143320865,-0.00372197314822066,0.00575079520640221,0.0117992624449124,0.0085490417031747,-0.008157078499416,-0.00755680464625502,-0.00511405194833104,"all_negative",TRUE,TRUE
"wb_pg_8_4_request_1","keypress",0.470676101416842,0.469945743798462,0.000730357618380029,"both_observed",TRUE,"lamp_SK_GB",-0.00370233393883494,-0.00464265137595169,-0.00370212370623403,-0.00416814010810487,-0.00372197314822066,0.00509211495909682,0.0117992624449124,0.00946707031695363,-0.0087367126985736,-0.00464265137595169,-0.00370212370623403,"all_negative",TRUE,TRUE
"wb_pg_8_3_1","keypress",0.0312281460711584,0.0299159045954631,0.0013122414756953,"both_observed",FALSE,"lamp_SK_GB",-0.00648997775853326,-0.00525721228902336,-0.00650789171764159,-0.00469120356576793,-0.00372197314822066,0.00894405285651261,0.0117992624449124,0.0105313643946711,-0.0092191229189758,-0.00650789171764159,-0.00469120356576793,"all_negative",FALSE,TRUE
"wb_pg_pop2","keypress",0.00109597155996803,0,0.00109597155996803,"A_only_edge",FALSE,"lamp_SK_GB",-0.00512654687629515,-0.0040295326078318,-0.0035218465491811,-0.00597534833521699,-0.00372197314822066,0.0120307251546755,0.0117992624449124,0.0149814675750721,-0.0138854960151041,-0.00597534833521699,-0.0035218465491811,"all_negative",FALSE,TRUE
"wb_hist_back","keypress",0.150982832143861,0.15054500104249,0.000437831101370995,"both_observed",TRUE,"lamp_SK_GB",0.00029216024081191,-0.000257322702631907,0.000452000011930561,0.000178306500549883,-0.00372197314822066,0.0082182878189884,0.0117992624449124,0.0165877373564921,-0.0161499062551211,-0.000257322702631907,0.000452000011930561,"mixed_or_zero",TRUE,TRUE
"em","keypress",0.128224830540221,0.126178411127942,0.00204641941227898,"both_observed",TRUE,"lamp_SK_GB",0.000348187442618755,-0.000734663526608098,-0.000254008340998741,0.000957168465598824,-0.00372197314822066,0.00777019260380006,0.0117992624449124,0.0161956693431106,-0.0141492499308316,-0.000734663526608098,0.000957168465598824,"mixed_or_zero",TRUE,TRUE
"em_m_view_305","keypress",0.0949689177840803,0.0932761417937882,0.00169277599029211,"both_observed",TRUE,"lamp_SK_GB",-0.000269444246108051,-0.000982702780191588,0.00127975560971478,0.00145285654598917,-0.00372197314822066,0.0125844546892489,0.0117992624449124,0.0203922997398326,-0.0186995237495405,-0.000982702780191588,0.00145285654598917,"mixed_or_zero",TRUE,TRUE
"wb","keypress",0.213618082524878,0.213869299951772,-0.000251217426894018,"both_observed",TRUE,"lamp_SK_GB",-0.000374702261565752,-0.000998371707594088,-0.000297335007085482,-0.000595520833987914,-0.00372197314822066,0.0066964924163626,0.0117992624449124,0.0143990794514886,-0.0146502968783826,-0.000998371707594088,-0.000297335007085482,"all_negative",TRUE,TRUE
"wb_pg_8_4_submit","keypress",0.237174427201743,0.235721679816935,0.001452747384808,"both_observed",TRUE,"lamp_SK_GB",-0.0020871616474208,-0.00322492117965313,-0.00346600117008244,-0.00455697107551033,-0.00372197314822066,0.0028292576570617,0.0117992624449124,0.00881938530633265,-0.00736663792152466,-0.00455697107551033,-0.0020871616474208,"all_negative",TRUE,TRUE
"em_f_view","keypress",0,0.00203726482207443,-0.00203726482207443,"B_only_edge",TRUE,"lamp_SK_GB",0.000405437632145741,-0.000779502770861176,6.10507704430091e-05,0.00047651826756448,-0.00372197314822066,0.00539905208853044,0.0117992624449124,0.0138817790173679,-0.0159190438394424,-0.000779502770861176,0.00047651826756448,"mixed_or_zero",TRUE,TRUE
"wb_pg_2_1","keypress",0,0.022377633511635,-0.022377633511635,"B_only_edge",FALSE,"lamp_SK_GB",-0.00655764365465657,-0.00505096384548514,-0.00852732969138276,-0.00771028324921316,-0.00372197314822066,-0.0109958875417791,0.0117992624449124,-0.00947624189974397,-0.012901391611891,-0.00852732969138276,-0.00505096384548514,"all_negative",FALSE,TRUE
"wb_pg_2_2","keypress",0,0.0149114205194918,-0.0149114205194918,"B_only_edge",FALSE,"lamp_SK_GB",-0.0103865393155522,-0.00232715188364126,0.00118655534120226,-0.00156785026526782,-0.00372197314822066,-0.00348880817047634,0.0117992624449124,-0.00579805818933683,-0.00911336233015497,-0.0103865393155522,0.00118655534120226,"mixed_or_zero",FALSE,TRUE
"wb_pg_2_3","keypress",0.0599316220174612,0.0568021054771828,0.0031295165402784,"both_observed",FALSE,"lamp_SK_GB",-0.00489356572733386,-0.00333142165353611,-0.00187256537031079,0.00103943353055311,-0.00372197314822066,0.0061789539757858,0.0117992624449124,0.00936267754514369,-0.00623316100486529,-0.00489356572733386,0.00103943353055311,"mixed_or_zero",FALSE,TRUE
"wb_pg_pop3","keypress",0.147204030140097,0.136363858723377,0.01084017141672,"both_observed",FALSE,"lamp_SK_GB",-0.0118890828207946,-0.013197949192641,-0.0124203919159225,-0.0118566973706494,-0.00372197314822066,0.00915021762345977,0.0117992624449124,0.00533842409935696,0.00550174731736304,-0.013197949192641,-0.0118566973706494,"all_negative",FALSE,TRUE
"file","keypress",0.329426622685344,0.15270926697384,0.176717355711504,"both_observed",FALSE,"lamp_SK_GB",0.0646773133101751,0.0620295022825213,0.0664346343331726,0.0620629804330931,-0.00372197314822066,0.0246167920973764,0.0117992624449124,0.0973713947042433,0.0793459610072608,0.0620295022825213,0.0664346343331726,"all_positive",FALSE,TRUE
"em_new","keypress",0.515077194134299,0.507135710518011,0.00794148361628799,"both_observed",FALSE,"lamp_SK_GB",-0.0033658134913617,-0.00388658529071474,-0.000874956692022658,-0.00219480069695676,-0.00372197314822066,0.00994842248070753,0.0117992624449124,0.0146598982860376,-0.00671841466974959,-0.00388658529071474,-0.000874956692022658,"all_negative",FALSE,TRUE
"wb_book_a","keypress",0.127927874932643,0,0.127927874932643,"A_only_edge",FALSE,"lamp_SK_GB",0.0512862095562148,0.0485731119434798,0.0576165366119892,0.0550832757884363,-0.00372197314822066,-0.000898178821595849,0.0117992624449124,0.0584653200313107,0.0694625549013323,0.0485731119434798,0.0576165366119892,"all_positive",FALSE,TRUE
"wb_pg_8_4_reason_6","keypress",0.102936109454632,0,0.102936109454632,"A_only_edge",FALSE,"lamp_SK_GB",0.0472495236907762,0.0570179127797252,0.0798482289621001,0.0561204718417815,-0.00372197314822066,0.0247014474020852,0.0117992624449124,0.0800282603895531,0.0229078490650789,0.0472495236907762,0.0798482289621001,"all_positive",FALSE,TRUE
"em_re","keypress",0.640142887693573,0.613437566241486,0.0267053214520869,"both_observed",FALSE,"lamp_SK_GB",0.00564540940867587,0.00400529666447675,0.00320615888130999,0.00162122272702861,-0.00372197314822066,0.00796369588994863,0.0117992624449124,0.0216863945953163,0.00501892685677067,0.00162122272702861,0.00564540940867587,"all_positive",FALSE,TRUE
"wb_pg_8_4","wb_pg_8_4_submit",0,0.00404107522990492,-0.00404107522990492,"B_only_edge",TRUE,"lamp_SK_GB",-9.23673573420455e-05,-0.00245943368867869,-0.00289862397747778,-0.0026804378186809,-0.00372197314822066,0.00569292432272698,-0.00395119838762056,-0.00207261457045628,-0.00196846065944864,-0.00289862397747778,-9.23673573420455e-05,"all_negative",TRUE,TRUE
"wb_pg_8_4_reason_4","wb_pg_8_4_submit",0.0974439571312211,0.0964471643479507,0.000996792783270403,"both_observed",TRUE,"lamp_SK_GB",0.00110753810295039,-0.0022932076979708,-0.000783939451550851,-0.00253174586798164,-0.00372197314822066,0.00575079520640221,-0.00395119838762056,-0.000814838226488617,0.00181163100975902,-0.00253174586798164,0.00110753810295039,"mixed_or_zero",TRUE,TRUE
"wb_pg_8_4_request_1","wb_pg_8_4_submit",0.089075364003372,0.0889371772358247,0.000138186767547302,"both_observed",TRUE,"lamp_SK_GB",0.000652959443177632,0.000233848373007971,-0.000798065497335071,-0.000400217966455864,-0.00372197314822066,0.00509211495909682,-0.00395119838762056,-0.00192809713356677,0.00206628390111407,-0.000798065497335071,0.000652959443177632,"mixed_or_zero",TRUE,TRUE
"wb_pg_8_3","wb_pg_8_4_submit",0,0.00304132656574836,-0.00304132656574836,"B_only_edge",TRUE,"lamp_SK_GB",-0.000426601667104383,-0.00248459002464968,-0.00295935069383074,-0.00182818981634361,-0.00372197314822066,0.00732057740161939,-0.00395119838762056,-0.000779195801326204,-0.00226213076442216,-0.00295935069383074,-0.000426601667104383,"all_negative",TRUE,TRUE
"wb_hist_back","wb_pg_8_4_submit",0.0135507856364419,0.0135115251798365,3.92604566054004e-05,"both_observed",TRUE,"lamp_SK_GB",6.51581108626092e-05,-8.26167486829307e-05,-0.000521454044145872,-0.000595428512964342,-0.00372197314822066,0.0082182878189884,-0.00395119838762056,0.000610274394009797,-0.000571013937404397,-0.000595428512964342,6.51581108626092e-05,"mixed_or_zero",TRUE,TRUE
"wb","wb_pg_8_4_submit",0.00575655822704729,0.00576331896870654,-6.76074165925026e-06,"both_observed",TRUE,"lamp_SK_GB",0.000175379289903413,-0.000457991664209943,-0.000730312769155574,-0.000851824959793292,-0.00372197314822066,0.0066964924163626,-0.00395119838762056,-0.000801299829575206,0.000794539087915956,-0.000851824959793292,0.000175379289903413,"mixed_or_zero",TRUE,TRUE
"keypress","wb_pg_8_4_submit",0.467302995225771,0.452699846287334,0.014603148938437,"both_observed",TRUE,"lamp_SK_GB",0.000237547300415743,5.01965364863725e-05,-0.000301387212840864,0.000386101188677124,-0.00372197314822066,0.00992450075315462,-0.00395119838762056,0.00248887651772915,0.0121142724207079,-0.000301387212840864,0.000386101188677124,"mixed_or_zero",TRUE,TRUE
"wb_pg_pop3","wb_pg_8_4_submit",0.0648836780923499,0.0601068460431609,0.00477683204918901,"both_observed",FALSE,"lamp_SK_GB",0.000164061644115,-0.00326376610602335,-0.00447369548763806,-0.00501927844704514,-0.00372197314822066,0.00915021762345977,-0.00395119838762056,0.00164110773173355,0.00313572431745546,-0.00501927844704514,0.000164061644115,"mixed_or_zero",FALSE,TRUE
"wb_hist_for","wb_pg_8_4_submit",0,0.0229184831814581,-0.0229184831814581,"B_only_edge",FALSE,"lamp_SK_GB",-0.00108916513296436,-0.000507590268209427,-0.00244384121953721,-0.000179375299835771,-0.00372197314822066,0.00191720527490084,-0.00395119838762056,-0.00684513139390474,-0.0160733517875534,-0.00244384121953721,-0.000179375299835771,"all_negative",FALSE,TRUE
"wb_hist_back","wb_pg_2",0.0450467593448229,0.0434253754972225,0.0016213838476004,"both_observed",FALSE,"lamp_SK_GB",0.00342781099034579,0.00251096215196101,0.00312150574080709,0.00245692453771387,-0.00372197314822066,0.0082182878189884,-0.0149735355386416,-0.00704940987752803,0.00867079372512843,0.00245692453771387,0.00342781099034579,"all_positive",TRUE,FALSE
"wb","wb_pg_2",0.0224688440441675,0.0217470398626687,0.000721804181498802,"both_observed",FALSE,"lamp_SK_GB",0.00352493474812002,0.00283878835553945,0.00374563097870435,0.00277131933283467,-0.00372197314822066,0.0066964924163626,-0.0149735355386416,-0.00847408152237961,0.00919588570387841,0.00277131933283467,0.00374563097870435,"all_positive",TRUE,FALSE
"wb_pg_0","wb_pg_2",0,0.0788805234332619,-0.0788805234332619,"B_only_edge",FALSE,"lamp_SK_GB",-0.0754858218599035,-0.0701883367259695,-0.0807788743817938,-0.0747138650269274,-0.00372197314822066,0.0328824088291611,-0.0149735355386416,-0.0612989217176046,-0.0175816017156573,-0.0807788743817938,-0.0701883367259695,"all_negative",FALSE,FALSE
"em","em_f_view",0.185125779953978,0.182171281610567,0.00295449834341099,"both_observed",TRUE,"lamp_SK_GB",-0.00243399501519295,-0.00224497311332899,-0.00626512893424887,-0.000945362966595582,-0.00372197314822066,0.00777019260380006,-0.0163281220089545,-0.014713897568568,0.017668395911979,-0.00626512893424887,-0.000945362966595582,"all_negative",TRUE,TRUE
"em_m_view_305","em_f_view",0.0132169541710384,0.0129813688544894,0.000235585316549001,"both_observed",TRUE,"lamp_SK_GB",0.000402805712656306,0.000517092442947893,-0.00117224277917786,0.00121826538753563,-0.00372197314822066,0.0125844546892489,-0.0163281220089545,-0.00706283475526995,0.00729842007181895,-0.00117224277917786,0.00121826538753563,"mixed_or_zero",TRUE,TRUE
"keypress","em_f_view",0.0104513839942991,0.0101247256235767,0.000326658370722399,"both_observed",TRUE,"lamp_SK_GB",0.00131932106390785,0.00150586418793998,-0.00214590565021061,0.00177443603972674,-0.00372197314822066,0.00992450075315462,-0.0163281220089545,-0.00880627334011264,0.00913293171083504,-0.00214590565021061,0.00177443603972674,"mixed_or_zero",TRUE,TRUE
"em_m_view_116","em_f_view",0.162506004181403,0.130250271796984,0.032255732384419,"both_observed",FALSE,"lamp_SK_GB",-0.00478912152830716,-0.00859664581199205,-0.0168785725364323,-0.00803445047651573,-0.00372197314822066,0.0109374282143305,-0.0163281220089545,-0.0139017884711518,0.0461575208555708,-0.0168785725364323,-0.00478912152830716,"all_negative",FALSE,TRUE
"em_m_view_117","em_f_view",0,0.0711383255070671,-0.0711383255070671,"B_only_edge",FALSE,"lamp_SK_GB",-0.00577261985739134,-0.0100423488791774,-0.0280437839394281,-0.0117731227912227,-0.00372197314822066,0.00903867652838764,-0.0163281220089545,-0.0167840384861788,-0.0543542870208883,-0.0280437839394281,-0.00577261985739134,"all_negative",FALSE,TRUE
"em_m_view_119","em_f_view",0,0.132529780621246,-0.132529780621246,"B_only_edge",FALSE,"lamp_SK_GB",-0.0873644351037802,-0.0917401546162016,-0.0847816670244767,-0.0878369599788817,-0.00372197314822066,0.0169351656248879,-0.0163281220089545,-0.0904793646360674,-0.0420504159851786,-0.0917401546162016,-0.0847816670244767,"all_negative",FALSE,TRUE
"em_m_view_120","em_f_view",0,0.0559399375429146,-0.0559399375429146,"B_only_edge",FALSE,"lamp_SK_GB",-0.00104673560531356,-0.0207771868702007,-0.0279640952652337,-0.0145841541331186,-0.00372197314822066,0.00279768435004795,-0.0163281220089545,-0.0182991464124407,-0.0376407911304739,-0.0279640952652337,-0.00104673560531356,"all_negative",FALSE,TRUE
"em_m_view_113","em_f_view",0.0466366331864296,0.0338695255796903,0.0127671076067393,"both_observed",FALSE,"lamp_SK_GB",-0.00949312889443447,-0.00695229769324821,-0.00678971874270508,-0.00756707385011791,-0.00372197314822066,0.0154294015355631,-0.0163281220089545,-0.0141138225160465,0.0268809301227858,-0.00949312889443447,-0.00678971874270508,"all_negative",FALSE,TRUE
"em_m_view_114","em_f_view",0,0.0328122338774218,-0.0328122338774218,"B_only_edge",FALSE,"lamp_SK_GB",-0.0125845340609431,-0.0137217951929741,-0.0191365253468528,-0.0149672706322041,-0.00372197314822066,0.014200079392714,-0.0163281220089545,-0.0184345498254042,-0.0143776840520176,-0.0191365253468528,-0.0125845340609431,"all_negative",FALSE,TRUE
"em_m_view_115","em_f_view",0,0.166403008150515,-0.166403008150515,"B_only_edge",FALSE,"lamp_SK_GB",-0.0501747549141378,-0.048499231265575,-0.049592570308355,-0.0497116443489591,-0.00372197314822066,0.00891593007138232,-0.0163281220089545,-0.0613089199999306,-0.105094088150584,-0.0501747549141378,-0.048499231265575,"all_negative",FALSE,TRUE
"wb_pg_2_3","em_f_view",0,0.00494581718632573,-0.00494581718632573,"B_only_edge",FALSE,"lamp_SK_GB",0.00626835862631416,0.0101004715969579,0.00395985877688153,0.0116072543941284,-0.00372197314822066,0.0061789539757858,-0.0163281220089545,-0.00760278255507515,0.00265696536874942,0.00395985877688153,0.0116072543941284,"all_positive",FALSE,TRUE
"em_m_view_111","em_f_view",0,0.0998524863039361,-0.0998524863039361,"B_only_edge",FALSE,"lamp_SK_GB",-0.0571491763843669,-0.0575509321425876,-0.0680183296668986,-0.0593867486188323,-0.00372197314822066,0.00799594099877873,-0.0163281220089545,-0.0692033305427633,-0.0306491557611728,-0.0680183296668986,-0.0571491763843669,"all_negative",FALSE,TRUE
"em_m_view_101","em_f_view",0,0.0373411355297379,-0.0373411355297379,"B_only_edge",FALSE,"lamp_SK_GB",0.00374838474960003,-0.000503182578874816,0.00753063041863407,-0.0112858380414361,-0.00372197314822066,-0.0191037099773081,-0.0163281220089545,-0.0354054203848832,-0.00193571514485472,-0.0112858380414361,0.00753063041863407,"mixed_or_zero",FALSE,TRUE
"em_m_view_102","em_f_view",0,0.0289173002081663,-0.0289173002081663,"B_only_edge",FALSE,"lamp_SK_GB",-0.016184501600232,-0.0152260592443245,-0.0189448467208097,-0.0157986469793522,-0.00372197314822066,0.000760679452515592,-0.0163281220089545,-0.0354739173048915,0.00655661709672522,-0.0189448467208097,-0.0152260592443245,"all_negative",FALSE,TRUE
"em_m_view_104","em_f_view",0.472385591930027,0.0709243600021875,0.40146123192784,"both_observed",FALSE,"lamp_SK_GB",0.301779396882483,0.305306525227082,0.293978852062873,0.300535794403577,-0.00372197314822066,0.0309000319228734,-0.0163281220089545,0.312629333648181,0.0888318982796582,0.293978852062873,0.305306525227082,"all_positive",FALSE,TRUE
"em_m_view_105","em_f_view",0.0557494775230524,0.047478273960573,0.0082712035624794,"both_observed",FALSE,"lamp_SK_GB",0.0120377604835288,0.0151999417407952,0.0063932475276804,0.0116651416806675,-0.00372197314822066,0.00620828355158402,-0.0163281220089545,-0.00180405112206228,0.0100752546845417,0.0063932475276804,0.0151999417407952,"all_positive",FALSE,TRUE
"em_m_view_107","em_f_view",0,0.032688660856355,-0.032688660856355,"B_only_edge",FALSE,"lamp_SK_GB",-0.0145882141494681,-0.0101660053780891,-0.0186656701288529,-0.0134814228073235,-0.00372197314822066,0.00690675189405741,-0.0163281220089545,-0.0277315574125858,-0.00495710344376915,-0.0186656701288529,-0.0101660053780891,"all_negative",FALSE,TRUE
"em_m_view_108","em_f_view",0,0.0595689250191127,-0.0595689250191127,"B_only_edge",FALSE,"lamp_SK_GB",-0.0413251755367344,-0.0394483970531048,-0.0440981548710551,-0.0437162058438688,-0.00372197314822066,0.00490403133553693,-0.0163281220089545,-0.0564712393583726,-0.00309768566074014,-0.0440981548710551,-0.0394483970531048,"all_negative",FALSE,TRUE
"em_m_view_110","em_f_view",0,0.25183376164112,-0.25183376164112,"B_only_edge",FALSE,"lamp_SK_GB",-0.203152802849958,-0.207248109913768,-0.215238246645236,-0.208201325583979,-0.00372197314822066,0.00648283100274448,-0.0163281220089545,-0.216720067004389,-0.035113694636731,-0.215238246645236,-0.203152802849958,"all_negative",FALSE,TRUE
"file","em_f_view",0,0.0762740181948909,-0.0762740181948909,"B_only_edge",FALSE,"lamp_SK_GB",-0.0705259008969949,-0.0684259390236838,-0.0771727112990465,-0.067797218089356,-0.00372197314822066,0.0246167920973764,-0.0163281220089545,-0.0659592039567936,-0.0103148142380973,-0.0771727112990465,-0.067797218089356,"all_negative",FALSE,TRUE
"em_m_drag","em_f_view",0.245176675557331,0,0.245176675557331,"A_only_edge",FALSE,"lamp_SK_GB",0.107218354320375,0.116334428548597,0.110830543621005,0.113032023050684,-0.00372197314822066,0.0362761775773702,-0.0163281220089545,0.12344443674057,0.121732238816761,0.107218354320375,0.116334428548597,"all_positive",FALSE,TRUE
"em","em_m_view_116",0,0.0104904421124638,-0.0104904421124638,"B_only_edge",FALSE,"lamp_SK_GB",-0.000645879332802936,-0.000817381511021958,-0.00129479197041288,0.000136790239299631,-0.00372197314822066,0.00777019260380006,-0.000515055318162125,0.00288728480461434,-0.0133777269170781,-0.00129479197041288,0.000136790239299631,"mixed_or_zero",TRUE,FALSE
"keypress","em_m_view_116",0.000852217331950986,0.000797755282060912,5.4462049890074e-05,"both_observed",FALSE,"lamp_SK_GB",9.18790727803363e-05,7.71698356394123e-05,-0.000264617035571101,0.000532946584455177,-0.00372197314822066,0.00992450075315462,-0.000515055318162125,0.00577935135955218,-0.0057248893096621,-0.000264617035571101,0.000532946584455177,"mixed_or_zero",TRUE,FALSE
"em_f_view","em_m_view_116",0.0521378526477439,0.0479765108159146,0.0041613418318293,"both_observed",FALSE,"lamp_SK_GB",-0.000805083739795477,-0.00100271768276854,-0.000635248556248111,-0.000682375578454258,-0.00372197314822066,0.00539905208853044,-0.000515055318162125,0.000356939882352183,0.00380440194947712,-0.00100271768276854,-0.000635248556248111,"all_negative",TRUE,FALSE
"em_m_view_117","em_m_view_116",0.310427134791141,0.236594831397851,0.07383230339329,"both_observed",FALSE,"lamp_SK_GB",0.00383139324369772,0.00245313473850888,-0.00167050712229469,0.00304557193701624,-0.00372197314822066,0.00903867652838764,-0.000515055318162125,0.00863304130570258,0.0651992620875874,-0.00167050712229469,0.00383139324369772,"mixed_or_zero",FALSE,FALSE
"em_m_view_119","em_m_view_116",0,0.0421220409504851,-0.0421220409504851,"B_only_edge",FALSE,"lamp_SK_GB",-0.0267632897351424,-0.0271482179888063,-0.0258756531113493,-0.0265954879041099,-0.00372197314822066,0.0169351656248879,-0.000515055318162125,-0.0140651525766373,-0.0280568883738478,-0.0271482179888063,-0.0258756531113493,"all_negative",FALSE,FALSE
"em_m_view_120","em_m_view_116",0.0651935240914172,0.0422177813357061,0.0229757427557111,"both_observed",FALSE,"lamp_SK_GB",0.00974757428136874,0.00426886367526153,0.00192205384334769,0.00738287819569838,-0.00372197314822066,0.00279768435004795,-0.000515055318162125,0.00830823016503391,0.0146675125906772,0.00192205384334769,0.00974757428136874,"all_positive",FALSE,FALSE
"em_m_view_113","em_m_view_116",0,0.0287558798411918,-0.0287558798411918,"B_only_edge",FALSE,"lamp_SK_GB",-0.0115152830694205,-0.0102813023880768,-0.0117143708779395,-0.011416445249125,-0.00372197314822066,0.0154294015355631,-0.000515055318162125,-0.000322910000240149,-0.0284329698409517,-0.0117143708779395,-0.0102813023880768,"all_negative",FALSE,FALSE
"em_m_view_115","em_m_view_116",0,0.0262232000940056,-0.0262232000940056,"B_only_edge",FALSE,"lamp_SK_GB",-0.0139897465677543,-0.0133533770164421,-0.0131851761694807,-0.0132573546003972,-0.00372197314822066,0.00891593007138232,-0.000515055318162125,-0.00931084496275474,-0.0169123551312509,-0.0139897465677543,-0.0131851761694807,"all_negative",FALSE,FALSE
"em_m_view_111","em_m_view_116",0,0.0256377882716184,-0.0256377882716184,"B_only_edge",FALSE,"lamp_SK_GB",-0.0155424962111751,-0.0153986768566935,-0.0177394249874268,-0.0151539888574095,-0.00372197314822066,0.00799594099877873,-0.000515055318162125,-0.0117835836787792,-0.0138542045928392,-0.0177394249874268,-0.0151539888574095,"all_negative",FALSE,FALSE
"em_m_view_104","em_m_view_116",0.120868145417227,0,0.120868145417227,"A_only_edge",FALSE,"lamp_SK_GB",0.0803181358397036,0.0811009299656288,0.0740927081595538,0.0795511071850022,-0.00372197314822066,0.0309000319228734,-0.000515055318162125,0.106981139296194,0.0138870061210328,0.0740927081595538,0.0811009299656288,"all_positive",FALSE,FALSE
"em_m_view_110","em_m_view_116",0,0.0359306937242,-0.0359306937242,"B_only_edge",FALSE,"lamp_SK_GB",-0.0499663335050219,-0.0515736906231337,-0.0506327548236035,-0.0500139154101618,-0.00372197314822066,0.00648283100274448,-0.000515055318162125,-0.0477205309686602,0.0117898372444602,-0.0515736906231337,-0.0499663335050219,"all_negative",FALSE,FALSE
"em","em_m_view_117",0,0.00122834899228689,-0.00122834899228689,"B_only_edge",FALSE,"lamp_SK_GB",0.0031725381270651,0.00255298398879596,0.00467245523881922,0.00325553525674862,-0.00372197314822066,0.00777019260380006,-0.0194165880813785,-0.0121958304987339,0.0109674815064471,0.00255298398879596,0.00467245523881922,"all_positive",TRUE,FALSE
"em_f_view","em_m_view_117",0,0.0180967823369655,-0.0180967823369655,"B_only_edge",FALSE,"lamp_SK_GB",0.00135041214085854,0.00214824898937319,0.00271044397971668,0.00138459999082554,-0.00372197314822066,0.00539905208853044,-0.0194165880813785,-0.0163890970002101,-0.00170768533675537,0.00135041214085854,0.00271044397971668,"all_positive",TRUE,FALSE
"em_m_view_116","em_m_view_117",0.681693136721732,0.5706440210743,0.111049115647432,"both_observed",FALSE,"lamp_SK_GB",0.0222529306623036,0.0206835946959396,0.0230499638096983,0.0202564841189377,-0.00372197314822066,0.0109374282143305,-0.0194165880813785,0.010051797647035,0.100997318000397,0.0202564841189377,0.0230499638096983,"all_positive",FALSE,FALSE
"em_m_view_118","em_m_view_117",0,0.261824063538925,-0.261824063538925,"B_only_edge",FALSE,"lamp_SK_GB",-0.122683118267987,-0.141013616028256,-0.134716798573529,-0.136392505380444,-0.00372197314822066,-0.0336213389904124,-0.0194165880813785,-0.179443018487999,-0.0823810450509264,-0.141013616028256,-0.122683118267987,"all_negative",FALSE,FALSE
"em_m_view_119","em_m_view_117",0.0272890549193645,0.0179635271851511,0.0093255277342134,"both_observed",FALSE,"lamp_SK_GB",0.0121662290188184,0.0194108428707396,0.0203526782650847,0.0149111969906301,-0.00372197314822066,0.0169351656248879,-0.0194165880813785,0.00596283341410724,0.00336269432010616,0.0121662290188184,0.0203526782650847,"all_positive",FALSE,FALSE
"em_m_view_120","em_m_view_117",0.0216350031305557,0.0140083351212724,0.0076266680092833,"both_observed",FALSE,"lamp_SK_GB",0.00401663471902355,0.0106201660904399,0.00510631637178797,0.0119020493195751,-0.00372197314822066,0.00279768435004795,-0.0194165880813785,-0.0163242421605276,0.0239509101698109,0.00401663471902355,0.0119020493195751,"all_positive",FALSE,FALSE
"em_m_view_115","em_m_view_117",0,0.0136532445298751,-0.0136532445298751,"B_only_edge",FALSE,"lamp_SK_GB",0.00708253245811598,0.00990113665283288,0.0146536239627375,0.00821187825844396,-0.00372197314822066,0.00891593007138232,-0.0194165880813785,-0.0071400987001008,-0.0065131458297743,0.00708253245811598,0.0146536239627375,"all_positive",FALSE,FALSE
"em_m_view_104","em_m_view_117",0,0.00924617490631388,-0.00924617490631388,"B_only_edge",FALSE,"lamp_SK_GB",-0.0220919567479473,-0.0492402370269655,-0.0579360784347143,-0.0395152357965052,-0.00372197314822066,0.0309000319228734,-0.0194165880813785,-0.014330486054673,0.00508431114835911,-0.0579360784347143,-0.0220919567479473,"all_negative",FALSE,FALSE
"em_m_drag","em_m_view_117",0,0.0833527253989481,-0.0833527253989481,"B_only_edge",FALSE,"lamp_SK_GB",-0.042059679341326,-0.0493202891368351,-0.0535372915042282,-0.0425976497156153,-0.00372197314822066,0.0362761775773702,-0.0194165880813785,-0.0289220629935549,-0.0544306624053932,-0.0535372915042282,-0.042059679341326,"all_negative",FALSE,FALSE
"em_f_view","em_m_view_118",0,0.00674098954682363,-0.00674098954682363,"B_only_edge",FALSE,"lamp_SK_GB",-0.00436910341492755,-0.00600539913126555,-0.00179520396773081,-0.00504776535673655,-0.00372197314822066,0.00539905208853044,0.0103463025736271,0.00765427809900932,-0.0143952676458329,-0.00600539913126555,-0.00179520396773081,"all_negative",TRUE,FALSE
"em_m_view_116","em_m_view_118",0.0727427372103262,0.0608962327347408,0.0118465044755854,"both_observed",FALSE,"lamp_SK_GB",0.00271067209411598,-0.000235403646962962,0.00504657905659269,0.00207848641996085,-0.00372197314822066,0.0109374282143305,0.0103463025736271,0.0202724297338529,-0.00842592525826749,-0.000235403646962962,0.00504657905659269,"mixed_or_zero",FALSE,FALSE
"em_m_view_117","em_m_view_118",0.667262034566714,0.508550035187075,0.158711999379639,"both_observed",FALSE,"lamp_SK_GB",0.0357180693369046,0.0319511036080603,0.0324809898781713,0.0347900639232518,-0.00372197314822066,0.00903867652838764,0.0103463025736271,0.0513810752906987,0.10733092408894,0.0319511036080603,0.0357180693369046,"all_positive",FALSE,FALSE
"em_m_view_119","em_m_view_118",0,0.114761930485119,-0.114761930485119,"B_only_edge",FALSE,"lamp_SK_GB",-0.070505623122355,-0.078824862920667,-0.0572487745919232,-0.0718945808188459,-0.00372197314822066,0.0169351656248879,0.0103463025736271,-0.0469461280720606,-0.0678158024130584,-0.078824862920667,-0.0572487745919232,"all_negative",FALSE,FALSE
"em_m_view_120","em_m_view_118",0,0.0111274202041981,-0.0111274202041981,"B_only_edge",FALSE,"lamp_SK_GB",-0.00516742508134678,-0.0205295570189826,-0.0124304474915117,-0.0125289360600864,-0.00372197314822066,0.00279768435004795,0.0103463025736271,0.00425458869410759,-0.0153820088983057,-0.0205295570189826,-0.00516742508134678,"all_negative",FALSE,FALSE
"em","em_m_view_119",0.0239947455346134,0.0228255579687615,0.0011691875658519,"both_observed",FALSE,"lamp_SK_GB",-0.00308385406822686,-0.00493042445838827,-0.00578698952912264,-0.0016230305742411,-0.00372197314822066,0.00777019260380006,-0.0105677826653135,-0.00960341727796095,0.0107726048438129,-0.00578698952912264,-0.0016230305742411,"all_negative",TRUE,FALSE
"keypress","em_m_view_119",0,0.00163898734948981,-0.00163898734948981,"B_only_edge",FALSE,"lamp_SK_GB",-0.0016848759522484,-0.00319432471231386,-0.00343507775384219,-0.000740681325958536,-0.00372197314822066,0.00992450075315462,-0.0105677826653135,-0.00605013101262793,0.00441114366313812,-0.00343507775384219,-0.000740681325958536,"all_negative",TRUE,FALSE
"em_f_view","em_m_view_119",0.0894356070690137,0.0822928072982897,0.007142799770724,"both_observed",FALSE,"lamp_SK_GB",0.00175463290633524,-0.00132130529113721,-0.00150819200570064,0.00211035494100427,-0.00372197314822066,0.00539905208853044,-0.0105677826653135,-0.00713607081866847,0.0142788705893925,-0.00150819200570064,0.00211035494100427,"mixed_or_zero",TRUE,FALSE
"em_m_view_116","em_m_view_119",0.0586854015911845,0.0491220238916016,0.0095633776995829,"both_observed",FALSE,"lamp_SK_GB",-0.00289737449766187,0.00123737215313597,0.00232107362584651,1.6567870225785e-05,-0.00372197314822066,0.0109374282143305,-0.0105677826653135,-0.00624970209686554,0.0158130797964484,-0.00289737449766187,0.00232107362584651,"mixed_or_zero",FALSE,FALSE
"em_m_view_117","em_m_view_119",0,0.0760430051410661,-0.0760430051410661,"B_only_edge",FALSE,"lamp_SK_GB",-0.0312586653495022,-0.0291957346579402,-0.035440097651499,-0.0293797843841872,-0.00372197314822066,0.00903867652838764,-0.0105677826653135,-0.0365097446346487,-0.0395332605064174,-0.035440097651499,-0.0291957346579402,"all_negative",FALSE,FALSE
"em_m_view_118","em_m_view_119",1,0.652707442294789,0.347292557705211,"both_observed",FALSE,"lamp_SK_GB",0.333195244888454,0.317211794863103,0.317207924487451,0.313861543108497,-0.00372197314822066,-0.0336213389904124,-0.0105677826653135,0.285284150084508,0.0620084076207031,0.313861543108497,0.333195244888454,"all_positive",FALSE,FALSE
"em_m_view_120","em_m_view_119",0,0.183050536221427,-0.183050536221427,"B_only_edge",FALSE,"lamp_SK_GB",-0.103620601950472,-0.119782268334582,-0.126490756436019,-0.108137729283103,-0.00372197314822066,0.00279768435004795,-0.0105677826653135,-0.115112673413958,-0.0679378628074688,-0.126490756436019,-0.103620601950472,"all_negative",FALSE,FALSE
"em_m_view_112","em_m_view_119",0,0.0304795294239813,-0.0304795294239813,"B_only_edge",FALSE,"lamp_SK_GB",-0.0405344780671454,-0.0145629818931406,-0.0141128741130316,-0.0228935993950674,-0.00372197314822066,0.0199854911962721,-0.0105677826653135,-0.0348387426844074,0.0043592132604261,-0.0405344780671454,-0.0141128741130316,"all_negative",FALSE,FALSE
"em_m_view_114","em_m_view_119",0,0.0126378955190571,-0.0126378955190571,"B_only_edge",FALSE,"lamp_SK_GB",-0.00549221241608312,-0.00955029923904229,-0.0131657519399054,-0.00790163046631397,-0.00372197314822066,0.014200079392714,-0.0105677826653135,-0.00558188883690324,-0.00705600668215386,-0.0131657519399054,-0.00549221241608312,"all_negative",FALSE,FALSE
"em_m_view_115","em_m_view_119",0.184302559610053,0.134660566692219,0.049641992917834,"both_observed",FALSE,"lamp_SK_GB",0.0192633982674591,0.00495829752958726,-0.00156520585635514,0.0118569846380293,-0.00372197314822066,0.00891593007138232,-0.0105677826653135,0.0138895725253073,0.0357524203925267,-0.00156520585635514,0.0192633982674591,"mixed_or_zero",FALSE,FALSE
"em_m_drag","em_m_view_119",0,0.0969579841997668,-0.0969579841997668,"B_only_edge",FALSE,"lamp_SK_GB",-0.086383950915355,-0.0690973580420492,-0.0718316022178252,-0.0734020516871148,-0.00372197314822066,0.0362761775773702,-0.0105677826653135,-0.064397529151519,-0.0325604550482478,-0.086383950915355,-0.0690973580420492,"all_negative",FALSE,FALSE
"em","em_m_view_120",0,0.0029235995556787,-0.0029235995556787,"B_only_edge",FALSE,"lamp_SK_GB",0.00345196329679931,0.00186124237183317,0.00371180450885089,0.000677531481909843,-0.00372197314822066,0.00777019260380006,-0.0134060250393258,-0.00590584228694707,0.00298224273126837,0.000677531481909843,0.00371180450885089,"all_positive",TRUE,FALSE
"keypress","em_m_view_120",0,0.000556230245503521,-0.000556230245503521,"B_only_edge",FALSE,"lamp_SK_GB",0.00156131362644083,-0.000448894320889384,0.00114969160499839,-0.000672571501171063,-0.00372197314822066,0.00992450075315462,-0.0134060250393258,-0.00564218380795098,0.00508595356244746,-0.000672571501171063,0.00156131362644083,"mixed_or_zero",TRUE,FALSE
"em_f_view","em_m_view_120",0,0.0122062487409929,-0.0122062487409929,"B_only_edge",FALSE,"lamp_SK_GB",0.00313668162081119,0.00274486444777666,0.00204633046891323,0.00254359153113852,-0.00372197314822066,0.00539905208853044,-0.0134060250393258,-0.00859226447820481,-0.00361398426278809,0.00204633046891323,0.00313668162081119,"all_positive",TRUE,FALSE
"em_m_view_117","em_m_view_120",0,0.0124061222067448,-0.0124061222067448,"B_only_edge",FALSE,"lamp_SK_GB",-0.00211147409657991,-0.000686711306493606,0.00167260695620108,-0.0029565463767005,-0.00372197314822066,0.00903867652838764,-0.0134060250393258,-0.0102007957557387,-0.00220532645100609,-0.0029565463767005,0.00167260695620108,"mixed_or_zero",FALSE,FALSE
"em_m_view_119","em_m_view_120",0.49228525220431,0.324056478672499,0.168228773531811,"both_observed",FALSE,"lamp_SK_GB",0.0815469196124006,0.0788387100438406,0.0735158351659373,0.078069414079259,-0.00372197314822066,0.0169351656248879,-0.0134060250393258,0.0813540870497421,0.0868746864820689,0.0735158351659373,0.0815469196124006,"all_positive",FALSE,FALSE
"em_m_view_112","em_m_view_120",0,0.174950982876208,-0.174950982876208,"B_only_edge",FALSE,"lamp_SK_GB",-0.11537646933249,-0.108541001295652,-0.102758637205142,-0.104623320761804,-0.00372197314822066,0.0199854911962721,-0.0134060250393258,-0.112518976323764,-0.0624320065524435,-0.11537646933249,-0.102758637205142,"all_negative",FALSE,FALSE
"em_m_view_115","em_m_view_120",0.0211478987047512,0.0154531669653186,0.0056947317394326,"both_observed",FALSE,"lamp_SK_GB",0.0266776741939415,0.0245947385021899,0.0209962141324661,0.0244705631300338,-0.00372197314822066,0.00891593007138232,-0.0134060250393258,0.0184656060777774,-0.0127708743383448,0.0209962141324661,0.0266776741939415,"all_positive",FALSE,FALSE
"em_m_view_106","em_m_view_120",0,0.00460427444406402,-0.00460427444406402,"B_only_edge",FALSE,"lamp_SK_GB",0.0158463234803654,0.0173800287512078,0.011947213751324,0.0126755679537653,-0.00372197314822066,0.00410158033125056,-0.0134060250393258,0.00281990562406953,-0.00742418006813355,0.011947213751324,0.0173800287512078,"all_positive",FALSE,FALSE
"em_m_view_107","em_m_view_120",0.00508161301395343,0,0.00508161301395343,"A_only_edge",FALSE,"lamp_SK_GB",0.00938869156893003,0.00358119989235554,0.00697087470558375,0.00698237943872367,-0.00372197314822066,0.00690675189405741,-0.0134060250393258,-0.000832554724558988,0.00591416773851242,0.00358119989235554,0.00938869156893003,"all_positive",FALSE,FALSE
"em_m_drag","em_m_view_120",0,0.0700979829021948,-0.0700979829021948,"B_only_edge",FALSE,"lamp_SK_GB",-0.0778005372299268,-0.0712499784181826,-0.0699268295609546,-0.0738215014233385,-0.00372197314822066,0.0362761775773702,-0.0134060250393258,-0.0586523578401031,-0.0114456250620917,-0.0778005372299268,-0.0699268295609546,"all_negative",FALSE,FALSE
"em_f_view","em_m_view_112",0,0.00211392595150467,-0.00211392595150467,"B_only_edge",FALSE,"lamp_SK_GB",-0.00475713912427981,-0.0028056402564363,-0.00381230477577944,-0.00320582266085798,-0.00372197314822066,0.00539905208853044,0.0161861427885471,0.0131060826045771,-0.0152200085560817,-0.00475713912427981,-0.0028056402564363,"all_negative",TRUE,FALSE
"em_m_view_116","em_m_view_112",0,0.0101492238075468,-0.0101492238075468,"B_only_edge",FALSE,"lamp_SK_GB",-0.0313721013176231,-0.0206002066709422,-0.0310395435581935,-0.0214897702137643,-0.00372197314822066,0.0109374282143305,0.0161861427885471,-0.00797050346296615,-0.00217872034458065,-0.0313721013176231,-0.0206002066709422,"all_negative",FALSE,FALSE
"em_m_view_117","em_m_view_112",0,0.00543597614458056,-0.00543597614458056,"B_only_edge",FALSE,"lamp_SK_GB",-0.00902700684707649,-0.0018553657732336,-0.00474169521305061,-0.00306220959994829,-0.00372197314822066,0.00903867652838764,0.0161861427885471,0.0124758393216376,-0.0179118154662182,-0.00902700684707649,-0.0018553657732336,"all_negative",FALSE,FALSE
"em_m_view_118","em_m_view_112",0,0.00999580788633455,-0.00999580788633455,"B_only_edge",FALSE,"lamp_SK_GB",-0.0109195398788967,-0.024003251713327,-0.020018044771833,-0.0267375360024879,-0.00372197314822066,-0.0336213389904124,0.0161861427885471,-0.0320767092289827,0.0220809013426482,-0.0267375360024879,-0.0109195398788967,"all_negative",FALSE,FALSE
"em_m_view_119","em_m_view_112",0,0.0299975276594864,-0.0299975276594864,"B_only_edge",FALSE,"lamp_SK_GB",-0.0245356563080203,-0.0130510430876546,-0.0189536072242438,-0.0178710220959784,-0.00372197314822066,0.0169351656248879,0.0161861427885471,0.00486367895719414,-0.0348612066166805,-0.0245356563080203,-0.0130510430876546,"all_negative",FALSE,FALSE
"em_m_view_120","em_m_view_112",0.806743233440411,0.522409121149524,0.284334112290887,"both_observed",FALSE,"lamp_SK_GB",0.134611062355096,0.13124432633514,0.134846791146675,0.136865193058524,-0.00372197314822066,0.00279768435004795,0.0161861427885471,0.14987291634547,0.134461195945417,0.13124432633514,0.136865193058524,"all_positive",FALSE,FALSE
"em_m_view_113","em_m_view_112",0,0.194497972966063,-0.194497972966063,"B_only_edge",FALSE,"lamp_SK_GB",-0.136292858993519,-0.126446231962406,-0.135843104046939,-0.131065424691669,-0.00372197314822066,0.0154294015355631,0.0161861427885471,-0.108399287817629,-0.086098685148434,-0.136292858993519,-0.126446231962406,"all_negative",FALSE,FALSE
"em_m_view_115","em_m_view_112",0.0174862937822921,0,0.0174862937822921,"A_only_edge",FALSE,"lamp_SK_GB",-0.00951447282641591,-0.00760699185943598,-0.0132204331950404,-0.00739439258829066,-0.00372197314822066,0.00891593007138232,0.0161861427885471,0.0118656268852929,0.00562066689699924,-0.0132204331950404,-0.00739439258829066,"all_negative",FALSE,FALSE
"em_m_view_104","em_m_view_112",0,0.00920733182748513,-0.00920733182748513,"B_only_edge",FALSE,"lamp_SK_GB",-0.0488761182470945,-0.0451677459628141,-0.0560318130299174,-0.0483133664743696,-0.00372197314822066,0.0309000319228734,0.0161861427885471,-0.00551191668389461,-0.00369541514359052,-0.0560318130299174,-0.0451677459628141,"all_negative",FALSE,FALSE
"em","em_m_view_113",0,0.000303272077910616,-0.000303272077910616,"B_only_edge",FALSE,"lamp_SK_GB",-0.00565227126187006,-0.004163710618909,-0.00907401502881939,-0.00405700234366862,-0.00372197314822066,0.00777019260380006,0.0212242997851695,0.0196202479788789,-0.0199235200567895,-0.00907401502881939,-0.00405700234366862,"all_negative",TRUE,FALSE
"em_m_view_116","em_m_view_113",0,0.0101544694954951,-0.0101544694954951,"B_only_edge",FALSE,"lamp_SK_GB",-0.0163458110934141,-0.012637704247442,-0.0196486439704307,-0.0141044791660971,-0.00372197314822066,0.0109374282143305,0.0212242997851695,0.0120939437578652,-0.0222484132533603,-0.0196486439704307,-0.012637704247442,"all_negative",FALSE,FALSE
"em_m_view_117","em_m_view_113",0,0.00944689590255754,-0.00944689590255754,"B_only_edge",FALSE,"lamp_SK_GB",-0.0106569828636555,-0.0116504198899284,-0.0222689880464302,-0.0129425353389052,-0.00372197314822066,0.00903867652838764,0.0212242997851695,0.0158840203016809,-0.0253309162042385,-0.0222689880464302,-0.0106569828636555,"all_negative",FALSE,FALSE
"em_m_view_119","em_m_view_113",0,0.00724897330998608,-0.00724897330998608,"B_only_edge",FALSE,"lamp_SK_GB",-0.0468709633125736,-0.0512041991950618,-0.05268213067147,-0.0476473030931465,-0.00372197314822066,0.0169351656248879,0.0212242997851695,-0.0124334710507368,0.00518449774075072,-0.05268213067147,-0.0468709633125736,"all_negative",FALSE,FALSE
"em_m_view_120","em_m_view_113",0,0.0310042941184311,-0.0310042941184311,"B_only_edge",FALSE,"lamp_SK_GB",-0.0143269970063353,-0.0329483939435707,-0.0417521738943109,-0.0244450829546927,-0.00372197314822066,0.00279768435004795,0.0212242997851695,0.00597301398066149,-0.0369773080990926,-0.0417521738943109,-0.0143269970063353,"all_negative",FALSE,FALSE
"em_m_view_112","em_m_view_113",0.97066566254308,0.710375385316,0.26029027722708,"both_observed",FALSE,"lamp_SK_GB",0.120877874329751,0.126223525594428,0.124629028730392,0.126203895050433,-0.00372197314822066,0.0199854911962721,0.0212242997851695,0.158365692162972,0.101924585064108,0.120877874329751,0.126223525594428,"all_positive",FALSE,FALSE
"em_m_view_114","em_m_view_113",0.293022191286698,0.267882374838396,0.025139816448302,"both_observed",FALSE,"lamp_SK_GB",-0.00554925198425731,-0.00799905223601971,-0.0127463581947119,-0.00776975931071191,-0.00372197314822066,0.014200079392714,0.0212242997851695,0.0261531540454056,-0.0010133375971036,-0.0127463581947119,-0.00554925198425731,"all_negative",FALSE,FALSE
"em_m_view_115","em_m_view_113",0.0116210323050818,0,0.0116210323050818,"A_only_edge",FALSE,"lamp_SK_GB",-0.0167808637844839,-0.0204437966011239,-0.0214812413560202,-0.0191833102991377,-0.00372197314822066,0.00891593007138232,0.0212242997851695,0.00963739292384728,0.00198363938123452,-0.0214812413560202,-0.0167808637844839,"all_negative",FALSE,FALSE
"em_m_view_120","em_m_view_114",0.0107249900738707,0,0.0107249900738707,"A_only_edge",FALSE,"lamp_SK_GB",-0.0315472654334341,-0.0360698210386572,-0.0405493379674511,-0.0352001368759007,-0.00372197314822066,0.00279768435004795,0.039978962605987,0.0075074083743802,0.0032175816994905,-0.0405493379674511,-0.0315472654334341,"all_negative",FALSE,FALSE
"em_m_view_112","em_m_view_114",0.0293343374569222,0,0.0293343374569222,"A_only_edge",FALSE,"lamp_SK_GB",-0.0177586463567457,-0.00638416895525721,-0.0076998743474345,-0.00950102186567011,-0.00372197314822066,0.0199854911962721,0.039978962605987,0.0384838342972928,-0.00914949684037057,-0.0177586463567457,-0.00638416895525721,"all_negative",FALSE,FALSE
"em_m_view_113","em_m_view_114",0.629338650352136,0.477435167146541,0.151903483205595,"both_observed",FALSE,"lamp_SK_GB",0.0465369869942525,0.0488911465972011,0.0460110791390909,0.0470275293326102,-0.00372197314822066,0.0154294015355631,0.039978962605987,0.0982233779875819,0.0536801052180131,0.0460110791390909,0.0488911465972011,"all_positive",FALSE,FALSE
"em_m_view_115","em_m_view_114",0.133458811350928,0.0975094957091107,0.0359493156418173,"both_observed",FALSE,"lamp_SK_GB",-0.00307614712484015,-0.000115735317929034,-0.00493341419439831,-0.00384058192203468,-0.00372197314822066,0.00891593007138232,0.039978962605987,0.0420967724043085,-0.00614745676249119,-0.00493341419439831,-0.000115735317929034,"all_negative",FALSE,FALSE
"em_m_view_111","em_m_view_114",0.0232264702706005,0.0182823759569787,0.0049440943136218,"both_observed",FALSE,"lamp_SK_GB",-0.00328939190642709,-0.00315755820011491,-0.00938225845702402,-0.00786631832705492,-0.00372197314822066,0.00799594099877873,0.039978962605987,0.040963538550118,-0.0360194442364962,-0.00938225845702402,-0.00315755820011491,"all_negative",FALSE,FALSE
"em","em_m_view_115",0.0188904102465471,0.0179696759746086,0.000920734271938499,"both_observed",FALSE,"lamp_SK_GB",0.0011048023479809,-6.85961150002947e-05,0.00150465502879001,0.00100205453472945,-0.00372197314822066,0.00777019260380006,-0.0131858441009902,-0.00803282229742988,0.00895355656936838,-6.85961150002947e-05,0.00150465502879001,"mixed_or_zero",TRUE,FALSE
"em_m_view_305","em_m_view_115",0.00167265199557339,0.00158853831727441,8.41136782989799e-05,"both_observed",FALSE,"lamp_SK_GB",6.11358264754361e-05,0.000568248161469153,0.00206934233190178,0.000639906250564416,-0.00372197314822066,0.0125844546892489,-0.0131858441009902,-0.00426222673348655,0.00434634041178553,6.11358264754361e-05,0.00206934233190178,"all_positive",TRUE,FALSE
"keypress","em_m_view_115",0,0.00198849985513896,-0.00198849985513896,"B_only_edge",FALSE,"lamp_SK_GB",0.000241791184606052,-0.000248964542042016,0.000839418515318729,0.000268736478145268,-0.00372197314822066,0.00992450075315462,-0.0131858441009902,-0.00674152531145017,0.00475302545631121,-0.000248964542042016,0.000839418515318729,"mixed_or_zero",TRUE,FALSE
"em_f_view","em_m_view_115",0.0720427085731829,0.0662911210087167,0.0057515875644662,"both_observed",FALSE,"lamp_SK_GB",0.00167134249017506,0.000949847164621989,0.00156883779895757,0.00179271220851475,-0.00372197314822066,0.00539905208853044,-0.0131858441009902,-0.00983742267050534,0.0155890102349715,0.000949847164621989,0.00179271220851475,"all_positive",TRUE,FALSE
"em_m_view_116","em_m_view_115",0,0.0226690037062447,-0.0226690037062447,"B_only_edge",FALSE,"lamp_SK_GB",0.0101052417987616,0.00810449791821226,0.0100997737989766,0.00805243567111331,-0.00372197314822066,0.0109374282143305,-0.0131858441009902,0.00413485276388122,-0.0268038564701259,0.00805243567111331,0.0101052417987616,"all_positive",FALSE,FALSE
"em_m_view_117","em_m_view_115",0.022310830642145,0.0170030234797891,0.0053078071623559,"both_observed",FALSE,"lamp_SK_GB",0.00276892181349265,0.00012787747572618,0.0027234921879665,0.001982415689774,-0.00372197314822066,0.00903867652838764,-0.0131858441009902,-0.00510021890733056,0.0104080260696865,0.00012787747572618,0.00276892181349265,"all_positive",FALSE,FALSE
"em_m_view_118","em_m_view_115",0,0.0318139270914467,-0.0318139270914467,"B_only_edge",FALSE,"lamp_SK_GB",0.0130011371545902,-0.00769747269232181,-0.00324560849970776,-0.00250320765985748,-0.00372197314822066,-0.0336213389904124,-0.0131858441009902,-0.0375280190850331,0.00571409199358641,-0.00769747269232181,0.0130011371545902,"mixed_or_zero",FALSE,FALSE
"em_m_view_119","em_m_view_115",0.199381617205303,0.131251773957312,0.068129843247991,"both_observed",FALSE,"lamp_SK_GB",0.0232808829565491,0.0182035535296586,0.0175433542527054,0.0207657214518803,-0.00372197314822066,0.0169351656248879,-0.0131858441009902,0.0233082313322262,0.0448216119157648,0.0175433542527054,0.0232808829565491,"all_positive",FALSE,FALSE
"em_m_view_120","em_m_view_115",0,0.0778515298903178,-0.0778515298903178,"B_only_edge",FALSE,"lamp_SK_GB",-0.0291323804679179,-0.0258147795000822,-0.0296391567811362,-0.0241307941445005,-0.00372197314822066,0.00279768435004795,-0.0131858441009902,-0.0432425133670808,-0.034609016523237,-0.0296391567811362,-0.0241307941445005,"all_negative",FALSE,FALSE
"em_m_view_112","em_m_view_115",0,0.0604912645118713,-0.0604912645118713,"B_only_edge",FALSE,"lamp_SK_GB",-0.0387846220816939,-0.0350783173138169,-0.027722242566343,-0.0290650687757356,-0.00372197314822066,0.0199854911962721,-0.0131858441009902,-0.0357069481346326,-0.0247843163772387,-0.0387846220816939,-0.027722242566343,"all_negative",FALSE,FALSE
"em_m_view_113","em_m_view_115",0.233145649411595,0.176866013755843,0.056279635655752,"both_observed",FALSE,"lamp_SK_GB",0.0325133120460369,0.0281394834402407,0.0313202922230678,0.028196823314888,-0.00372197314822066,0.0154294015355631,-0.0131858441009902,0.0310348963323892,0.0252447393233628,0.0281394834402407,0.0325133120460369,"all_positive",FALSE,FALSE
"em_m_view_114","em_m_view_115",0.638561442313783,0.583775580476013,0.05478586183777,"both_observed",FALSE,"lamp_SK_GB",0.00554971059907831,0.00372173958167551,0.00517075249041653,0.00544662536532411,-0.00372197314822066,0.014200079392714,-0.0131858441009902,0.00284197274258149,0.0519438890951885,0.00372173958167551,0.00554971059907831,"all_positive",FALSE,FALSE
"em_m_view_109","em_m_view_115",0,0.0131316451889322,-0.0131316451889322,"B_only_edge",FALSE,"lamp_SK_GB",-0.0234563031835073,-0.0147495073077371,-0.0273868564756747,-0.0213221984981845,-0.00372197314822066,0.0144082798849559,-0.0131858441009902,-0.0259558405477623,0.0128241953588301,-0.0273868564756747,-0.0147495073077371,"all_negative",FALSE,FALSE
"em_m_view_111","em_m_view_115",0.245346204275178,0.193129694257786,0.052216510017392,"both_observed",FALSE,"lamp_SK_GB",0.0218597390870611,0.0186816512667255,0.0216184395385558,0.0185759816935945,-0.00372197314822066,0.00799594099877873,-0.0131858441009902,0.012947862836629,0.039268647180763,0.0185759816935945,0.0218597390870611,"all_positive",FALSE,FALSE
"em_m_view_104","em_m_view_115",0,0.0243462587323224,-0.0243462587323224,"B_only_edge",FALSE,"lamp_SK_GB",-0.0380323014931273,-0.0333929212688548,-0.0251571697115396,-0.0363622482636502,-0.00372197314822066,0.0309000319228734,-0.0131858441009902,-0.0240400868194648,-0.00030617191285761,-0.0380323014931273,-0.0251571697115396,"all_negative",FALSE,FALSE
"em_m_view_105","em_m_view_115",0,0.0198127454092292,-0.0198127454092292,"B_only_edge",FALSE,"lamp_SK_GB",0.00117284017346076,-0.000734968688866907,0.00154699713753889,0.000690861197759308,-0.00372197314822066,0.00620828355158402,-0.0131858441009902,-0.00952669352416607,-0.0102860518850631,-0.000734968688866907,0.00154699713753889,"mixed_or_zero",FALSE,FALSE
"em_m_view_107","em_m_view_115",0,0.0042556430144463,-0.0042556430144463,"B_only_edge",FALSE,"lamp_SK_GB",0.00315760351429855,0.00112686442171687,0.00180898110949303,0.00216874489148411,-0.00372197314822066,0.00690675189405741,-0.0131858441009902,-0.00684346184085488,0.00258781882640858,0.00112686442171687,0.00315760351429855,"all_positive",FALSE,FALSE
"em_m_view_108","em_m_view_115",0,0.0122832433834169,-0.0122832433834169,"B_only_edge",FALSE,"lamp_SK_GB",0.0124188542152903,0.0092308724630148,0.0123020085742261,0.0106161407279436,-0.00372197314822066,0.00490403133553693,-0.0131858441009902,0.000415068301616427,-0.0126983116850333,0.0092308724630148,0.0124188542152903,"all_positive",FALSE,FALSE
"em_m_drag","em_m_view_115",0,0.153368271760719,-0.153368271760719,"B_only_edge",FALSE,"lamp_SK_GB",-0.0540817932090625,-0.0509095458471451,-0.0532551056701352,-0.0482898745515721,-0.00372197314822066,0.0362761775773702,-0.0131858441009902,-0.0347134328809032,-0.118654838879816,-0.0540817932090625,-0.0482898745515721,"all_negative",FALSE,FALSE
"em","em_m_view_109",0.00155610400779715,0.00148041932548852,7.56846823086301e-05,"both_observed",FALSE,"lamp_SK_GB",0.00197113335750935,0.000208985814118169,0.00338853743003213,0.00103425076443654,-0.00372197314822066,0.00777019260380006,0.00424810868716215,0.0102674615002509,-0.0101917768179423,0.000208985814118169,0.00338853743003213,"all_positive",TRUE,FALSE
"keypress","em_m_view_109",0.000216849233655999,0,0.000216849233655999,"A_only_edge",FALSE,"lamp_SK_GB",-0.000692549110426321,-0.0012233343486041,0.00210801486749923,-0.000644684683523392,-0.00372197314822066,0.00992450075315462,0.00424810868716215,0.00975808718166979,-0.00954123794801379,-0.0012233343486041,0.00210801486749923,"mixed_or_zero",TRUE,FALSE
"em_f_view","em_m_view_109",0.00558560072628448,0.00513949013134875,0.00044611059493573,"both_observed",FALSE,"lamp_SK_GB",0.00264796845500138,0.000763588069191347,0.00272123519159735,0.00156223299808023,-0.00372197314822066,0.00539905208853044,0.00424810868716215,0.00857315608247331,-0.00812704548753758,0.000763588069191347,0.00272123519159735,"all_positive",TRUE,FALSE
"em_m_view_119","em_m_view_109",0,0.00945268239039919,-0.00945268239039919,"B_only_edge",FALSE,"lamp_SK_GB",0.020080065901881,0.0190815491183997,0.0210484108685741,0.0187520641885939,-0.00372197314822066,0.0169351656248879,0.00424810868716215,0.0375413670657104,-0.0469940494561096,0.0187520641885939,0.0210484108685741,"all_positive",FALSE,FALSE
"em_m_view_115","em_m_view_109",0.0584269470580269,0.0426869656518031,0.0157399814062238,"both_observed",FALSE,"lamp_SK_GB",0.0159489970478068,0.0154089227727903,0.0200737322371333,0.0162742706438602,-0.00372197314822066,0.00891593007138232,0.00424810868716215,0.0253910626581306,-0.00965108125190681,0.0154089227727903,0.0200737322371333,"all_positive",FALSE,FALSE
"em_m_view_111","em_m_view_109",0.0325916828747168,0.0256572582516188,0.006934424623098,"both_observed",FALSE,"lamp_SK_GB",0.0425997530995021,0.038177101052581,0.0442100246184984,0.0382783006271242,-0.00372197314822066,0.00799594099877873,0.00424810868716215,0.0511218296372223,-0.0441874050141243,0.038177101052581,0.0442100246184984,"all_positive",FALSE,FALSE
"em_m_view_102","em_m_view_109",0,0.0194492340450908,-0.0194492340450908,"B_only_edge",FALSE,"lamp_SK_GB",-0.0341988253376646,-0.0388830696491036,-0.0336378468301158,-0.0356333497210316,-0.00372197314822066,0.000760679452515592,0.00424810868716215,-0.0329120103462075,0.0134627763011167,-0.0388830696491036,-0.0336378468301158,"all_negative",FALSE,FALSE
"em_m_view_103","em_m_view_109",0,0.024209019922619,-0.024209019922619,"B_only_edge",FALSE,"lamp_SK_GB",-0.00276492081960309,-0.00929178748541283,-0.0026823773940618,-0.00460568785441552,-0.00372197314822066,-0.00100015956839468,0.00424810868716215,-0.00323894484905627,-0.0209700750735627,-0.00929178748541283,-0.0026823773940618,"all_negative",FALSE,FALSE
"em_m_view_104","em_m_view_109",0,0.0189337129865738,-0.0189337129865738,"B_only_edge",FALSE,"lamp_SK_GB",-0.0627416564855033,-0.0596338996447747,-0.0638545469298757,-0.0630985843836064,-0.00372197314822066,0.0309000319228734,0.00424810868716215,-0.0313154890236884,0.0123817760371146,-0.0638545469298757,-0.0596338996447747,"all_negative",FALSE,FALSE
"em_m_view_107","em_m_view_109",0,0.0488133052508416,-0.0488133052508416,"B_only_edge",FALSE,"lamp_SK_GB",0.00366724127779559,0.00132689935623529,0.00472883152982676,0.00254605873810046,-0.00372197314822066,0.00690675189405741,0.00424810868716215,0.0111001287107945,-0.0599134339616361,0.00132689935623529,0.00472883152982676,"all_positive",FALSE,FALSE
"em_m_view_108","em_m_view_109",0.547079846943957,0.471966671710202,0.0751131752337549,"both_observed",FALSE,"lamp_SK_GB",0.0412308516578528,0.034735239258763,0.0399035684945286,0.0395019131968342,-0.00372197314822066,0.00490403133553693,0.00424810868716215,0.0466610185323312,0.0284521567014237,0.034735239258763,0.0412308516578528,"all_positive",FALSE,FALSE
"em_m_view_110","em_m_view_109",0.714811782804917,0.358055042487093,0.356756740317824,"both_observed",FALSE,"lamp_SK_GB",0.222507509638633,0.216375294594634,0.215408829365748,0.214860490205513,-0.00372197314822066,0.00648283100274448,0.00424810868716215,0.229516476180319,0.127240264137505,0.214860490205513,0.222507509638633,"all_positive",FALSE,FALSE
"em_m_drag","em_m_view_109",0,0.0164769586621001,-0.0164769586621001,"B_only_edge",FALSE,"lamp_SK_GB",-0.0814461069624057,-0.0903799198685074,-0.0897781057039603,-0.0819267064749845,-0.00372197314822066,0.0362761775773702,0.00424810868716215,-0.044643793846094,0.0281668351839939,-0.0903799198685074,-0.0814461069624057,"all_negative",FALSE,FALSE
"wb","wb_pg_2_1",0,0.00286647114733835,-0.00286647114733835,"B_only_edge",FALSE,"lamp_SK_GB",0.000796986339946028,0.00109390490338843,0.000528498331303165,-2.08689357116926e-05,-0.00372197314822066,0.0066964924163626,-0.0064125394132113,-0.00264103380512333,-0.000225437342215019,-2.08689357116926e-05,0.00109390490338843,"mixed_or_zero",TRUE,FALSE
"wb_pg_2","wb_pg_2_1",0.111378337519415,0.112369966346707,-0.000991628827291993,"both_observed",FALSE,"lamp_SK_GB",-0.000127694045507399,-6.19854661106456e-06,0.00109893713320477,-0.00291410468055704,-0.00372197314822066,0.0122054043362614,-0.0064125394132113,0.00194319772932204,-0.00293482655661403,-0.00291410468055704,0.00109893713320477,"mixed_or_zero",FALSE,FALSE
"wb_pg_pop1","wb_pg_2_1",0.174191533758656,0.172366729052448,0.00182480470620802,"both_observed",FALSE,"lamp_SK_GB",0.00185237363571917,0.000454288294594838,0.000950541788729924,-0.000370974268944704,-0.00372197314822066,0.00816225668860434,-0.0064125394132113,-0.000119882237108444,0.00194468694331647,-0.000370974268944704,0.00185237363571917,"mixed_or_zero",FALSE,FALSE
"keypress","wb_pg_pop1",0.00696383619450267,0.00652191108074954,0.00044192511375313,"both_observed",FALSE,"lamp_SK_GB",-0.000623921400094848,-0.00219269052972825,-0.000987865431469574,-0.000468685201271285,-0.00372197314822066,0.00992450075315462,0.00854767654821204,0.0141262827530512,-0.013684357639298,-0.00219269052972825,-0.000468685201271285,"all_negative",TRUE,FALSE
"wb_pg_2_1","wb_pg_pop1",0.99675797411867,0.977622366488366,0.019135607630304,"both_observed",FALSE,"lamp_SK_GB",0.0159099969590671,0.0166486310783648,0.00788939631256276,0.0114075433288424,-0.00372197314822066,-0.0109958875417791,0.00854767654821204,0.00973981281727935,0.00939579481302463,0.00788939631256276,0.0166486310783648,"all_positive",FALSE,FALSE
"wb_pg_2_2","wb_pg_pop1",1,0.985088579480509,0.014911420519491,"both_observed",FALSE,"lamp_SK_GB",0.00660677443624377,0.0170413357179684,0.0193991399672746,0.0165286792136251,-0.00372197314822066,-0.00348880817047634,0.00854767654821204,0.00794366966575881,0.0069677508537322,0.00660677443624377,0.0193991399672746,"all_positive",FALSE,FALSE
"wb_pg_2_3","wb_pg_pop1",0.918158272188353,0.908887743177508,0.00927052901084502,"both_observed",FALSE,"lamp_SK_GB",-0.000929053940835827,0.0013369502905321,0.00231347771772575,0.00510056642784884,-0.00372197314822066,0.0061789539757858,0.00854767654821204,0.0100756034349414,-0.000805074424096339,-0.000929053940835827,0.00510056642784884,"mixed_or_zero",FALSE,FALSE
"wb","wb_pg_2_2",0.00894976272615356,0.00866272552473517,0.000287037201418389,"both_observed",FALSE,"lamp_SK_GB",-0.0015704187970033,-4.29410430481724e-07,-0.000954652275848193,5.23800411015232e-05,-0.00372197314822066,0.0066964924163626,-0.00199577276020544,-0.000591672289066799,0.000878709490485188,-0.0015704187970033,5.23800411015232e-05,"mixed_or_zero",TRUE,FALSE
"keypress","wb_pg_2_2",0,0.000337697348788767,-0.000337697348788767,"B_only_edge",FALSE,"lamp_SK_GB",-0.00163545087963011,0.000195334225539806,-0.00135694768599169,0.000315766624752805,-0.00372197314822066,0.00992450075315462,-0.00199577276020544,0.00257130396509842,-0.00290900131388718,-0.00163545087963011,0.000315766624752805,"mixed_or_zero",TRUE,FALSE
"wb_pg_2","wb_pg_2_2",0.289509863687915,0.292081329684635,-0.00257146599672003,"both_observed",FALSE,"lamp_SK_GB",-0.00270512959677798,-0.00161242053024688,-0.00118192784175612,-0.00144657324321133,-0.00372197314822066,0.0122054043362614,-0.00199577276020544,0.00378252883105732,-0.00635399482777735,-0.00270512959677798,-0.00118192784175612,"all_negative",FALSE,FALSE
"wb_pg_pop1","wb_pg_2_2",0.112940370680476,0.111757262648428,0.00118310803204799,"both_observed",FALSE,"lamp_SK_GB",-0.000925965257677349,0.000975771527851444,-0.000330535826270053,0.000920554950704624,-0.00372197314822066,0.00816225668860434,-0.00199577276020544,0.0015185455225009,-0.000335437490452907,-0.000925965257677349,0.000975771527851444,"mixed_or_zero",FALSE,FALSE
"url_ok","wb_pg_2_2",0.081207614379688,0,0.081207614379688,"A_only_edge",FALSE,"lamp_SK_GB",0.0643857522989955,0.0682010382729561,0.0612153625548367,0.0709230608704438,-0.00372197314822066,0.0126485840278551,-0.00199577276020544,0.0713165904184244,0.00989102396126355,0.0612153625548367,0.0709230608704438,"all_positive",FALSE,FALSE
"em","wb_pg_2_3",0,0.000369596987144064,-0.000369596987144064,"B_only_edge",FALSE,"lamp_SK_GB",0.000911011758367035,0.000370689442543358,0.00053044138531821,0.000213755258068981,-0.00372197314822066,0.00777019260380006,-0.00444853632789755,0.000510694886048887,-0.000880291873192951,0.000213755258068981,0.000911011758367035,"all_positive",TRUE,FALSE
"wb","wb_pg_2_3",0.00330839248872563,0.00320229840929279,0.00010609407943284,"both_observed",FALSE,"lamp_SK_GB",0.00112530666202705,0.000940345607226651,0.000406309501413192,-0.000818185840646028,-0.00372197314822066,0.0066964924163626,-0.00444853632789755,-0.000348710397728566,0.000454804477161406,-0.000818185840646028,0.00112530666202705,"mixed_or_zero",TRUE,FALSE
"wb_pg_2","wb_pg_2_3",0.0376509192463078,0.0379864012789268,-0.000335482032619003,"both_observed",FALSE,"lamp_SK_GB",-0.00186056677519638,-0.000453129143786655,0.000448374262550928,-0.00205052523336055,-0.00372197314822066,0.0122054043362614,-0.00444853632789755,0.00217432808494681,-0.00250981011756581,-0.00205052523336055,0.000448374262550928,"mixed_or_zero",FALSE,FALSE
"wb_pg_2_1","wb_pg_2_3",0.00324202588133,0,0.00324202588133,"A_only_edge",FALSE,"lamp_SK_GB",0.0145186102760622,0.0139344570276264,0.00691376614749591,0.00947530642137572,-0.00372197314822066,-0.0109958875417791,-0.00444853632789755,-0.00464778674183518,0.00788981262316518,0.00691376614749591,0.0145186102760622,"all_positive",FALSE,FALSE
"wb_pg_pop1","wb_pg_2_3",0.197995295026959,0.195922926115512,0.00207236891144699,"both_observed",FALSE,"lamp_SK_GB",0.00160296703835376,0.00112028209358981,3.5888695658754e-05,0.000613786768664238,-0.00372197314822066,0.00816225668860434,-0.00444853632789755,0.00159471425083989,0.000477654660607099,3.5888695658754e-05,0.00160296703835376,"all_positive",FALSE,FALSE
"wb_hist_for","wb_pg_2_3",0,0.00581279662313328,-0.00581279662313328,"B_only_edge",FALSE,"lamp_SK_GB",0.00457776168928278,0.00478602017244365,0.00454498049286348,0.00265336134299166,-0.00372197314822066,0.00191720527490084,-0.00444853632789755,-0.00167554251193459,-0.00413725411119869,0.00265336134299166,0.00478602017244365,"all_positive",FALSE,FALSE
"em","view",0.000320018125711003,0.000304421757594846,1.5596368116157e-05,"both_observed",FALSE,"lamp_SK_GB",-0.000535193644193532,0.00200336127068428,0.000443855164896036,0.00188678332364836,-0.00372197314822066,0.00777019260380006,-0.00774886195051357,-0.00423583613912769,0.00425143250724385,-0.000535193644193532,0.00200336127068428,"mixed_or_zero",TRUE,FALSE
"em_m_view_119","em_m_view_111",0.0132730290080199,0,0.0132730290080199,"A_only_edge",FALSE,"lamp_SK_GB",0.0130991622256451,0.0117171489615694,0.00877529226568642,0.0133145494588438,-0.00372197314822066,0.0169351656248879,-0.0105059581889555,0.0158063965133568,-0.00253336750533693,0.00877529226568642,0.0133145494588438,"all_positive",FALSE,FALSE
"em_m_view_120","em_m_view_111",0.0107421766208688,0,0.0107421766208688,"A_only_edge",FALSE,"lamp_SK_GB",0.00537607792606924,0.00900824393155128,-0.000519868153734646,0.0081856855148911,-0.00372197314822066,0.00279768435004795,-0.0105059581889555,-0.00605416906105901,0.0167963456819278,-0.000519868153734646,0.00900824393155128,"mixed_or_zero",FALSE,FALSE
"em_m_view_112","em_m_view_111",0,0.0109676748914547,-0.0109676748914547,"B_only_edge",FALSE,"lamp_SK_GB",-0.0125383010719419,-0.00543448375132737,-0.00278752126576857,-0.00154721567519914,-0.00372197314822066,0.0199854911962721,-0.0105059581889555,-0.00678074121284591,-0.00418693367860879,-0.0125383010719419,-0.00154721567519914,"all_negative",FALSE,FALSE
"em_m_view_113","em_m_view_111",0.0410323677996375,0.031128683344034,0.0099036844556035,"both_observed",FALSE,"lamp_SK_GB",0.00336051876860484,0.00018613443614309,0.00599738163464623,0.00265833577293275,-0.00372197314822066,0.0154294015355631,-0.0105059581889555,0.00456198896699177,0.00534169548861173,0.00018613443614309,0.00599738163464623,"all_positive",FALSE,FALSE
"em_m_view_114","em_m_view_111",0,0.0611252150972209,-0.0611252150972209,"B_only_edge",FALSE,"lamp_SK_GB",-0.00870457373282366,-0.0109422698141758,-0.00852559360859558,-0.00945653634020966,-0.00372197314822066,0.014200079392714,-0.0105059581889555,-0.00873242567728582,-0.0523927894199351,-0.0109422698141758,-0.00852559360859558,"all_negative",FALSE,FALSE
"em_m_view_115","em_m_view_111",0.323948898458021,0.236700292539954,0.087248605918067,"both_observed",FALSE,"lamp_SK_GB",0.0139261478090359,0.0126667124864657,0.0109762576773966,0.013351464268392,-0.00372197314822066,0.00891593007138232,-0.0105059581889555,0.00861414654324204,0.078634459374825,0.0109762576773966,0.0139261478090359,"all_positive",FALSE,FALSE
"em_m_view_101","em_m_view_111",0,0.163784191116978,-0.163784191116978,"B_only_edge",FALSE,"lamp_SK_GB",-0.0619362932017555,-0.0664642736962161,-0.0598275269985109,-0.069348950912925,-0.00372197314822066,-0.0191037099773081,-0.0105059581889555,-0.0952679345162398,-0.0685162566007382,-0.069348950912925,-0.0598275269985109,"all_negative",FALSE,FALSE
"em_m_view_102","em_m_view_111",0.0283723801499254,0,0.0283723801499254,"A_only_edge",FALSE,"lamp_SK_GB",0.0152891826523458,0.0176917539636175,0.0112423145236302,0.0214797381154095,-0.00372197314822066,0.000760679452515592,-0.0105059581889555,0.00182193076768516,0.0265504493822402,0.0112423145236302,0.0214797381154095,"all_positive",FALSE,FALSE
"em_m_view_112","em_m_view_101",0,0.00725020358873466,-0.00725020358873466,"B_only_edge",FALSE,"lamp_SK_GB",-0.00552166610047627,-8.53915411448403e-05,-0.00042700295441634,0.00460508101902954,-0.00372197314822066,0.0199854911962721,-0.0401930319962185,-0.0294511800486433,0.0222009764599086,-0.00552166610047627,0.00460508101902954,"mixed_or_zero",FALSE,FALSE
"em_m_view_114","em_m_view_101",0,0.0209572444610026,-0.0209572444610026,"B_only_edge",FALSE,"lamp_SK_GB",0.00259825508862381,0.00206099439842252,0.00200602695148587,0.00178968284970541,-0.00372197314822066,0.014200079392714,-0.0401930319962185,-0.0271166706631013,0.0061594262020987,0.00178968284970541,0.00259825508862381,"all_positive",FALSE,FALSE
"em_m_view_115","em_m_view_101",0,0.0463592827085951,-0.0463592827085951,"B_only_edge",FALSE,"lamp_SK_GB",0.000359766123050275,0.00100600702940624,0.00293203127326043,0.000635075269947761,-0.00372197314822066,0.00891593007138232,-0.0401930319962185,-0.0346393089500066,-0.0117199737585885,0.000359766123050275,0.00293203127326043,"all_positive",FALSE,FALSE
"em_m_view_111","em_m_view_101",0.672628997549385,0.529483519949051,0.143145477600334,"both_observed",FALSE,"lamp_SK_GB",0.028474071268763,0.0285573297923024,0.0298506496787643,0.0270167938078381,-0.00372197314822066,0.00799594099877873,-0.0401930319962185,-0.00744499287689747,0.150590470477232,0.0270167938078381,0.0298506496787643,"all_positive",FALSE,FALSE
"em_m_view_102","em_m_view_101",0,0.210460434793696,-0.210460434793696,"B_only_edge",FALSE,"lamp_SK_GB",-0.03752219508472,-0.0397428287223909,-0.0412709242221596,-0.0387845073356955,-0.00372197314822066,0.000760679452515592,-0.0401930319962185,-0.0806765207766435,-0.129783914017052,-0.0412709242221596,-0.03752219508472,"all_negative",FALSE,FALSE
"em_m_view_104","em_m_view_101",0,0.00705734754149381,-0.00705734754149381,"B_only_edge",FALSE,"lamp_SK_GB",0.0186223234757928,0.0225893314129236,0.0186095356572442,0.0175566919396907,-0.00372197314822066,0.0309000319228734,-0.0401930319962185,0.00560735025422703,-0.0126646977957208,0.0175566919396907,0.0225893314129236,"all_positive",FALSE,FALSE
"em_m_view_110","em_m_view_101",0,0.00723818925403772,-0.00723818925403772,"B_only_edge",FALSE,"lamp_SK_GB",0.0583067753611718,0.0584842511042699,0.0607270921012331,0.0566673278033727,-0.00372197314822066,0.00648283100274448,-0.0401930319962185,0.0208746012194771,-0.0281127904735149,0.0566673278033727,0.0607270921012331,"all_positive",FALSE,FALSE
"em_m_view_116","em_m_view_102",0,0.00345411502662412,-0.00345411502662412,"B_only_edge",FALSE,"lamp_SK_GB",-0.0307900887854358,-0.0183782979748022,-0.0251471782104579,-0.0163461602932309,-0.00372197314822066,0.0109374282143305,0.0360150852351453,0.0124404515158194,-0.0158945665424435,-0.0307900887854358,-0.0163461602932309,"all_negative",FALSE,FALSE
"em_m_view_111","em_m_view_102",0,0.0357421727052611,-0.0357421727052611,"B_only_edge",FALSE,"lamp_SK_GB",-0.0446685078050349,-0.0331472315679836,-0.0436873085368029,-0.0277642350607424,-0.00372197314822066,0.00799594099877873,0.0360150852351453,-0.00437945471933152,-0.0313627179859296,-0.0446685078050349,-0.0277642350607424,"all_negative",FALSE,FALSE
"em_m_view_101","em_m_view_102",1,0.710060459224498,0.289939540775502,"both_observed",FALSE,"lamp_SK_GB",0.189892607626868,0.189295370411129,0.206602284317106,0.18506626418545,-0.00372197314822066,-0.0191037099773081,0.0360150852351453,0.203082009736485,0.0868575310390173,0.18506626418545,0.206602284317106,"all_positive",FALSE,FALSE
"em_m_view_103","em_m_view_102",0.266547189340649,0.247349338686438,0.019197850654211,"both_observed",FALSE,"lamp_SK_GB",-0.00805941420296391,-0.0060731571327304,-0.00156340213822241,-0.0012505314867135,-0.00372197314822066,-0.00100015956839468,0.0360150852351453,0.0232335383155661,-0.00403568766135507,-0.00805941420296391,-0.0012505314867135,"all_negative",FALSE,FALSE
"em_m_view_104","em_m_view_102",0,0.0115294977517648,-0.0115294977517648,"B_only_edge",FALSE,"lamp_SK_GB",-0.0710425739256599,-0.0621076604920597,-0.0689133582997063,-0.0563543725327617,-0.00372197314822066,0.0309000319228734,0.0360150852351453,-0.00784942991586184,-0.00368006783590296,-0.0710425739256599,-0.0563543725327617,"all_negative",FALSE,FALSE
"em_m_view_105","em_m_view_102",0,0.00919738937808696,-0.00919738937808696,"B_only_edge",FALSE,"lamp_SK_GB",-0.0206954132478845,-0.0123878571070802,-0.0154979530237945,-0.0141441841541048,-0.00372197314822066,0.00620828355158402,0.0360150852351453,0.0178059823906243,-0.0270033717687112,-0.0206954132478845,-0.0123878571070802,"all_negative",FALSE,FALSE
"em_f_view","em_m_view_103",0,0.000575250722251331,-0.000575250722251331,"B_only_edge",FALSE,"lamp_SK_GB",-0.000828966516078527,0.00101761324455315,5.6893715845316e-05,0.00010015032039239,-0.00372197314822066,0.00539905208853044,0.00923827997488154,0.0100863923991128,-0.0106616431213641,-0.000828966516078527,0.00101761324455315,"mixed_or_zero",TRUE,FALSE
"em_m_view_114","em_m_view_103",0.0166542496346002,0.0152246732452938,0.0014295763893064,"both_observed",FALSE,"lamp_SK_GB",-0.000684322584465872,-0.000986980119615748,0.00326538229733055,0.000891448625119725,-0.00372197314822066,0.014200079392714,0.00923827997488154,0.019032063634909,-0.0176024872456026,-0.000986980119615748,0.00326538229733055,"mixed_or_zero",FALSE,FALSE
"em_m_view_101","em_m_view_103",0,0.0311470831623217,-0.0311470831623217,"B_only_edge",FALSE,"lamp_SK_GB",-0.00166170210060602,-0.00888386735706071,0.0118008097142503,-0.0149663058035042,-0.00372197314822066,-0.0191037099773081,0.00923827997488154,-0.0152491052512532,-0.0158979779110685,-0.0149663058035042,0.0118008097142503,"mixed_or_zero",FALSE,FALSE
"em_m_view_102","em_m_view_103",0.851037279808156,0.681107593864994,0.169929685943162,"both_observed",FALSE,"lamp_SK_GB",0.069793493319994,0.0761632382294,0.0735932325125037,0.0760763555210794,-0.00372197314822066,0.000760679452515592,0.00923827997488154,0.0760704795991705,0.0938592063439915,0.069793493319994,0.0761632382294,"all_positive",FALSE,FALSE
"em_m_view_104","em_m_view_103",0,0.21379886815785,-0.21379886815785,"B_only_edge",FALSE,"lamp_SK_GB",-0.226360399160755,-0.227324866034066,-0.224933602994159,-0.226807920058413,-0.00372197314822066,0.0309000319228734,0.00923827997488154,-0.18994406041122,-0.0238548077466297,-0.227324866034066,-0.224933602994159,"all_negative",FALSE,FALSE
"em_m_view_105","em_m_view_103",0,0.0143162686493505,-0.0143162686493505,"B_only_edge",FALSE,"lamp_SK_GB",-0.0171786267480972,-0.0170787748933278,-0.0152793713490525,-0.0162226717280972,-0.00372197314822066,0.00620828355158402,0.00923827997488154,-0.0054540363698523,-0.0088622322794982,-0.0171786267480972,-0.0152793713490525,"all_negative",FALSE,FALSE
"em_m_view_108","em_m_view_103",0,0.00789142068866025,-0.00789142068866025,"B_only_edge",FALSE,"lamp_SK_GB",-0.0002626780383284,0.00135158103554867,0.00401191520655282,0.00242415491594471,-0.00372197314822066,0.00490403133553693,0.00923827997488154,0.0101576601238694,-0.0180490808125297,-0.0002626780383284,0.00401191520655282,"mixed_or_zero",FALSE,FALSE
"em_f_view","em_m_view_104",0,0.00102655248750695,-0.00102655248750695,"B_only_edge",FALSE,"lamp_SK_GB",-0.00166758717480081,-0.000891993588726677,-0.00108157901605133,-0.00125206421123153,-0.00372197314822066,0.00539905208853044,0.00505810441243501,0.00506759617794399,-0.00609414866545094,-0.00166758717480081,-0.000891993588726677,"all_negative",TRUE,FALSE
"em_m_view_113","em_m_view_104",0,0.0110104355206901,-0.0110104355206901,"B_only_edge",FALSE,"lamp_SK_GB",-0.0117212892050939,-0.010526142019063,-0.0143537112649231,-0.0120402532069863,-0.00372197314822066,0.0154294015355631,0.00505810441243501,0.00504424359468359,-0.0160546791153737,-0.0143537112649231,-0.010526142019063,"all_negative",FALSE,FALSE
"em_m_view_115","em_m_view_104",0,0.0235014615322874,-0.0235014615322874,"B_only_edge",FALSE,"lamp_SK_GB",-0.00559376988699656,-0.0072904421674451,-0.00631834588837781,-0.0065781403248882,-0.00372197314822066,0.00891593007138232,0.00505810441243501,0.00465829144860011,-0.0281597529808875,-0.0072904421674451,-0.00559376988699656,"all_negative",FALSE,FALSE
"em_m_view_101","em_m_view_104",0,0.0185623327283965,-0.0185623327283965,"B_only_edge",FALSE,"lamp_SK_GB",0.000955538953188257,-0.00144172836149028,0.00726308884290512,-0.00568114054795163,-0.00372197314822066,-0.0191037099773081,0.00505810441243501,-0.0168120397599055,-0.00175029296849102,-0.00568114054795163,0.00726308884290512,"mixed_or_zero",FALSE,FALSE
"em_m_view_102","em_m_view_104",0.0583759652692608,0.0467183128694804,0.0116576523997804,"both_observed",FALSE,"lamp_SK_GB",0.00804282968633258,0.00787267277006145,0.00913889666684473,0.010128096787615,-0.00372197314822066,0.000760679452515592,0.00505810441243501,0.0101396404030625,0.00151801199671788,0.00787267277006145,0.010128096787615,"all_positive",FALSE,FALSE
"em_m_view_103","em_m_view_104",0.726664403802297,0.674344814968096,0.0523195888342011,"both_observed",FALSE,"lamp_SK_GB",0.00579729367256538,0.00627490900207478,0.00578633610992929,0.00653108776547465,-0.00372197314822066,-0.00100015956839468,0.00505810441243501,0.00613326536838506,0.046186323465816,0.00578633610992929,0.00653108776547465,"all_positive",FALSE,FALSE
"em_m_view_105","em_m_view_104",0.375861011239429,0.334325636767144,0.041535374472285,"both_observed",FALSE,"lamp_SK_GB",0.00114180252020749,0.00234105548355936,-0.000140650244243178,0.000794624347730469,-0.00372197314822066,0.00620828355158402,0.00505810441243501,0.00868621733600586,0.0328491571362791,-0.000140650244243178,0.00234105548355936,"mixed_or_zero",FALSE,FALSE
"em_m_view_106","em_m_view_104",0,0.0227798949501707,-0.0227798949501707,"B_only_edge",FALSE,"lamp_SK_GB",-0.0069378129233292,-0.00597599615719091,-0.00665969192145581,-0.00692735485721584,-0.00372197314822066,0.00410158033125056,0.00505810441243501,-0.00150010132786428,-0.0212797936223064,-0.0069378129233292,-0.00597599615719091,"all_negative",FALSE,FALSE
"em_m_view_107","em_m_view_104",0,0.012516777214213,-0.012516777214213,"B_only_edge",FALSE,"lamp_SK_GB",-0.00272884413649423,-0.00428055777053273,-0.00273248679437445,-0.00372626672302636,-0.00372197314822066,0.00690675189405741,0.00505810441243501,0.00551403902177753,-0.0180308162359905,-0.00428055777053273,-0.00272884413649423,"all_negative",FALSE,FALSE
"em_m_view_110","em_m_view_104",0,0.0142400524332135,-0.0142400524332135,"B_only_edge",FALSE,"lamp_SK_GB",-0.0337263161609835,-0.0358343124902966,-0.0337232814748076,-0.0356709405760123,-0.00372197314822066,0.00648283100274448,0.00505810441243501,-0.0259073538940246,0.0116673014608111,-0.0358343124902966,-0.0337232814748076,"all_negative",FALSE,FALSE
"em_m_view_111","em_m_view_105",0.0262066450301189,0,0.0262066450301189,"A_only_edge",FALSE,"lamp_SK_GB",0.0350073505022985,0.0344445431981211,0.0432297220850384,0.0391061967233513,-0.00372197314822066,0.00799594099877873,-0.0236396696106436,0.015641648742213,0.0105649962879059,0.0344445431981211,0.0432297220850384,"all_positive",FALSE,FALSE
"em_m_view_101","em_m_view_105",0,0.0154398731387595,-0.0154398731387595,"B_only_edge",FALSE,"lamp_SK_GB",0.027037171311392,0.0205692837656495,0.0466312956406069,0.0194310814828604,-0.00372197314822066,-0.0191037099773081,-0.0236396696106436,-0.0194281814247804,0.00398830828602089,0.0194310814828604,0.0466312956406069,"all_positive",FALSE,FALSE
"em_m_view_102","em_m_view_105",0.0202181712064744,0,0.0202181712064744,"A_only_edge",FALSE,"lamp_SK_GB",0.0701685695060597,0.0754523315167097,0.0833145882085339,0.0780841210797203,-0.00372197314822066,0.000760679452515592,-0.0236396696106436,0.043567606199711,-0.0233494349932366,0.0701685695060597,0.0833145882085339,"all_positive",FALSE,FALSE
"em_m_view_103","em_m_view_105",0,0.0452757535342473,-0.0452757535342473,"B_only_edge",FALSE,"lamp_SK_GB",-0.0107148269680822,-0.0175008327048471,-0.00581556726822571,-0.00914804889350405,-0.00372197314822066,-0.00100015956839468,-0.0236396696106436,-0.0390766292953412,-0.00619912423890611,-0.0175008327048471,-0.00581556726822571,"all_negative",FALSE,FALSE
"em_m_view_104","em_m_view_105",0,0.495755533696796,-0.495755533696796,"B_only_edge",FALSE,"lamp_SK_GB",-0.422512071085805,-0.419139376858692,-0.414167460950652,-0.412364053512005,-0.00372197314822066,0.0309000319228734,-0.0236396696106436,-0.418973681921796,-0.0767818517749998,-0.422512071085805,-0.412364053512005,"all_negative",FALSE,FALSE
"em_m_view_106","em_m_view_105",0.422562256459262,0.389210381615919,0.033351874843343,"both_observed",FALSE,"lamp_SK_GB",0.0380127748388129,0.0372805415822803,0.0451786601145636,0.0396285698570749,-0.00372197314822066,0.00410158033125056,-0.0236396696106436,0.0147527124111991,0.0185991624321439,0.0372805415822803,0.0451786601145636,"all_positive",FALSE,FALSE
"em_m_view_107","em_m_view_105",0.035533305227073,0.0300408816963997,0.0054924235306733,"both_observed",FALSE,"lamp_SK_GB",0.0138527461902775,0.00604457212062535,0.0213563297184789,0.0137302130749022,-0.00372197314822066,0.00690675189405741,-0.0236396696106436,-0.00660214467452935,0.0120945682052026,0.00604457212062535,0.0213563297184789,"all_positive",FALSE,FALSE
"em_m_drag","em_m_view_105",0.023734152400034,0,0.023734152400034,"A_only_edge",FALSE,"lamp_SK_GB",-0.0428990205722473,-0.0407673745064528,-0.0234493916888536,-0.0385351092706015,-0.00372197314822066,0.0362761775773702,-0.0236396696106436,-0.0339844857537415,0.0577186381537755,-0.0428990205722473,-0.0234493916888536,"all_negative",FALSE,FALSE
"em_f_view","em_m_view_106",0,0.00104453050663244,-0.00104453050663244,"B_only_edge",FALSE,"lamp_SK_GB",-0.000652379069192433,-0.00148214173551991,-0.00199985255577689,-0.00126208807770128,-0.00372197314822066,0.00539905208853044,0.0176599936787646,0.018684693549882,-0.0197292240565144,-0.00199985255577689,-0.000652379069192433,"all_negative",TRUE,FALSE
"em_m_view_112","em_m_view_106",0,0.00548495939174715,-0.00548495939174715,"B_only_edge",FALSE,"lamp_SK_GB",-0.0115210612099261,0.000882485288996995,-0.00271644660104601,0.000651061790657758,-0.00372197314822066,0.0199854911962721,0.0176599936787646,0.02240245051689,-0.0278874099086372,-0.0115210612099261,0.000882485288996995,"mixed_or_zero",FALSE,FALSE
"em_m_view_103","em_m_view_106",0,0.0088210728886007,-0.0088210728886007,"B_only_edge",FALSE,"lamp_SK_GB",0.000269542817497277,0.000377194019952714,-0.00213336187710973,-0.00151363291718604,-0.00372197314822066,-0.00100015956839468,0.0176599936787646,0.0132074037796466,-0.0220284766682473,-0.00213336187710973,0.000377194019952714,"mixed_or_zero",FALSE,FALSE
"em_m_view_104","em_m_view_106",0.27931325917169,0.0436948487701445,0.235618410401545,"both_observed",FALSE,"lamp_SK_GB",0.158698420105303,0.159351477301878,0.153526454920828,0.154951323223201,-0.00372197314822066,0.0309000319228734,0.0176599936787646,0.203536472558721,0.0320819378428248,0.153526454920828,0.159351477301878,"all_positive",FALSE,FALSE
"em_m_view_105","em_m_view_106",0.562839716652067,0.500624084796408,0.062215631855659,"both_observed",FALSE,"lamp_SK_GB",0.0154317889063171,0.0146476975048779,0.0109444933571848,0.0140294604791593,-0.00372197314822066,0.00620828355158402,0.0176599936787646,0.0355780929884451,0.0266375388672139,0.0109444933571848,0.0154317889063171,"all_positive",FALSE,FALSE
"em_m_view_107","em_m_view_106",0.438016373309309,0.370357316552498,0.067659056756811,"both_observed",FALSE,"lamp_SK_GB",0.00453081595191553,0.00454477486505857,0.00174909697303355,0.00450951101737246,-0.00372197314822066,0.00690675189405741,0.0176599936787646,0.0253755883765169,0.0422834683802941,0.00174909697303355,0.00454477486505857,"all_positive",FALSE,FALSE
"em_m_view_108","em_m_view_106",0,0.0273738519704197,-0.0273738519704197,"B_only_edge",FALSE,"lamp_SK_GB",-0.0140990896014513,-0.0137112917522938,-0.0172024053210991,-0.0157522582045845,-0.00372197314822066,0.00490403133553693,0.0176599936787646,0.00474296226462962,-0.0321168142350493,-0.0172024053210991,-0.0137112917522938,"all_negative",FALSE,FALSE
"em_f_view","em_m_view_107",0,0.00154689598762089,-0.00154689598762089,"B_only_edge",FALSE,"lamp_SK_GB",-2.48522321450769e-05,-0.000575025761611445,0.000353447762968179,0.000841800196194708,-0.00372197314822066,0.00539905208853044,0.00560814850963349,0.0072603752177982,-0.00880727120541909,-0.000575025761611445,0.000841800196194708,"mixed_or_zero",TRUE,FALSE
"em_m_view_120","em_m_view_107",0,0.00971581722812993,-0.00971581722812993,"B_only_edge",FALSE,"lamp_SK_GB",-0.00717785053708952,-0.00955012056333022,-0.00661517218379477,-0.0053031951697379,-0.00372197314822066,0.00279768435004795,0.00560814850963349,-0.00249399082562874,-0.00722182640250119,-0.00955012056333022,-0.0053031951697379,"all_negative",FALSE,FALSE
"em_m_view_114","em_m_view_107",0,0.00558478248559567,-0.00558478248559567,"B_only_edge",FALSE,"lamp_SK_GB",-5.18009168685571e-05,-0.0014350734685451,0.000333065908290536,0.000392157211290565,-0.00372197314822066,0.014200079392714,0.00560814850963349,0.0160344538372583,-0.021619236322854,-0.0014350734685451,0.000392157211290565,"mixed_or_zero",FALSE,FALSE
"em_m_view_115","em_m_view_107",0,0.0154407495704751,-0.0154407495704751,"B_only_edge",FALSE,"lamp_SK_GB",0.00266702779049117,0.00149539489588889,0.00285557681984347,0.00399327230334075,-0.00372197314822066,0.00891593007138232,0.00560814850963349,0.0134691332232863,-0.0289098827937614,0.00149539489588889,0.00399327230334075,"all_positive",FALSE,FALSE
"em_m_view_109","em_m_view_107",0,0.0216509083360457,-0.0216509083360457,"B_only_edge",FALSE,"lamp_SK_GB",-0.0317129674934092,-0.024272363182782,-0.029062026842829,-0.0313302352471977,-0.00372197314822066,0.0144082798849559,0.00560814850963349,-0.0154185122470404,-0.00623239608900526,-0.0317129674934092,-0.024272363182782,"all_negative",FALSE,FALSE
"em_m_view_102","em_m_view_107",0,0.0133471242185739,-0.0133471242185739,"B_only_edge",FALSE,"lamp_SK_GB",-0.00522001136327969,-0.00748764984608757,-0.00543739925807872,-0.00338324176244265,-0.00372197314822066,0.000760679452515592,0.00560814850963349,-0.00257315654935126,-0.0107739676692226,-0.00748764984608757,-0.00338324176244265,"all_negative",FALSE,FALSE
"em_m_view_106","em_m_view_107",0.562053643638786,0.517704807772546,0.0443488358662399,"both_observed",FALSE,"lamp_SK_GB",0.00849225781613486,0.00759109320510879,0.00789860543185211,0.00882367328679732,-0.00372197314822066,0.00410158033125056,0.00560814850963349,0.0144800135087983,0.0298688223574417,0.00759109320510879,0.00882367328679732,"all_positive",FALSE,FALSE
"em_m_view_108","em_m_view_107",0.452920153056041,0.390747365397803,0.062172787658238,"both_observed",FALSE,"lamp_SK_GB",0.0126705280541724,0.010045949717524,0.0128635556111916,0.0124846288622014,-0.00372197314822066,0.00490403133553693,0.00560814850963349,0.0194607347511222,0.0427120529071158,0.010045949717524,0.0128635556111916,"all_positive",FALSE,FALSE
"em_m_view_110","em_m_view_107",0.0547994844012541,0,0.0547994844012541,"A_only_edge",FALSE,"lamp_SK_GB",0.0384550150022649,0.0337415258695482,0.0389032994223242,0.0364078248601926,-0.00372197314822066,0.00648283100274448,0.00560814850963349,0.0468240213664222,0.00797546303483185,0.0337415258695482,0.0389032994223242,"all_positive",FALSE,FALSE
"em","em_m_view_108",0,0.00030172479976984,-0.00030172479976984,"B_only_edge",FALSE,"lamp_SK_GB",0.00566904711620418,0.000909977734608419,0.00638570889570429,0.00549789567435368,-0.00372197314822066,0.00777019260380006,-0.0123995901397018,-0.00268232356791825,0.00238059876814841,0.000909977734608419,0.00638570889570429,"all_positive",TRUE,FALSE
"em_m_view_109","em_m_view_108",0,0.328508747880088,-0.328508747880088,"B_only_edge",FALSE,"lamp_SK_GB",-0.273222330922553,-0.273313052117459,-0.271141084203112,-0.271709425128159,-0.00372197314822066,0.0144082798849559,-0.0123995901397018,-0.27493561432552,-0.0535731335545681,-0.273313052117459,-0.271141084203112,"all_negative",FALSE,FALSE
"em_m_view_105","em_m_view_108",0,0.011736150723741,-0.011736150723741,"B_only_edge",FALSE,"lamp_SK_GB",0.00328267220550483,0.00389508817935959,0.00261933367888214,0.00300818491089177,-0.00372197314822066,0.00620828355158402,-0.0123995901397018,-0.00663060753083364,-0.00510554319290736,0.00261933367888214,0.00389508817935959,"all_positive",FALSE,FALSE
"em_m_view_107","em_m_view_108",0.521368708449667,0.440836031248068,0.080532677201599,"both_observed",FALSE,"lamp_SK_GB",0.0335564076131884,0.0275695343682259,0.0345499418032617,0.0328870318665793,-0.00372197314822066,0.00690675189405741,-0.0123995901397018,0.0243415962193234,0.0561910809822756,0.0275695343682259,0.0345499418032617,"all_positive",FALSE,FALSE
"em_m_view_110","em_m_view_108",0.23038873279383,0.11540684759917,0.11498188519466,"both_observed",FALSE,"lamp_SK_GB",0.130507190185183,0.117082617287806,0.130608201853421,0.126423634108609,-0.00372197314822066,0.00648283100274448,-0.0123995901397018,0.120868457900005,-0.0058865727053454,0.117082617287806,0.130608201853421,"all_positive",FALSE,FALSE
"em_m_drag","em_m_view_108",0,0.0249443707033328,-0.0249443707033328,"B_only_edge",FALSE,"lamp_SK_GB",-0.0531466322811801,-0.0512578583228591,-0.045374238442347,-0.0488418728121902,-0.00372197314822066,0.0362761775773702,-0.0123995901397018,-0.0329920179917324,0.00804764728839958,-0.0531466322811801,-0.045374238442347,"all_negative",FALSE,FALSE
"em","em_m_view_110",0,0.000515624517791808,-0.000515624517791808,"B_only_edge",FALSE,"lamp_SK_GB",-0.00519258598703617,-0.0016810736704432,-0.00717784334013191,-0.00410271164680572,-0.00372197314822066,0.00777019260380006,0.00524313893337617,0.00409877240191941,-0.00461439691971121,-0.00717784334013191,-0.0016810736704432,"all_negative",TRUE,FALSE
"em_m_view_115","em_m_view_110",0,0.0234212483841469,-0.0234212483841469,"B_only_edge",FALSE,"lamp_SK_GB",-0.0222832631384504,-0.0124163250581928,-0.0236368374072605,-0.0193690413649922,-0.00372197314822066,0.00891593007138232,0.00524313893337617,-0.0118461672819126,-0.0115750811022343,-0.0236368374072605,-0.0124163250581928,"all_negative",FALSE,FALSE
"em_m_view_109","em_m_view_110",0.877964544461491,0.566564516598071,0.31140002786342,"both_observed",FALSE,"lamp_SK_GB",0.253547524321457,0.260314735094402,0.249394145729987,0.254657995493246,-0.00372197314822066,0.0144082798849559,0.00524313893337617,0.269476969991568,0.0419230578718516,0.249394145729987,0.260314735094402,"all_positive",FALSE,FALSE
"em_m_view_105","em_m_view_110",0,0.0284905784081171,-0.0284905784081171,"B_only_edge",FALSE,"lamp_SK_GB",-0.0115333247697979,-0.0100538253241062,-0.0134124210640331,-0.00972430315257703,-0.00372197314822066,0.00620828355158402,0.00524313893337617,-0.00380387543305834,-0.0246867029750588,-0.0134124210640331,-0.00972430315257703,"all_negative",FALSE,FALSE
"em_m_view_106","em_m_view_110",0.0153840999019527,0.0141692577052988,0.0012148421966539,"both_observed",FALSE,"lamp_SK_GB",-0.0121155658834828,-0.00440619135683571,-0.0169128517346406,-0.0103074914867582,-0.00372197314822066,0.00410158033125056,0.00524313893337617,-0.00649281976707674,0.00770766196373064,-0.0169128517346406,-0.00440619135683571,"all_negative",FALSE,FALSE
"em_m_view_107","em_m_view_110",0,0.0223251127630742,-0.0223251127630742,"B_only_edge",FALSE,"lamp_SK_GB",-0.0241298005800967,-0.0225828741308044,-0.0274169544822188,-0.0207760749299799,-0.00372197314822066,0.00690675189405741,0.00524313893337617,-0.0157018829008838,-0.00662322986219044,-0.0274169544822188,-0.0207760749299799,"all_negative",FALSE,FALSE
"wb_pg_8_4_request_1","url_ok",0,0.000292371404793516,-0.000292371404793516,"B_only_edge",FALSE,"lamp_SK_GB",0.00319924969244386,0.00311118797997304,0.000578516121632106,0.0018894273751135,-0.00372197314822066,0.00509211495909682,-0.00778474477579594,-0.00321535327247592,0.0029229818676824,0.000578516121632106,0.00319924969244386,"all_positive",TRUE,FALSE
"wb_hist_back","url_ok",0.000579301392710574,0,0.000579301392710574,"A_only_edge",FALSE,"lamp_SK_GB",0.00126731181454247,-3.54177013618953e-05,-0.000642925758601285,-7.65896507867522e-05,-0.00372197314822066,0.0082182878189884,-0.00778474477579594,-0.00202111829048572,0.00260041968319629,-0.000642925758601285,0.00126731181454247,"mixed_or_zero",TRUE,FALSE
"wb","url_ok",0.00195433256873722,0.0018914202292429,6.29123394943201e-05,"both_observed",FALSE,"lamp_SK_GB",0.00131513236328846,0.000334761644054513,-0.000841793167663316,0.000252873110310217,-0.00372197314822066,0.0066964924163626,-0.00778474477579594,-0.00349509314436554,0.00355800548385986,-0.000841793167663316,0.00131513236328846,"mixed_or_zero",TRUE,FALSE
"keypress","url_ok",0,0.000564189685883713,-0.000564189685883713,"B_only_edge",FALSE,"lamp_SK_GB",0.000676142921625824,0.000151648987386704,-0.000449746637106471,-0.000152791198051672,-0.00372197314822066,0.00992450075315462,-0.00778474477579594,-0.000906074249236148,0.000341884563352435,-0.000449746637106471,0.000676142921625824,"mixed_or_zero",TRUE,FALSE
"wb_pg_pop1","url_ok",0,0.00400050104146595,-0.00400050104146595,"B_only_edge",FALSE,"lamp_SK_GB",0.000646407960371757,0.000176019043025387,-0.000118461343143337,7.24424245455752e-05,-0.00372197314822066,0.00816225668860434,-0.00778474477579594,-0.00269805327504049,-0.00130244776642546,-0.000118461343143337,0.000646407960371757,"mixed_or_zero",FALSE,FALSE
"file","url_ok",0,0.027476621698696,-0.027476621698696,"B_only_edge",FALSE,"lamp_SK_GB",-0.0278727494906147,-0.0302858330610063,-0.028959684626652,-0.028740311428321,-0.00372197314822066,0.0246167920973764,-0.00778474477579594,-0.0147626753172549,-0.0127139463814411,-0.0302858330610063,-0.0278727494906147,"all_negative",FALSE,FALSE
"wb_pg_8","wb_pg_8_2",0.0721881525450969,0.0721982208639709,-1.00683188739986e-05,"both_observed",TRUE,"lamp_SK_GB",0.000261906500104303,-0.000633378587556459,-0.00307314922760583,-0.00447588369633506,-0.00372197314822066,0.00753198513241713,-0.00217166836088545,0.00190025012341533,-0.00191031844228933,-0.00447588369633506,0.000261906500104303,"mixed_or_zero",TRUE,TRUE
"wb_hist_back","wb_pg_8_2",0.0293676679403424,0.029282631082396,8.50368579464016e-05,"both_observed",TRUE,"lamp_SK_GB",0.00122028795168895,0.000540846988168844,-0.00207996523796463,-0.0010379836305302,-0.00372197314822066,0.0082182878189884,-0.00217166836088545,0.00354493426157125,-0.00345989740362484,-0.00207996523796463,0.00122028795168895,"mixed_or_zero",TRUE,TRUE
"em","wb_pg_8_2",0.000487349270319168,0,0.000487349270319168,"A_only_edge",TRUE,"lamp_SK_GB",0.00111090935941085,-0.000685483281002942,-0.00129670744352183,-0.00102133520278667,-0.00372197314822066,0.00777019260380006,-0.00217166836088545,0.00298746045410481,-0.00250011118378564,-0.00129670744352183,0.00111090935941085,"mixed_or_zero",TRUE,TRUE
"wb","wb_pg_8_2",0.00547156184496816,0.00547802385550944,-6.46201054127927e-06,"both_observed",TRUE,"lamp_SK_GB",0.00180430825403214,0.000425128966529782,-0.0024698708292779,-0.000896156181198517,-0.00372197314822066,0.0066964924163626,-0.00217166836088545,0.00260715916128863,-0.00261362117182991,-0.0024698708292779,0.00180430825403214,"mixed_or_zero",TRUE,TRUE
"wb_hist_for","wb_pg_8_2",0.0203900419046965,0,0.0203900419046965,"A_only_edge",FALSE,"lamp_SK_GB",0.0120109981288599,0.0118002003129335,0.00899441955450372,0.00963529505929598,-0.00372197314822066,0.00191720527490084,-0.00217166836088545,0.00803456189465467,0.0123554800100418,0.00899441955450372,0.0120109981288599,"all_positive",FALSE,TRUE
"wb","wb_pg_pop3",0,0.000170332056809314,-0.000170332056809314,"B_only_edge",FALSE,"lamp_SK_GB",2.68003230989413e-05,-0.00398138030838396,-0.00283035198812641,0.0015044204047403,-0.00372197314822066,0.0066964924163626,0.0052428118149323,0.00824413140617318,-0.00841446346298249,-0.00398138030838396,0.0015044204047403,"mixed_or_zero",TRUE,FALSE
"wb_pg_8_4_submit","wb_pg_pop3",0.726345194323951,0.698423619702925,0.027921574621026,"both_observed",FALSE,"lamp_SK_GB",0.0136724706614945,0.00773489855254656,0.0120798730808761,0.0144681539227595,-0.00372197314822066,0.0028292576570617,0.0052428118149323,0.0180225669852678,0.00989900763575814,0.00773489855254656,0.0144681539227595,"all_positive",TRUE,FALSE
"wb_hist_back","wb_pg_7",0.0442149160313585,0.0426249859465571,0.0015899300848014,"both_observed",FALSE,"lamp_SK_GB",0.00290829699703351,0.00283130781966569,0.00236190132853407,0.00260530711229807,-0.00372197314822066,0.0082182878189884,-0.0158803738833676,-0.00847576221556637,0.0100656923003678,0.00236190132853407,0.00290829699703351,"all_positive",TRUE,FALSE
"wb","wb_pg_7",0.00622189086327127,0.00602305637415226,0.00019883448911901,"both_observed",FALSE,"lamp_SK_GB",0.00198664062791347,0.0024703966233128,0.00304713719385288,0.00301472015172387,-0.00372197314822066,0.0066964924163626,-0.0158803738833676,-0.0109192139873122,0.0111180484764312,0.00198664062791347,0.00304713719385288,"all_positive",TRUE,FALSE
"wb_pg_0","wb_pg_7",0,0.0923335117054868,-0.0923335117054868,"B_only_edge",FALSE,"lamp_SK_GB",-0.0841246558605667,-0.0842902034167286,-0.0916407771864315,-0.0807822510689468,-0.00372197314822066,0.0328824088291611,-0.0158803738833676,-0.0708445940629938,-0.021488917642493,-0.0916407771864315,-0.0807822510689468,"all_negative",FALSE,FALSE
"wb_pg_8","wb_pg_8_1",0.0528982150693468,0.0511445364568326,0.0017536786125142,"both_observed",FALSE,"lamp_SK_GB",0.000640908861808816,0.00115531887415583,0.000224002143543391,0.000537267692581517,-0.00372197314822066,0.00753198513241713,-0.00420278918265747,0.00024813166334782,0.00150554694916638,0.000224002143543391,0.00115531887415583,"all_positive",TRUE,FALSE
"wb_hist_back","wb_pg_8_1",0.0204366817168373,0.0197011226385062,0.000735559078331099,"both_observed",FALSE,"lamp_SK_GB",0.000838941397909767,0.000454372266287765,-1.17065083406567e-06,3.05606207197431e-05,-0.00372197314822066,0.0082182878189884,-0.00420278918265747,0.00113246688602004,-0.000396907807688946,-1.17065083406567e-06,0.000838941397909767,"mixed_or_zero",TRUE,FALSE
"wb","wb_pg_8_1",0.00313923929947919,0.00303840352004435,0.00010083577943484,"both_observed",FALSE,"lamp_SK_GB",0.000277105482327352,0.000801913513322709,-0.00012518572891953,-4.55079737956274e-05,-0.00372197314822066,0.0066964924163626,-0.00420278918265747,-0.000951164432188178,0.00105200021162302,-0.00012518572891953,0.000801913513322709,"mixed_or_zero",TRUE,FALSE
"keypress","wb_pg_8_1",0,0.000406606828124533,-0.000406606828124533,"B_only_edge",FALSE,"lamp_SK_GB",-0.000217294274972242,-0.000633289884852007,-0.000562420250096675,-0.000419801014571139,-0.00372197314822066,0.00992450075315462,-0.00420278918265747,0.00178244414730425,-0.00218905097542879,-0.000633289884852007,-0.000217294274972242,"all_negative",TRUE,FALSE
"wb_hist_back","wb_pg_10",0.013858825634929,0.0133597596179445,0.0004990660169845,"both_observed",FALSE,"lamp_SK_GB",-0.000359732251142438,0.00307544134930515,-0.00225072199398564,-0.00190686167601733,-0.00372197314822066,0.0082182878189884,-0.00554664780651544,-0.00141006538689013,0.00190913140387463,-0.00225072199398564,0.00307544134930515,"mixed_or_zero",TRUE,FALSE
"wb_hist_back","wb_pg_9",0,0.00453816634200986,-0.00453816634200986,"B_only_edge",FALSE,"lamp_SK_GB",-0.00158227982477306,-0.00191680019817613,0.000681060328694367,-0.00114121859375363,-0.00372197314822066,0.0082182878189884,-0.0051943417201109,-0.00228030687411621,-0.00225785946789365,-0.00191680019817613,0.000681060328694367,"mixed_or_zero",TRUE,FALSE
"keypress","wb_pg_9",0.000218016392135393,0,0.000218016392135393,"A_only_edge",FALSE,"lamp_SK_GB",-0.00145409750816558,-0.000871876317952355,0.000713584934159268,0.00031264953314136,-0.00372197314822066,0.00992450075315462,-0.0051943417201109,-0.000445911623342512,0.000663928015477905,-0.00145409750816558,0.000713584934159268,"mixed_or_zero",TRUE,FALSE
"wb_hist_back","file",0.00194284002939934,0.00187282988829374,7.00101411056002e-05,"both_observed",FALSE,"lamp_SK_GB",0.00252627735744174,0.00350322324787393,0.00222939938198341,0.00151962681067745,-0.00372197314822066,0.0082182878189884,-0.00939617185961954,-0.00237357983141005,0.00244358997251565,0.00151962681067745,0.00350322324787393,"all_positive",TRUE,FALSE
"em","file",0,0.00206646708125155,-0.00206646708125155,"B_only_edge",FALSE,"lamp_SK_GB",0.00227622049648627,0.00238247911712408,0.00265277806505172,0.00140665670258126,-0.00372197314822066,0.00777019260380006,-0.00939617185961954,-0.00307173190755386,0.00100526482630231,0.00140665670258126,0.00265277806505172,"all_positive",TRUE,FALSE
"em_m_view_305","file",0.00456364593451255,0.00433281467580542,0.000230831258707129,"both_observed",FALSE,"lamp_SK_GB",0.00140230511564746,0.00257129999010476,0.0034130794577084,0.000393157689295407,-0.00372197314822066,0.0125844546892489,-0.00939617185961954,0.000868614797056131,-0.000637783538349001,0.000393157689295407,0.0034130794577084,"all_positive",TRUE,FALSE
"wb","file",0.00246731328439326,0.00238832141897858,7.89918654146801e-05,"both_observed",FALSE,"lamp_SK_GB",0.00260351376211818,0.00345162436469615,0.00285065547077345,0.00167406707000629,-0.00372197314822066,0.0066964924163626,-0.00939617185961954,-0.00381813882935942,0.0038971306947741,0.00167406707000629,0.00345162436469615,"all_positive",TRUE,FALSE
"keypress","file",0.00193653104625132,0.00181343112366897,0.00012309992258235,"both_observed",FALSE,"lamp_SK_GB",0.00151801251035091,0.00147720165454738,0.00161666296580612,0.000788881034610355,-0.00372197314822066,0.00992450075315462,-0.00939617185961954,-0.00167563174433466,0.00179873166691701,0.000788881034610355,0.00161666296580612,"all_positive",TRUE,FALSE
"wb_pg_pop1","file",0,0.0018607992807589,-0.0018607992807589,"B_only_edge",FALSE,"lamp_SK_GB",0.000788788164681176,0.00204493894207141,0.00091838748397084,0.00111560938587848,-0.00372197314822066,0.00816225668860434,-0.00939617185961954,-0.00416710015455468,0.00230630087379578,0.000788788164681176,0.00204493894207141,"all_positive",FALSE,FALSE
"url_ok","file",0,0.127554085920156,-0.127554085920156,"B_only_edge",FALSE,"lamp_SK_GB",-0.113115511759114,-0.108610395419591,-0.115780257161774,-0.103734276179793,-0.00372197314822066,0.0126485840278551,-0.00939617185961954,-0.1135850727391,-0.0139690131810564,-0.115780257161774,-0.103734276179793,"all_negative",FALSE,FALSE
"wb_pg_8_3_1","wb_hist_for",0.000740184108524578,0,0.000740184108524578,"A_only_edge",FALSE,"lamp_SK_GB",-0.00043762034121988,0.00043481924032423,-0.000281108527083547,0.00105328627923451,-0.00372197314822066,0.00894405285651261,-0.0078352136395358,-0.00305075427246372,0.0037909383809883,-0.00043762034121988,0.00105328627923451,"mixed_or_zero",FALSE,FALSE
"wb_pg_pop2","wb_hist_for",0,0.00562339350066815,-0.00562339350066815,"B_only_edge",FALSE,"lamp_SK_GB",-0.00142561963775166,-0.00191728616740394,-0.000224661273883732,-0.00126374049907614,-0.00372197314822066,0.0120307251546755,-0.0078352136395358,-0.000952081270832614,-0.00467131222983554,-0.00191728616740394,-0.000224661273883732,"all_negative",FALSE,FALSE
"wb_hist_back","wb_hist_for",0.0102524380807002,0.00988326428444982,0.00036917379625038,"both_observed",FALSE,"lamp_SK_GB",0.000414154991855125,0.000578209282845816,0.00147533546395985,0.000464215353779324,-0.00372197314822066,0.0082182878189884,-0.0078352136395358,-0.00292474397691292,0.0032939177731633,0.000414154991855125,0.00147533546395985,"all_positive",TRUE,FALSE
"wb","wb_hist_for",0.00595132702161144,0.00575989182883137,0.00019143519278007,"both_observed",FALSE,"lamp_SK_GB",0.000613237399180922,0.000628550002889274,0.00136817481121098,0.000469821650916641,-0.00372197314822066,0.0066964924163626,-0.0078352136395358,-0.00424745697221293,0.004438892164993,0.000469821650916641,0.00136817481121098,"all_positive",TRUE,FALSE
"wb_pg_8_4_submit","wb_hist_for",0,0.0141036006085501,-0.0141036006085501,"B_only_edge",FALSE,"lamp_SK_GB",-0.00179845556488073,-0.00206829598600178,-0.00243139410587161,-0.00265702115304055,-0.00372197314822066,0.0028292576570617,-0.0078352136395358,-0.0105263846955755,-0.00357721591297462,-0.00265702115304055,-0.00179845556488073,"all_negative",TRUE,FALSE
"wb_pg_2","wb_hist_for",0,0.00370802905173295,-0.00370802905173295,"B_only_edge",FALSE,"lamp_SK_GB",-0.00112762800073067,-0.000411751268974704,0.000367831751555645,-0.00155203889435445,-0.00372197314822066,0.0122054043362614,-0.0078352136395358,-0.000479410452225732,-0.00322861859950722,-0.00155203889435445,0.000367831751555645,"mixed_or_zero",FALSE,FALSE
"wb_pg_pop1","wb_hist_for",0,0.00400978275871828,-0.00400978275871828,"B_only_edge",FALSE,"lamp_SK_GB",0.000457160660909309,0.000234682127874344,0.000678037210655957,-1.3574068616709e-05,-0.00372197314822066,0.00816225668860434,-0.0078352136395358,-0.0029377694382428,-0.00107201332047548,-1.3574068616709e-05,0.000678037210655957,"mixed_or_zero",FALSE,FALSE
"wb_pg_7","wb_hist_for",0.0194274227560261,0,0.0194274227560261,"A_only_edge",FALSE,"lamp_SK_GB",0.0024767262112334,0.0030996597494406,0.00210644413914015,0.00314359524677384,-0.00372197314822066,0.0151690377434164,-0.0078352136395358,0.00608857716689331,0.0133388455891328,0.00210644413914015,0.00314359524677384,"all_positive",FALSE,FALSE
"wb_pg_0","wb_hist_for",0,0.0191780516898861,-0.0191780516898861,"B_only_edge",FALSE,"lamp_SK_GB",-0.0285093128965324,-0.0282774782662568,-0.0304586611732917,-0.0306516085952853,-0.00372197314822066,0.0328824088291611,-0.0078352136395358,-0.00718409085512767,-0.0119939608347584,-0.0306516085952853,-0.0282774782662568,"all_negative",FALSE,FALSE
"wb_hist_back","edit",0,0.000380007187884865,-0.000380007187884865,"B_only_edge",FALSE,"lamp_SK_GB",-0.00101176205184223,0.00179160927012156,-0.000911912393067933,0.000161957594299803,-0.00372197314822066,0.0082182878189884,-0.0157667253243938,-0.0122821727054683,0.0119021655175835,-0.00101176205184223,0.00179160927012156,"mixed_or_zero",TRUE,FALSE
"em_m_view_305","edit",0,0.0194996518823802,-0.0194996518823802,"B_only_edge",FALSE,"lamp_SK_GB",-0.00433198852938751,-0.00181595160157146,-0.0043646033241038,-0.00242596662702016,-0.00372197314822066,0.0125844546892489,-0.0157667253243938,-0.0112362323127531,-0.00826341956962706,-0.0043646033241038,-0.00181595160157146,"all_negative",TRUE,FALSE
"keypress","edit",0,0.0139808403058398,-0.0139808403058398,"B_only_edge",FALSE,"lamp_SK_GB",-0.00122709873598967,0.00143941150398261,-0.00113729617966676,-1.29242726686751e-05,-0.00372197314822066,0.00992450075315462,-0.0157667253243938,-0.0107912964554495,-0.00318954385039026,-0.00122709873598967,0.00143941150398261,"mixed_or_zero",TRUE,FALSE
"em_f_view","edit",0,0.00240638565577185,-0.00240638565577185,"B_only_edge",FALSE,"lamp_SK_GB",-0.000844758886439674,0.00160443266972574,0.000864556230753758,0.000285905444980609,-0.00372197314822066,0.00539905208853044,-0.0157667253243938,-0.0149344052705237,0.0125280196147519,-0.000844758886439674,0.00160443266972574,"mixed_or_zero",TRUE,FALSE
"wb_pg_pop1","edit",0,0.00187770007443121,-0.00187770007443121,"B_only_edge",FALSE,"lamp_SK_GB",0.000238319447445612,0.00185496077775013,0.000111078348077391,0.0015599932289576,-0.00372197314822066,0.00816225668860434,-0.0157667253243938,-0.0110881223365645,0.00921042226213333,0.000111078348077391,0.00185496077775013,"all_positive",FALSE,FALSE
"file","edit",0,0.0814123132404941,-0.0814123132404941,"B_only_edge",FALSE,"lamp_SK_GB",-0.0633377826566146,-0.0644728031141284,-0.0672455110072923,-0.0635839506405524,-0.00372197314822066,0.0246167920973764,-0.0157667253243938,-0.0582096890318526,-0.0232026242086415,-0.0672455110072923,-0.0633377826566146,"all_negative",FALSE,FALSE
"em_m_view_305","message",0.00151369215886357,0.00143720901605752,7.648314280605e-05,"both_observed",FALSE,"lamp_SK_GB",-0.000811270353667034,4.35245969787522e-05,0.000750008458773214,-0.000701131024770092,-0.00372197314822066,0.0125844546892489,-0.0120381889023025,-0.00398697771494134,0.00406346085774739,-0.000811270353667034,0.000750008458773214,"mixed_or_zero",TRUE,FALSE
"em_m_view_110","message",0,0.00729183826716009,-0.00729183826716009,"B_only_edge",FALSE,"lamp_SK_GB",-0.00715970721598894,-0.0069265113194656,-0.00495093972212177,-0.00797661821437323,-0.00372197314822066,0.00648283100274448,-0.0120381889023025,-0.0164370382637676,0.00914519999660753,-0.00797661821437323,-0.00495093972212177,"all_negative",FALSE,FALSE
"file","message",0,0.012595412158315,-0.012595412158315,"B_only_edge",FALSE,"lamp_SK_GB",-0.0100988291526343,-0.0102242896040224,-0.00820390827636585,-0.0118884608721398,-0.00372197314822066,0.0246167920973764,-0.0120381889023025,-0.00124219910578107,-0.0113532130525339,-0.0118884608721398,-0.00820390827636585,"all_negative",FALSE,FALSE
"em_new","message",0,0.0154263743867516,-0.0154263743867516,"B_only_edge",FALSE,"lamp_SK_GB",-0.0071972436697053,-0.00355125891702093,-0.00256015511701093,-0.00397172166819187,-0.00372197314822066,0.00994842248070753,-0.0120381889023025,-0.0130089832395209,-0.00241739114723066,-0.0071972436697053,-0.00256015511701093,"all_negative",FALSE,FALSE
"wb_hist_back","help",0,0.000682526939797961,-0.000682526939797961,"B_only_edge",FALSE,"lamp_SK_GB",0.00025585954209879,-8.76606713481858e-05,0.000339461616622761,0.00164173208737502,-0.00372197314822066,0.0082182878189884,-0.00789010864844727,-0.00313793443558073,0.00245540749578277,-8.76606713481858e-05,0.00164173208737502,"mixed_or_zero",TRUE,FALSE
"em_m_view_305","help",0,0.000710982756424469,-0.000710982756424469,"B_only_edge",FALSE,"lamp_SK_GB",-0.00124581739712376,-0.00053359874965079,0.000916329146090943,0.00194966058895718,-0.00372197314822066,0.0125844546892489,-0.00789010864844727,-0.000273444504542817,-0.000437538251881652,-0.00124581739712376,0.00194966058895718,"mixed_or_zero",TRUE,FALSE
"wb","help",0,0.000867168275125202,-0.000867168275125202,"B_only_edge",FALSE,"lamp_SK_GB",0.00135595308208755,-0.000124518813044624,0.000721282570231676,0.00145229231235302,-0.00372197314822066,0.0066964924163626,-0.00789010864844727,-0.00355963629821778,0.00269246802309258,-0.000124518813044624,0.00145229231235302,"mixed_or_zero",TRUE,FALSE
"wb_pg_0","help",0,0.0172859630614241,-0.0172859630614241,"B_only_edge",FALSE,"lamp_SK_GB",-0.0309700578190275,-0.0290698793021911,-0.0329889362858259,-0.0271591375632183,-0.00372197314822066,0.0328824088291611,-0.00789010864844727,-0.0096997307865343,-0.0075862322748898,-0.0329889362858259,-0.0271591375632183,"all_negative",FALSE,FALSE
"wb_pg_8","wb_pg_0",0,0.0016224851262025,-0.0016224851262025,"B_only_edge",FALSE,"lamp_SK_GB",0.00739880020438954,0.00579060192823584,0.00942520209885701,0.00587233642922953,-0.00372197314822066,0.00753198513241713,-0.0266980039325249,-0.0154891917439389,0.0138667066177364,0.00579060192823584,0.00942520209885701,"all_positive",TRUE,FALSE
"wb_pg_pop2","wb_pg_0",0,0.00563568488602545,-0.00563568488602545,"B_only_edge",FALSE,"lamp_SK_GB",0.00438704005443587,0.00440715966265529,0.00810939034972131,0.0057026998299003,-0.00372197314822066,0.0120307251546755,-0.0266980039325249,-0.0140022118716342,0.00836652698560872,0.00438704005443587,0.00810939034972131,"all_positive",FALSE,FALSE
"wb_hist_back","wb_pg_0",0,0.00448146014105918,-0.00448146014105918,"B_only_edge",FALSE,"lamp_SK_GB",0.00532665816988234,0.00381368750246536,0.00584953089623923,0.00371916266089609,-0.00372197314822066,0.0082182878189884,-0.0266980039325249,-0.0168750310918748,0.0123935709508156,0.00371916266089609,0.00584953089623923,"all_positive",TRUE,FALSE
"wb","wb_pg_0",0.0163274530306237,0.0158029566806806,0.000524496349943102,"both_observed",FALSE,"lamp_SK_GB",0.00612065479755755,0.00441171360030925,0.00633886773439771,0.00461113799361116,-0.00372197314822066,0.0066964924163626,-0.0266980039325249,-0.0176028298668254,0.0181273262167685,0.00441171360030925,0.00633886773439771,"all_positive",TRUE,FALSE
"keypress","wb_pg_0",0,0.00181116862196884,-0.00181116862196884,"B_only_edge",FALSE,"lamp_SK_GB",0.00436815910975686,0.00260706587466236,0.00474563092408135,0.00176549859946334,-0.00372197314822066,0.00992450075315462,-0.0266980039325249,-0.0161273172178341,0.0143161485958652,0.00176549859946334,0.00474563092408135,"all_positive",TRUE,FALSE
"wb_pg_2","wb_pg_0",0,0.0113025296254558,-0.0113025296254558,"B_only_edge",FALSE,"lamp_SK_GB",0.0027585476209075,0.00129383427740026,0.0027853789099453,0.00132143713113526,-0.00372197314822066,0.0122054043362614,-0.0266980039325249,-0.0154560251235766,0.00415349549812085,0.00129383427740026,0.0027853789099453,"all_positive",FALSE,FALSE
"wb_pg_pop1","wb_pg_0",0,0.0172998643232613,-0.0172998643232613,"B_only_edge",FALSE,"lamp_SK_GB",0.00369364498942753,0.00254897789301739,0.00139437434673412,0.0016714604466832,-0.00372197314822066,0.00816225668860434,-0.0266980039325249,-0.0185640754027137,0.00126421107945237,0.00139437434673412,0.00369364498942753,"all_positive",FALSE,FALSE
"url_ok","wb_pg_0",0,0.250042143011372,-0.250042143011372,"B_only_edge",FALSE,"lamp_SK_GB",-0.191225791282687,-0.189434828362867,-0.191767649988815,-0.180832610310422,-0.00372197314822066,0.0126485840278551,-0.0266980039325249,-0.208997184335578,-0.0410449586757944,-0.191767649988815,-0.180832610310422,"all_negative",FALSE,FALSE
"wb_pg_7","wb_pg_0",0,0.0222022374016265,-0.0222022374016265,"B_only_edge",FALSE,"lamp_SK_GB",-0.0043240151542821,-0.00625237075228258,-0.00950770189751282,-0.00594143320354358,-0.00372197314822066,0.0151690377434164,-0.0266980039325249,-0.0195749544916113,-0.00262728291001522,-0.00950770189751282,-0.0043240151542821,"all_negative",FALSE,FALSE
"wb_pg_10","wb_pg_0",0.0219538965408065,0,0.0219538965408065,"A_only_edge",FALSE,"lamp_SK_GB",0.0517878607750911,0.0546682186105454,0.0535055983701079,0.0517649626083476,-0.00372197314822066,-0.0142481306069625,-0.0266980039325249,0.00711975308738302,0.0148341434534235,0.0517649626083476,0.0546682186105454,"all_positive",FALSE,FALSE
"wb_hist_for","wb_pg_0",0.0569104515783663,0,0.0569104515783663,"A_only_edge",FALSE,"lamp_SK_GB",0.0377953794108059,0.0375185407604552,0.040019440344985,0.0373841188843436,-0.00372197314822066,0.00191720527490084,-0.0266980039325249,0.00929260760496122,0.0476178439734051,0.0373841188843436,0.040019440344985,"all_positive",FALSE,FALSE
"wb_book_a","wb_pg_0",0,0.209333921795224,-0.209333921795224,"B_only_edge",FALSE,"lamp_SK_GB",-0.0839990385729759,-0.0835130651667286,-0.0843618608094825,-0.0745903898238268,-0.00372197314822066,-0.000898178821595849,-0.0266980039325249,-0.115317194475317,-0.0940167273199067,-0.0843618608094825,-0.0745903898238268,"all_negative",FALSE,FALSE
"wb_hist_back","wb_pg_1",0,0.00344300239406517,-0.00344300239406517,"B_only_edge",FALSE,"lamp_SK_GB",0.00119197023541144,-7.3217939541671e-05,0.00101543584370934,0.00121755227410503,-0.00372197314822066,0.0082182878189884,-0.00992324139723967,-0.00423495649106049,0.000791954096995316,-7.3217939541671e-05,0.00121755227410503,"mixed_or_zero",TRUE,FALSE
"wb","wb_pg_1",0.0022095760734121,0,0.0022095760734121,"A_only_edge",FALSE,"lamp_SK_GB",0.00170731505083287,0.000230395943740472,0.00194449833726534,0.00192982290892557,-0.00372197314822066,0.0066964924163626,-0.00992324139723967,-0.00524140707826487,0.00745098315167697,0.000230395943740472,0.00194449833726534,"all_positive",TRUE,FALSE
"wb_pg_0","wb_pg_1",0,0.0137814802078964,-0.0137814802078964,"B_only_edge",FALSE,"lamp_SK_GB",-0.0259257411819766,-0.028225691414929,-0.0302123089226192,-0.026750409600257,-0.00372197314822066,0.0328824088291611,-0.00992324139723967,-0.00668854689827583,-0.00709293330962057,-0.0302123089226192,-0.0259257411819766,"all_negative",FALSE,FALSE
"wb_pg_pop1","wb_pg_1_1",0,0.00306766627433831,-0.00306766627433831,"B_only_edge",FALSE,"lamp_SK_GB",-0.0042131650152744,-0.00204889744473115,0.000163635639600332,-0.0011879083033452,-0.00372197314822066,0.00816225668860434,9.81261514599458e-05,0.000325244676569229,-0.00339291095090754,-0.0042131650152744,0.000163635639600332,"mixed_or_zero",FALSE,FALSE
"wb_pg_8_4","wb_pg_8_4_request_2",0.000802669518310927,0,0.000802669518310927,"A_only_edge",FALSE,"lamp_SK_GB",0.00140011859094936,-0.000951489297753749,0.00178990846298728,-0.000236792479969368,-0.00372197314822066,0.00569292432272698,-0.00530565806285601,-0.00193458829740033,0.00273725781571125,-0.000951489297753749,0.00178990846298728,"mixed_or_zero",TRUE,FALSE
"wb_pg_8_4_reason_4","wb_pg_8_4_request_2",0,0.0042594102516749,-0.0042594102516749,"B_only_edge",FALSE,"lamp_SK_GB",0.000709758026603622,-0.00398963601681452,-0.00124637497734869,-0.00394047186977943,-0.00372197314822066,0.00575079520640221,-0.00530565806285601,-0.00256707797807084,-0.00169233227360406,-0.00398963601681452,0.000709758026603622,"mixed_or_zero",TRUE,FALSE
"keypress","wb_pg_8_4_request_2",0.000436479045299717,0,0.000436479045299717,"A_only_edge",FALSE,"lamp_SK_GB",0.00045368445062301,-0.000295986426601455,0.00113131166648628,-0.000433682088433596,-0.00372197314822066,0.00992450075315462,-0.00530565806285601,0.00135055399270096,-0.000914074947401247,-0.000433682088433596,0.00113131166648628,"mixed_or_zero",TRUE,FALSE
"wb_hist_back","wb_pg_4",0.00285990355590839,0.00275688612824685,0.00010301742766154,"both_observed",FALSE,"lamp_SK_GB",-0.000961620787657108,0.000950698719152307,9.17638905017156e-06,-0.00277257465950613,-0.00372197314822066,0.0082182878189884,-0.00162968075849548,0.00190501312461516,-0.00180199569695362,-0.00277257465950613,0.000950698719152307,"mixed_or_zero",TRUE,FALSE
"wb","wb_pg_4",0.000977631194173288,0,0.000977631194173288,"A_only_edge",FALSE,"lamp_SK_GB",-0.000899842467982407,0.00107514392877618,0.000414216282935928,-0.00142957250534378,-0.00372197314822066,0.0066964924163626,-0.00162968075849548,0.000444996041664055,0.000532635152509233,-0.00142957250534378,0.00107514392877618,"mixed_or_zero",TRUE,FALSE
"em","em_new",0.00289068311562552,0.00274990929332614,0.00014077382229938,"both_observed",FALSE,"lamp_SK_GB",-9.73893993152664e-05,-0.00100846525997062,-0.000714964827836695,0.00033845746203687,-0.00372197314822066,0.00777019260380006,-0.000456874004696861,0.00349395605156728,-0.0033531822292679,-0.00100846525997062,0.00033845746203687,"mixed_or_zero",TRUE,FALSE
"em_m_view_305","em_new",0.00200767372549438,0,0.00200767372549438,"A_only_edge",FALSE,"lamp_SK_GB",-0.00235135035716583,-0.00200609229399935,-0.00187271258810363,-0.000447462527242265,-0.00372197314822066,0.0125844546892489,-0.000456874004696861,0.00605425717916552,-0.00404658345367114,-0.00235135035716583,-0.000447462527242265,"all_negative",TRUE,FALSE
"em_m_view_103","em_new",0.0067884068570554,0,0.0067884068570554,"A_only_edge",FALSE,"lamp_SK_GB",0.0035865557102352,0.0019747556634823,0.00191407223161501,0.00624627962824867,-0.00372197314822066,-0.00100015956839468,-0.000456874004696861,-0.00159245101107699,0.00838085786813239,0.00191407223161501,0.00624627962824867,"all_positive",FALSE,FALSE
"keypress","em_send",0.000598282492190531,0.000560380613038246,3.79018791522849e-05,"both_observed",FALSE,"lamp_SK_GB",0.00396860130848512,0.00169834805263518,0.00152877682211024,-0.000776008908702749,-0.00372197314822066,0.00992450075315462,-0.00683185653733257,0.00333927237608652,-0.00330137049693423,-0.000776008908702749,0.00396860130848512,"mixed_or_zero",TRUE,FALSE
"wb_pg_pop1","wb_pg_1_2",0,0.00594776666629916,-0.00594776666629916,"B_only_edge",FALSE,"lamp_SK_GB",-0.000363878331536544,-0.000985497490479889,-0.00139954559609265,0.00188039341439018,-0.00372197314822066,0.00816225668860434,-0.00589031289960968,-0.00181390769076253,-0.00413385897553663,-0.00139954559609265,0.00188039341439018,"mixed_or_zero",FALSE,FALSE
"wb_pg_1","wb_pg_1_2",0.106829263884889,0.103402345847622,0.00342691803726701,"both_observed",FALSE,"lamp_SK_GB",0.00207977106144683,0.00199510451245971,-0.00117860386991431,0.0064792705492978,-0.00372197314822066,0.00933216392345869,-0.00589031289960968,0.00179964893707519,0.00162726910019182,-0.00117860386991431,0.0064792705492978,"mixed_or_zero",FALSE,FALSE
"wb_pg_pop1","wb_pg_1_3",0,0.00593228272357548,-0.00593228272357548,"B_only_edge",FALSE,"lamp_SK_GB",-0.000284688362988285,0.0025525269859796,0.00273852945674097,0.00089775570619232,-0.00372197314822066,0.00816225668860434,-0.0187499769032694,-0.014594381725874,0.00866209900229854,-0.000284688362988285,0.00273852945674097,"mixed_or_zero",FALSE,FALSE
"wb_pg_1","wb_pg_1_3",0,0.0680567494985454,-0.0680567494985454,"B_only_edge",FALSE,"lamp_SK_GB",-0.036757965732952,-0.032784149818852,-0.0361310168731026,-0.0385417910417909,-0.00372197314822066,0.00933216392345869,-0.0187499769032694,-0.0498977518609834,-0.018158997637562,-0.0385417910417909,-0.032784149818852,"all_negative",FALSE,FALSE
"wb_hist_back","wb_book_a",0.00104180863857037,0,0.00104180863857037,"A_only_edge",FALSE,"lamp_SK_GB",0.00107152914715284,0.000737555836543594,0.00169639033833762,0.000702863070448006,-0.00372197314822066,0.0082182878189884,-0.0110584306238502,-0.00549058680592959,0.00653239544449996,0.000702863070448006,0.00169639033833762,"all_positive",TRUE,FALSE
"wb","wb_book_a",0.00129026807093463,0.00124896088997143,4.13071809631999e-05,"both_observed",FALSE,"lamp_SK_GB",0.00152529966096921,0.000963857638320001,0.0016008417708645,0.000708538769369141,-0.00372197314822066,0.0066964924163626,-0.0110584306238502,-0.00655861169473902,0.00659991887570222,0.000708538769369141,0.0016008417708645,"all_positive",TRUE,FALSE
"wb_pg_pop1","wb_book_a",0.00217491536031243,0,0.00217491536031243,"A_only_edge",FALSE,"lamp_SK_GB",0.00140268724471196,0.00139304350956722,0.000352376641329666,7.72966108496767e-07,-0.00372197314822066,0.00816225668860434,-0.0110584306238502,-0.00521545983875453,0.00739037519906696,7.72966108496767e-07,0.00140268724471196,"all_positive",FALSE,FALSE
"url_ok","wb_book_a",0,0.0929093594512169,-0.0929093594512169,"B_only_edge",FALSE,"lamp_SK_GB",-0.0898260363608279,-0.08683721213205,-0.092883285705959,-0.0864210508038132,-0.00372197314822066,0.0126485840278551,-0.0110584306238502,-0.0919578561050436,-0.000951503346173277,-0.092883285705959,-0.0864210508038132,"all_negative",FALSE,FALSE
"wb_pg_0","wb_book_a",0,0.0521352106654962,-0.0521352106654962,"B_only_edge",FALSE,"lamp_SK_GB",-0.0551756035228449,-0.0559122431681416,-0.0568606619633685,-0.0558327176063053,-0.00372197314822066,0.0328824088291611,-0.0110584306238502,-0.0370735984657546,-0.0150616121997416,-0.0568606619633685,-0.0551756035228449,"all_negative",FALSE,FALSE
"wb_book_a","wb_book_a_c",0.702064706821248,0.543756702462729,0.158308004358519,"both_observed",FALSE,"lamp_SK_GB",0.0616291586466655,0.0543508295056141,0.0696020667905688,0.0588409547419572,-0.00372197314822066,-0.000898178821595849,0.0919629340170908,0.14897194069394,0.0093360636645792,0.0543508295056141,0.0696020667905688,"all_positive",FALSE,FALSE
"wb_hist_back","wb_pg_5",0.00421567355530289,0.00406399012644556,0.00015168342885733,"both_observed",FALSE,"lamp_SK_GB",-0.000407497473269608,-0.00125127524699004,0.000131776826850299,-0.00069584123844707,-0.00372197314822066,0.0082182878189884,-0.0038757978437572,0.000213019353740936,-6.13359248836058e-05,-0.00125127524699004,0.000131776826850299,"mixed_or_zero",TRUE,FALSE
"wb","wb_pg_5",0.000434867313632778,0,0.000434867313632778,"A_only_edge",FALSE,"lamp_SK_GB",-0.000101855802267026,-0.001443651239851,0.000370995333578651,-0.000261872929412182,-0.00372197314822066,0.0066964924163626,-0.0038757978437572,-0.00100313437788229,0.00143800169151507,-0.001443651239851,0.000370995333578651,"mixed_or_zero",TRUE,FALSE
"keypress","wb_pg_5",0,0.000203582868710903,-0.000203582868710903,"B_only_edge",FALSE,"lamp_SK_GB",-0.000182435882185202,-0.00234756232171118,0.00039238658407526,0.000328836582523185,-0.00372197314822066,0.00992450075315462,-0.0038757978437572,0.00214429387899156,-0.00234787674770246,-0.00234756232171118,0.00039238658407526,"mixed_or_zero",TRUE,FALSE
"wb_pg_5","wb_pg_5_1",0.301221434321618,0,0.301221434321618,"A_only_edge",FALSE,"lamp_SK_GB",0.246347057651198,0.235540779321279,0.236369687539056,0.255135824605958,-0.00372197314822066,-0.144479725162642,0.181718710779674,0.27986407012001,0.0213573642016079,0.235540779321279,0.255135824605958,"all_positive",FALSE,FALSE
"wb_pg_pop1","wb_pg_5_2",0.00533862591748215,0,0.00533862591748215,"A_only_edge",FALSE,"lamp_SK_GB",-0.0015870867425017,-0.00224261809018124,-0.00414349673009243,-0.00355241359985011,-0.00372197314822066,0.00816225668860434,0.0155673959023134,0.0184205927001954,-0.0130819667827133,-0.00414349673009243,-0.0015870867425017,"all_negative",FALSE,FALSE
"wb_pg_5","wb_pg_5_2",0.061087819229674,0,0.061087819229674,"A_only_edge",FALSE,"lamp_SK_GB",0.176436388229678,0.156194739455753,0.162796021946242,0.170576850889791,-0.00372197314822066,-0.144479725162642,0.0155673959023134,0.0438020858211294,0.0172857334085446,0.156194739455753,0.176436388229678,"all_positive",FALSE,FALSE
"wb_pg_8_4","wb_pg_8_4_reason_1",0,0.00227230353770541,-0.00227230353770541,"B_only_edge",FALSE,"lamp_SK_GB",-0.00357902018229523,0.000161131158051415,-0.00051913355233448,-0.00309114502133398,-0.00372197314822066,0.00569292432272698,0.000808082694906742,-0.000799986312882156,-0.00147231722482325,-0.00357902018229523,0.000161131158051415,"mixed_or_zero",TRUE,FALSE
"wb_pg_8_4","wb_pg_8_4_reason_6",0.00645308552248697,0.00621801296864281,0.00023507255384416,"both_observed",FALSE,"lamp_SK_GB",0.00164472258084012,0.00139764528540315,-0.000510378666639966,0.00122274151506942,-0.00372197314822066,0.00569292432272698,-0.0057066762336356,-0.00209100247828915,0.00232607503213331,-0.000510378666639966,0.00164472258084012,"mixed_or_zero",TRUE,FALSE
"wb_pg_8_4_request_1","wb_pg_8_4_reason_6",0,0.00125925142450118,-0.00125925142450118,"B_only_edge",FALSE,"lamp_SK_GB",0.00106785734630071,0.00206456340931683,-0.00268497434175524,-0.000473916701622582,-0.00372197314822066,0.00509211495909682,-0.0057066762336356,-0.00326867707645873,0.00200942565195755,-0.00268497434175524,0.00206456340931683,"mixed_or_zero",TRUE,FALSE
"keypress","wb_pg_8_4_reason_6",0,0.00172221276892754,-0.00172221276892754,"B_only_edge",FALSE,"lamp_SK_GB",0.000499782096529599,0.000975095752393786,-0.00165032229584921,-0.000934598824872103,-0.00372197314822066,0.00992450075315462,-0.0057066762336356,0.000995633467827969,-0.00271784623675551,-0.00165032229584921,0.000975095752393786,"mixed_or_zero",TRUE,FALSE
"wb_hist_back","wb_pg_6",0.00414598774124388,0,0.00414598774124388,"A_only_edge",FALSE,"lamp_SK_GB",0.00196748730024269,-0.000597369547380528,-0.00103161435205766,-0.000928999506336674,-0.00372197314822066,0.0082182878189884,-0.00137882537436658,0.00508497659664385,-0.00093898885539997,-0.00103161435205766,0.00196748730024269,"mixed_or_zero",TRUE,FALSE
"wb_hist_back","wb_pg_3",0.00159392597833481,0,0.00159392597833481,"A_only_edge",FALSE,"lamp_SK_GB",0.00176110793447814,-0.000642378582903502,-7.9547412254271e-05,-0.000810757758761627,-0.00372197314822066,0.0082182878189884,-0.00485717826929349,0.00140024433595239,0.000193681642382416,-0.000810757758761627,0.00176110793447814,"mixed_or_zero",TRUE,FALSE
"file","copy",0,0.0942277552487891,-0.0942277552487891,"B_only_edge",FALSE,"lamp_SK_GB",-0.051681274973632,-0.0449537642544887,-0.0514962116660446,-0.0434913593367846,-0.00372197314822066,0.0246167920973764,-0.055872086249701,-0.0866585422741773,-0.00756921297461183,-0.051681274973632,-0.0434913593367846,"all_negative",FALSE,FALSE
"keypress","paste",0,0.0101928720445199,-0.0101928720445199,"B_only_edge",FALSE,"lamp_SK_GB",0.00215795130925911,0.00140687030718195,-0.000193136696309148,0.000571089667171098,-0.00372197314822066,0.00992450075315462,-0.019172773560004,-0.0108122946458109,0.000619422601290968,-0.000193136696309148,0.00215795130925911,"mixed_or_zero",TRUE,FALSE
"keypress","wb_book_a_ok",0.000437387781278727,0,0.000437387781278727,"A_only_edge",FALSE,"lamp_SK_GB",0.00759583702315975,0.00718539324438481,0.00524526933609492,0.00463253830760409,-0.00372197314822066,0.00992450075315462,-0.0408220113654214,-0.0270236467373277,0.0274610345186064,0.00463253830760409,0.00759583702315975,"all_positive",TRUE,FALSE
"wb_book_a","wb_book_a_ok",0,0.208856751886662,-0.208856751886662,"B_only_edge",FALSE,"lamp_SK_GB",-0.13254018128086,-0.134704389211004,-0.141253853502324,-0.126662095041651,-0.00372197314822066,-0.000898178821595849,-0.0408220113654214,-0.177982344616098,-0.0308744072705636,-0.141253853502324,-0.126662095041651,"all_negative",FALSE,FALSE
"wb_pg_pop1","wb_pg_4_1",0.00536588611670633,0,0.00536588611670633,"A_only_edge",FALSE,"lamp_SK_GB",0.00403074592429749,0.00467985385206146,0.00342937484901125,0.00160736219668121,-0.00372197314822066,0.00816225668860434,-0.0132596928292948,-0.00478866336461361,0.0101545494813199,0.00160736219668121,0.00467985385206146,"all_positive",FALSE,FALSE
"wb_pg_4","wb_pg_4_1",0,0.146787324554879,-0.146787324554879,"B_only_edge",FALSE,"lamp_SK_GB",-0.0826195508273723,-0.0794591226477607,-0.0852444700307411,-0.0875582003485825,-0.00372197314822066,-0.033604707094429,-0.0132596928292948,-0.133205923899317,-0.0135814006555623,-0.0875582003485825,-0.0794591226477607,"all_negative",FALSE,FALSE
"wb_pg_pop1","wb_pg_4_2",0,0.00400183906276584,-0.00400183906276584,"B_only_edge",FALSE,"lamp_SK_GB",-0.00961627735302101,-0.010962148834688,-0.0104098471163586,-0.008577219007704,-0.00372197314822066,0.00816225668860434,0.0331526046487365,0.0279766108360992,-0.031978449898865,-0.010962148834688,-0.008577219007704,"all_negative",FALSE,FALSE
"wb_pg_4","wb_pg_4_2",0.265140185033551,0,0.265140185033551,"A_only_edge",FALSE,"lamp_SK_GB",0.231282879756738,0.223190304716945,0.222792089391442,0.224200157439049,-0.00372197314822066,-0.033604707094429,0.0331526046487365,0.227108804162825,0.0380313808707264,0.222792089391442,0.231282879756738,"all_positive",FALSE,FALSE
"wb_pg_pop1","wb_pg_4_3",0.00597666823668248,0,0.00597666823668248,"A_only_edge",FALSE,"lamp_SK_GB",-0.00372102053413549,-0.00449626566079229,-0.00244933249846468,-0.00237791566497427,-0.00372197314822066,0.00816225668860434,0.0179420252301088,0.018661288236357,-0.0126846199996745,-0.00449626566079229,-0.00237791566497427,"all_negative",FALSE,FALSE
"wb_pg_4","wb_pg_4_3",0.0522378599893652,0,0.0522378599893652,"A_only_edge",FALSE,"lamp_SK_GB",0.0614535815357817,0.0606515669617418,0.0650111713290796,0.0611999475259211,-0.00372197314822066,-0.033604707094429,0.0179420252301088,0.0420689265232408,0.0101689334661244,0.0606515669617418,0.0650111713290796,"all_positive",FALSE,FALSE
"keypress","em_move",0.000218825881029284,0,0.000218825881029284,"A_only_edge",FALSE,"lamp_SK_GB",-0.00220075625821999,-0.000691427825096346,0.00194612094674068,-0.00181689476586695,-0.00372197314822066,0.00992450075315462,-0.00346159802278131,0.000540173323932668,-0.000321347442903384,-0.00220075625821999,0.00194612094674068,"mixed_or_zero",TRUE,FALSE
"em_m_view_105","em_move",0,0.00699936792257195,-0.00699936792257195,"B_only_edge",FALSE,"lamp_SK_GB",-0.00404616681139231,-0.00407155444493726,0.000295465086861282,-0.00283925500850477,-0.00372197314822066,0.00620828355158402,-0.00346159802278131,-0.00502145443081026,-0.00197791349176169,-0.00407155444493726,0.000295465086861282,"mixed_or_zero",FALSE,FALSE
"em_f_view","em_move_c",0.000861555570185648,0.000792780749376991,6.8774820808657e-05,"both_observed",FALSE,"lamp_SK_GB",-0.000283343997410707,0.000791281824312318,-0.000512116629471674,0.0025579033090342,-0.00372197314822066,0.00539905208853044,-0.0033495263449432,-0.00195579140204413,0.00202456622285278,-0.000512116629471674,0.0025579033090342,"mixed_or_zero",TRUE,FALSE
"em_m_view_305","em_for",0,0.000713769724299038,-0.000713769724299038,"B_only_edge",FALSE,"lamp_SK_GB",-0.000687887053511654,0.000815573425589471,-0.00245725893732049,0.000271814711409099,-0.00372197314822066,0.0125844546892489,-0.00847406315516841,-0.000299468667651855,-0.000414301056647183,-0.00245725893732049,0.000815573425589471,"mixed_or_zero",TRUE,FALSE
"em","em_re",0.00138330686860236,0.00131580289225258,6.75039763497799e-05,"both_observed",FALSE,"lamp_SK_GB",-0.000338838106688079,-0.000733745361984519,0.00322848233640696,-0.000535129573881387,-0.00372197314822066,0.00777019260380006,-0.00330201308852828,0.000407368260363042,-0.000339864284013262,-0.000733745361984519,0.00322848233640696,"mixed_or_zero",TRUE,FALSE
"em_m_view_305","em_re",0.00490878981135636,0.00466163944357503,0.000247150367781329,"both_observed",FALSE,"lamp_SK_GB",-0.000274380087648999,-0.00154217210100262,0.00244860476138528,-0.00196777230357066,-0.00372197314822066,0.0125844546892489,-0.00330201308852828,0.00528608836485092,-0.00503893799706959,-0.00196777230357066,0.00244860476138528,"mixed_or_zero",TRUE,FALSE
"em_f_view","em_re",0,0.00156063908204494,-0.00156063908204494,"B_only_edge",FALSE,"lamp_SK_GB",0.00023217055462742,-0.00108698532000149,0.00330436583102834,0.00033480351564923,-0.00372197314822066,0.00539905208853044,-0.00330201308852828,-0.00139276359359108,-0.000167875488453861,-0.00108698532000149,0.00330436583102834,"mixed_or_zero",TRUE,FALSE
"file","em_re",0.0461696283476159,0,0.0461696283476159,"A_only_edge",FALSE,"lamp_SK_GB",0.0225635434495241,0.0203583571477742,0.0229263813445001,0.0150799425157358,-0.00372197314822066,0.0246167920973764,-0.00330201308852828,0.0401563493101516,0.00601327903746429,0.0150799425157358,0.0229263813445001,"all_positive",FALSE,FALSE
"wb_hist_back","splithorizontal",0,0.00031915808081326,-0.00031915808081326,"B_only_edge",FALSE,"lamp_SK_GB",0.00151578202174789,-3.37516195571925e-05,-0.00284505580332728,0.00120724079479899,-0.00372197314822066,0.0082182878189884,-0.00708116603597177,-0.00106906934345613,0.000749911262642873,-0.00284505580332728,0.00151578202174789,"mixed_or_zero",TRUE,FALSE
"wb","splithorizontal",0,0.000787408203065068,-0.000787408203065068,"B_only_edge",FALSE,"lamp_SK_GB",0.00183190558384955,-0.000269867660108355,-0.00259891327597732,0.00134158060422006,-0.00372197314822066,0.0066964924163626,-0.00708116603597177,-0.00227474118398028,0.00148733298091521,-0.00259891327597732,0.00183190558384955,"mixed_or_zero",TRUE,FALSE
"keypress","splithorizontal",0,0.000801204361459001,-0.000801204361459001,"B_only_edge",FALSE,"lamp_SK_GB",8.08828483692071e-05,-0.000834895328103742,-0.00249349162126092,0.00101916607148958,-0.00372197314822066,0.00992450075315462,-0.00708116603597177,-0.000797755582668592,-3.44877879040876e-06,-0.00249349162126092,0.00101916607148958,"mixed_or_zero",TRUE,FALSE
"wb_pg_pop1","splithorizontal",0,0.0018671961383179,-0.0018671961383179,"B_only_edge",FALSE,"lamp_SK_GB",0.00163826425578753,-0.000315212711739847,-0.00366071242580966,0.000689444947596254,-0.00372197314822066,0.00816225668860434,-0.00708116603597177,-0.00100261823980055,-0.000864577898517352,-0.00366071242580966,0.00163826425578753,"mixed_or_zero",FALSE,FALSE
"em","em_sch",0.00138138677074524,0.00131420463297997,6.71821377652702e-05,"both_observed",FALSE,"lamp_SK_GB",0.000448542584355797,-8.35306783017302e-05,0.000301884977702128,-0.000866293103887282,-0.00372197314822066,0.00777019260380006,-0.00369449437516162,0.000802267664773579,-0.000735085527008309,-0.000866293103887282,0.000448542584355797,"mixed_or_zero",TRUE,FALSE
"em_f_view","em_sch",0,0.00300588209683528,-0.00300588209683528,"B_only_edge",FALSE,"lamp_SK_GB",-0.000692589774347462,-0.000197925588130204,-7.29747595975391e-05,-0.00148097816957245,-0.00372197314822066,0.00539905208853044,-0.00369449437516162,-0.0027100052091993,-0.00029587688763598,-0.00148097816957245,-7.29747595975391e-05,"all_negative",TRUE,FALSE
"keypress","em_sch_ok",0.00665578234960952,0.0062331166585453,0.00042266569106422,"both_observed",FALSE,"lamp_SK_GB",0.00246775712469923,0.00288529088796745,-0.00270516279112109,0.000697893521547787,-0.00372197314822066,0.00992450075315462,-0.00860099834688341,6.92863827497941e-05,0.000353379308314426,-0.00270516279112109,0.00288529088796745,"mixed_or_zero",TRUE,FALSE
"wb_hist_back","book",0.000332899251602332,0,0.000332899251602332,"A_only_edge",FALSE,"lamp_SK_GB",-0.00293101108132122,-0.000817737144738484,-0.00244071938993036,0.00088074755926379,-0.00372197314822066,0.0082182878189884,0.00593776051417916,0.00750306410362569,-0.00717016485202335,-0.00293101108132122,0.00088074755926379,"mixed_or_zero",TRUE,FALSE
"wb_book_a","book",0.0422913721163294,0,0.0422913721163294,"A_only_edge",FALSE,"lamp_SK_GB",0.0332624082263678,0.0278666496345953,0.0358763146675703,0.0425242167691505,-0.00372197314822066,-0.000898178821595849,0.00593776051417916,0.0345800167707304,0.00771135534559897,0.0278666496345953,0.0425242167691505,"all_positive",FALSE,FALSE
"em_m_view_305","splitvertical",0,0.00128369851873512,-0.00128369851873512,"B_only_edge",FALSE,"lamp_SK_GB",-0.00329798027301032,-0.00291140394789327,-0.00220973832429036,-0.00150821811791177,-0.00372197314822066,0.0125844546892489,-0.00537681835764761,0.000187682910370275,-0.0014713814291054,-0.00329798027301032,-0.00150821811791177,"all_negative",TRUE,FALSE
"keypress","splitvertical",0,0.000638680482347036,-0.000638680482347036,"B_only_edge",FALSE,"lamp_SK_GB",-0.00139200950219693,-2.44525808342316e-05,-0.000960383626106143,-0.00160209043854672,-0.00372197314822066,0.00992450075315462,-0.00537681835764761,-0.000566300254910578,-7.23802274364585e-05,-0.00160209043854672,-2.44525808342316e-05,"all_negative",TRUE,FALSE
"keypress","em_add_f",0.000219830130531925,0,0.000219830130531925,"A_only_edge",FALSE,"lamp_SK_GB",-0.00166095194700001,-0.00169116213450423,0.00054110101288118,-0.000222200816318673,-0.00372197314822066,0.00992450075315462,-0.00188414984650638,0.00265742581142758,-0.00243759568089565,-0.00169116213450423,0.00054110101288118,"mixed_or_zero",TRUE,FALSE
"keypress","em_add_f_c",0.000216841179310214,0,0.000216841179310214,"A_only_edge",FALSE,"lamp_SK_GB",-0.00143374973245214,-0.000679910715790388,-0.00159631360627094,-0.00174026752251798,-0.00372197314822066,0.00992450075315462,-0.00464397720250483,0.000124800669976995,9.20405093332193e-05,-0.00174026752251798,-0.000679910715790388,"all_negative",TRUE,FALSE
"em","em_m_drag",0.00325550492980963,0.00309625627814837,0.00015924865166126,"both_observed",FALSE,"lamp_SK_GB",0.000360564106196083,-0.00127228642874581,-0.000461653760706508,0.000205177011806923,-0.00372197314822066,0.00777019260380006,-0.00612816813616128,-0.00171938457438579,0.00187863322604705,-0.00127228642874581,0.000360564106196083,"mixed_or_zero",TRUE,FALSE
"em_m_view_305","em_m_drag",0.00167945617833868,0,0.00167945617833868,"A_only_edge",FALSE,"lamp_SK_GB",5.25280604765023e-05,-0.000405345297979864,-0.000343134352405839,-0.00057704432046969,-0.00372197314822066,0.0125844546892489,-0.00612816813616128,0.00278684146534343,-0.00110738528700475,-0.00057704432046969,5.25280604765023e-05,"mixed_or_zero",TRUE,FALSE
"em_f_view","em_m_drag",0,0.00299394873548681,-0.00299394873548681,"B_only_edge",FALSE,"lamp_SK_GB",-1.49150955306612e-05,-0.000408848570560798,-0.00023866809135624,-0.00045898480611338,-0.00372197314822066,0.00539905208853044,-0.00612816813616128,-0.00446600429138216,0.00147205555589535,-0.00045898480611338,-1.49150955306612e-05,"all_negative",TRUE,FALSE
"em_m_view_117","em_m_drag",0,0.00419372319004621,-0.00419372319004621,"B_only_edge",FALSE,"lamp_SK_GB",0.000642224929816508,-0.00176233097267539,-0.00304540249028305,-0.00105246936845616,-0.00372197314822066,0.00903867652838764,-0.00612816813616128,-0.000169239826177791,-0.00402448336386842,-0.00304540249028305,0.000642224929816508,"mixed_or_zero",FALSE,FALSE
"em_m_view_115","em_m_drag",0,0.00762353423309581,-0.00762353423309581,"B_only_edge",FALSE,"lamp_SK_GB",-0.00314977050078862,-0.00401173450420653,-0.00322352159139949,-0.00332862107504549,-0.00372197314822066,0.00891593007138232,-0.00612816813616128,-0.00408398171378823,-0.00353955251930758,-0.00401173450420653,-0.00314977050078862,"all_negative",FALSE,FALSE
"em_m_view_109","em_m_drag",0.0085250090276507,0,0.0085250090276507,"A_only_edge",FALSE,"lamp_SK_GB",0.00959849361423739,0.0119041043048478,0.00742039980448211,0.0103710460021508,-0.00372197314822066,0.0144082798849559,-0.00612816813616128,0.0141566322148114,-0.00563162318716066,0.00742039980448211,0.0119041043048478,"all_positive",FALSE,FALSE
"em_m_view_111","em_m_drag",0,0.00704262484394081,-0.00704262484394081,"B_only_edge",FALSE,"lamp_SK_GB",-0.00234682640106683,-0.00370628703945548,-0.00395644416089627,-0.00352069168609596,-0.00372197314822066,0.00799594099877873,-0.00612816813616128,-0.00420102668667003,-0.00284159815727078,-0.00395644416089627,-0.00234682640106683,"all_negative",FALSE,FALSE
"em_m_view_104","em_m_drag",0.0585601194843236,0.00913067061038292,0.0494294488739407,"both_observed",FALSE,"lamp_SK_GB",0.0174095138974918,0.014302476133098,0.0131750033866281,0.0146639222029125,-0.00372197314822066,0.0309000319228734,-0.00612816813616128,0.0384594045359832,0.0109700443379574,0.0131750033866281,0.0174095138974918,"all_positive",FALSE,FALSE
"em_m_view_105","em_m_drag",0.00554979458545288,0,0.00554979458545288,"A_only_edge",FALSE,"lamp_SK_GB",0.00105722576348907,0.000829231445193022,-0.000354340776055572,0.000701893505465901,-0.00372197314822066,0.00620828355158402,-0.00612816813616128,-0.00258463196930885,0.00813442655476173,-0.000354340776055572,0.00105722576348907,"mixed_or_zero",FALSE,FALSE
"em_m_view_106","em_m_drag",0,0.00909857629995156,-0.00909857629995156,"B_only_edge",FALSE,"lamp_SK_GB",-0.00241714475783283,-0.00202958810420935,-0.00254401380550468,-0.00279304263151018,-0.00372197314822066,0.00410158033125056,-0.00612816813616128,-0.0081657057109642,-0.000932870588987361,-0.00279304263151018,-0.00202958810420935,"all_negative",FALSE,FALSE
"em_m_view_305","wb_pg_pop4",0.000353674276238568,0,0.000353674276238568,"A_only_edge",FALSE,"lamp_SK_GB",0.000989260593618357,-0.00198229279426299,0.00236372870960326,-0.000334095395103385,-0.00372197314822066,0.0125844546892489,-0.00891973872472137,0.000932003409925197,-0.000578329133686629,-0.00198229279426299,0.00236372870960326,"mixed_or_zero",TRUE,FALSE
"wb_pg_8_4","wb_pg_8_4_reason_3",0,0.00213622010267504,-0.00213622010267504,"B_only_edge",FALSE,"lamp_SK_GB",0.000336361057964335,-0.00312055522568811,0.00171897158969005,0.0020485846452575,-0.00372197314822066,0.00569292432272698,-0.00449676256283535,-0.00218945033036469,5.32302276896454e-05,-0.00312055522568811,0.0020485846452575,"mixed_or_zero",TRUE,FALSE
"wb_hist_back","wb_sch",0,0.000213588634264898,-0.000213588634264898,"B_only_edge",FALSE,"lamp_SK_GB",-0.00107800801001704,-0.000221352135170068,0.000629526356395429,-0.00142431156887124,-0.00372197314822066,0.0082182878189884,-0.00510071027800131,-0.0016824036172506,0.0014688149829857,-0.00142431156887124,0.000629526356395429,"mixed_or_zero",TRUE,FALSE
"em_f_view","em_m_move",0.00359406556059882,0.00330661695506855,0.00028744860553027,"both_observed",FALSE,"lamp_SK_GB",-0.00143174930670418,0.00089209034862443,-0.000849753290639341,0.000615305214330332,-0.00372197314822066,0.00539905208853044,0.00225671622165531,0.00250204585526092,-0.00221459724973065,-0.00143174930670418,0.00089209034862443,"mixed_or_zero",TRUE,FALSE
"wb_pg_8_4","wb_pg_8_4_reason_5",0.000436771278782364,0,0.000436771278782364,"A_only_edge",FALSE,"lamp_SK_GB",0.000995269875511894,-0.00312037064980193,-0.000495348524244672,-0.00255444363387704,-0.00372197314822066,0.00569292432272698,-0.00344495640147325,-0.000478735351455033,0.000915506630237397,-0.00312037064980193,0.000995269875511894,"mixed_or_zero",TRUE,FALSE
"wb_pg_8_4_reason_4","wb_pg_8_4_reason_5",0.000349699420084884,0,0.000349699420084884,"A_only_edge",FALSE,"lamp_SK_GB",0.00107524134489598,-0.00335436308059989,-2.64819942203102e-05,-0.00338104096217812,-0.00372197314822066,0.00575079520640221,-0.00344495640147325,-0.000340892998395726,0.00069059241848061,-0.00338104096217812,0.00107524134489598,"mixed_or_zero",TRUE,FALSE
"wb_pg_pop3","wb_pg_8_4_reason_5",0.00408926149415586,0,0.00408926149415586,"A_only_edge",FALSE,"lamp_SK_GB",0.00147288442218984,-0.00617167930019664,-0.00181136096367753,-0.00514671055004571,-0.00372197314822066,0.00915021762345977,-0.00344495640147325,0.00345617249595569,0.000633088998200166,-0.00617167930019664,0.00147288442218984,"mixed_or_zero",FALSE,FALSE
"wb_pg_8_4","wb_pg_8_4_reason_2",0.00372220817101226,0,0.00372220817101226,"A_only_edge",FALSE,"lamp_SK_GB",0.000226023613924153,-0.00402310138262448,0.00265737237285822,-0.00165956212526504,-0.00372197314822066,0.00569292432272698,0.00384939394997839,0.00604636873840887,-0.0023241605673966,-0.00402310138262448,0.00265737237285822,"mixed_or_zero",TRUE,FALSE
