"parameter","mean","sd","rhat","ess_bulk","ess_tail"
"mu_beta_cr[2,1]",-1.22487215118911,0.120231764100119,1.03384159267204,142.577193599821,300.038816692227
"beta_key1[1,9]",-1.24288758964216,0.123281048235789,1.03289245664938,145.801933692831,343.967368671827
"beta_key1[1,2]",-1.2300177019382,0.123286483153874,1.03281180479428,146.709878787678,340.74686028025
"beta_key1[1,11]",-1.21171472684157,0.122912136312103,1.03274275276715,148.547139174871,340.174990420643
"beta_key1[1,1]",-1.22185484347612,0.123061354604986,1.03273114105222,148.371153183513,357.613571813833
"beta_key1[1,7]",-1.21134368092406,0.123024038354695,1.03258132142283,149.495506538169,353.347867093514
"beta_key1[1,4]",-1.22602526303695,0.122962347386178,1.03254108639459,149.441091867665,343.986549801297
"beta_key1[1,3]",-1.21267957489349,0.123102105111222,1.03247774976498,150.129663531091,379.165114632131
"beta_key1[1,10]",-1.22664333973578,0.123042526050892,1.03234279102296,149.468422345672,334.182892379321
"beta_key1[1,12]",-1.22995254429442,0.123553847065831,1.03207942125809,148.601678225125,345.398175536047
"beta_key1[1,13]",-1.23723782727141,0.124307301745849,1.03206235757976,149.186230751322,337.703142901835
"beta_key1[1,5]",-1.22514584735112,0.123221940838812,1.03201370093874,148.465747511016,326.345229908681
"beta_key1[1,6]",-1.23605627039101,0.123407780562581,1.03190326394037,151.763540317426,363.080216841692
"beta_key1[1,14]",-1.2173576193251,0.123765144979283,1.03164268898612,153.417814733029,369.376310194477
"beta_key1[1,8]",-1.22009572281116,0.123878159637165,1.03096248662726,153.877477140485,372.609641730089
"kappa1[5,15]",9.44562818971636,1.92945418444827,1.02931247566766,158.093000019879,256.918848302775
"kappa1[15,6]",25.8085521655447,5.26714989034147,1.02896318227522,158.385808935975,254.917458170763
"kappa1[5,6]",9.73070335848906,1.98461965405536,1.02896092141216,156.334904515853,241.537326280215
"kappa1[4,5]",12.5246242577589,2.55066840039379,1.02894968319317,156.673948087493,244.177909673593
"kappa1[17,18]",32.4096574043635,6.63564887982274,1.02891998889963,157.241963483987,249.661055588609
"kappa1[18,5]",13.3485843688155,2.72110401803452,1.02887483918448,158.935729620709,252.145833598353
"kappa1[6,7]",72.9053547227495,8.50914085309765,1.02840147917105,161.928484127176,358.164330819151
"kappa1[19,6]",23.2773395325529,4.87856606239901,1.02756636551696,163.038470971393,269.199320885369
"kappa1[5,19]",2.22019757323081,0.46535300443815,1.02718692152787,165.945413135483,263.049890147588
"kappa1[15,5]",3.34847823261831,0.721093156166421,1.02633423190981,172.265336469386,285.374663977705
"kappa1[6,17]",0.408543601515516,0.0883156359143207,1.02570026268357,180.045977658854,311.015063784339
"kappa1[4,15]",1.00712698104585,0.222595481949208,1.02438712478661,189.864548911651,309.666443820071
"kappa1[18,15]",1.07068334126449,0.239360580353661,1.02428571870827,194.858098683805,334.128425821733
"kappa1[6,4]",0.344123513791876,0.0755705597855164,1.02420933135021,191.258602816374,322.429799300702
"kappa1[6,3]",9.93633541970127,1.2606067650388,1.0230038963578,193.6814119387,514.932048089745
"kappa1[19,5]",3.88083953185139,0.934032781683168,1.02080461294516,222.044225432407,340.28577208441
"kappa1[19,15]",2.60862818106066,0.66813381856478,1.0199569752612,230.109536231589,434.263653336222
"kappa1[4,19]",0.411467566909892,0.100167794896059,1.01944099909141,244.14684838394,404.720082324534
"mu_beta_cr[2,3]",1.82643650720668,0.247316392930464,1.01871953364357,130.666836823503,341.813548909076
"beta_key1[3,2]",1.7498969075275,0.252907963395875,1.01844805924509,134.775142146235,352.977777171722
"beta_key1[3,10]",1.77297066911488,0.251952478748033,1.01844601016938,134.312899193413,359.947591025903
"kappa1[18,19]",0.396656372625564,0.100983546670837,1.01840905898007,257.067697404403,458.998594090728
"beta_key1[3,7]",1.82205636106259,0.25139363819879,1.0183127298699,134.284618699712,371.139653868231
"beta_key1[3,9]",1.75816312895747,0.251525331999732,1.01826965636271,133.942670637023,351.145439771826
"beta_key1[3,1]",1.80720816473201,0.251592878085978,1.01821146769508,134.719859899576,361.974653974169
"beta_key1[3,3]",1.88521956648118,0.251832751197112,1.01816015914072,137.102706144746,366.005488448512
"beta_key1[3,8]",1.90765693665277,0.254968767931207,1.01804711294599,139.131141069868,367.539971001016
"beta_key1[3,12]",1.74809185843435,0.253898937953406,1.01798613994645,135.218282514522,369.191077285271
"beta_key1[3,11]",1.91645059081969,0.252340000865068,1.0179114558858,136.082690311357,348.677083240347
"beta_key1[3,13]",1.80268015736582,0.254987963078966,1.01789754485826,137.502723043176,379.099922821495
"beta_key1[3,5]",1.6490557419549,0.25445338400832,1.01781457494304,136.829777270945,377.593448791407
"beta_key1[3,14]",1.9267127044067,0.255794453791669,1.01769120390104,139.561105441334,372.484496370459
"beta_key1[3,6]",1.9486902022598,0.253627241651423,1.0176211737242,138.970212231515,379.93248699445
"beta_key1[3,4]",1.90331421777627,0.251973332329609,1.01760715878747,136.523583927409,362.323419536534
"kappa1[4,6]",0.330510016078835,0.0840532552353734,1.0175103903695,254.032871033851,516.715183963164
"kappa1[4,14]",11.3453245600963,1.66623286987052,1.0171323838076,264.212597409483,858.85855419223
"kappa1[15,19]",0.641562499498419,0.167108788082935,1.01600682723124,288.013855511935,526.973852417325
"kappa1[17,4]",0.794812092307602,0.218500530448423,1.01575472926798,321.523557246225,642.28142617734
"kappa1[18,6]",0.31764587391979,0.0842990138949082,1.01506075726022,316.307378765494,564.544262926288
"kappa1[18,14]",8.32210718396906,1.37003569810216,1.01379893345843,341.783939666655,1242.37430896221
"kappa1[17,7]",23.6465433075513,3.95474148996392,1.01376074761092,334.246843363792,1309.23183827655
"kappa1[4,7]",4.5993203269914,0.837969267455696,1.01171711358134,401.139746878982,1600.33635962499
"mu_beta_cr[2,2]",0.639538400514898,0.128364595806482,1.01128335749269,445.625233431155,991.903825110626
"beta_key1[2,5]",0.648108918438561,0.133239413817464,1.01103036124761,483.618668949571,1124.50167779299
"beta_key1[2,10]",0.707668620652299,0.132296258548761,1.01096787670064,470.848925412064,1074.02027765799
"beta_key1[2,2]",0.784890168791896,0.13448953080633,1.01083309096703,485.525099382385,1130.60152962306
"beta_key1[2,7]",0.68183300088624,0.131376995339397,1.0106518207373,459.428475190845,1019.28089166054
"beta_key1[2,12]",0.633482394827864,0.134666390241972,1.01042341413972,495.108278420921,1129.84168869722
"kappa1[6,12]",1.56383383488691,0.279549029396457,1.01039401471759,395.538831021069,1584.93000347256
"beta_key1[2,8]",0.624652917244554,0.136764349193929,1.01037820931866,499.340054209343,1102.68358483583
"beta_key1[2,1]",0.574484185497878,0.131569125404576,1.01035833159462,464.917078409255,1066.05023857265
"beta_key1[2,4]",0.591190141327576,0.13197295497221,1.01016124721545,479.89282066905,1089.23414670028
"beta_key1[2,3]",0.555150997415464,0.132372522089478,1.01015936516402,471.642690258505,1071.49976003628
"beta_key1[2,9]",0.795859502637167,0.131953570161067,1.01015569616387,474.178636900955,1059.25716227065
"kappa1[5,27]",3.23357056717492,0.631534178021021,1.01002782854393,470.554418736695,2134.9971699744
"beta_key1[2,11]",0.535944904610306,0.13153860725759,1.01001358933342,469.132271291992,1062.32632973432
"beta_key1[2,14]",0.584368825145911,0.136039178871258,1.00991408485332,496.490694896196,1136.58134240003
"beta_key1[2,6]",0.442382994043769,0.133799210182852,1.00980329826879,483.754333342808,1136.97967400025
"kappa1[6,20]",1.26755181628459,0.240357679752945,1.00962633502441,465.163405313469,2051.43821875958
"kappa1[6,25]",1.208441515604,0.233097490032326,1.00946500235283,483.971944980435,2210.54659142181
"beta_key1[2,13]",0.80383650423919,0.139763170478351,1.00936675110786,531.217090903231,1306.73154107569
"kappa1[6,22]",1.237841143575,0.238319326133145,1.00936387109995,474.72633604481,2240.54669050687
"kappa1[3,4]",1.20172058068547,0.145547308966606,1.00921969739216,498.950612390554,1053.10816463778
"kappa1[3,7]",15.2807844344463,0.498785595345816,1.00913995452322,380.582254519932,1043.97113685176
"kappa1[5,39]",3.0742519163178,0.611589906255105,1.00910738437298,502.788001034281,2365.42638014795
"kappa1[5,35]",2.9124430520781,0.588102694185815,1.00907381411245,500.900492786303,2144.40623944643
"kappa1[7,3]",38.2343838706694,1.26503412533954,1.00903806305054,390.774342990506,1065.65428063544
"kappa1[3,17]",0.60815581134261,0.0751557678474978,1.00902715994111,516.294305455018,1068.55088297602
"mu_tau[13]",-2.05353872202623,0.129766073212665,1.00836969764545,626.212563052798,1188.77848197346
"kappa1[5,21]",2.66679286201788,0.554212811779216,1.00833710792047,561.012127446305,2589.31215257153
"kappa1[25,18]",21.8035506176789,2.83957592573241,1.00817439898052,572.749831328275,1191.77458885539
"kappa1[7,8]",29.4779341824215,0.986697150189639,1.0081227108148,414.824674372965,1175.49243143537
"kappa1[18,17]",0.114329926355343,0.0392779846227402,1.007906574186,669.318756653794,1689.18082568994
"kappa1[6,28]",0.795558822213458,0.177273070663091,1.00781874867109,645.821488440859,2674.5463775915
"kappa1[6,31]",0.942299347921172,0.197949309427866,1.00765614524122,593.775867420434,2836.80555074919
"mu_tau[14]",-1.90364973228256,0.109270933887531,1.00764177611145,557.605445080266,1473.47219145855
"kappa1[4,17]",0.0788541144293328,0.0283802774567281,1.0075780663245,640.7371895659,1672.68908328954
"mu_tau[1]",-1.75769637671533,0.0929831403598419,1.00740566829639,525.614718665408,1683.47420919116
"kappa1[20,18]",12.8673053348804,1.72034265917944,1.00738948581952,610.628365008548,1394.02759727528
"kappa1[5,12]",2.10850148623626,0.475839313592986,1.00721791384536,652.495099258426,3135.1381517454
"mu_tau[10]",-1.70588438568697,0.086379851972957,1.00688049557381,601.361354928044,1372.05020167788
"kappa0[7,3]",29.1799993321798,1.12524527226854,1.00658905349068,539.576814765831,1632.65747584631
"kappa0[3,7]",14.430129608978,0.527421932146023,1.00651180737826,484.444465069823,1493.64925827302
"kappa1[18,7]",2.39935364043513,0.590645282450721,1.00630731301002,860.240603468181,3634.44706608492
"mu_tau[8]",-1.96105766078236,0.11598779714189,1.00620127524508,443.939247063565,1355.8227674671
"kappa1[15,27]",4.84507018764759,1.14450889032994,1.00589382964708,748.380690914736,3651.18357154916
"kappa1[29,4]",1.87155530917315,0.30486744578185,1.00576707932792,899.075940138812,2309.56380285161
"kappa1[4,35]",1.93507839926405,0.47134694864594,1.005645100189,865.913492943778,4102.38209222379
"kappa0[7,8]",21.0397780045547,0.865973140050215,1.00535530259422,595.875762924795,2105.76294420519
"kappa1[20,17]",3.75745387600065,0.615028867502266,1.00531188160261,934.115150317829,2517.55132728305
"mu_tau[9]",-1.66661777890812,0.107757748129622,1.00525296933464,573.510888059092,1356.0700117144
"kappa1[6,29]",0.622484366667238,0.150546487196681,1.00524080731412,847.106999203213,3681.45136424225
"kappa1[5,17]",0.0440219027397853,0.0185059487839753,1.00513179513031,1170.39765557114,3442.23734128546
"kappa1[4,28]",1.57424474522403,0.413846690278064,1.0051297142229,978.082503520178,4739.0933295046
"kappa1[25,17]",5.29145105354288,0.853467927385384,1.0050430628748,879.359846685038,2313.65998785071
"kappa1[17,38]",5.41756826530761,1.47523838271397,1.0050017223421,1115.3411400342,5234.61682494966
"kappa1[18,12]",1.95093468188634,0.513718908208259,1.00495432888719,979.638048486733,4732.9478742131
"kappa1[8,3]",38.2949263908429,1.65927968466723,1.00495066958137,689.992403461586,2338.00871061232
"kappa1[4,12]",1.66148098842955,0.429527373868834,1.00488711134509,982.173272558793,4669.92701407731
"kappa1[18,35]",1.9495484991978,0.516858851986727,1.00487952495103,1039.66082560681,4643.18326902076
"alpha[3,8]",0.0545711201546876,0.0320363217811354,1.00487820852354,828.737459504699,2107.52651476283
"kappa1[15,35]",4.02795048749321,1.01152878872065,1.00486874946968,893.561177878794,3474.25818285011
"mu_tau[7]",-1.79322480568892,0.0895240650886444,1.00485579883613,579.031120098671,1352.88693595952
"kappa1[4,3]",1.48495803229381,0.401409672746527,1.00477972233933,1036.81517083356,5234.38398095798
"kappa1[6,32]",0.450547623743553,0.124332707883455,1.00467520893223,1105.5984952461,4819.48625298892
"mu_tau[12]",-1.81813964079953,0.0930186268997996,1.00465403137369,686.773753150678,1630.46322875098
"kappa1[32,4]",5.23722259823293,0.850910388958384,1.00461941317441,947.760044026126,2363.20377395611
"kappa1[17,32]",5.08334470527529,1.41681483966588,1.00461727672206,1136.6955511057,6627.52426915633
"mu_tau[6]",-1.49567793233638,0.0850971659987211,1.00453515382899,558.019024420126,1880.02148893768
"kappa1[12,29]",11.2316651163293,0.555540098501072,1.00447799289239,873.128982424664,3146.38826879444
"kappa1[15,21]",3.01923134752645,0.847174666419601,1.00428900997245,1239.67045623228,5988.55802435077
"mu_tau[3]",-1.7394812179789,0.0821083036890662,1.0042627320392,493.694179300363,1406.43799078979
"kappa1[22,4]",1.29320664459436,0.243365904872923,1.00426104707324,1155.90296856921,3094.10461570307
"kappa1[6,33]",0.421822444006169,0.118323270830468,1.00409025556889,1518.07432394533,6944.55443620946
"kappa1[4,21]",1.48209960363116,0.395561136952619,1.00408481712549,1252.81842517588,5381.56139721308
"kappa1[12,4]",0.420566290094677,0.077093406845914,1.00407779139353,1209.82128648718,2878.43648048774
"kappa1[17,25]",4.75833864591182,1.35902248298283,1.00400780928523,1102.20948709867,5333.9394520006
"mu_tau[11]",-1.59821885451169,0.0791452017238409,1.00397276767594,639.346053472489,1468.92543279656
"kappa1[29,17]",1.2497613869749,0.225086068178785,1.00391920107222,1133.54311634936,3166.96866557656
"kappa1[5,14]",1.07927726086508,0.309289739410194,1.00384304560508,1259.491243837,6183.96127213359
"kappa1[31,4]",1.32872252316113,0.271393023006339,1.00357725726206,1447.80000328761,4759.68886100951
"mu_beta_cr[1,3]",1.55257830577442,0.27954478589757,1.00355445711505,973.018441079575,2163.52866373241
"kappa1[18,21]",1.61491999895006,0.456165810326328,1.00352304542891,1326.09907607691,6237.92948313996
"mu_tau[4]",-1.7356805090906,0.0794520849605289,1.00349959708454,602.634489260168,1569.17395637092
"kappa1[12,7]",7.36283863976694,0.414123210322625,1.00344315710585,1140.54760534721,4465.69911723312
"mu_beta_cr[1,1]",-0.228539138317191,0.1267018685054,1.00343350231119,1332.88016662807,2863.97429584502
"kappa1[18,4]",0.0513798387851195,0.0229018170778904,1.00342124832292,1555.73876010207,4310.97102362178
"kappa1[27,6]",19.214577196952,3.94229908900465,1.00336651776534,1530.24685925814,4485.83620733539
"kappa1[3,25]",0.688383158660701,0.0393177238811669,1.00333902273208,1165.25661946947,4146.38697535585
"kappa1[12,17]",0.294806222297983,0.0601012443566707,1.0033356594569,1541.45593086952,4420.01567721212
"beta_key0[3,14]",1.64051567399005,0.302197124636511,1.00331212915993,1101.01405361095,2737.8906972011
"beta_key0[3,5]",1.5063292088292,0.299226297848371,1.00330690154299,1091.16923491191,2945.59206809419
"kappa1[17,12]",3.78731914771489,1.17818018789568,1.00325451184279,1559.93961782515,8528.57469839478
"beta_key0[3,6]",1.56094973809026,0.305434980721966,1.0032378843692,1133.47250594696,2967.88508943839
"kappa1[5,4]",0.0322952421364782,0.0150126658536993,1.00321843112642,1732.81381548692,4614.46110962729
"beta_key0[3,4]",1.63902490174077,0.300717591707569,1.00321287764404,1105.7257242219,2638.25760855904
"kappa1[15,12]",2.60788371479984,0.774975575378028,1.00310420487894,1604.03556802612,6132.66694080984
"beta_key0[3,3]",1.56702110452912,0.301943373830716,1.00310234619852,1131.25992914009,2563.04802751021
"kappa1[3,20]",0.771517738874254,0.0421631024803659,1.0031005970509,1058.06687001802,4544.82342898861
"kappa1[27,15]",17.0723193734617,3.62317077677734,1.00300588843616,1584.00830947725,4828.39382007223
"kappa1[22,31]",22.1680904451455,1.29911629003016,1.00297772761523,1255.67436025627,4717.94687816613
"kappa1[3,12]",0.674069443248925,0.0390283489290232,1.00297296883632,1224.19174547244,4825.07635430821
"kappa1[29,30]",17.5309763148085,1.05151908229614,1.00296955100145,1321.41502942235,5164.26082680711
"alpha[3,13]",0.00432458787328201,0.0367800691685754,1.00296724419208,1769.85755506879,3438.93814034861
"beta_key0[1,14]",-0.220862882939297,0.139980021825449,1.00291994207893,1584.94144832647,3941.24501019883
"kappa1[3,28]",0.683530950425154,0.039165928883032,1.0028902858532,1182.46255753366,5582.91825689024
"kappa1[39,6]",38.598791716382,7.96341492994558,1.00288767589389,1648.24286226864,4772.54889147347
"beta_key0[3,9]",1.43937751170645,0.310431657530404,1.00288473593755,1193.50853818572,3506.67181244483
"kappa1[18,25]",1.17875938420354,0.382671463862138,1.00286702405761,1635.64111801024,8427.50005734056
"beta_key0[3,7]",1.5333622392581,0.306071470303752,1.00284626760708,1145.20134330491,2872.59743915265
"beta_key0[1,5]",-0.267162320636891,0.139754963069123,1.00284622841507,1702.70229208319,4109.8748518452
"beta_key0[1,3]",-0.220800260683372,0.139861959866846,1.00283620026777,1607.97253495596,3745.71625640025
"kappa1[17,36]",3.46061328256087,1.11381461844121,1.00283378214484,1608.18152003087,10134.8161342429
"mu_tau[5]",-1.91620540049311,0.102543577087571,1.00283233048431,722.732730366642,1626.46739570534
"kappa1[21,6]",19.1375368271996,4.07882797291129,1.00283201303404,1633.81456907899,4492.95777089129
"kappa1[17,3]",3.14809275195376,1.055205567247,1.00282997410579,2038.85074362346,7918.42627600034
"kappa1[30,17]",0.511081210798703,0.109930194837328,1.00282867251835,1756.28077879666,4997.36062568495
"beta_key0[3,12]",1.40599879558987,0.31565606571967,1.00280041411916,1235.03912303084,3488.04470194863
"kappa1[3,5]",0.0246995547312442,0.0053422658517903,1.00279351655231,1622.187705465,5555.4698354939
"beta_key0[3,10]",1.54015014443488,0.299974011893395,1.0027891968836,1133.85943525011,2953.2817524605
"beta_key0[1,8]",-0.211315562899503,0.141831929987399,1.00278145573739,1632.52546402834,3863.08540968586
"beta_key0[1,12]",-0.234194003941641,0.140660262966697,1.00276987608172,1655.28853122759,4006.62379596082
"beta_key0[1,4]",-0.25893871323042,0.140552448925402,1.00276771904587,1660.89425125357,4340.79537758634
"beta_key0[1,9]",-0.245982613570763,0.14096024844422,1.00276006520945,1643.64214068027,4110.99062489073
"kappa1[12,5]",0.312207411880076,0.0627016507307379,1.00275638150674,1431.29067057902,4665.06416831932
"kappa1[18,27]",1.28524590281587,0.400192749601819,1.00274486732618,1701.11162562026,8914.54752506034
"kappa1[21,15]",15.5614675143092,3.55497931659941,1.00271575203449,1933.79058874355,6319.35887147481
"kappa1[31,22]",31.092951256088,1.79175421821599,1.00271227147253,1237.06788406539,5002.61714731909
"beta_key0[3,2]",1.59601071797784,0.307539834687863,1.00270449422638,1164.86221185813,2911.9121306977
"beta_key0[1,11]",-0.200678856797953,0.144983180890452,1.00266031545694,1759.15920482751,3854.38011413709
"beta_key0[3,8]",1.44414839698445,0.313448821340571,1.00265087435173,1190.32772257946,3407.22699631972
"kappa1[1,2]",29.5302246911603,1.87988572164923,1.00260747161188,1399.65084278311,6707.38313133188
"beta_key0[1,6]",-0.190590671437823,0.144128820946647,1.00259262655134,1722.8448002854,3378.37327432322
"beta_key0[1,10]",-0.225805084198593,0.138387719916287,1.00256809680518,1619.65290946926,3795.3871849449
"alpha[3,14]",0.0734315220043561,0.0325638241893865,1.00256678753227,1330.88396144216,2779.10587282974
"kappa1[14,4]",2.75495661207468,0.646774212377695,1.0025540841148,1993.91201944723,7373.74214227923
"beta_key0[3,11]",1.76815098819979,0.338560843942043,1.00252733121816,1317.18060695342,3148.97701486154
"beta_key0[3,1]",1.39096942042986,0.313085709560147,1.00252065095056,1230.7269997806,3333.9707982751
"alpha[1,1]",-0.133841125618721,0.0313645732584046,1.00251825500917,1807.8286912919,5600.91660552031
"beta_key0[1,2]",-0.24252881821157,0.14178404184849,1.00251413005363,1722.44834784237,4149.2468650721
"beta_key0[1,13]",-0.19611179956985,0.150412495094827,1.00249806484341,1880.42883871635,3670.84223226076
"kappa1[7,12]",1.60277623474015,0.102723132726069,1.00247669130928,1402.96607567473,7468.54004290092
"alpha[4,10]",0.00238387128866865,0.0133442528387167,1.00244238175211,2469.64136649639,6133.03911816004
"beta_key0[1,7]",-0.216424984300849,0.141359541882859,1.00243420830251,1677.7440621627,3936.66786268656
"kappa1[35,15]",10.882625865432,2.41365396275772,1.00243141763906,1794.68625983176,5058.04315213407
"kappa1[16,3]",6.52388518227433,0.44252973614944,1.00242641000374,1697.07326209475,8143.68231386275
"kappa1[35,6]",10.878613648156,2.41021893910742,1.00241452068556,1775.35080219053,6142.48310032638
"kappa1[38,4]",5.13304284912865,1.2009587874966,1.00241349638407,2067.04725076594,7280.04625648929
"kappa1[20,4]",1.27621349289418,0.288397524842909,1.00240622292762,1786.91820024349,5590.54876915589
"beta_key0[1,1]",-0.268184075315232,0.142125000254695,1.00238985618901,1708.78091816609,4457.0382416386
"kappa1[28,12]",107.608255648161,6.04343383347646,1.00237843288107,1191.83050186892,5112.9524374717
"kappa0[17,18]",17.5789856778101,4.14048129329933,1.0023605594991,2330.79453970948,6732.44011474948
"mu_tau[2]",-1.77363857754383,0.0957634628588687,1.00230432348644,566.394080036213,1501.21590057532
"alpha[3,1]",0.0717184398065046,0.026752749094217,1.00229220889222,1425.44009709135,3208.68513786144
"alpha[3,9]",0.0353892556042002,0.029393414761553,1.0022902305412,1123.21423432327,2700.3527410779
"kappa1[30,4]",0.577056400820982,0.119229241446937,1.0022846521982,1555.93946783991,4409.91250244682
"alpha[3,3]",0.0604801928161005,0.0255400448275931,1.00225346637654,1890.35452365506,4065.35461026271
"beta_key0[3,13]",1.77230348028016,0.364239011880053,1.00224116555429,1459.882704158,3030.84037569998
"alpha[3,5]",0.0588452084048128,0.0285709646022463,1.00222645535411,1648.10037714696,3167.38477040197
"alpha[3,7]",-0.00601135611857394,0.0270215903968512,1.00221317543023,1118.47609689046,2276.2766770418
"kappa1[4,20]",0.957074451089459,0.30722840960152,1.00218989518616,1834.48149499203,9574.1802896397
"kappa1[35,5]",6.36814728313014,1.71024508395905,1.00217832014279,2648.70085888785,10235.6475652662
"kappa1[12,3]",3.45300626608408,0.258825704419733,1.00217241239793,1995.94930148828,9428.07738017679
"kappa1[16,24]",4.62829692416232,0.360039345275435,1.00216978664675,2205.04488289939,8644.76667538952
"kappa0[5,15]",6.34042922761378,1.5315587428647,1.00216027164381,2458.26125700382,8067.57990891709
"kappa1[4,44]",0.538205684588169,0.21483270022597,1.00210477909698,3584.36133809369,14132.5646620172
"kappa1[14,17]",2.2923425691547,0.572274218101247,1.00210103959263,2564.74661207859,8886.74820542387
"sigma2_alpha_p[3]",0.00188074064591653,0.0013402488079192,1.00208913560895,1464.80282844349,5259.601990829
"kappa1[10,9]",21.3969790615874,1.48917411849195,1.00208024272404,1742.92631338013,7554.97057854895
"kappa1[15,14]",1.82728774987878,0.632016487858128,1.00207012922098,2355.58530317064,11262.6589955907
"kappa0[18,5]",6.74331671129732,1.61544491046793,1.00206629284022,2429.47156671626,7752.61667014871
"tau[9012]",0.0899999801429426,0.019853047490978,1.00202516396872,1981.78617086827,7875.70111821235
"kappa0[15,6]",16.0258486473521,3.82623013247579,1.00202023156855,2534.61280169772,7132.94971325009
"kappa0[4,5]",3.38384230652793,0.807380507741109,1.00201684756956,2527.22907689451,7477.98639043448
"kappa1[3,22]",0.502988521465913,0.0324479188874794,1.00198119883224,1650.26728336104,7834.4623077923
"tau[5385]",0.137234632785645,0.0342888916971247,1.00197719078144,1869.11276743425,7675.7493508085
"kappa1[6,34]",0.229215370277863,0.0823597170354169,1.00196607439887,2566.91234819881,12459.583815644
"kappa1[17,20]",2.2171754122246,0.848553990612606,1.00194864055508,3115.8322234039,13119.0583123538
"alpha[1,6]",-0.120943544686179,0.0292646849733234,1.00192802105958,2727.78042392298,7146.66815676353
"tau[8551]",0.128878077886584,0.0373175011702271,1.00192248001797,3405.22602002454,11997.3513195117
"kappa1[12,6]",0.145992364720546,0.0382397525472914,1.00190931374266,2582.89072306022,9957.81913061326
"kappa1[11,1]",15.7733305760979,1.12144512613764,1.001895889632,1954.97544806115,8147.96241837932
"alpha[1,13]",-0.0368497130835399,0.0397623997306843,1.00188683603258,2245.83514783284,5081.64776289657
"kappa0[1,2]",21.2909727381082,1.59174677351079,1.00188162033838,2238.99287994724,11773.7835247591
"alpha[3,11]",0.00187899791848268,0.0247720374822551,1.00186025234161,1502.47693655898,3006.92822691974
"kappa1[22,7]",13.3758094085848,0.942932658772873,1.00185909669151,1798.22379717495,7883.37663074312
"tau[8307]",0.107489685133082,0.0274795793364918,1.00184696964667,2416.39146795237,8479.53039534971
"tau[5282]",0.129271600503181,0.0310502060914086,1.00183987603439,1772.25630782505,7148.92115963342
"tau[5264]",0.160050787363659,0.0345869982714776,1.00183381830941,1587.99487083633,6329.36865439998
"tau[5111]",0.148379131794424,0.0345234997660752,1.00182651657388,1935.85875177625,8427.01014238456
"alpha[1,12]",-0.105251134501968,0.0306251013237618,1.00181094345043,3516.45948880104,8893.3821962041
"kappa1[18,39]",0.960808120069901,0.335068068704549,1.00180982054415,2821.17313161718,10413.9466514216
"kappa0[16,8]",5.28150101096508,0.411723484074179,1.00180503620461,2272.51893246687,10570.8394782187
"tau[5346]",0.108757841584738,0.0220913088485297,1.00179606768909,1297.55409333104,5538.30743308219
"tau[421]",0.171336159115565,0.03285544760438,1.00179465207907,2145.60928986633,9183.98677530599
"alpha[1,10]",-0.0681155923958134,0.0297344205491476,1.00179086632313,1966.66856220887,4863.74192486238
"kappa1[4,25]",0.619793699952013,0.23451190855512,1.00178504715313,3075.60530797419,12368.0062435772
"kappa1[22,17]",0.473644072182057,0.125319035868434,1.00178149683309,2502.11362833402,10919.1167401997
"kappa0[5,6]",6.24125858404233,1.5200764781777,1.00177693012837,2624.0231510967,7943.89492061668
"kappa1[3,31]",0.375880172941133,0.0270586912031272,1.00177683065895,2027.85504729561,8567.72346985247
"kappa0[34,8]",3.79186400128773,0.317878558733853,1.00176207540132,3001.95280177407,14392.5922964702
"kappa1[28,4]",2.98586271268472,0.690564254191836,1.00176150708944,1997.13714002183,6225.66031794143
"kappa1[32,17]",1.25701850870543,0.318908847527787,1.00175378048631,2328.5136657996,8136.32964992873
"kappa1[18,3]",0.658659582055479,0.268513762993841,1.00174537206804,3846.83931617355,19921.5119002405
"kappa1[5,7]",0.553736899344634,0.20973768868559,1.0017416439966,3447.31173926981,13677.6877879049
"tau[8575]",0.16735023326874,0.0403590536239406,1.0017415820728,2805.21740022707,9799.02962363539
"tau[8215]",0.149286380242,0.0412320993071892,1.0017219368155,3031.22609981197,10455.5913864225
"tau[5766]",0.169039248696957,0.0335119882720295,1.001721161617,1762.89074927736,5926.48579857459
"kappa1[27,5]",7.16185850761332,2.08296567131084,1.00171948892453,3218.90299000257,13032.1131821341
"kappa0[9,10]",22.8967418662818,1.84975118501008,1.00169943427295,2620.53976630422,13396.2918659045
"kappa1[18,20]",0.75889185478756,0.290528836819887,1.00168900989789,3646.64745122177,15135.1021630229
"kappa1[30,37]",5.20971454747779,0.440854564272015,1.0016672236626,2981.84601363154,15119.4312036547
"kappa1[25,4]",1.21293514032865,0.305826645817734,1.0016656006608,2586.07157893465,8480.82377335453
"kappa0[10,9]",21.1264124323429,1.62408349610194,1.00165982627862,2138.81769932772,11096.2771924372
"kappa0[31,22]",26.0232694219311,1.95938819493732,1.00165177027992,2141.8323764508,10875.8620799076
"kappa1[33,4]",3.47739028639229,0.964268930135209,1.00164903139746,2846.99929601137,10598.9155547429
"kappa1[22,3]",11.9268496491989,0.871716195395721,1.00163981804129,2118.99533390185,10240.6684651943
"tau[200]",0.15912753610309,0.0345385522494671,1.00162988333001,3728.99648511126,14784.4370089045
"kappa1[31,3]",13.4915058028066,1.05959852501144,1.00160416076375,2374.3697451714,10983.9602355254
"alpha[3,12]",0.0451469081602505,0.0278887634927682,1.00158169709006,1583.60881400084,3789.98558047853
"tau[5895]",0.242562746110743,0.0595638709411757,1.00157562422908,2612.75076638001,10291.5070931506
"alpha[1,4]",-0.115424117804328,0.0274411199870717,1.00157024373196,2190.62861976749,6121.24857774351
"kappa1[9,10]",27.0472442816994,1.9527592118435,1.00156606509463,2059.17332485952,7732.52650631599
"tau[8541]",0.127733881616424,0.0326064929759947,1.00156440763608,3110.6618949805,10579.6782333094
"kappa1[36,12]",123.458434342052,10.7584099148628,1.00154823334362,3318.62656607164,14381.1481494788
"kappa1[15,39]",1.63204879571138,0.586611412472252,1.00153894153806,2324.56679695166,12589.2801665475
"kappa1[19,27]",3.13071870129551,1.4473989884722,1.00153891937523,7030.35617062937,29361.3338430074
"tau[6383]",0.194590669253537,0.0346663340387021,1.00152730766333,3009.36501573431,13346.9370788683
"tau[5382]",0.129322054437896,0.0292656053855592,1.00152255246141,1674.89422428547,6494.78011379659
"kappa1[6,49]",0.175583960335234,0.0696791331480602,1.00151990474912,4177.01187908984,17212.6320381213
"tau[5332]",0.149553043075866,0.0283781752819297,1.00151679857647,1699.93990861094,6878.15486678022
"kappa0[22,31]",17.8995041390836,1.48106290658956,1.00150582809479,2830.90672257741,13703.8047902036
"tau[8296]",0.135257953644238,0.0413447103973382,1.00150463855539,3658.62678634366,11857.7118240494
"tau[8716]",0.144543244758712,0.0399143700725821,1.00149892516699,3659.51502485719,11928.6210448438
"kappa1[10,3]",12.9346226720663,1.10716887546444,1.00148518017649,2936.19328623824,13635.5156949064
"tau[8429]",0.1359619064075,0.0417573518852202,1.0014661605173,3210.57870186883,13161.1897948286
"kappa1[13,3]",9.75398819755464,0.691359629768632,1.00145251872221,1908.31664685165,9838.98790193584
"tau[6092]",0.153162159064069,0.0328064484274951,1.00145203455242,3189.54161971997,13484.4121976319
"tau[5028]",0.138859279029356,0.0296049965206827,1.00144274797312,2123.18757169223,8788.63868218757
"tau[5670]",0.194147775961826,0.0445414865249878,1.0014405048141,2114.40641044032,7522.51611548467
"kappa1[34,3]",5.12021416382001,0.380978349308241,1.00144050121066,2065.75529222379,11330.6362071819
"tau[5100]",0.134674396293362,0.0347974135011227,1.00143933302514,2264.03341175119,11001.589752541
"tau[165]",0.18445676506722,0.0460019249024253,1.00139799966967,3880.46477046936,15473.4589125868
"tau[5542]",0.197174943235336,0.0463962846907282,1.0013952573161,2284.25888460123,8816.23435931401
"kappa1[6,41]",0.176494247905929,0.0699566731442871,1.00139295288978,4477.70062360972,16100.5252578187
"tau[2360]",0.212007976342123,0.0318321497262818,1.00138769959863,2499.80183513156,9032.72957769259
"tau[5210]",0.145400130733523,0.0395714617811976,1.00137779331753,2560.7823501862,10313.7050452085
"tau[230]",0.18892460765224,0.0456826372042199,1.00137426236917,3471.61032324308,15387.7072310995
"kappa1[18,32]",0.557586554095709,0.241130840163536,1.00137108494032,5846.64646904296,24284.8044301737
"kappa1[31,7]",12.520276087121,1.01602567001478,1.00136910872362,2557.80343545184,10684.0805443605
"tau[389]",0.176054834382097,0.0468318303016867,1.0013670043142,4247.526660976,16466.4198771244
"tau[8962]",0.139694214382684,0.0398959232522062,1.00135951902177,4097.58709066339,15677.2355486271
"tau[5191]",0.153702339112651,0.0430361043151785,1.0013531700164,2507.2589404965,11189.4901185127
"alpha[2,9]",-0.113092383168476,0.00940951340468172,1.00135185672468,5395.88434808365,12821.0636892388
"kappa0[13,8]",6.09801007563097,0.585859250172515,1.00133656978595,3769.30792614672,23113.8564638586
"tau[5416]",0.119148057348214,0.0303500921270812,1.00132488991127,2080.31282507784,9770.89389739121
"kappa0[3,28]",0.523363514582718,0.05298227079197,1.00132231144791,4977.67768081154,18593.3379578819
"kappa1[12,8]",2.79342911800603,0.228748005250521,1.00132179042172,2885.2081997942,13613.7195314683
"tau[322]",0.141514488933678,0.0341557236047861,1.00132121540112,3360.81400176026,14330.8439217346
"kappa1[17,22]",1.34948100400665,0.63510161161749,1.0013202344783,7677.67904525012,27259.5388394664
"kappa0[4,15]",0.983530640692478,0.292626435686992,1.00131477079615,4314.40117525032,10819.7655486686
"kappa0[8,3]",10.5176415542079,0.830847106971372,1.00131312402766,2567.67345242966,13128.8069786373
"kappa0[11,1]",13.3941997044632,1.08866029415933,1.00131113034372,2607.24710556355,14522.8472001573
"kappa1[17,28]",1.34694948746277,0.631767072064555,1.00130387670104,6876.38793067743,23131.3837754493
"kappa0[19,6]",10.6424850202392,3.34192712820641,1.00129488853717,4848.06770963355,14688.2613324961
"kappa1[3,15]",0.00765564843052685,0.00257487291732336,1.00128696377522,4292.02176448028,14768.7188398822
"tau[8595]",0.132854092369814,0.034201154874904,1.00128359156381,2825.33548106826,9991.66690075911
"kappa1[6,44]",0.126652102847797,0.0572153922219633,1.00127811154872,4982.12973076921,24804.5514963436
"alpha[1,14]",-0.0709586758394828,0.0315500192057744,1.00127011427184,3970.32906879916,9318.44694696135
"kappa1[4,41]",0.38382208345963,0.175239947303625,1.00126440651074,7020.51209987745,30883.0305570912
"tau[3865]",0.196277956337456,0.0381866691781852,1.00125148672869,2907.73648943781,11635.5008217683
"kappa1[29,7]",7.70202635611671,0.639444862743045,1.0012499452262,2614.022731447,12263.6566420147
"tau[3925]",0.167422163262614,0.0367013949159332,1.00124007820281,3286.82670241454,11811.9510712184
"kappa1[31,17]",0.417584235603516,0.130179933978495,1.00123383099549,3900.98846651492,14532.1260108515
"kappa1[21,5]",6.83253282815257,2.11663636632452,1.00123265346813,4460.54272996382,13103.4962983552
"kappa1[9,11]",12.0329735112254,1.22707880254275,1.00122572933026,3721.23489822248,16849.8075989934
"tau[5157]",0.129608633268838,0.0316115268157599,1.00122224199305,2191.82013442923,9639.13565523228
"tau[6542]",0.161115322402565,0.0357354012530191,1.0012190055454,4412.20150604058,16506.6011616389
"kappa1[4,33]",0.461510121459513,0.197576392785341,1.00121756828375,4961.75731582607,15446.3371269593
"tau[138]",0.194973430295421,0.0437308078955687,1.00121580983871,3692.6029432288,15177.3706776007
"alpha[4,14]",0.0266671100602317,0.013722801901004,1.00121207334617,3782.24747241876,9495.48746570025
"kappa1[6,30]",0.102557428667716,0.0501887347936113,1.0012043120257,6741.70669323455,20165.2624151783
"kappa0[12,7]",5.0492244595232,0.486786594525287,1.00120374376708,4310.69622740472,20035.7655715016
"kappa0[16,24]",4.00749743731771,0.35053329861466,1.00120055444104,3345.80627400735,15561.8958803747
"tau[8722]",0.232845681208944,0.0641874307948315,1.00119097588656,3750.25835305338,13274.6081732879
"kappa1[5,3]",0.413481143335619,0.176036030486793,1.00118110032033,5155.19013832542,17459.2333201114
"kappa0[6,4]",0.801355155423247,0.240796422919795,1.0011792172462,4264.776198678,12822.5849095526
"tau[3085]",0.154936542266895,0.0370977179855278,1.00117304635106,3345.62809282472,11169.3714910335
"alpha[3,6]",0.015920242142947,0.0256433580677616,1.0011725914541,1475.24214464293,4168.52196477959
"alpha[4,11]",0.0112657129262049,0.0113130709388512,1.00117212759028,4058.39548209976,9016.75925508803
"alpha[3,4]",0.0432727457136868,0.0245190223769903,1.00116349553788,1877.79944646082,4183.12351966097
"kappa1[8,7]",3.97210306571203,0.38439721638652,1.00115273107948,3727.62508759928,20367.9927332547
"alpha[4,6]",0.00165562063871498,0.0106630962844143,1.0011437386814,4683.78069244408,11275.7287100527
"kappa0[12,29]",7.15030669031248,0.592459430080432,1.00114353877846,2811.48241311421,14837.0408243445
"kappa1[44,4]",11.2456922390612,3.83966391270336,1.00113348352314,5446.33596150624,15090.3379453088
"kappa1[7,22]",0.595437811652591,0.0577575303070708,1.00112442523486,3941.21219801972,19567.0462976192
"sigma2_alpha_p[1]",0.00221756810354464,0.00162796821671033,1.00112099609449,2343.77639084956,8014.17091853637
"alpha[4,13]",0.0383589895495889,0.0180787398871302,1.00111343791868,5135.91149795953,13030.3788208568
"kappa1[16,7]",2.48910318868698,0.254643987663688,1.00111236746802,4299.64279920362,21260.7002443682
"kappa1[4,32]",0.459387157812161,0.196348192849782,1.00111025610537,4968.47226393434,17554.0633646733
"kappa1[19,35]",3.77010214704414,1.62223649873612,1.00110586476305,5120.05290017331,13764.9248986398
"kappa1[11,3]",10.0797270586955,0.857453007697911,1.00110019767907,3020.41285408876,16043.8108974051
"kappa0[1,11]",8.49028911808542,0.935419943576268,1.00109674282121,5759.1088695897,23880.1335200708
"kappa1[4,34]",0.460314711922506,0.196577429661565,1.00108537781644,5642.23247494561,21406.9764868662
"kappa1[4,22]",0.311799282020082,0.155411009425592,1.00108443262696,7887.56172811294,24557.0431738926
"tau[5330]",0.12668651858672,0.0303774213963574,1.00107808934129,2160.90265318902,8845.1742451579
"kappa0[3,20]",0.708192723574723,0.063233653172916,1.00106783215133,3362.65550501231,15587.8203898316
"tau[8685]",0.141366885596088,0.0363704267764023,1.00106323818523,3941.26467107999,12750.2666937578
"tau[5227]",0.151590105968609,0.0400940405010834,1.00106244324594,2640.2431140619,10522.9343017473
"kappa0[34,7]",1.62801029195073,0.198440209364909,1.00106136476211,6647.07670204536,32993.2320040735
"alpha[4,1]",0.0177632871369178,0.0113599665833706,1.00106040484087,3135.36854552226,8790.78489423443
"kappa1[20,7]",9.68303966174532,0.98925713175659,1.00105427740027,4328.56764095224,22681.8796192098
"kappa1[4,27]",0.38457214510777,0.175497209780828,1.00105135778028,6184.71764756303,22008.7081586508
"kappa0[3,12]",0.518440369469912,0.0535086352401544,1.00104980365139,4378.7496875321,20453.688676017
"alpha[1,11]",-0.103432924140026,0.0267194731629434,1.00103680844211,2895.07472879516,7904.89561362641
"tau[6227]",0.151838201333515,0.0354352471338718,1.00103599884107,6087.9572845111,21254.2811054919
"tau[6709]",0.232681893328071,0.0581050989353316,1.0010297431836,6081.0752466844,18477.1383074414
"tau[7917]",0.140130095266516,0.0299831286231381,1.00102635213939,3468.61773989805,12498.4280241918
"kappa1[16,11]",2.8832615663864,0.273903503794183,1.00101119407996,3912.69221148481,20010.306697744
"tau[4093]",0.148399384303053,0.0364138816662849,1.00100748573537,3413.85650755461,12729.8008622119
"kappa0[12,8]",7.65063394975352,0.615857599015866,1.00100447283485,2679.83145720743,12542.1963509879
"kappa1[12,15]",0.121494455341001,0.034192289548839,1.00100059930826,3050.87519516692,10644.5166684595
"tau[5904]",0.199796738748765,0.0552857701780044,1.00099285750313,3964.43781302641,14801.8180443485
"kappa0[18,6]",0.839863212101268,0.322041600008837,1.0009928017965,7988.45624537651,19183.4171544315
"alpha[2,2]",-0.0849533707093045,0.00860167789686197,1.00098473057585,4459.82631059422,11949.6523759726
"kappa1[4,39]",0.38445886733036,0.174896382459118,1.00098360705413,6102.10749014734,23575.0185562311
"kappa0[16,11]",2.83591790437242,0.291436301888738,1.00097753200193,4860.64003312654,19927.6296012849
"kappa1[24,3]",9.22441072254476,0.979517065670673,1.00097583792257,5267.67069674099,19394.1691458752
"alpha[1,7]",-0.0559904384338591,0.0267810287217725,1.00097076742824,2105.22566151899,5103.06319963239
"tau[6547]",0.20113143039279,0.0480109929496727,1.00096931545523,5895.59810222078,18977.6742852606
"mu_beta_cr[1,2]",-0.0850495226209929,0.143761996392928,1.00095928762121,1687.61021917647,4086.67131150892
"kappa1[24,1]",6.11538025981635,0.78255677884629,1.00095756270421,7962.20368436853,29707.3748856562
"tau[6596]",0.17524435719422,0.0408054532199804,1.00095693735992,4090.02427437727,16888.1057993867
"tau[27]",0.17863352860615,0.0422285385776897,1.00095667841354,3697.99206296627,14715.5579362478
"tau[7592]",0.237587415673255,0.0450610540174808,1.00095040707589,3179.82973801148,12974.5569227416
"tau[8941]",0.110117107058123,0.0285152958645008,1.00094614288938,3554.51514092109,15092.3605907495
"tau[7899]",0.130132986701043,0.0306147233075227,1.0009338609728,3842.74380397329,14118.7807339471
"tau[1954]",0.130307004141583,0.0248319356988148,1.00093035995876,3265.29422460115,11830.0988561537
"tau[5634]",0.145474212862667,0.0365082021535611,1.00092796682118,3273.45583332047,13427.3255376161
"tau[5817]",0.206930359393973,0.0556462666907529,1.00092043876751,3161.7038394094,13205.8440265722
"kappa1[11,16]",5.48116280255692,0.611474560424828,1.00092003858584,4845.28391052328,21781.0167510052
"kappa1[30,29]",4.16773800503028,0.390144718167897,1.00091603736395,3546.75453645495,16270.7866834593
"tau[5311]",0.130470192262182,0.0338800417340295,1.00091170462446,2764.24786653048,9638.29186881265
"kappa1[19,21]",3.12477298279299,1.45466262179698,1.00091110134141,6370.66298024882,23480.8916946419
"tau[486]",0.156945479877451,0.0365201197529164,1.00091097818856,3525.30004333956,15210.4166358473
"tau[238]",0.156246631855292,0.0420662494194164,1.0009086977014,4654.33638412638,18905.3802294051
"kappa1[3,32]",0.219993809123168,0.0199259944982783,1.00090072656327,3518.76196834838,16182.2107904739
"kappa0[3,32]",0.353894723198966,0.0434360304582765,1.00089509097382,6742.22795025949,25564.7299767436
"tau[6460]",0.186780193394189,0.0493795106045886,1.00089383268974,6823.58465738064,21470.9133554555
"alpha[3,2]",0.0185901936411748,0.0276792227202193,1.00089296026485,1492.97506691529,3968.90634164641
"kappa1[1,45]",9.92251080763061,0.998295387850542,1.00089268053518,3785.43552533563,24548.7833568867
"kappa1[44,17]",12.4155302724218,4.09387260389013,1.00089167372765,4645.58053064349,14692.2269004199
"kappa1[37,17]",0.568894415370843,0.247868235506418,1.00088849614493,9713.12511652203,29617.5970869178
"kappa1[41,17]",5.15158562609155,1.88652559965444,1.00088818444888,6591.13292112729,25482.860292407
"kappa1[1,11]",6.36918146620248,0.77456170419739,1.00088093965606,6470.11710093548,29445.3329669527
"tau[1349]",0.165936593350493,0.0341358443248195,1.00088056695987,2971.02309884227,12669.3834133844
"kappa0[12,3]",3.11495614552074,0.372401734727978,1.00088008864741,6709.54730141369,28387.5084112328
"alpha[4,12]",0.02225372578891,0.0135332834430122,1.00087844236148,4819.44575353027,14249.4824776527
"alpha[2,10]",-0.0786416377792836,0.00767846155856485,1.00087712591821,6870.33512381463,14237.6232563928
"kappa1[28,17]",0.894411881645214,0.328460574147236,1.00086271522877,6290.66042615762,16649.346006352
"kappa0[15,5]",4.22613339029058,1.26951477810602,1.00086069228442,4272.21937790766,13188.7334216989
"kappa1[15,7]",0.907130814694509,0.409663265530092,1.00085298184126,5904.9968711938,23521.4655935978
"tau[2945]",0.147631829300284,0.0291447905211278,1.00085009659721,2658.97447892512,10517.0098536466
"kappa1[12,18]",0.0593738046510775,0.0222390716173067,1.00084810046028,6989.02683169632,19875.6188881363
"tau[1367]",0.240805950404255,0.0572525415535006,1.00084659524187,4668.04608086391,19461.0706388037
"tau[1386]",0.286236408122338,0.0642277297806843,1.00084598251181,3493.40114061434,15396.0381855583
"tau[7587]",0.218111355675177,0.0450294659054416,1.0008437604474,3597.54205442962,12095.6383951354
"tau[6259]",0.139422782517468,0.0346239380014624,1.00084208004688,5274.66896221742,21075.3737344579
"kappa1[34,7]",2.6593837962566,0.259735585063532,1.00083524604149,4062.98874124191,19748.3688094322
"alpha[1,9]",-0.0549855682850589,0.0315182882841962,1.00082411884417,2072.55237240696,5235.43748516322
"kappa1[3,19]",0.00539434530869666,0.00209637342279702,1.00081985850316,6580.80300727512,19654.322917849
"kappa0[7,10]",0.878331738668548,0.116818211104282,1.0008192197928,7249.04227942552,29404.7235625416
"alpha[1,3]",-0.106050371012074,0.0281646566254376,1.00081829244751,2570.67713879981,7208.15686367449
"tau[4569]",0.116106307553371,0.0259546726326083,1.00081732081884,3018.53463717853,11134.3534711445
"kappa0[3,22]",0.548408635403452,0.0556708851922733,1.00081530498251,4038.23117910344,24492.1837924843
"kappa0[13,3]",4.77947364778952,0.506342192310029,1.00081501491556,4278.14892391816,22376.2688503538
"kappa0[16,12]",1.460942251905,0.200969931368112,1.00081377837831,8552.49665082088,31074.6378330478
"kappa1[7,11]",0.327674135991769,0.0418718571237881,1.00080838491443,5914.9642209989,31377.2777918876
"tau[3575]",0.209749938688249,0.0467087647474418,1.00080753913483,4079.59600440523,16541.6465325871
"kappa0[7,12]",1.53781468022125,0.157886118146535,1.00080743359207,4251.34761671834,21158.2677097411
"tau[1809]",0.16232900880314,0.0344125071713174,1.00080401811303,3175.16687097689,14067.3807531645
"kappa1[25,36]",14.2260606486112,1.38491689463532,1.00080355306074,3704.6244209711,16335.2859257414
"tau[5507]",0.1831504217134,0.0522482008544693,1.00080083194212,3765.33222191446,13210.0287933993
"alpha[4,4]",0.0101891324201644,0.0119688539749031,1.00079943068741,3985.57257459398,8155.0884139217
"kappa1[24,16]",10.5438770211311,1.05225164954005,1.00079715996729,4585.37291503862,21691.8914810545
"tau[303]",0.152670750958031,0.0367140425765025,1.00079458623507,4247.26642557103,17037.7164467113
"kappa0[9,11]",9.52580972235644,1.11869093829995,1.00079131109694,5892.11877196392,27834.6431766149
"alpha[2,13]",-0.066226545574056,0.0107065838032753,1.00078927442125,5399.84345467011,14859.0291633979
"kappa1[18,41]",0.285603599279415,0.158912925906045,1.00078711447774,14935.9311061991,35875.1900541637
"tau[4890]",0.122789668594905,0.0305471857180454,1.00078410120647,3846.21051157386,13546.5954537873
"tau[6946]",0.280121262531381,0.0640661513232567,1.00078201467221,6690.24124648847,22576.4584192624
"kappa0[5,19]",1.02023712413571,0.368423348311844,1.00077484992781,7206.18707129249,17287.1805555745
"mu_alpha[1]",-0.0856828231484142,0.0165520629751077,1.00077330881931,4014.07179969899,15986.7017122038
"kappa0[7,22]",0.689114369016742,0.102301862546283,1.00076816358952,9851.79764910591,30893.5035016528
"kappa1[20,40]",4.67148412916205,0.67028625223726,1.00076333328108,9589.39543244155,29723.5827380666
"kappa0[16,3]",2.35943798251399,0.261007175920848,1.00076057308793,5293.45306586766,26768.0397949091
"tau[7324]",0.200877872147967,0.0440509001745357,1.000760156136,4491.15878282388,15881.6819288675
"kappa1[7,16]",0.464388264683925,0.0508942644342181,1.00075987531399,4857.22465359038,23333.3593403624
"tau[2363]",0.208674682328781,0.036520215829794,1.00075985204153,4523.0670373866,18198.9256117218
"tau[6697]",0.131384151373665,0.0338638733081358,1.00075565624936,6051.93209909117,19236.0599069696
"tau[6234]",0.198669099258325,0.0461944883612754,1.00075532360963,4599.67377069503,17581.2233865749
"tau[5489]",0.228837347635612,0.0561427966781174,1.00075444264133,2870.74324589373,11434.3210944364
"kappa0[18,15]",1.2049807114972,0.413028403277015,1.00075381766215,5723.94435476758,16018.6817985183
"kappa1[37,30]",28.0966905888007,2.71177233691578,1.00075334689635,3713.63795518527,17529.937609905
"tau[6440]",0.218027674492616,0.0556545616861574,1.00075325703561,5981.69220095803,21259.7026307374
"kappa1[17,31]",1.345368513954,0.627323750738177,1.00075059400988,6723.10018691118,23532.4111204043
"kappa0[22,3]",6.85991472748638,0.864245507171572,1.00075051141656,7432.16391140829,28999.4665998811
"kappa1[21,19]",4.63891974413889,1.66691203281788,1.0007486500675,6696.38460888557,22901.5764601016
"alpha[4,3]",0.0176940463222997,0.0115030922431555,1.0007473367046,5076.35573867595,11390.0022055778
"kappa0[6,7]",15.7134863426562,2.55482398263214,1.00074468169418,2813.59710238368,6620.70673597118
"alpha[1,8]",-0.0635630745701613,0.0319112475047304,1.00073127306531,2608.1040070307,8929.18490048973
"kappa1[29,12]",3.8591440462503,0.434137079902304,1.00072973956624,5554.60622470573,24456.6633865137
"kappa1[8,12]",3.30739407360273,0.346337967509763,1.00072860958799,4524.2952861373,22230.962676518
"alpha[4,5]",0.0183505403679981,0.0121110260564348,1.0007263604937,3069.79678815977,8060.80199488691
"alpha[4,9]",0.04187790876978,0.012835294600883,1.00072110263356,5195.35292571911,11791.1717308872
"kappa0[4,6]",0.66088532906488,0.219544036237953,1.00071923110326,5312.33201996792,14447.6218598572
"kappa1[14,7]",22.095743559675,2.36102200132365,1.00071918056612,5177.26593570668,25911.8416274467
"tau[3060]",0.149765058550884,0.0342241716659879,1.00071883142124,2971.36433718439,10402.3654746933
"kappa1[39,15]",5.01957461606431,2.21590265274325,1.00070008475588,9244.14961966904,26245.3645433967
"alpha[2,8]",-0.0748449507375214,0.00981277345036545,1.00069828848106,5857.60950700562,16999.8605911497
"kappa1[7,10]",0.565338729033318,0.0561352897458405,1.00069398299445,3933.27828083059,20476.037384565
"kappa1[4,30]",0.244126296553483,0.132153036316786,1.000693845853,11717.5372049277,27154.5200667897
"kappa1[10,16]",2.77446201427949,0.480913742475726,1.00069114872519,12509.6242082493,31533.4072023878
"tau[6022]",0.203939201650717,0.0520737100812028,1.00069057615324,3214.76850721989,12939.7589511116
"kappa1[7,13]",0.363339824222783,0.0442792717422604,1.00068941054925,6957.24542006499,30345.2515456297
"tau[5570]",0.19873779492604,0.0548638252413318,1.00068790170992,3562.2520646029,15128.5195733684
"alpha[4,7]",0.0313496172178317,0.0106823371237726,1.00068434890708,4000.36448112419,9423.44259870178
"kappa0[24,16]",8.70578828892121,0.996524354307262,1.00068021300545,5769.1644121651,22840.8552425002
"tau[8625]",0.146806474910529,0.0417009162183922,1.00067928973927,4744.58452765714,17082.421204051
"kappa1[3,6]",0.0076560583209648,0.00259129464604494,1.00067381301251,5100.79532976683,14747.3863579514
"alpha[2,1]",-0.0900393895015644,0.00782578846249804,1.00067377464274,7337.57485899877,13976.0001359511
"kappa0[24,11]",3.54413968782581,0.612515936657818,1.00067310131759,13313.0934022282,36781.6893867246
"tau[4016]",0.180554933639579,0.0496753186203788,1.00067290818637,5246.20899203264,17151.1727192732
"kappa1[15,22]",0.43130812654655,0.255114436624038,1.0006696792646,21097.7804164674,35535.3700196199
"tau[5671]",0.163671972743263,0.0408017619722497,1.00066459955499,2974.02311016995,12826.1384170082
"kappa0[7,16]",0.732500654597249,0.105019213600634,1.00066279858095,10126.4419684556,32253.5151292069
"kappa1[18,33]",0.370942123908404,0.187530808522838,1.00065937663969,9082.54367131448,29864.5482144018
"tau[365]",0.144357393608973,0.034634645186071,1.00065919139333,5246.19047682942,17866.1559761328
"kappa0[6,17]",0.33905322748233,0.131082166112806,1.00065859979363,7464.52394979319,20378.8932409099
"tau[3754]",0.17293852281257,0.0411110730658756,1.00065528764062,4388.43270345312,15242.0952890455
"kappa1[23,3]",9.86146305744331,1.08742279754108,1.00065519816298,5092.95244093084,22302.1510904813
"tau[4479]",0.191480210333766,0.0464228464937703,1.00065357377701,3765.87138080592,14306.7868311597
"tau[4729]",0.257305830308077,0.0626744004636661,1.00065013432047,3607.74704083305,13908.1303196488
"kappa0[16,1]",1.64605241664278,0.213610220180086,1.00064782295796,8303.31463420699,29346.772593481
"kappa1[9,3]",11.6972623141549,1.19648628656998,1.00064680645026,4973.74787166905,23106.7358816215
"kappa0[3,31]",0.663206854687278,0.0613695639079817,1.00064596114102,3539.87217462614,19077.8374290908
"kappa1[10,11]",4.36487267204079,0.608368628997707,1.00064371923523,8708.69884645589,33106.3293815238
"kappa1[18,28]",0.286855111937913,0.157660555698784,1.00064288900122,13337.3982295041,29812.0751634899
"kappa0[28,12]",67.9888235202596,6.98745517918164,1.00064255085939,4570.58958889099,23570.7286027688
"tau[5877]",0.231778018716933,0.0590421903598337,1.0006392587417,3484.34334553336,12958.735683863
"kappa0[31,7]",9.65627381616755,1.10423625261267,1.00063740153898,5103.06078697028,26839.3146859319
"kappa0[3,4]",0.738063884594342,0.118664145172766,1.00063668215978,2638.1357284849,6733.89434030592
"kappa1[11,13]",4.41464003012444,0.544857122741873,1.00063649934443,7810.19745743949,31258.7708745972
"kappa1[24,12]",4.71602166872736,0.680878967435006,1.00063510082794,9824.16191291477,32832.1686032846
"kappa0[34,3]",2.25774101139034,0.237486020377254,1.00063452635614,4844.15775516386,21167.977711903
"kappa1[2,3]",11.8850771664433,1.4794322402342,1.00063232480926,7132.23809708744,30439.8387549717
"kappa0[10,3]",6.39805686634171,0.824679381831092,1.00062996548339,7936.55988187988,29747.3996586027
"kappa0[11,9]",4.85752198347961,0.61597702094435,1.00062592197685,7085.14322834638,31576.0610519161
"tau[6358]",0.202416696224956,0.0637846882352277,1.00062510755805,7830.55384371481,25262.8088796462
"tau[595]",0.200306304550847,0.0556000418155016,1.00062491321876,5220.15941285215,19060.6748743602
"tau[6691]",0.189841531802878,0.0428696701069755,1.00062301009048,5396.91740453571,19469.9108773303
"kappa1[32,7]",7.22116273343684,0.974319360714659,1.00062195985622,8558.06596686597,29157.799510661
"kappa1[13,7]",3.04213550314784,0.359772961873893,1.00062106633734,6077.08418740113,28485.4229272288
"tau[3928]",0.197779491983412,0.0461571921929855,1.00062087956718,4221.93789777507,18333.7577219686
"kappa0[8,12]",4.77026644457397,0.534858971579392,1.00061843241051,5824.06037580782,23019.9593187778
"tau[3133]",0.136233993222618,0.035505806644161,1.00061763848512,4310.61988411955,14238.8992065255
"tau[1519]",0.1836287303,0.0336388910115535,1.00061645653341,2346.52519953645,9640.39385840392
"kappa1[10,13]",4.69711076054624,0.635765402647334,1.00061462575237,7007.40859309288,31876.1037110793
"kappa0[9,3]",4.71308870199175,0.768752558844163,1.00061342314976,13961.7821161203,34614.893666422
"tau[3995]",0.186123015393882,0.0516672451163069,1.00061252695487,5295.01283938378,19010.5256931585
"tau[6212]",0.167334213914949,0.0404903269354116,1.00061112298576,6417.77970376187,19862.6370582431
"kappa0[13,11]",2.5073196178256,0.35680642694123,1.00060988990772,9559.36670122687,27583.3711838688
"kappa1[11,7]",4.97776965140149,0.575969058629099,1.00060906916077,6561.9795138822,29622.158486822
"kappa1[12,19]",0.0592702197566421,0.0221365439879853,1.00060555357107,6503.6265760209,22053.8186774643
"tau[4686]",0.195474563625994,0.0441368744408856,1.0006055338345,4006.08800346592,16085.3518211694
"tau[7414]",0.173739769006436,0.0373002898928179,1.00060210104483,4104.24891135341,15115.2486822101
"tau[1889]",0.210566402183815,0.0525869532854361,1.00059018824013,4193.07863579069,18676.90218303
"kappa1[13,16]",2.22073839561303,0.302401908012573,1.00058971258821,11759.6753248894,32582.3855607299
"kappa0[4,14]",9.44903943174014,1.80693696259643,1.00058802725843,3983.72859592401,8997.7546249078
"tau[4411]",0.17897403758917,0.054785784764746,1.00058509203331,6299.6728464147,22674.6820268859
"kappa1[2,16]",8.65397237007303,1.24745577060652,1.00058505313898,12280.6574012645,33553.8807810835
"tau[4459]",0.182684695238076,0.0493009141548984,1.00058346300911,4503.14793744339,15456.0693783253
"beta_key0[2,12]",-0.0755666124364807,0.165076733923439,1.00058089328737,2293.06215553112,6742.12080119114
"tau[2391]",0.209425752704124,0.0384767561287429,1.00057939494631,3143.32524289813,8729.88875282418
"tau[7093]",0.166861550634089,0.0372450016873833,1.00057925566242,6785.25866205776,18652.4845866389
"kappa0[11,7]",4.64021275336885,0.599139218143293,1.00057840262509,9856.94524950323,32595.0315229723
"kappa0[8,34]",1.56068614930862,0.293706291298622,1.00057697098611,20120.1270014506,35405.3448914395
"tau[3106]",0.189461925430311,0.0504391729854096,1.00057370830355,4373.52728062513,15600.9395023884
"tau[7019]",0.164797146036805,0.0351916890259769,1.00057101486635,4071.56559858939,14342.9432142503
"tau[3559]",0.278050777750524,0.0570208122420674,1.00056990381138,5033.92695796276,17312.6020870605
"tau[7620]",0.236532766948442,0.0595483644973064,1.00056569403318,6435.65337493021,22223.6294818388
"tau[3584]",0.22424401970782,0.0536473933375071,1.00056211865272,4787.06403835869,16610.2240307087
"tau[1961]",0.163683171280527,0.0263952667168505,1.00055982674112,3709.75906972663,12646.0887627618
"kappa1[34,4]",0.0935999810579089,0.0339174087355707,1.00055877951303,5601.26175972352,16046.2769851638
"kappa1[5,25]",0.218804043058457,0.116797709168913,1.00055704143155,11307.7234177411,33935.4513062435
"kappa1[11,10]",3.16679117548,0.455412385715664,1.00055530742341,11890.8079932674,31698.4384076659
"tau[7702]",0.170789449072968,0.0439867134497368,1.00055500879337,5068.64093183815,17326.977876278
"kappa1[11,24]",2.91800278243559,0.43963012431236,1.00055458616161,10641.9030856865,33394.7492357444
"kappa1[10,7]",3.80733484020501,0.565274564275821,1.00055221059891,9504.21663122478,32146.9131451005
"kappa0[29,7]",9.41526674294473,1.20052437164677,1.00054860496319,6652.94184300688,31705.2400776111
"tau[6096]",0.194555944105898,0.0523279662714739,1.00054806921399,7062.36517170361,19846.5647403777
"kappa1[15,20]",0.431768247849664,0.254493303395259,1.00054692246035,21144.5423078136,34392.7568759635
"tau[5625]",0.202532920968735,0.0511415297032732,1.00054682350736,2945.20819372062,10947.2851613839
"kappa0[13,7]",2.31394600138963,0.341543163979248,1.00054633518097,9329.18855843686,35268.5358352799
"kappa1[42,3]",11.6440548366128,1.51709091347444,1.00054445422946,9269.55937661596,28790.731971545
"tau[2696]",0.15765410039586,0.0315732649175515,1.00054377829977,3471.29863467831,11224.8643225053
"kappa1[20,36]",6.12381599072801,0.771261823400725,1.00054349190985,8403.53960932591,33091.0997492603
"tau[3198]",0.135661917936061,0.0345798282687595,1.00054107080312,4018.77836902155,12610.972100807
"kappa1[16,13]",1.23776972377011,0.17315114629921,1.00054105140667,9406.39383002651,31343.3945084627
"kappa0[24,1]",5.69731200741988,0.793330937102903,1.000539265963,8950.47323517651,34702.0616807469
"kappa0[23,8]",6.16414437752063,0.773889896241059,1.00053784543133,7463.21998366244,29568.5508106441
"kappa0[22,7]",7.86148901837344,0.930001630137901,1.00053523781266,6396.08434611022,27042.3846326969
"tau[4864]",0.205315847122582,0.0506688404657857,1.00053372978233,3725.20542121779,14013.7376248616
"tau[7161]",0.165330976702884,0.0382612531724589,1.00053261512381,5447.92328226862,18445.3568664357
"beta_key0[2,3]",-0.0840423170177041,0.163026517033271,1.000532134334,2127.84330360296,5445.2373494081
"alpha[2,14]",-0.0792002184922237,0.00813076903966997,1.00053107518918,7928.69803826505,16458.0923504959
"beta_key0[2,5]",0.0298129545340143,0.171693356405631,1.00053029520311,2366.91516251489,6149.83869816505
"beta_key0[2,2]",-0.125404629951081,0.170045942201847,1.0005270194986,2209.75760349216,5549.99439364869
"tau[1796]",0.144943243760619,0.0295921086129663,1.00052345484334,2839.91823525145,11878.3859431717
"tau[4707]",0.1986334296868,0.0474895676048464,1.00052196181923,4130.35684532642,13679.8831358629
"tau[3589]",0.209549680683261,0.0493152941559825,1.00052139723891,5468.4373641053,16296.1642357879
"alpha[1,5]",-0.0873999034980643,0.0316551708975606,1.00052138497703,3600.63951383781,9012.69690136686
"tau[2513]",0.141483376486629,0.0278575849628155,1.00051932426966,4542.7382777564,12819.9616772562
"kappa1[16,1]",1.83747913657655,0.213536228276868,1.00051874049592,5928.35612557621,26353.9855383139
"tau[6943]",0.149712101321613,0.0379699213111021,1.00051873504028,7376.56548330071,25789.0071748843
"kappa0[25,36]",18.4524878773262,3.19528490755566,1.0005177777072,15620.6991089918,36864.3123324885
"kappa1[12,28]",0.496125417096084,0.0894669377335328,1.00051702073388,15555.5311388819,37107.6236139642
"kappa1[39,5]",8.82057510296951,3.14386995280131,1.00051697190688,5405.67617310765,17465.0481453652
"beta_key0[2,10]",-0.100165460752364,0.160378259751854,1.0005155564745,2108.11105320612,5770.91218756005
"tau[4646]",0.170985900332798,0.0461255319567198,1.00051529978007,5758.57249419454,22462.557243007
"kappa1[16,12]",1.32972034192949,0.181594513413542,1.00051519005699,8863.42644739436,32789.4000186099
"kappa1[7,26]",0.187564855191228,0.0310737308323643,1.0005146590509,14932.8399069601,33487.0504785448
"kappa1[1,24]",4.96671205078496,0.682135140700263,1.00051395204411,10262.1430086769,32104.0062657596
"kappa1[12,24]",0.637075681721779,0.102328559459478,1.0005132376479,12022.5296845456,37787.2194937076
"beta_key0[2,4]",-0.0559781028089439,0.160279039168142,1.00051257079162,2070.32508860399,6806.43051327132
"tau[2062]",0.189580712196763,0.0446787076919268,1.00051215339716,6422.46739161677,20862.0746987778
"kappa0[26,8]",5.30529052167908,0.890891691449244,1.00051153007035,18232.55520738,34492.9919987469
"tau[7228]",0.147588559541118,0.0359246649296527,1.00051112908808,5596.58608974168,17563.1331073065
"kappa0[20,40]",9.59968410384592,1.47567123825858,1.00050611724628,12990.9163827107,32032.2680766282
"tau[3355]",0.227926024657362,0.0585308037821856,1.00050554310805,5502.60616478174,18553.3207031253
"tau[4518]",0.134205749367081,0.0294635146184768,1.00050485444421,3320.13224752585,11849.9172480511
"kappa0[11,8]",4.93113418837653,0.624040573343513,1.00049979797603,7402.63998527496,29150.7806853334
"tau[3231]",0.170235960329296,0.0350590986818486,1.00049791015815,3830.18560714639,12501.629679159
"kappa0[13,1]",2.02390571837514,0.31647337829192,1.00049645391324,13812.3608424391,35738.0357397276
"kappa1[2,7]",4.92717100517633,0.924622551884521,1.00049562798082,18348.577932968,38843.672762342
"kappa0[15,19]",0.906437085776443,0.435576746270037,1.00049547312515,12466.541435054,23888.3028406814
"tau[5648]",0.212390318084912,0.0590969522700914,1.00049445429287,4850.98887400714,17566.2746024026
"alpha[4,2]",0.0523524585561406,0.0126784167297092,1.00049392865494,6208.60198970922,13082.0466182161
"tau[4251]",0.127329461615801,0.0304308941513632,1.0004923193008,4951.41653527175,19609.4466641355
"tau[1546]",0.23215823772695,0.0577599723405227,1.0004915791276,5483.99476162868,21300.0825715286
"kappa1[7,31]",0.540508482773947,0.0550155386585739,1.00049078877359,4346.34948642461,24481.9733287586
"kappa0[11,16]",4.6436595614878,0.602454744669615,1.00049044156631,7153.41602814311,30547.5843025388
"kappa1[16,34]",1.93287013747759,0.220432272306442,1.00048772653369,5822.16641685354,27708.3417727225
"kappa0[16,34]",1.61893542389256,0.212117020739888,1.00048677556888,9371.1634260098,34136.3604256714
"tau[4701]",0.143803814661211,0.0347455976329339,1.00048602064451,4114.14360929578,15494.083178253
"tau[7206]",0.207418561020634,0.0631081595199661,1.00048336888205,10161.4276389294,26831.3141747503
"kappa1[13,11]",2.88498187523549,0.344849327957823,1.00048310061773,5853.68220928642,23565.8534346966
"kappa1[17,33]",0.826773190956128,0.459853510710347,1.00048274437359,14484.5599623289,29966.5209278213
"kappa1[17,14]",0.402070713026605,0.2830009152199,1.00048139993124,34239.2614242853,39594.3028764408
"kappa0[24,12]",6.73020068455716,0.871068388984552,1.00048037323151,8261.16784598165,33872.5693387128
"kappa1[16,9]",0.734089525163968,0.130812451282993,1.00047908136764,18155.8583749942,35961.7434272865
"kappa0[10,8]",6.98716066506511,0.860444931418396,1.00047733384887,6434.97239170945,33668.5127511053
"kappa1[9,26]",1.52165178010088,0.398805862155595,1.00047701617724,29434.2169390215,37933.6985761662
"kappa1[4,31]",0.242481800343603,0.131693936881581,1.0004756471357,18376.1892862168,37232.2907731853
"kappa1[35,19]",2.43254932860758,0.951340949434931,1.00047060079223,8031.23989336971,19928.944434781
"kappa1[15,3]",0.433192050552417,0.254295178256034,1.00046988745073,20880.1355440852,38613.9829336139
"kappa0[34,12]",0.515866778280916,0.107614682785056,1.00046926029957,23915.6416538986,38251.6843970223
"tau[4230]",0.161118766689722,0.0455274954822954,1.00046924043653,5448.88382832087,15412.6977526574
"kappa1[13,34]",1.21692264000084,0.218399016825787,1.00046846179722,21681.8888677239,34468.5002575989
"alpha[1,2]",-0.0773154988686746,0.0302640811124321,1.00046751336698,3357.8232704053,9284.36683573481
"kappa1[7,34]",0.287759135762443,0.0387741550182058,1.00046592193975,8584.336103839,33787.5146927062
"tau[2695]",0.192378346456107,0.0544230457807133,1.00045999543746,7598.31862756835,21904.1898434373
"kappa1[15,34]",0.431606780672424,0.255587529420577,1.00045689769247,22203.3971980392,35027.1423078898
"kappa1[9,7]",4.2105349983188,0.692680012313854,1.00045659088311,12335.058709986,35082.8740835753
"kappa1[30,7]",4.07480677297377,0.382717332675119,1.00045503187361,3885.41449200407,17770.2719892492
"tau[3481]",0.214458178704418,0.0585245127183341,1.00045339511225,6632.2616985041,22383.2584087399
"kappa1[34,8]",0.830428160745206,0.13845639875797,1.00045320719711,12652.6452047682,35747.0992802535
"tau[861]",0.184156118377294,0.0360807737036143,1.00044989198541,3021.59959000974,11916.1315423798
"kappa1[25,7]",5.67816320037083,0.837957962249089,1.00044988499485,10738.5926235487,32500.0429050892
"beta_key0[2,8]",-0.00596903326488029,0.173677943733508,1.00044981712257,2353.30121963846,6723.61296703696
"mu_alpha[3]",0.037200942892944,0.0152347040262642,1.00044860969584,2674.02913502069,8563.3886740008
"tau[4474]",0.189062920373682,0.046862297070578,1.00044702071409,4687.26385052353,15825.3769126618
"kappa0[2,16]",10.0921777997422,1.51038391544116,1.00044527630315,12612.0611311715,35051.682933931
"tau[3221]",0.108040427004692,0.0276855320664417,1.00044443983586,4025.62554602325,14638.2902709346
"kappa1[13,26]",2.96176687106215,0.353552353252073,1.00044263430426,6342.20683017404,30702.0853998035
"kappa1[19,14]",1.43596007810985,0.879150675711055,1.00044213251955,24959.9227002733,37045.2456223309
"kappa0[1,12]",2.86701694543705,0.524261029377935,1.00044212313235,14599.2570828074,35861.9306872806
"kappa1[26,3]",7.3934936229274,0.991024940538653,1.00044199836935,8451.65622358341,31846.1970631146
"tau[6502]",0.203348035203369,0.0564633777239183,1.00044073586312,7455.34750438102,24892.0113607279
"kappa1[34,17]",0.0717280115209632,0.0289348930516123,1.00043889041069,8419.20351882893,24687.3520065931
"kappa1[20,25]",5.58398211906499,0.732357994102886,1.00043865195809,8776.9961123363,31305.5283831982
"kappa0[24,8]",5.08199829313417,0.743336564470512,1.00043711980404,11991.4404278794,33845.3893318601
"alpha[4,8]",0.0169322724700087,0.0125116206373173,1.00043694584221,4622.28177666037,10603.4935813377
"tau[4378]",0.163075713079931,0.0474766765271664,1.00043674087469,5626.75259711553,18137.7443824704
"alpha[2,11]",-0.090234564277481,0.00698572822935442,1.00043540614691,6498.113089979,13318.6105297714
"kappa0[11,3]",3.3974338984202,0.509174400787887,1.00043502097289,11313.8863064551,34024.9575608516
"tau[4872]",0.217883015739653,0.053922337542603,1.00043434223415,4576.32487274832,18121.6053987244
"beta_key0[2,1]",-0.098819342757001,0.163111279276202,1.00043422459346,2179.25784787405,6379.74016608299
"kappa1[18,34]",0.207766610826136,0.128887470550539,1.00043279404778,17542.3430962977,37853.8472190372
"tau[1529]",0.15882717407373,0.0385781577141721,1.00043244159442,4216.70696465439,16121.2528478134
"kappa1[15,25]",0.302357648140037,0.198397598221568,1.00042737397238,32862.0400630288,37075.8650636817
"alpha[5,14]",0.108975404246694,0.0212231126017827,1.00042547938773,8013.80370338289,27123.0683175418
"tau[7091]",0.194659016678799,0.0559479437929987,1.00042501546657,8943.34507311414,25647.0487879162
"kappa0[30,7]",5.33029823794637,0.890658164154423,1.00042443242231,18859.2967446322,34932.8265569978
"kappa1[1,3]",4.08064395548171,0.614575725280745,1.00042348108061,10178.1196907115,35009.1620288429
"kappa0[11,13]",2.82486267478263,0.462665122550267,1.00042208172128,15077.5028739602,33198.8742966181
"beta_key0[2,9]",0.0149971767719676,0.176457920205061,1.0004215595172,2599.14277869771,6547.87498139254
"tau[3582]",0.229556621641306,0.0530863696621778,1.0004193639607,5835.0952754413,18958.0566672049
"tau[3621]",0.232665696541177,0.0616631530133236,1.00041891166111,6872.309329422,21438.290459748
"kappa0[12,34]",0.721717314932807,0.170108474912822,1.0004187152144,28583.9451509357,36642.0359571058
"kappa1[28,5]",0.29510620208575,0.164034606892335,1.00041855046588,19816.4847136195,37901.7512101673
"kappa1[3,18]",0.00540012090214325,0.0020724533175117,1.00041792018969,7539.23976508569,21804.5636808358
"kappa1[8,9]",1.59247816629037,0.233590075456689,1.00041699887015,12748.9792320849,35247.0061644454
"alpha[2,12]",-0.0775087132505565,0.010348615144841,1.00041636910468,13798.0734986941,24437.7979270553
"kappa1[24,7]",5.17903311843542,0.718482028824927,1.00041505650156,8769.67437571881,35261.0156268071
"tau[1733]",0.169364638861358,0.0441981929450074,1.0004139139456,4852.86987245406,18056.1354237996
"kappa0[1,16]",4.54510868970405,0.670752528939903,1.00041378542428,13508.8992878002,36889.3419159337
"kappa1[17,41]",0.829324937912569,0.462565760140672,1.00041096302871,14919.347882515,32188.8437233143
"beta_key0[2,6]",-0.161564108924047,0.169472641889387,1.00041094278695,2244.79489643014,5315.74791912276
"kappa1[3,34]",0.0855083898585358,0.0118091859438697,1.00040987972851,9305.43371991205,28435.339941722
"kappa0[10,1]",2.59741175833441,0.510718329504436,1.00040967333396,17809.1046764934,37405.4640146816
"kappa0[23,24]",2.36759985225232,0.461406819057211,1.00040946844136,20900.1732778941,35317.9710390082
"kappa1[10,24]",0.908000689556123,0.263556245358173,1.00040943160043,33795.6331260165,39316.7625265518
"kappa0[3,17]",0.307655047207887,0.0585854941225645,1.00040935932041,3802.3494720156,10106.8086250835
"kappa1[17,44]",0.829648494261126,0.465683267449381,1.00040725361951,13305.6456813339,36034.316965455
"tau[2105]",0.185444949500191,0.042655148953126,1.00040673060448,5212.63748946088,16256.504371832
"tau[2594]",0.182873006296208,0.0444981593343246,1.00040605054594,5627.8319910016,19237.0178941255
"tau[2010]",0.147547037073253,0.0356058983096707,1.00040504942701,5484.60212545051,18989.8680324928
"tau[7094]",0.187570682215671,0.0380881259406434,1.00040457968157,5042.7822801872,17109.4958411189
"kappa0[10,11]",4.14622888429168,0.646555475528744,1.00040246204249,12191.1750841949,36943.489304843
"kappa1[11,8]",1.37831583042733,0.292061007173773,1.00040153774196,24476.3398180258,39058.1711790103
"kappa1[11,9]",3.91349039880118,0.506023902858196,1.00040088414225,8282.58718072774,31723.1840649477
"kappa1[28,30]",4.09822482688269,0.959988922853192,1.00039879859049,25034.327799069,34549.5554713173
"kappa1[10,34]",1.67445651170924,0.363986029713936,1.00039869531508,20503.4244902205,39146.798981544
"kappa1[36,17]",1.8878429753198,0.841011746825922,1.00039847294159,10181.6924628753,28333.1711723105
"kappa0[42,8]",4.75686165917783,1.09382087687262,1.00039777755235,29318.9325285285,37370.1578547786
"tau[6810]",0.227890770396092,0.069696633415771,1.0003971485409,10425.1867503709,27627.8643103397
"tau[4185]",0.164457526591936,0.0425320660809295,1.0003960089808,4349.94310083206,15148.076795158
"kappa1[14,20]",3.49218572164895,0.857901171746421,1.00039575656332,33143.6955305158,38259.8970300418
"kappa1[32,18]",0.343509075007878,0.143473419488855,1.00039539637834,8049.70997747803,23760.1272370969
"tau[1700]",0.201171365115177,0.0457604785048992,1.00039518903666,4439.42730554366,19043.8228935938
"kappa0[3,34]",0.32382224714795,0.0413765963070413,1.00039458021768,7876.83139017799,31400.4132817218
"kappa1[25,20]",3.11636967988,0.611541655281208,1.00039108633748,20698.3409538699,36397.6800874987
"kappa1[17,40]",0.603764765873744,0.375543776709696,1.00039107770593,27702.1049754536,39972.6542067159
"kappa0[25,18]",19.4424545513176,4.26154524129062,1.00039027316813,5252.16913077498,13769.5500335956
"tau[7523]",0.174880320397674,0.0482096769539528,1.00038964532641,8028.44570690716,22505.7830760547
"kappa1[33,20]",8.27717873733614,1.87944311437743,1.00038889839886,22406.2063238526,37049.8754414542
"tau[3592]",0.221281666135488,0.0500424555630742,1.0003885931221,4173.37127273765,14156.6985663714
"kappa1[16,23]",1.16840928589452,0.169077821459901,1.00038667599725,9772.98678164693,37437.115512936
"kappa0[6,3]",2.90459768556446,0.788041337410675,1.00038609281963,8019.76707682725,18911.9955206907
"kappa1[2,11]",11.7184847159682,1.47418469940211,1.0003856066503,7128.80160091985,26299.7223022201
"kappa1[18,44]",0.371022217978054,0.18779066613504,1.0003852956007,10573.4209713329,30251.1082742134
"kappa0[20,7]",8.95908031526871,1.42240220522334,1.00038365293761,15250.0634859821,29508.0787749507
"kappa0[34,16]",0.867688952455743,0.141760993336832,1.00038296159967,13450.6897643359,36044.0898029161
"kappa1[34,16]",1.30300574186769,0.175754924370046,1.00038205827367,9137.39947021931,33623.2516995094
"kappa1[11,12]",1.80624099863105,0.338995836641669,1.00037809081842,17224.094495338,36827.4706218771
"kappa1[45,24]",9.36578267898149,2.18773578826715,1.00037761148886,31099.7012670756,38200.0287142587
"kappa0[4,19]",0.349825277129695,0.140686052834842,1.00037650043398,8842.57411803937,20324.3626229668
"beta_key0[2,13]",-0.134096368888258,0.184084826353855,1.00037628675063,2562.3509799435,5791.22072646759
"kappa1[30,12]",0.771086528529773,0.155249033809747,1.00037544033895,22607.9113569942,38039.735742528
"tau[1976]",0.180444655705824,0.0500075703894931,1.00037174801307,7253.31175559197,22343.3667986249
"kappa0[16,7]",1.64544947930559,0.214288729544295,1.00037133621723,7598.82677704287,29486.4346547136
"kappa0[6,33]",1.40543641435674,0.502969594381219,1.00036951189357,14110.8288029632,27615.3586118968
"beta_key0[2,14]",-0.00422791732116995,0.167138567904658,1.00036681095137,2191.11969086121,7131.8386475196
"kappa1[23,24]",3.1756020712308,0.587523225274105,1.00036591724168,15821.7938375712,36502.6243528715
"alpha[2,3]",-0.107657861010325,0.00771918325880217,1.00036527345628,8003.78185738902,15771.6630671776
"kappa0[23,16]",4.12460880718687,0.620279771914194,1.00036383822637,11247.4215435311,32708.5180029614
"kappa0[12,24]",2.45731659273656,0.324482692926575,1.0003638302656,7474.26703121008,31450.5133420541
"tau[2263]",0.209944164053011,0.0438403125271244,1.00036269311276,4739.20279574734,16784.058678862
"kappa0[30,37]",4.77711665583004,0.840358057857777,1.00036160814157,15801.5323434598,33849.8048457383
"alpha[5,3]",0.18177280519045,0.0201613599696507,1.00036147393158,15769.9389149446,35282.6180161722
"kappa0[10,13]",3.94581109143965,0.62890973043452,1.00035951423166,12280.6762641465,33939.9343031739
"kappa0[18,14]",9.99262494782569,2.38117100744992,1.00035697446008,5473.26463229694,14153.1874421497
"sigma2_alpha_p[2]",0.000443384491238414,0.00023230601018689,1.00035500432919,19997.2712736307,30738.5568692005
"kappa0[16,23]",0.989878225558518,0.163169203241126,1.00035418038255,12437.506947679,34747.9821407964
"tau[3842]",0.254343299496839,0.0609922750731469,1.00035332997301,5504.01060524727,19775.6313555889
"kappa0[9,8]",6.62787540875865,0.91882635301916,1.00035207923632,10003.0288787947,32908.1919869519
"kappa1[27,19]",2.77143815426426,1.16765912714202,1.00035133266483,9654.75743669933,26507.3164134369
"kappa0[2,11]",10.3082267083043,1.54106387686068,1.00034898744132,11651.2883743468,35133.8822386792
"alpha[2,5]",-0.0860273069237132,0.00882343364366719,1.00034773921825,5991.16004158945,13868.0018671803
"kappa1[41,4]",1.77567153800755,0.964040098148525,1.00034340390889,21188.9094202279,34582.6743011713
"kappa1[3,33]",0.0823781885345974,0.0116253042544172,1.0003416632128,9480.5343115819,30929.8366124034
"kappa0[31,12]",0.936444069352817,0.311058363334807,1.00034036637575,33688.0161751732,40173.2010170071
"mu_alpha[4]",0.0221016718902176,0.00781491417889102,1.00033903582182,10682.4987017213,28225.2351422751
"tau[970]",0.149483587134433,0.0307813886511928,1.00033547371572,2307.53859792507,8496.79717854347
"tau[7203]",0.23151989910255,0.0487859211548615,1.00033503533612,4490.61381954891,15316.835592879
"alpha[2,6]",-0.0913920147310124,0.00788730117837181,1.000334434262,5486.42176282083,11374.3060528764
"kappa0[23,3]",2.8010278030189,0.502739869265054,1.0003339318174,20973.5451611459,38488.9792495093
"kappa0[1,24]",4.34977197495221,0.656230209527896,1.00033076781837,10373.4611406617,34717.8682572122
"kappa1[37,4]",0.469964093900879,0.220189614167932,1.00033041649294,14929.0358486379,36772.0675906318
"kappa1[18,29]",0.28592519808429,0.158857906338483,1.0003302234941,15924.6253800209,29265.7520019513
"tau[7513]",0.177374551831429,0.0460101281925874,1.00033009915877,8848.02562412469,24594.1257821698
"kappa0[10,34]",1.09298939720128,0.318692201507467,1.0003290927015,32861.1020182648,38348.5682883533
"kappa0[5,35]",2.67295066816375,1.04259753473826,1.00032882328697,16627.034627076,28201.4422795443
"beta_key0[2,7]",-0.218261844726424,0.179809499513232,1.00032286860315,2476.87647862913,5562.2430471551
"tau[2657]",0.230927881138945,0.0553040625530416,1.00032167359298,5228.46319355608,19307.2580439727
"kappa0[3,25]",0.328616726410521,0.0417474619451592,1.00032109480266,7874.74882943815,31208.7148190642
"sigma2_beta_cr[1,3]",0.0461768762322222,0.0550673845055169,1.0003190402264,8409.3260042969,12219.7155429706
"kappa0[13,26]",3.81071575139861,0.448402039047528,1.00031769470963,6616.13309659117,23674.2803544179
"kappa0[32,7]",7.81376478562114,1.37610358506537,1.000316866216,17220.4212806742,36293.6501120372
"tau[2672]",0.225531045269908,0.0527669985036253,1.00031196278194,5901.00036448316,20492.4412853335
"kappa1[34,5]",0.0414435836778738,0.0204863078037509,1.00031165783972,13184.7285149171,34811.246745551
"sigma2_alpha_p[4]",0.000621979501450219,0.000349829761672629,1.00030708342533,10651.6724874278,24543.3556451148
"kappa1[13,10]",1.87378138480375,0.276793901934375,1.00030475038367,12045.9863650894,34513.9175226912
"kappa0[7,34]",0.864259625127571,0.115525349555291,1.00030383349596,6659.74663037838,34018.4936572338
"kappa1[26,7]",3.1195029397798,0.62553230999786,1.00030329109829,19986.3929416813,37884.1462499628
"sigma2_beta_cr[1,1]",0.0066955780865927,0.00848831813712752,1.000303289583,13917.2238141621,22664.8495719204
"kappa1[19,39]",0.979760312366156,0.67551752330804,1.00030199527025,35988.0269543487,38073.1870566748
"kappa0[16,13]",1.19937381107814,0.181118080905491,1.00030186049175,15885.1037555825,36017.4903885925
"tau[2888]",0.150063057022783,0.0473230555802639,1.00030150778068,5908.75321082174,19335.9281542214
"kappa1[28,29]",9.2459561220562,1.47199312937417,1.00030029575215,13139.2849015971,37049.1337317475
"kappa0[11,10]",2.59993987107044,0.439143815857671,1.00029817084688,15014.7492232171,33867.3337518273
"tau[3761]",0.232917837154858,0.0651938418646988,1.00029797458051,6912.68847084014,22566.1996546488
"kappa0[9,13]",3.4070422240699,0.643568222976266,1.00029777906929,20530.5766608281,35335.9756206794
"tau[1059]",0.16197971931318,0.0320333246123406,1.00029695661545,2303.29051226752,9299.08103276179
"tau[695]",0.182587913890213,0.0477629193860458,1.0002962928926,4064.55785490592,15855.9419662792
"kappa1[1,16]",4.44016236190034,0.640257643963545,1.00029455883388,8316.61626660528,32842.1423846236
"kappa0[16,31]",0.204355305922632,0.0697254256882388,1.00029271652445,37337.1031782782,38780.6693534064
"alpha[2,7]",-0.0870213322736319,0.00665884858165307,1.00029149326408,7254.31775635345,14952.4978456444
"kappa1[29,28]",1.25183803634327,0.235398617482917,1.00029113522492,18179.3167886968,34236.9510084683
"kappa0[7,13]",0.761128130434432,0.108029604117349,1.00028932738102,11970.9911832141,28395.1431746652
"kappa1[39,19]",2.49356328218975,1.42884436342519,1.00028902742981,23610.6233521834,35076.4545679588
"kappa1[12,11]",0.669412734664638,0.10487666384847,1.00028719132226,13242.0859917309,36688.0180988374
"kappa1[7,1]",0.167852111943289,0.0291447515444536,1.00028487554066,15901.4418396683,38557.11468686
"kappa1[32,6]",0.187595906061647,0.0984056104279833,1.00028443117086,16532.660607954,29809.2146266466
"kappa1[14,3]",2.66692061382436,0.736623237406271,1.0002836239818,34037.3914027717,39784.6452836786
"beta_key0[2,11]",-0.172857080973762,0.17843487536384,1.00028265202219,2493.39423234108,5300.74281869389
"sigma2_mu_tau",3.71787176786345,1.66619907492257,1.00028089742449,22594.3473467467,34139.6113603729
"kappa1[28,34]",0.611301040943388,0.322394793453588,1.00027897948622,39943.7468138706,39719.8621786954
"kappa1[16,10]",1.16768984940971,0.167544768636023,1.00027677210569,9211.62621242583,37105.0167810769
"kappa0[31,3]",6.80999197254687,0.906804804937749,1.00027591665182,9193.39404701368,32998.18288422
"kappa0[24,7]",3.44156216909922,0.604424945957368,1.00027587066216,19238.7197622485,36252.9995241735
"kappa0[7,31]",0.718675684396838,0.104702220359164,1.00027547172485,11444.0706087931,34890.6970502197
"kappa0[1,45]",6.79336031051053,0.828405252394896,1.0002754403494,6357.7750271212,25397.2907259525
"kappa1[22,33]",0.322630332837602,0.121134316680608,1.00027513287187,36939.436175714,39874.5008096426
"tau[1684]",0.203659699319707,0.0453487443231874,1.00027361364042,4499.7979288403,16033.8951072217
"tau[1966]",0.167398836526506,0.0426483123433722,1.00027335837358,6356.19586475608,17984.912663581
"kappa0[9,16]",3.29132718886374,0.638724640822939,1.00027258651448,19821.82545711,36032.7423053468
"kappa0[17,4]",0.723941219993785,0.370858296658243,1.00027227429183,16028.6596697899,28733.1055795763
"kappa1[3,44]",0.0296416047861572,0.00674280846585258,1.00027132006493,22085.5072084572,36323.8795446622
"alpha[5,10]",0.107420568835244,0.0193519379187137,1.00027078996436,10434.3627973372,26471.985714106
"tau[1142]",0.200957966627933,0.0414649728220208,1.00027078632089,2699.9405269071,10307.4293755943
"tau[2063]",0.247737907433607,0.053760954555228,1.00026917212611,4636.33426609781,14117.3087457046
"kappa1[12,1]",0.386626124996067,0.0784586521373673,1.00026853328909,23150.3708047754,36819.732292555
"tau[7356]",0.25236538189361,0.0660395119637548,1.00026794188553,7208.2459581461,22889.8256548047
"kappa1[26,23]",2.04373966460123,0.496956373403049,1.00026719889545,31171.5119649917,38865.4029125801
"kappa1[20,32]",1.53507911657396,0.372521972969437,1.00026709821059,25484.8866767237,38832.7958153129
"kappa1[28,6]",0.294322243107959,0.165250388072082,1.00026471262185,21974.0895672349,34903.6783008144
"kappa1[32,28]",2.14924510165229,0.50711955640206,1.00026468081345,26727.6955079312,36890.1418523386
"kappa1[19,7]",1.43563135734566,0.884594195637602,1.00026410682061,25561.8151642125,34257.8924741568
"kappa1[10,31]",0.545177184358681,0.197598185035756,1.00026398286899,38460.7672849889,38531.1310387818
"kappa0[32,34]",3.06338573023798,0.828774655090647,1.00026306721496,35502.3158602548,38461.3161774225
"kappa0[17,7]",6.53908465535555,2.42524572360714,1.00026290113711,14508.4241409493,24899.7170506157
"kappa0[8,9]",1.82001691427224,0.31873559354978,1.00026287490668,18856.9068885264,35894.6033808239
"tau[2539]",0.254353683341649,0.0671839406519804,1.00026167313209,6866.24391925376,19107.7236454803
"kappa0[11,26]",1.74559188098329,0.355879777673898,1.00026161019473,21147.6073370693,37552.6561341878
"kappa1[9,1]",2.58667063089773,0.529360106316252,1.0002615210861,22981.0789637854,36919.5303418575
"kappa0[24,13]",3.34154440040906,0.598636759187306,1.00025987737568,17571.9517807245,35555.3906855474
"kappa1[24,11]",4.15133572682682,0.635669766782808,1.00025967203907,11910.6025180355,33232.1860041607
"kappa1[3,30]",0.0206278018667321,0.0055485677426257,1.00025920098836,36102.2538336598,37679.6092484595
"kappa0[4,7]",3.53652877207791,0.938525430981041,1.00025835427027,7325.59268046171,15419.4489054301
"kappa0[46,24]",2.06785587539029,1.33407959215462,1.00025832310692,40052.0468744534,39653.2217393406
"kappa1[16,26]",0.375945900524752,0.091707126297577,1.00025791921939,31538.044203392,38638.1698089883
"kappa1[23,13]",1.09619342174285,0.332048465711326,1.00025754872535,36273.1088311148,38726.7407587408
"kappa1[45,10]",2.68742251178318,1.09394299395298,1.00025721017138,36789.1499259949,39251.8287137814
"kappa0[40,20]",9.81077247714639,3.34867953258072,1.00025716608741,37075.8210771643,39329.92247275
"kappa1[14,25]",2.46104458276816,0.714783124845122,1.00025508895881,30635.2451965054,38732.0212917939
"kappa0[28,29]",6.1606307365831,1.85231249719059,1.00025503865845,35883.5133722495,37597.9023377047
"kappa0[16,10]",0.732345453493094,0.139219560375956,1.00025480159259,20141.3527816212,36343.2918977378
"kappa0[30,29]",2.85421511437556,0.63540006845775,1.00025213080842,20640.5118961223,38209.0050155187
"kappa1[13,8]",0.876078830213132,0.183324827151243,1.00025069038794,26570.8789765684,36709.1906405838
"tau[1610]",0.213276913126411,0.0530177780632171,1.00025008855792,5438.49366394474,20855.7742892854
"kappa1[32,3]",1.79461026386575,0.462737982801783,1.00024910581089,31451.1311992972,38193.762674273
"kappa0[5,4]",0.186975163920418,0.116744702221174,1.00024781137367,22734.1537551813,33737.8662723901
"kappa0[22,12]",0.491232892082242,0.204191642535732,1.00024736347956,39565.0302064462,37387.533793695
"kappa0[1,7]",1.40347792204258,0.356626176751365,1.00024619034582,35021.2864638198,39202.7746134185
"kappa0[26,22]",0.238110504330991,0.148324106540212,1.00024613251025,39820.977331529,39557.4259655476
"kappa0[31,34]",1.88891269503727,0.456099940784671,1.00024559448202,34731.2760196253,37372.7311139547
"tau[1550]",0.207169787633535,0.0479160001481401,1.00024409308012,4929.53516515267,22006.6785829865
"kappa1[31,11]",0.598723022638542,0.194899429488022,1.00024341136063,36101.3511879187,38980.4827200992
"kappa0[1,13]",1.49144062542052,0.368667667082679,1.00024229031188,28350.8330959932,37649.6816858739
"kappa1[38,17]",0.750624529808207,0.36740255358421,1.00024128031649,13871.5865655277,27505.3522711914
"kappa0[13,16]",2.12027854640974,0.324654907656124,1.00024070741231,13663.9764736948,37607.4032429261
"kappa1[24,13]",2.58068986892262,0.496886655161417,1.0002388258973,20345.4152396042,34641.8513911985
"kappa0[29,30]",11.0940540594273,1.3149841057026,1.00023870523961,5418.22295593811,29573.1487420735
"kappa0[26,13]",5.02848793441991,0.864646257148132,1.00023739065935,16922.7985276699,37520.6975999726
"kappa0[18,17]",0.254478577688016,0.143767347886175,1.00023634605744,20473.5696843551,27978.8762359318
"kappa0[22,28]",0.407922806347668,0.183530946697114,1.00023543191254,39719.068549929,39349.7603766745
"kappa1[7,9]",0.257908953546598,0.0367174854587051,1.00023506095261,11583.3510279459,31458.5987479408
"tau[6944]",0.238467017109884,0.0748801895512925,1.00023504538927,9809.41402547966,25123.9007694634
"tau[2176]",0.127920697446133,0.0312683437123851,1.00023495296548,6723.90666237753,20335.2276391258
"kappa1[33,7]",15.4327729441485,2.61268457491819,1.00023488080948,16320.6376342546,38196.1479221464
"kappa1[38,12]",2.14025021407755,0.850397444809553,1.00023448753228,40216.1719700502,39597.2276833645
"kappa1[18,40]",0.205916365008671,0.126486684883544,1.00023347394692,25495.3845220445,36652.1464150027
"kappa0[23,7]",1.4181747668564,0.352086866416891,1.00023301437219,30588.2751056177,37954.8697327845
"tau[759]",0.202292260335122,0.0423304840397782,1.00023296071606,2654.458497099,10291.3192300341
"kappa0[30,12]",0.885793696072747,0.334342244028946,1.00023295338406,39096.7888979559,37523.6007479625
"kappa0[5,14]",2.68348525188359,1.05605586494433,1.00023139111639,14871.9785994711,25738.8782973425
"kappa0[34,4]",0.215651518831214,0.0753652548608649,1.00023046041826,13231.9069177551,26452.4587649959
"kappa0[26,3]",4.75030407377788,0.839421507010992,1.00022874190112,15330.4154342599,36596.4329087021
"kappa1[14,34]",1.47627460142237,0.533579887433039,1.00022801766712,38477.1674833122,39669.1409227703
"kappa1[32,38]",5.27470953049766,0.819410403400368,1.00022726233583,12622.3738400946,34810.7270199718
"kappa1[13,1]",1.37323716276892,0.23411450422971,1.00022711321418,14237.8222520753,35143.3519255665
"kappa0[20,38]",2.24862934946132,0.676649982785056,1.00022501269707,32534.3180448089,39400.9665504686
"kappa0[34,22]",0.560302080941667,0.1126457502822,1.0002243971081,21485.1789032697,38663.6336026932
"kappa0[18,35]",1.59630065666304,0.762369273252618,1.00022414266366,22833.7501095516,31728.8288852578
"kappa1[23,11]",2.22065952648892,0.484560879344666,1.00022378336752,30584.5468845619,39095.7191993118
"kappa1[41,5]",0.910571577811661,0.612241803424955,1.00022361742807,35275.0896775322,36777.3964058127
"sigma2_tau[12]",0.0572391593948031,0.0103324517265874,1.00022357320778,15466.4687537679,21994.1227829537
"kappa1[20,3]",3.58232921725144,0.579878548562968,1.00022302117197,11314.1317959484,35693.7583918392
"kappa1[33,17]",0.613386868265296,0.327724479829522,1.00022245835669,17807.5492035018,36092.0812491337
"kappa1[33,28]",2.66493299812637,1.00518648873739,1.00022236639379,36311.3949293405,38254.6615369186
"kappa1[34,12]",0.585871348455361,0.114706620931295,1.00022174722578,21506.4932164581,38860.5652583196
"kappa1[37,28]",2.09678479715553,0.657327291455348,1.00022155348344,30230.5902991434,40141.1968937823
"kappa1[26,46]",1.23221139568279,0.377233983514687,1.00022111993775,37942.8403993527,38657.9055478188
"kappa0[8,13]",1.45426194206515,0.280873950514967,1.00022029513195,18990.4919634725,34382.4260779373
"kappa1[29,3]",1.64541807399496,0.273338328625187,1.00021969578859,18197.7573567311,36865.1758445281
"alpha[5,7]",0.130379874905319,0.0168566372927261,1.00021869985744,8997.22706734922,24601.5524247366
"tau[6458]",0.182627192923002,0.0543256902608781,1.00021760549624,9337.88161600653,24042.1931504838
"kappa0[34,13]",0.580743256070402,0.113980822354168,1.0002168374303,18429.3171123665,37433.5731592111
"kappa1[23,7]",2.74834112137479,0.547670632839126,1.00021630714445,22585.2365720291,36787.8550606078
"kappa1[12,25]",0.44900737951102,0.0854627731546546,1.00021594397536,17247.3531046066,38375.2479560237
"kappa0[16,2]",0.228131587947849,0.0743395712329585,1.00021532004358,35660.2275041752,38927.11227272
"kappa0[11,34]",0.831486135998365,0.239846592795779,1.00021519226706,31721.5993597015,38762.6102358926
"kappa1[44,41]",5.86290682306051,3.21086288188792,1.00021436361253,39417.9604532591,39084.7598374325
"kappa1[8,26]",0.339533811916767,0.102422968870137,1.00021345685013,38420.198393256,39240.3284508927
"tau[3149]",0.131887714503377,0.0379562810886361,1.00021308567555,5392.50044787398,15634.6331089962
"kappa0[26,23]",2.36360715774181,0.575566995377864,1.00021244807826,31777.7919327291,38388.4091507276
"kappa0[38,32]",2.04715656549808,0.984680510792506,1.0002115722044,39615.2566926404,39719.6667756893
"kappa1[12,30]",0.309993857497211,0.0695838756628434,1.00021100521885,29487.8917110171,38510.1917084084
"kappa0[7,1]",0.458180602191309,0.0827166030318039,1.00021093497685,21426.050297155,37903.9342062001
"alpha[5,5]",0.114820002118522,0.0204985944721764,1.00021011395269,19353.6785748269,31054.3227728262
"kappa0[24,3]",3.5459440342816,0.613843345141109,1.00020998132749,17542.5125109113,36581.3584324684
"kappa0[42,16]",2.8332969857832,0.825589452749171,1.00020911862525,35516.4829329013,39245.066031189
"kappa0[4,33]",1.41662871234467,0.534042854931622,1.00020910807886,15822.6093879552,26872.4060401072
"kappa0[25,17]",8.73580218352221,2.4904206462602,1.00020848909489,8924.45626550826,21367.1172499459
"sigma2_tau[6]",0.0808698905290173,0.00947931775464763,1.00020758360007,25863.8168269362,34196.1302151208
"kappa1[10,2]",0.339812925012058,0.150278334967154,1.000206599961,38886.3748565621,39021.9959279848
"kappa0[32,41]",0.792805317450852,0.382860672674252,1.00020568273143,38805.8408145036,39328.4578339063
"sigma2_tau[14]",0.0879586595896622,0.0132256630097302,1.00020554690298,21292.0774158225,29468.4581667705
"kappa0[12,9]",0.761241705257238,0.174369567032843,1.00020444148439,30706.3309314799,37661.064964415
"kappa0[15,21]",5.04258356250472,2.06606080008733,1.00020392322795,18114.112322501,32128.2887750322
"kappa0[31,4]",1.58889915984014,0.479374494846206,1.00020381184127,9642.57051036562,22957.9977538748
"kappa0[7,26]",0.300767025238436,0.0661526804989638,1.0002034013556,23348.8551827072,34464.6284456459
"kappa0[7,11]",0.544412335204477,0.0905017536965067,1.00020308066707,16069.8089211584,35458.6727163618
"kappa0[34,11]",0.36463027556917,0.0883523920944412,1.00020252106032,27820.3718217057,38306.2055998943
"kappa0[32,49]",0.620466118930486,0.325440710221526,1.00020228160352,38640.9539785382,39748.1552372911
"kappa1[12,52]",0.0622647919810657,0.0282406964824569,1.00020161302487,39179.5151366025,39981.0003790861
"kappa1[2,24]",6.44460074153308,1.07045814019031,1.00019977669127,14330.6031458334,35780.3463766667
"kappa0[13,10]",0.982209231347759,0.215188673105899,1.00019970232905,27232.0402315424,37805.1340786814
"sigma2_tau[8]",0.0627247127902478,0.0121311529915988,1.00019958967234,14818.2241926216,20678.86589329
"kappa1[8,10]",0.587210537149799,0.137205913067631,1.00019905745439,31150.3322259358,37646.7562059714
"kappa1[30,3]",0.707796213888096,0.148154311066072,1.00019871163389,20047.1842859241,35106.0525119553
"kappa1[2,13]",3.10878787540204,0.723077748617826,1.00019840415151,32528.9837156308,37297.8316495812
"kappa1[38,18]",0.438529264770116,0.259005746328413,1.00019790476898,23164.6573138921,38025.4654692207
"kappa1[32,12]",2.14517164797726,0.509247693442574,1.00019743607709,31035.3146673494,39195.5738966778
"kappa0[21,6]",14.295062494006,6.44813981464467,1.00019738567634,20233.3392699185,31381.5300601289
"kappa1[34,10]",0.304039981503243,0.080676461060763,1.00019669294394,34692.6008674749,38691.1455477217
"kappa0[2,24]",5.58567824845459,1.10868170225757,1.0001959817803,24357.0156366551,35529.8781876024
"kappa1[1,9]",1.15469388785676,0.312832646567373,1.00019365640923,33188.4283509201,38270.5743244489
"kappa1[17,34]",0.402954733429453,0.286730681871504,1.00019314667485,37790.3264881676,39221.8731308985
"kappa1[44,14]",1.77169939218362,1.42194802022606,1.00019265413193,40136.6808473997,39205.2978582461
"kappa0[34,23]",0.238005899900312,0.0710805484718849,1.00019259877509,28986.3858388704,38212.0804751129
"kappa0[4,31]",1.23307388617862,0.491234792207043,1.0001922280567,16390.9450341662,25836.5326424627
"kappa1[46,10]",0.871316336065972,0.772159699997539,1.00019193923459,38788.5538641468,39552.6802743576
"kappa1[3,29]",0.0251183760324422,0.00622287740468049,1.00019095921757,32227.7734233375,38232.0866901784
"kappa1[2,34]",0.897987390808469,0.362540463712237,1.00019075582601,39585.7046897963,38849.9354611544
"kappa1[1,10]",0.989369211805113,0.285404739546008,1.00019070929337,35557.4600204257,38475.5050618557
"kappa1[32,33]",0.679648839842883,0.269543095464263,1.00018927041718,39530.2163764917,38976.4231708183
"kappa1[42,11]",2.61669465486928,0.682528483905517,1.0001890702876,29929.0930819213,38900.657736892
"kappa0[5,27]",5.03169240769634,1.5408971882619,1.00018873976592,9846.25112828517,19623.827298969
"kappa1[2,26]",2.4522975273886,0.638695133832626,1.00018799190957,34852.4163042781,39212.6955873466
"kappa1[25,32]",1.62611318047155,0.431033505990841,1.00018773382063,31791.0691104792,38493.9921146433
"kappa0[28,44]",0.53355582709093,0.399730146774666,1.00018721391877,39419.5573527988,39376.5838472315
"kappa0[9,12]",0.773330404480471,0.286786257366971,1.00018709141531,39075.0079126545,38074.1026167179
"kappa1[23,8]",0.800583311297835,0.280975760051634,1.00018690617163,36437.9463115579,36958.8756934558
"kappa1[1,50]",0.232427199483867,0.12269012106529,1.00018569466798,39943.8997297412,39884.4884094833
"kappa1[12,16]",0.621555986299231,0.101122764756198,1.0001855167987,12360.6151710397,35850.4934138805
"kappa1[8,13]",0.555778505388903,0.133679945167205,1.00018538044372,26855.7767966834,39371.5445455789
"kappa0[23,34]",2.10296745071427,0.432190218517974,1.00018363207882,23973.7155561622,38797.0866055115
"kappa0[4,22]",0.425479241622721,0.250613889678021,1.00018361707759,31388.6615453026,38571.7481590335
"kappa0[4,17]",0.14907288742458,0.0798176939010694,1.00018234054894,17093.4193497162,25985.8828989017
"kappa0[6,32]",1.72863664146169,0.567440338490789,1.00018193916694,11756.402900306,25329.249031359
"kappa1[9,2]",0.20019206023187,0.121406080787289,1.00018189444861,39353.8086207682,37705.5789721451
"kappa1[10,8]",1.51658456136341,0.346391158386985,1.00018177092149,24384.6300341555,36529.4394748825
"tau[7170]",0.226052308334541,0.0634958862711764,1.00018038180796,8519.38069098423,25020.4614473
"kappa0[26,24]",0.778875622451431,0.310660380834144,1.00018000335556,39192.8988580488,39682.6990795759
"kappa0[42,12]",1.68942067940569,0.622900704670916,1.00017985494238,36997.5824269681,37303.8556900536
"kappa0[32,28]",1.77846454597003,0.613104793964754,1.00017955322693,38015.23358554,39479.4116195096
"kappa0[3,15]",0.0310389640345341,0.0126921555364864,1.00017951175038,15957.8450054637,26821.1074211668
"kappa1[34,23]",0.282661273675567,0.0784317588105177,1.00017947798655,32492.8717524725,38531.2664858273
"tau[7602]",0.222792900182284,0.0438319125550567,1.00017897958869,5407.38703595017,16796.6532020907
"kappa0[29,31]",0.875367122841102,0.330603721715997,1.00017888628698,38496.2210418951,39544.0624994685
"kappa0[31,20]",1.03789034755672,0.329029031945803,1.00017864019999,36882.50820983,38425.2151032032
"tau[7462]",0.177746604787575,0.0472711495575118,1.00017859343192,8052.30298144311,25425.4752573511
"kappa0[5,17]",0.18676284025834,0.115673229122987,1.00017833949086,22814.887170894,32066.8904222805
"kappa1[40,25]",5.58040488865055,2.06462504377946,1.00017809154956,37663.7524094065,39068.1160787573
"kappa1[11,23]",1.07865880366758,0.25760579319935,1.00017782648892,28023.378014174,36937.8087789729
"kappa0[13,31]",0.39219785508214,0.13108192736031,1.00017708842922,38121.528401595,39267.8248242638
"kappa1[31,32]",1.11054274664091,0.27042067242653,1.00017670767324,29428.164835016,38697.9068775514
"sigma2_tau[3]",0.0729192054035891,0.00976806543648751,1.00017654832642,21010.8255229445,29270.5599891143
"alpha[5,1]",0.146659308463392,0.0193570118700933,1.00017632969942,11596.9242326162,26100.7453932676
"kappa1[12,14]",0.0626282790861082,0.0284749383749095,1.0001762770014,39316.250483097,39470.8360690546
"kappa0[12,28]",0.527334928671642,0.144124372320104,1.00017617827097,30043.9157358302,37103.384002696
"kappa1[37,29]",3.54840658615177,0.875448773540194,1.00017614220475,30052.5092176636,37564.8129947649
"kappa0[13,23]",1.88263981076763,0.305795376560496,1.00017547595217,16078.5511392394,39181.6775035843
"kappa1[9,13]",3.87905245067464,0.66216302851366,1.00017540574567,20587.4274908647,35822.7259561811
"tau[702]",0.178163077135178,0.044030330728126,1.00017459131167,3984.811388078,14944.9114868657
"kappa0[11,23]",1.24905467659874,0.299518978334563,1.00017361696586,36561.8693815966,38355.5024704672
"kappa1[23,16]",3.3850842588177,0.609219840641426,1.0001735015632,18665.4754764092,34185.2589475475
"kappa1[7,2]",0.0286111310364149,0.0111967038959536,1.00017334637738,36593.6763157589,39349.614843257
"kappa0[4,34]",1.23718354195776,0.493733943462568,1.00017265454199,16131.492793176,27607.5018520762
"kappa1[38,33]",1.18670730571225,0.600238992466323,1.00017225281294,39888.6886263465,39280.568113525
"kappa0[4,39]",1.0592350729068,0.448007500074657,1.00017180393576,18769.259839845,32427.1447904678
"kappa0[31,25]",0.361416625353722,0.178447618335211,1.00016909140292,39775.5002856616,38764.3311529723
"kappa1[26,12]",2.28314507824303,0.528754107913651,1.00016887586675,26174.845790107,37110.3782163247
"kappa1[35,27]",13.7171082804234,3.17055763915201,1.00016866005067,26908.8513276152,38726.1879898624
"kappa0[2,8]",5.58959441492283,1.11130747417834,1.00016835972102,22129.6401329938,38163.0600897767
"kappa0[32,20]",1.1714529168726,0.485712957167935,1.00016703757966,39895.0161044248,40296.9274440465
"kappa1[43,50]",1.02935681917672,0.976754955919454,1.0001665077807,39631.3104379892,39171.2171867016
"mu_alpha[2]",-0.086841876425044,0.00616214867963031,1.00016638062129,23084.4871692101,32985.9345441944
"kappa0[23,42]",0.99901355642991,0.291042114222296,1.00016621391546,36288.8208220861,39237.6330235306
"tau[2634]",0.187111202864006,0.0541732245942943,1.0001659967878,9164.00629620149,21135.1651836725
"kappa0[34,32]",0.177445679870137,0.0604526611185253,1.0001655493731,36365.417777006,39241.8626172597
"kappa1[22,32]",0.796741981489711,0.199855761635759,1.00016507840873,29254.1578388649,38483.8552855971
"kappa1[12,50]",0.0503482838273631,0.0249082827272541,1.00016501319594,39423.0692067778,39473.8222661993
"kappa0[12,20]",0.301609631568797,0.105657778588342,1.00016495764151,34468.6347889527,38852.0594298626
"kappa0[30,28]",0.767957324228112,0.304871409608392,1.00016471182637,37581.5099765405,38841.4331153282
"kappa1[22,12]",0.697978898835005,0.184993332054034,1.00016435557787,33799.9553271408,40173.7226596297
"kappa0[15,14]",2.84748356582762,1.43992183078041,1.00016382590596,24806.2555193355,33352.1932230692
"kappa0[28,5]",0.552670266791954,0.427344124277865,1.00016343133806,39473.3694106873,40014.7089652044
"kappa0[42,23]",5.25140072929767,1.15299660549441,1.00016276048011,31075.6552904156,37845.6657934469
"kappa0[3,33]",0.190279851757079,0.031037552702988,1.00016273490606,17250.1497595329,38062.0389131643
"kappa1[33,5]",0.458808963646475,0.274728897308433,1.00016210454433,25997.8169129286,39005.541264265
"kappa1[42,7]",3.32111150862575,0.77022689768936,1.00016153634031,28563.7795272649,38414.2850348432
"kappa1[40,7]",13.596722208881,3.42297093301126,1.00016040028171,26796.0833574476,38087.1391811474
"kappa0[12,21]",0.100859743617632,0.0546776561044358,1.00016022368053,39562.8393284634,38988.5620189041
"kappa1[40,17]",1.03425291827099,0.601793464649906,1.00016018921753,22257.4357296587,37065.1791372965
"kappa0[18,20]",1.27336882770606,0.664487351109335,1.0001600973586,26930.4385485363,34385.6978061658
"kappa1[34,1]",0.138472243091345,0.052775938965767,1.00016002733224,38528.030280626,40269.398580996
"kappa1[50,7]",1.13342743605727,1.11850867099091,1.00015991923445,40246.6406429193,38223.5826736294
"tau[2847]",0.157918930258707,0.0483510892999367,1.00015986713265,6107.06665347996,19805.8235786152
"kappa0[22,8]",1.68738489288702,0.408091394259393,1.00015951427379,30858.1919359811,37668.4279406705
"kappa1[7,24]",0.098720587002387,0.0221536518765713,1.00015950441122,26003.4862822417,37122.9101111816
"kappa1[29,32]",0.608865806832594,0.160349172183671,1.00015949599932,29387.1201080972,38450.7152975995
"kappa0[24,23]",1.82765653885653,0.429656216526768,1.00015892884095,31447.1401042559,38111.3128607743
"kappa1[1,13]",1.48991938560608,0.357387859005735,1.00015866338318,26767.3322598183,36192.409839304
"kappa1[16,42]",0.37511270199134,0.0915513598797193,1.00015865984962,30764.904133251,38567.840235027
"kappa0[23,12]",1.16309180190691,0.314554262828917,1.000158230825,37638.0363785061,38772.3957721698
"kappa0[12,31]",0.526389119619062,0.144082922939427,1.00015803006636,35233.2807970779,39592.3624649075
"kappa0[12,10]",0.642194390839363,0.158830337044192,1.00015766032727,31317.9487766285,38554.4376933901
"kappa0[8,7]",2.89112438531039,0.404303908949951,1.00015659196338,9829.91810541742,29321.5169279943
"kappa1[26,42]",4.20820282964394,0.730108515449888,1.00015572258961,20016.7830198721,36237.0568577762
"kappa1[12,45]",0.145006960367947,0.0457865314273672,1.00015462296015,36323.310847237,39715.7133362282
"kappa0[34,24]",0.300789329970397,0.0801384203465497,1.00015457760403,31537.0004230106,39002.2634341063
"kappa0[6,22]",0.78875709801278,0.353329383625627,1.00015399975654,20336.9931472012,28970.6972638441
"kappa1[44,33]",2.86879640498205,1.98571296790842,1.00015382457451,39701.1783850175,39289.9250668975
"kappa1[32,44]",0.577515067420773,0.244752411043347,1.0001536744055,38647.3397850195,39115.5721677618
"kappa0[42,26]",3.07032052736228,0.867360213647793,1.00015340815464,31840.0155315094,39553.4357698192
"kappa1[28,7]",4.97589899543309,1.05614470672677,1.00015330334768,18754.5350254441,38036.1599976519
"kappa0[33,31]",0.705239239940763,0.45106365751689,1.00015292921639,39268.1647753848,39762.14389498
"kappa0[44,25]",1.16145931208779,1.15719844187002,1.0001526571793,38664.0532403701,39254.2819420881
"kappa0[42,46]",5.49611507831319,1.17923829131805,1.00015258838053,21211.8854711663,34706.3303440659
"kappa0[12,23]",0.56646187672492,0.148559569437041,1.00015251697191,31610.9092919134,38483.381565424
"kappa1[36,30]",1.93410436994515,1.04606246833529,1.00015201851703,39781.3831230983,39668.6417777248
"kappa1[49,3]",1.30209160535898,1.41111754819727,1.00015198617113,39560.2474263102,39451.30029137
"kappa0[41,20]",1.93708240116296,1.58510766206575,1.00015184481882,39846.3375296914,39131.17064209
"kappa0[26,12]",1.28282389330799,0.408394255436713,1.00015180512657,37770.5984987816,38939.5806141959
"kappa0[22,32]",1.58956217712783,0.395260736964222,1.00015149298352,29238.5375219681,36659.7670589938
"kappa1[47,31]",1.19813761532353,1.22396894611036,1.00015118673728,39796.3026883306,38594.8484334932
"kappa1[26,43]",1.00669699350148,0.33825094906091,1.00015117414201,36670.1003540549,38390.4492388253
"kappa0[5,21]",1.26884821193858,0.658625179905896,1.00015108559944,26149.557494768,35534.1948483161
"kappa0[7,2]",0.0585051089506911,0.0264777633495838,1.00015059118536,40238.0879742515,39585.4626555429
"kappa1[8,23]",0.220316461150121,0.0803718502574037,1.00015019967782,38230.8179606368,38057.836600159
"kappa0[11,42]",1.45792276912134,0.322312102094293,1.00014936314467,26889.8755268507,38372.2040392336
"kappa0[3,41]",0.0644438499532922,0.0174846529090522,1.00014924483318,35660.8666931365,39855.8919115127
"kappa1[38,7]",6.86512156725604,1.63569699765252,1.00014910327858,29299.361100373,38271.8071653345
"kappa0[42,43]",3.54896044343411,0.937378007279336,1.00014902071282,35333.2375131826,38560.5024230335
"alpha[5,6]",0.134076622751744,0.0184979091405488,1.00014867254115,13551.8426483314,26878.411886058
"kappa1[13,9]",0.989281232775618,0.195372876156956,1.00014847529187,19389.2519205339,35469.1531370648
"kappa0[37,29]",1.81564618890384,1.15084196175651,1.00014836826469,40112.0853222877,39230.7426003315
"kappa1[24,9]",1.58174829689024,0.380354810472611,1.0001477883789,29441.1543592193,38955.6730339699
"kappa0[22,4]",1.43355864386342,0.431451799030153,1.00014767642604,10032.5445143196,21282.5395731119
"kappa0[45,1]",2.88254815085802,1.17210349022986,1.00014755015209,39759.1344096593,39474.3611223905
"kappa1[10,1]",2.30338009087465,0.434270228922534,1.00014735027576,17008.5540289658,38648.0197809259
"kappa1[34,31]",0.454053785956285,0.100716163511034,1.00014720811412,26859.145720137,37281.8453801677
"sigma2_beta_cr[2,1]",0.00136939466766701,0.00114542874750917,1.00014674548259,21420.1292398383,32024.2824637087
"kappa1[45,42]",6.91024189478606,1.85935607675685,1.00014642203174,34687.1416027489,39096.911312262
"kappa0[43,10]",1.04331822309922,0.989440490933525,1.00014500830513,40128.0306272892,39445.9914191867
"kappa0[7,42]",0.216852039671435,0.0556735043816166,1.00014488715651,31681.5789120328,38033.4621039958
"kappa1[23,26]",0.612680993098761,0.241058985025132,1.00014475425958,37209.9234541476,39869.5559474978
"sigma2_tau[10]",0.0878804112426341,0.0103140483415121,1.00014436391361,26460.4301198253,33474.3276353852
"kappa1[12,10]",0.324815985974579,0.0710994929220635,1.00014432052594,25649.2454299752,38347.9807546147
"kappa0[14,7]",14.4687407258315,3.06502924104162,1.00014425703172,23539.1889141852,37083.1342160041
"kappa0[2,1]",1.86432534747797,0.610024408748167,1.00014405400823,35433.547491116,39801.2957112484
"kappa1[12,22]",0.248723652868356,0.0618664454200153,1.00014361832126,31541.5691959115,38787.8659241416
"sigma2_tau[1]",0.0798490963631702,0.0109267444913975,1.00014333978816,21016.2304824187,29657.2889688323
"kappa0[8,1]",0.828928419449611,0.207082255297122,1.00014304964759,29744.8310294906,36312.1591303346
"kappa1[11,22]",0.493485540960783,0.166826616020181,1.0001427474029,38359.026460838,39513.3155435123
"kappa0[36,12]",57.8175532406407,10.1102118014126,1.00014241723689,20304.5872629421,37765.200494623
"kappa1[42,26]",2.1012091365595,0.605779287655552,1.00014219606842,34431.3069866478,37245.4504923117
"kappa0[18,19]",0.407191441708565,0.19991791590429,1.00014125576426,13706.2578742442,24542.7877592569
"kappa1[8,1]",0.493480710811808,0.126237538444871,1.00014119728897,30195.5946619623,38114.2532585621
"kappa0[22,34]",2.17484012296998,0.468124610913783,1.00014107204905,33063.1674871716,35993.8100114285
"kappa0[4,25]",0.890512862571542,0.402140252887328,1.00014098124036,23315.514328055,31385.1979408357
"kappa0[10,7]",2.59726531345248,0.506282519055973,1.00014064132187,19339.1295542938,38353.0831886947
"kappa0[23,31]",0.299787645460933,0.144652063254645,1.00014055983538,38279.6062266192,40428.6845879262
"kappa0[38,7]",5.61362295127463,1.76499795460196,1.00014053050679,33716.2559799545,39616.234778466
"kappa0[33,25]",2.3893002526548,0.956850307914457,1.00013950541274,39586.7000552352,39756.7516038826
"kappa1[22,20]",1.54308220119759,0.285174791508342,1.00013949732844,17123.9341342497,36740.3201446501
"kappa0[45,11]",6.43055527908521,1.85688183875517,1.00013944668223,35595.4570407033,39338.259936072
"kappa1[12,9]",0.204079562216798,0.0554973077840512,1.00013928225145,37463.2372457376,39580.3774151032
"kappa1[31,20]",1.30964529967185,0.29711458055404,1.00013927895491,27681.4506367765,38974.2942765701
"kappa0[28,14]",0.834622918861045,0.546023037700735,1.00013896748745,39910.2812308241,39533.1207834749
"kappa0[11,24]",2.82137331707328,0.46028896041725,1.00013829077195,13639.5271627135,33853.0020318057
"kappa0[34,44]",0.0820767651011163,0.0383878231797457,1.00013798381989,38244.4161593411,39207.8900959288
"kappa1[42,10]",0.955301511117679,0.390464770126171,1.00013784970103,39063.1520092342,38946.6808169113
"kappa1[1,12]",1.6603539061514,0.379143398477513,1.00013781777659,24188.8857423104,36918.2508309169
"kappa0[6,41]",0.509680679109234,0.266761781540355,1.00013706980073,25941.6962803715,35896.1972667597
"kappa1[29,31]",0.209254743026352,0.0883181712026357,1.00013652799006,37958.6550360195,38650.3181533468
"kappa0[31,13]",0.448697561030995,0.203984761990537,1.00013638715098,39318.9513928686,40223.7763683629
"kappa0[20,25]",4.4986499202389,0.982767455428369,1.00013637322859,24444.93518134,37914.5282198564
"kappa0[10,24]",0.565666971187835,0.221190741116768,1.00013616852016,38505.8435876081,40055.8891410305
"kappa1[22,29]",0.155563577593538,0.0788606950553088,1.00013608172246,39121.9626059834,39367.4101027568
"kappa1[39,14]",5.25699942489097,2.83094906866428,1.00013603843492,38841.1203444106,39380.3457098744
"kappa1[7,23]",0.0844565700863082,0.0203195990240039,1.00013589623298,27399.9639465256,38350.583715014
"kappa0[9,34]",1.65854949837287,0.436920034307914,1.00013543570413,33697.7535138854,38395.7975925108
"alpha[5,4]",0.117248669416293,0.0186294361412884,1.00013505789406,11364.6845418695,27838.4907638522
"kappa0[31,26]",0.449847177132995,0.20312773651438,1.00013468559776,40133.8075725909,39584.4032348836
"kappa0[4,20]",1.60061134438038,0.579201481360763,1.00013389319939,13919.683484305,27014.9343221066
"kappa1[48,47]",41.7885555662827,22.8208304678772,1.00013371493272,39224.4996063612,38617.9673657863
"kappa1[46,3]",4.74559506954839,2.54259660514361,1.00013369346754,39905.8097661278,39844.5131165824
"kappa1[13,46]",0.650998030502061,0.15745788306852,1.0001336220352,27128.0825885747,37268.759170892
"kappa0[38,31]",0.831941032140258,0.552720436915786,1.00013350120642,40149.3371146713,38813.2606440739
"kappa0[6,28]",0.509502715431363,0.27133861815872,1.00013248345237,27577.8412407416,33999.5581787143
"tau[7461]",0.274498095056914,0.0784019650536903,1.00013200125503,9232.91706405276,25046.2792244084
"kappa0[11,45]",0.152764547133049,0.0885828002556928,1.00013181505169,40531.900062933,38748.6624733129
"kappa0[29,41]",0.322083344085212,0.178814247051888,1.00013135402582,39293.2593968064,39596.4192245244
"kappa0[7,24]",0.328763031828297,0.0688726479291999,1.00013035318101,18618.8526478445,36878.4453418851
"kappa0[13,12]",1.2647957180795,0.249655506840236,1.00012978557598,20080.4183004893,37465.3817889409
"kappa1[16,2]",0.24563247073363,0.0727430921027246,1.00012952841865,32694.9708110325,38513.1437369645
"kappa0[2,9]",2.86249780089008,0.779421630243123,1.00012939465027,32219.0349105544,38567.3846683481
"kappa0[26,42]",4.32470088646258,0.800362749287323,1.00012900893375,19375.5351989944,34699.763109507
"kappa1[10,22]",0.544735835089299,0.1958249600919,1.00012899811123,39477.8820162632,39450.1887971898
"kappa0[14,44]",0.55261568885851,0.418891456692834,1.00012893603528,40301.8617914972,38606.4561126338
"kappa0[25,40]",2.29668266358433,1.01507555146539,1.00012868077429,38151.7002527482,40268.1190526324
"kappa0[12,32]",0.375963566824351,0.119319485094106,1.00012851587739,36353.616665062,38862.2752253621
"kappa0[32,25]",1.17359161110161,0.485646979780276,1.00012833841188,39672.2146109302,40165.615302524
"kappa0[46,43]",0.774713450232409,0.663358798664744,1.00012802216707,39452.524894757,39912.1106901484
"kappa1[34,22]",0.345842157467289,0.0869173340459697,1.00012728447156,27370.0197944458,38349.9303149985
"kappa1[33,6]",0.457088384197457,0.272952747055336,1.00012724791054,22941.4784327695,33893.0572017234
"kappa1[12,34]",0.264101725053205,0.0638807720021806,1.00012720293087,27414.7724760819,38605.4845156057
"alpha[5,8]",0.152092636086397,0.0221093576534999,1.00012704612403,18347.0394411059,34877.9364462364
"kappa1[9,16]",3.01252611114772,0.578262212147363,1.00012696808767,20579.6123818158,37580.877745087
"kappa0[4,27]",1.7883224668822,0.616453570614957,1.0001267231388,12842.8387039217,25592.3715618267
"kappa0[47,3]",0.984721858729315,0.918215449090265,1.00012655802313,40044.0567762558,38532.9142833162
"kappa1[9,8]",1.31757198828565,0.368602012368319,1.0001259783512,33725.5647044638,38038.8002047159
"kappa0[35,5]",10.6155812673407,5.6626284108616,1.00012594059617,25264.3614796717,35380.7970735441
"kappa0[31,9]",0.636597186451852,0.249349428424029,1.00012579221765,39778.4523818727,37640.2918483373
"kappa1[36,18]",0.670840710657527,0.426963890270518,1.00012557839181,31222.7412691214,37040.8181135073
"kappa1[29,25]",1.38321087792724,0.251200001434053,1.00012515225247,13799.3979402446,35958.891995493
"sigma2_tau[5]",0.0929806315724999,0.0129977039505495,1.00012497791131,25807.786501932,34197.0965906125
"kappa0[28,17]",0.874143688269287,0.588251599556419,1.00012481000185,34979.1118933841,37367.1135524386
"kappa1[8,34]",0.279155462143502,0.0911218304573356,1.00012468603633,38526.3121802112,38418.9531609023
"kappa0[26,1]",1.81576048725647,0.499324329774138,1.00012428289347,34805.0436301786,37211.478257849
"kappa1[22,16]",0.507337449168275,0.156107828657187,1.00012388434606,36220.0612556269,38769.9513922463
"tau[2454]",0.187995099657685,0.0480966867887013,1.00012353379354,7330.85751750543,22741.2824954266
"alpha[3,10]",0.043241621881782,0.0231634510745221,1.00012259233094,3153.27718566468,6514.7892338557
"kappa1[32,22]",0.477724732251038,0.218155892052674,1.00012233124309,37940.2404070681,39171.6030934751
"kappa0[41,3]",3.22764524542701,2.30800322580042,1.00012220421104,40450.2311859769,40099.7842772356
"kappa0[44,20]",1.14822923281848,1.14528092080122,1.00012139955285,40175.9852937777,40050.8513897393
"kappa1[20,22]",0.687423202377851,0.237327303899329,1.00012132171915,38968.737036083,38822.8678310194
"kappa1[34,25]",0.139154508891048,0.0526512677472106,1.00012119423015,37237.2436743731,38250.5793135755
"kappa0[12,41]",0.1311337206721,0.064648377964301,1.00012112111724,38285.8239212301,37830.6924908394
"kappa1[42,12]",1.59805011894775,0.519987770027657,1.0001209273442,37280.9724504114,38954.1343517945
"kappa1[32,49]",0.294964022414551,0.161651194463392,1.00012006209737,40033.3693462059,39691.0460678895
"kappa0[2,10]",1.86096177682732,0.608210548196988,1.00011991167598,36345.2392788676,38691.1068896172
"kappa0[18,4]",0.255819552098281,0.14397362090449,1.00011956522062,21290.9135813171,30883.1711071881
"kappa1[11,34]",1.13939094969196,0.263113948397716,1.00011899419036,28721.3862097317,33310.6671130973
"kappa1[34,20]",0.302789140986655,0.0804824320966859,1.00011851156536,37497.7128876725,36667.8127951874
"kappa0[4,30]",0.29646940227531,0.196091904013502,1.00011826958519,33007.2007339464,35276.1573316182
"kappa1[11,45]",0.228081621433047,0.107450164079899,1.0001178842834,40545.4274446992,39123.5088676854
"kappa0[50,7]",3.64003041726118,2.70650565147875,1.00011763445692,39036.8764659277,39759.2388221686
"kappa1[49,17]",8.60696839712737,5.11727397982271,1.00011760165236,23343.7546648009,33003.8622632915
"kappa0[22,33]",0.840360161073109,0.278872812158268,1.00011746269215,37755.1620062291,39968.1185583961
"kappa0[17,40]",0.642838205689883,0.509827327785473,1.00011746145795,39705.024324454,38591.0911393076
"kappa1[9,23]",0.813872502421759,0.284095603196657,1.00011742537959,34377.7777130955,39812.5749071
"kappa1[11,26]",1.49958082134613,0.306744243369916,1.00011719263989,25324.3489489565,38911.9968436358
"kappa1[20,38]",0.937271416664449,0.282301688841137,1.00011702003266,33388.6516661674,39678.9153198718
"tau[2632]",0.184001882127179,0.0420807950766858,1.00011670097227,6980.05807524633,20442.18822571
"kappa0[1,9]",0.878491589977527,0.276887595707809,1.00011638458489,36050.0409482375,38974.674453118
"kappa0[50,13]",2.11889569209088,1.78252958236511,1.00011624349486,38191.0940184603,38706.5938070271
"kappa1[50,16]",3.93584420742955,2.97080950502733,1.00011544442749,39190.7866080344,40528.7609073296
"kappa0[14,33]",2.16877877857776,1.04480157644135,1.00011512846871,39261.6221056212,39847.9311460647
"kappa1[36,4]",0.671354201316719,0.427327886934592,1.00011511873026,30889.9761522612,36627.3747461418
"kappa1[42,1]",2.10690886947276,0.609866770080917,1.00011508580419,34700.4612602883,38352.2806773865
"kappa1[42,46]",4.03272484464322,0.856516410931449,1.00011473891755,21869.9808203722,35169.9509056542
"alpha[2,4]",-0.0891000807802405,0.00687823400160885,1.00011467603253,6285.01713370103,12889.5047238597
"kappa0[45,16]",5.897935870377,1.77416291037952,1.00011465119226,30766.0307089749,39153.6196247038
"kappa1[29,20]",1.20672625939669,0.232273251041308,1.00011406509016,22755.3129873071,37123.5206736016
"kappa0[25,22]",0.778780568844517,0.507423779043135,1.00011388833049,39908.6595349385,39514.1315173461
"kappa1[14,44]",0.438152195015903,0.256546067327839,1.00011384203449,39442.6441954068,39220.5479155222
"kappa0[43,2]",5.10994659835894,3.25183484126358,1.00011354700591,40029.44246306,37863.3278382352
"kappa0[29,20]",0.87474646487487,0.328739969185794,1.00011346422456,38144.4423594425,38944.4595695679
"kappa0[25,28]",0.780117574555775,0.505186653821869,1.00011319720612,39917.948499046,39799.2291408864
"kappa0[24,34]",1.53351238378246,0.394242409886784,1.00011319091656,34180.6986585964,38237.2315630881
"kappa0[12,4]",0.289404971267943,0.112891075728048,1.00011299059544,17205.5700803826,27935.1001739386
"kappa1[28,20]",0.959261563998367,0.423851922910003,1.00011275979123,39358.2698139577,39053.9207963214
"kappa1[3,39]",0.00920587692901883,0.00354047562502053,1.00011214547752,38998.7721057973,39873.5362149071
"kappa0[18,21]",1.94380043596945,0.863718885604736,1.00011208257946,20464.7865443621,30682.1204973832
"kappa0[38,18]",0.562014746441902,0.431236253750642,1.00011159025422,36691.7658517152,37824.4289579486
"kappa1[10,42]",0.475412450796905,0.182610007781175,1.00011152760569,39110.8634010022,39343.3997143829
"kappa0[22,16]",1.21054686936502,0.342636347057038,1.00011152618052,33160.2474484041,38461.4685100067
"kappa0[34,10]",0.280107980349404,0.0774425400459234,1.00011100800165,32759.3930408629,37719.4197384514
"alpha[5,2]",0.0932090802252381,0.0209483313721296,1.00011077518486,12522.095748841,27701.178229545
"kappa1[34,11]",0.388980759378767,0.0927193863043967,1.00011074262918,26707.1376804534,37799.0491720467
"kappa0[43,23]",1.97968550603369,1.64950998865692,1.00011044843863,40139.2433792144,39932.6370903718
"kappa1[23,31]",0.34848660011631,0.171142286640792,1.00010894501834,39180.8175548428,38320.9445783504
"kappa0[12,2]",0.376122419103866,0.119333658774922,1.00010855368583,35083.1310219587,38625.9212398781
"kappa0[32,12]",3.28600645684678,0.86278118789071,1.00010846771347,31427.3335635823,38855.3785209947
"kappa1[24,23]",2.39614721099198,0.474683192870716,1.00010769477712,19104.328186173,37254.1621409133
"kappa1[31,33]",0.299607910385576,0.129320520950434,1.00010754519082,40175.0462628373,39956.4934460429
"kappa0[26,7]",1.81903282889464,0.500495702006889,1.00010754029896,33354.4952126549,38486.5560831515
"kappa0[18,32]",1.26659541260167,0.66089193516536,1.00010743308985,26688.9969792226,31996.3849362032
"kappa0[1,8]",2.67554170415214,0.505962767620803,1.00010735639259,22371.2150853554,36450.5429525604
"kappa0[25,12]",0.50707466713605,0.375395363367909,1.00010689096626,39341.022986826,39970.2145423754
"kappa0[2,31]",0.440171841035632,0.25510507559418,1.00010659614557,39744.6039550841,39125.3899717006
"kappa1[36,34]",1.41857871934912,0.852685786041143,1.00010598937358,37254.0576419991,38755.4591577944
"kappa0[15,34]",0.650663226454956,0.52375290650932,1.00010588236248,38382.9437315035,39161.1398380598
"kappa0[8,24]",0.289507297418979,0.116517370337318,1.00010555470003,38591.152259146,39925.0933819529
"kappa0[13,46]",0.615109123005054,0.168742403926107,1.00010501682141,32469.4845458583,39804.7256474802
"sigma2_tau[9]",0.0836014382408792,0.0119377871014269,1.00010500724312,20741.554161097,29473.2276666201
"kappa0[38,37]",0.83027568739596,0.549458239058356,1.00010492876969,39424.2102042817,39888.4986126513
"kappa1[29,41]",0.139501118422785,0.0690012725268919,1.00010491976697,38224.4389357424,39503.5905102088
"kappa1[33,12]",1.58762089850122,0.739795727622571,1.0001048307346,40429.3093242154,39492.8075919546
"kappa1[45,3]",5.92367024979966,1.71998455626531,1.00010416207131,35891.7282013692,39623.2115649078
"kappa1[12,37]",0.0753610879666445,0.0318781849944226,1.00010402299852,37356.5339161365,38724.3934468662
"kappa1[46,50]",25.5018500577509,6.7274098070046,1.00010393150653,30808.1073718923,36583.9382644096
"kappa1[28,44]",0.454308044736582,0.266677079357203,1.00010384736209,38778.8855159459,39090.9830525373
"kappa0[47,13]",0.978330549319514,0.907169248523848,1.00010377236929,38710.6939722238,39484.2988345484
"kappa0[17,31]",1.57299197686776,0.982127709974363,1.00010374723973,34680.0553791206,38966.3126967827
"kappa1[31,24]",0.35584780148608,0.145193658438309,1.00010328282054,40142.2997873613,39677.9209734306
"kappa1[29,33]",0.285636687166717,0.105521057431934,1.00010271969871,34808.1286262556,39471.5944284381
"kappa0[31,24]",0.28032498501951,0.152656520462533,1.00010259194458,38897.9879633183,38991.6260003949
"kappa0[3,35]",0.0242730180226493,0.0100371378217997,1.00010255032958,38620.7848953761,39204.9291921709
"kappa1[36,29]",9.88489174754839,2.68398148051867,1.00010252296926,31968.9866932808,38980.7338801618
"kappa1[23,1]",1.49925127942931,0.396223229924057,1.00010233135379,30978.8213074053,38433.8070004396
"kappa1[14,12]",1.28286549605384,0.495092103739414,1.00010231513319,38956.2323282954,39035.18140096
"kappa1[11,42]",1.13652187667745,0.264342486346151,1.00010225355899,31900.2435537218,39462.2963710244
"kappa0[38,4]",3.26201611498883,1.40783653679153,1.00010218938641,20860.4785789154,31078.8655586936
"kappa0[43,42]",1.99027497546928,1.63273562928468,1.00010217408879,38689.5988741977,39143.5946042402
"kappa1[31,10]",0.298979855927591,0.130069371818091,1.00010216280184,40011.634801645,39187.5099601269
"kappa1[23,12]",2.53943392472598,0.524069008343601,1.00010157297726,19912.0603180281,36918.4197574109
"kappa1[34,26]",0.198674975162453,0.0646156669551491,1.00010151265861,35816.7521668132,39635.9689931419
"kappa1[24,45]",0.24355489325631,0.129712679030955,1.00010132881245,38902.8401503493,38555.5959185683
"kappa0[41,12]",1.93796895852015,1.59946634535472,1.00010122206356,40044.8625683381,39847.1113615054
"kappa0[36,17]",4.65104056792449,2.5478732860982,1.00010112583283,29808.0918723717,37978.1533544442
"kappa0[10,26]",0.907705293793329,0.28433886407386,1.00010110555544,36651.8538439738,37909.756036984
"kappa1[40,4]",0.733726051509995,0.470493915846828,1.00010106381833,31169.2226721995,38967.8705236958
"kappa0[11,22]",0.43809400384656,0.166391593470638,1.00010094498945,38678.6691403079,38886.7585961021
"kappa1[44,5]",1.96890240705305,1.27528308710251,1.00010093379954,23563.2913766032,34503.9863371112
"kappa1[12,27]",0.0752043225881474,0.0315099330679654,1.00010078544899,39656.5834163906,38921.1023314518
"kappa0[36,4]",1.51991998855319,1.16509358105602,1.00010061374315,39857.4838927384,38204.8086616577
"kappa0[22,1]",0.491404815372874,0.205017153126508,1.00010048449398,38234.15358063,39289.5281520744
"kappa0[2,22]",0.749400688763432,0.357811538563225,1.00010045323928,38010.6514683884,39282.1163626441
"kappa0[30,3]",0.424814016270319,0.213300278965557,1.00010043663049,39420.5917595531,39600.3326893788
"kappa0[13,9]",0.752599066338533,0.188353984050911,1.0001001140446,34140.543710629,35866.6969201436
"kappa0[34,5]",0.0883190004988172,0.0430417438672133,1.00009960812371,23853.5324018949,33121.5390565214
"kappa0[31,8]",1.89210306825323,0.458601303743242,1.00009946281788,29597.5597778572,38175.3143719782
"kappa1[2,10]",1.97219683258128,0.565647074936336,1.00009924086374,32188.9202450359,39530.4961046143
"tau[2830]",0.130863341275682,0.0370926643618989,1.00009916238794,5649.69955393856,18460.404012677
"kappa0[39,6]",9.93958278161127,6.05340275999293,1.00009863590675,32146.1201891179,37352.2230028547
"kappa0[6,49]",0.27265259931878,0.176284023940305,1.00009810318222,33724.7054214499,37716.9836499014
"kappa0[6,31]",1.41026396784477,0.507635560497477,1.00009809479172,13248.8059350377,23818.5984687558
"kappa0[12,37]",0.162913370117098,0.073841993910468,1.00009801393171,36139.6707035688,37001.2419323556
"kappa1[8,16]",0.556177823960148,0.13344232075525,1.00009792685246,31822.5035132731,38259.7497000735
"tau[2069]",0.177896586902861,0.0490802479944007,1.0000977710646,6803.89209986978,23478.7683673547
"kappa0[6,29]",0.64604204288627,0.309874671960683,1.00009766292574,24995.568885396,32228.4910108169
"kappa0[22,25]",0.188456495767594,0.112700056164981,1.00009755439647,39653.2473247383,38816.8858686943
"kappa0[32,3]",3.49936323670717,0.88809609930848,1.0000973784965,33836.2872334093,38187.3189805437
"kappa0[3,18]",0.0218474985300647,0.0101928045630542,1.00009736310168,22807.5076615458,34231.2814322549
"kappa0[35,6]",22.7733112711371,9.18382836292199,1.0000973551219,16802.159735394,32066.4227978326
"kappa0[33,3]",3.56774535544373,1.2169734562888,1.00009699524194,38535.6910197125,38780.0367890478
"kappa1[3,35]",0.0105923963012623,0.00384742619661544,1.00009661792384,38409.3861808139,36732.8303631133
"kappa1[9,42]",0.715063585543338,0.264084537501869,1.00009621165839,36603.837373877,38584.1307569072
"kappa0[1,3]",1.85209449070381,0.415332511905783,1.00009604686713,28012.5429180473,38345.239190933
"kappa0[16,22]",0.20379908028211,0.0699797674432376,1.00009511523642,38854.212218225,39887.057277408
"kappa0[20,41]",0.438517528208923,0.254372958430117,1.00009479664357,39666.1265128097,40013.1934950083
"kappa0[12,13]",0.606240343744863,0.155319607616624,1.00009468427041,36741.8232075698,38683.6022219768
"kappa1[12,47]",0.130455417224395,0.043669709178237,1.00009448786386,35908.4624960711,40074.4769052953
"kappa1[46,47]",2.44487567448845,1.63520959414724,1.00009412878862,39726.1445246799,40168.7917430235
"kappa0[22,11]",0.84091599784746,0.278052618508475,1.0000937462611,36703.9388135914,38969.9844864687
"kappa1[2,22]",0.372348567178444,0.212033591240408,1.00009366342732,38322.3955811766,39276.6512393425
"kappa1[19,12]",0.984354758919087,0.676172344634379,1.00009360356112,26998.8312978886,38636.1852752889
"kappa1[33,31]",0.450717772208458,0.323052490306742,1.00009327254482,39733.6469663128,37567.332356837
"kappa0[32,38]",7.81536317339806,1.36697771110091,1.00009324966417,18155.86245112,37829.9874624136
"kappa0[48,12]",2.89086451427203,2.78520759466384,1.00009321384369,39833.617094315,39593.7343845671
"kappa0[32,18]",0.665237929234222,0.363329943513771,1.00009293538784,25863.1768983541,37584.168287492
"kappa1[37,25]",0.446904686848164,0.263226453652848,1.00009269400994,39748.1428692235,39966.6374831327
"kappa0[24,10]",1.0497679452075,0.318880738562746,1.00009258440687,37415.0181685204,38234.2578649749
"kappa1[43,23]",3.27261473399068,2.33752402110029,1.00009256294701,40248.3300791627,39802.6866705018
"kappa1[2,31]",0.898664197698658,0.363933573934954,1.00009227699518,39041.7471944885,39693.6324996959
"kappa1[10,26]",1.13558765315447,0.29578015874775,1.00009225760974,30031.1744103685,37901.2105556005
"kappa1[21,27]",11.281957986877,3.48805739328307,1.00009219177847,38018.7645642581,39033.1247447172
"kappa0[32,44]",0.461393270280624,0.271031728354198,1.00009180388039,39064.0347525827,39332.5661301063
"kappa0[37,12]",1.20238777002996,0.863608308265006,1.00009168146262,40073.1789162693,39666.4959248415
"kappa0[18,39]",0.455838661957965,0.331924955191313,1.00009151448365,34537.8538375064,38776.9070069816
"kappa0[22,23]",0.663818732656513,0.243618167584948,1.00009150291676,37790.8717513187,39181.8389502277
"kappa1[10,12]",0.83397134159745,0.250780223935844,1.00009138663874,35707.6673337057,39293.2230848668
"kappa0[10,16]",2.88782698843051,0.538055896754798,1.0000912563341,22382.9362433617,36180.8160612378
"kappa0[32,6]",0.49233175591433,0.298039092804733,1.00009106094447,30885.9531379267,39459.486670433
"kappa1[49,31]",1.31167057886992,1.40772886685611,1.00009090458283,38336.0190476548,38787.592606813
"kappa0[22,26]",0.408621488282979,0.184745714479752,1.00009072444389,38951.5305120938,38790.8154116303
"kappa1[9,12]",1.42098623633334,0.385606189615073,1.00009054924655,33659.5512334254,38906.7517485733
"kappa0[34,25]",0.0822205842130083,0.0386003625007629,1.0000905437612,39778.8296921889,38121.0601652843
"kappa0[31,10]",0.737886343800847,0.272355641848709,1.00009050476903,39412.7543536326,39655.0707581638
"kappa0[16,45]",0.0734024430371251,0.0381482512628347,1.00009009665139,40130.707892868,40438.6699132458
"kappa1[30,28]",0.439277624296003,0.114685085057116,1.00008988231499,34366.693700697,39257.4697413557
"kappa0[9,26]",1.65398265775068,0.438381220691371,1.00008987225038,28726.2047935975,37069.7475937087
"kappa0[18,33]",0.452043772761341,0.325900943225512,1.00008982077407,36406.4413350867,38055.9253165762
"kappa1[41,28]",1.25151506919703,0.910069795677728,1.0000894556941,38851.796061081,38434.4249634227
"kappa1[13,22]",0.187901249617379,0.0782972851401958,1.00008941585774,36634.6204456887,39282.3153021821
"kappa1[1,26]",0.297789740455721,0.143472128284526,1.00008903502439,40100.1835784712,38724.456126739
"kappa1[28,3]",0.781028014144129,0.375719132541097,1.00008893457414,38053.6522720757,38596.5572512487
"kappa0[23,26]",0.672915145249944,0.231500048552996,1.00008873236382,37426.1977826059,38727.4574511191
"kappa0[4,32]",1.7882088473352,0.618159537312703,1.00008867691504,12990.3391260901,25142.5515625468
"kappa0[3,49]",0.0460411196787646,0.0145891014239082,1.00008860146906,36624.0966649636,38533.3184109
"kappa1[42,22]",0.520595923002962,0.268252714134171,1.00008825354172,40004.2286434135,39814.8292585146
"kappa1[44,20]",5.85972681989039,3.20199827724227,1.00008812729598,39397.3871122845,39086.2731113049
"kappa1[47,24]",4.45873696331254,3.48934196118617,1.0000880606746,39834.5446019625,39556.8901464152
"kappa0[17,28]",0.646807382221561,0.517467445591495,1.00008805903408,39820.6422185271,40012.0822258091
"kappa0[36,3]",1.45057895352538,1.09118680416202,1.0000879403694,40459.6564013081,39656.2571218089
"kappa1[22,1]",0.322997947339267,0.120421985281062,1.00008730505309,37141.7784093733,37998.0082571207
"kappa0[33,4]",3.85099881898229,1.39427711328352,1.00008705142295,13886.7515655602,29459.5313759936
"kappa0[26,9]",0.901508389910494,0.338927595905214,1.0000869328755,39858.5243053302,39391.452313449
"kappa1[12,23]",0.248945370900584,0.0620493587633433,1.00008656555292,28988.9615763363,37771.2322139636
"kappa0[28,6]",0.559055907644421,0.429214298778143,1.00008634197814,39490.4687967349,36805.4627423021
"kappa0[26,16]",1.82023024208281,0.501649423519737,1.00008623136645,35195.4061893455,37943.9012692157
"kappa0[46,8]",1.33251468807624,0.977570041715956,1.00008617728885,39404.8206119051,39512.8793246404
"kappa1[38,25]",1.17794408326598,0.597790838909638,1.00008594298974,39865.8079876067,39518.950896927
"kappa0[26,34]",1.28487925474061,0.413307375596691,1.00008585780315,34816.700442569,38912.7076230922
"kappa0[29,28]",0.639683774606738,0.275184750505852,1.00008565828514,37227.9381885717,38676.5742382327
"kappa1[1,8]",0.438275212019203,0.180954817176027,1.00008527711408,39123.0285409912,39167.7098648948
"kappa0[16,9]",0.501148471546998,0.114583062065407,1.00008505339215,28656.653219087,38589.5591098661
"kappa1[13,24]",0.764190867417485,0.170480277269046,1.00008484535772,26549.0489069774,35907.2383040398
"kappa1[12,39]",0.0626979971313647,0.0285334007058814,1.00008479640471,39995.332032273,39387.0755824282
"kappa0[31,29]",0.278887685058954,0.151531636308132,1.00008467887107,38728.1102996941,39761.4010315813
"kappa0[8,11]",0.578669429747163,0.170998044648973,1.00008460796351,36501.4846810153,38482.0747940471
"kappa0[14,4]",0.918433832836147,0.622117329261502,1.00008450496494,36252.3034011356,38560.5190171661
"kappa1[26,11]",2.28195786488352,0.525954665187073,1.00008441051201,34111.1793910485,38221.2558256037
"kappa0[4,28]",1.05791716560541,0.447642659014085,1.00008436794947,19253.6033907043,31986.2392434899
"kappa0[1,22]",0.387454740493811,0.174243551872431,1.00008407244585,39298.1601010043,38096.7235388816
"kappa1[22,14]",0.156207206109427,0.0791934785635244,1.00008406742209,38346.7656339926,38972.4713903517
"kappa1[28,14]",0.61138940046062,0.323614822664109,1.00008405511121,39796.6717714534,38518.3920655569
"kappa1[45,7]",7.39960270052184,1.93261644555972,1.00008395450497,33753.734800711,37284.2598713545
"sigma2_beta_cr[2,3]",0.0142039766685704,0.00979692467676454,1.00008394589008,18815.7427459887,25998.0977135958
"kappa0[26,2]",0.236983444194256,0.147581308288356,1.00008340002096,39433.679438336,39722.1624943228
"kappa0[27,6]",11.8405565803945,5.72937747189786,1.00008326222051,21442.0331706335,35375.1446336369
"kappa0[42,11]",1.6854812395033,0.613486857223313,1.00008315379789,38552.82458069,38930.8493243014
"kappa0[36,32]",2.27704813256613,1.50734516509334,1.00008300389747,38950.8176786009,38416.8496018691
"kappa0[34,41]",0.0817574756388202,0.0379896111814566,1.00008300166215,38824.1740083649,39636.5522539143
"kappa1[47,26]",1.20824660455981,1.24250298747232,1.00008299597499,40055.2675937402,40181.3463204912
"kappa1[12,46]",0.0503678914496197,0.0247296399683449,1.00008265593473,39881.8263135609,39352.8373474134
"kappa0[50,22]",1.08518698839909,1.04976262791921,1.00008255804674,40279.8139822814,40014.1711326002
"kappa0[17,22]",1.57278323583163,0.971317021804765,1.00008249370256,32528.7264324835,36409.8093725387
"kappa0[13,24]",0.936175432105541,0.209999381121712,1.00008244765032,27796.5984912924,37740.3882639592
"kappa1[1,7]",1.23606233262589,0.323217936087472,1.00008218873492,30299.3713568388,39172.6105305771
"kappa1[13,43]",0.289424341482179,0.100841578921021,1.00008177319547,35120.710478395,39431.6494721045
"kappa0[32,29]",0.318400317429197,0.210417872337752,1.00008133474509,39607.1898637191,38691.2206856879
"kappa0[45,3]",1.97513524803503,0.940458070801068,1.00008126954694,39256.5299058994,37856.1174056424
"kappa0[52,47]",4.02272780532006,4.69396548572101,1.00008106644783,40133.5893643464,39490.4022257635
"kappa1[40,33]",1.04335580036395,0.722948282952205,1.00008105753773,39457.1533472991,39197.4127403566
"kappa1[44,12]",1.7571861280343,1.40565521461962,1.00008095880342,40517.9458537294,39886.246464515
"kappa1[29,37]",0.69311156252603,0.172262635922345,1.00008084103021,30412.0120576879,39005.6767395088
"kappa0[33,37]",0.464395780572523,0.334350429698615,1.000080501127,39762.8910949718,39123.5058145601
"kappa0[47,42]",7.97430425438892,4.01266513237602,1.00008046304659,39097.9209391167,38259.8827569096
"kappa1[23,34]",2.22228195404247,0.488009491203044,1.00008026288199,27827.9438202557,38775.6607115702
"kappa1[23,10]",0.995631988753589,0.315545903673145,1.00007962413959,35285.1474880873,39145.6404382534
"kappa0[12,17]",0.175939514366392,0.0825429381181185,1.00007932930112,22037.9368546937,32168.9071643168
"kappa0[25,41]",0.506819197566117,0.374462660734566,1.0000792414479,39289.0529460077,39911.7671443182
"kappa1[12,20]",0.434289889153599,0.083173808864856,1.00007916372965,20314.5865488126,35837.6042447762
"tau[1179]",0.185385771649024,0.0455078299046874,1.00007907006035,3764.46667843565,14917.1174191519
"kappa1[41,20]",1.2639541475615,0.908521530332872,1.00007902568071,38389.3079650086,39740.9113836147
"tau[2808]",0.154721549292328,0.0381855348429537,1.00007889827436,5742.52015331511,19049.9011429331
"kappa0[12,48]",0.101484717390435,0.0548680677080929,1.00007866748064,39762.4719387749,39913.4236991301
"kappa0[20,3]",2.64371555354485,0.742038722272537,1.00007864754914,37623.9405019293,39841.6320767849
"kappa1[32,20]",1.80049182096272,0.461213159218021,1.0000784882884,30123.3574666087,39719.6526504763
"kappa1[34,28]",0.158574496021671,0.0566137582540905,1.00007831801456,37547.3259531326,37596.7049522985
"kappa1[45,11]",11.3840242752901,2.44270473682705,1.00007821124059,25232.8234335011,38655.5752878166
"kappa1[46,43]",2.4345841098561,1.628384775792,1.00007815298747,40300.4785158204,39515.7889802149
"kappa0[14,3]",6.57825192524337,1.98651356811898,1.00007796402554,28984.4736022779,39618.8480577278
"kappa1[50,23]",3.95934236542804,2.99248631813873,1.00007791094014,40025.7784823833,39438.3804608409
"kappa0[6,20]",1.08874547126651,0.433029709024214,1.00007765787582,16496.9218596482,26432.6445860673
"kappa0[45,22]",1.55126986487034,0.819489497387605,1.00007740810472,40955.5115921548,39327.6300197027
"kappa0[23,22]",0.234729103149487,0.1252274869303,1.00007739517008,40210.3926535043,37769.5200449847
"kappa0[34,20]",0.279526954643737,0.0772227415858017,1.00007721103173,35054.1725926451,38550.8475719197
"kappa1[8,31]",0.220428971308965,0.0803435287758585,1.00007668839192,39728.0709402793,38925.3826613719
"kappa1[42,24]",1.11171538466602,0.423255263416089,1.00007645506593,39599.6440472667,39230.2249582241
"kappa0[3,44]",0.0202746066842243,0.00907125031962656,1.00007639170264,39089.7381825465,38589.9177052565
"alpha[5,11]",0.130542934830367,0.0178270612347208,1.0000763800519,14227.5218287532,28575.0806300686
"kappa0[26,10]",1.95323632807107,0.519837144191657,1.00007617707385,26434.1679092434,36932.2929582627
"kappa1[12,26]",0.386364177558028,0.07784274680934,1.00007539882262,23780.0113521958,36135.2325772248
"kappa1[20,14]",0.23787891500257,0.126570164062872,1.00007534994066,38688.0896202846,39457.2576021618
"kappa1[20,34]",1.01715671712291,0.294314543522377,1.00007511481434,35104.3258189319,38247.5758019458
"kappa1[35,12]",0.949768126403849,0.638214252150154,1.00007481466233,39902.1254966074,39969.9659958997
"kappa0[28,20]",1.19217589507493,0.697510347467061,1.00007478812158,40220.0540710295,39968.3035552729
"tau[1416]",0.162665911261559,0.0389082376883602,1.00007458291777,5238.37909296538,19393.9690806598
"kappa1[22,23]",0.195203467561631,0.0905379644517585,1.00007436094073,39390.4479962788,39668.4091465898
"kappa0[34,31]",0.538039005434581,0.109797242672796,1.00007435468549,24917.5959928666,38040.6834757972
"kappa0[2,34]",1.66898312520212,0.574909073287939,1.00007434819937,35095.2905653686,37977.9138453296
"kappa0[38,3]",1.19552069047474,0.705000345374469,1.00007427864213,40113.450466615,40182.1489465192
"kappa1[34,24]",0.219078219621749,0.0672341199100149,1.00007427095442,38896.187179438,38306.9122179364
"kappa0[24,31]",0.501580541011565,0.211418102165941,1.00007397834038,39450.2509919103,38962.1927791138
"kappa0[13,42]",0.844618770149521,0.199089133286742,1.00007385171613,33177.4241517901,39134.6633149901
"kappa0[31,28]",0.734015555129328,0.270056858852014,1.00007361150655,38846.2853133416,40171.7251797701
"kappa1[31,16]",0.72318168512497,0.215463854840203,1.00007341259131,36862.2288239077,37624.3443651124
"kappa0[1,34]",0.707731941733836,0.245803350152564,1.00007333773611,36612.3756694801,40010.6403506827
"alpha[5,13]",0.0954768232295235,0.0227770557331155,1.00007313652094,17672.7139115758,31710.0285723253
"kappa1[32,36]",0.38326374589181,0.19166161876775,1.00007296756484,38638.7989808494,38410.5299140324
"kappa0[35,19]",3.6461926991794,2.71367999542339,1.00007285220687,36983.8935467904,36941.1616681387
"kappa1[25,38]",1.07556712164222,0.342142832013411,1.00007263877448,36755.3396869325,38211.5567390509
"kappa0[45,9]",1.15891333065273,0.668314179984903,1.00007226763012,39062.1500004634,37755.2518791292
"kappa1[22,28]",0.323625754229952,0.121373191594055,1.00007205363546,38533.3116423235,39469.5373875879
"kappa1[45,12]",2.2562338431933,0.976761999889329,1.00007164718962,38243.9579799154,39782.5603596112
"kappa0[27,12]",1.93953627250264,1.58964054707139,1.00007146367632,39379.615236096,39967.4906470647
"kappa0[5,7]",1.95206185328087,0.866277674224715,1.00007141676242,19069.164819972,32315.3291787338
"kappa1[34,13]",0.433121602209201,0.0982262697678053,1.00007128956633,29477.8881653157,37743.5099619648
"kappa0[46,1]",1.35159598353136,0.997696726673343,1.00007114191279,37511.8823590487,39404.3026812362
"sigma2_tau[7]",0.0861196870058487,0.00953174716569259,1.00007100374207,21997.8632315958,31090.6018312108
"kappa1[26,34]",0.684216633332969,0.270735278799856,1.00007092555408,36536.3217411171,39172.8185599394
"kappa1[49,25]",5.325675266581,4.40217255052307,1.00007088452623,39565.7282522412,39805.0369937555
"kappa0[12,25]",0.230035665265531,0.0893333184986495,1.00007073287391,38968.505922484,38770.9433945679
"kappa0[29,33]",0.233850354106231,0.145514140037136,1.00007071368688,39638.8407443228,39466.7115581495
"kappa0[27,21]",9.00376978768527,4.57818579802239,1.00007028233513,39969.7150135092,39804.0204232486
"kappa0[38,34]",2.03905831615086,0.978404855836012,1.00007005788302,39151.5900228808,38563.9830653655
"kappa0[9,7]",2.5817114948827,0.556580707329709,1.00006999928996,21246.8331469656,38127.6869730626
"kappa1[2,8]",0.620964115767545,0.292663256223437,1.00006916773021,39756.4857099715,39679.5525874955
"kappa1[31,13]",0.535486546802975,0.184121327340929,1.00006912880617,39799.9374106385,39869.0103305586
"kappa0[12,45]",0.566904621867329,0.149134408019696,1.00006907030806,34787.7058229272,38316.5498785087
"kappa0[42,24]",2.83521838688924,0.823873569700116,1.00006902799386,34445.9308852099,37709.4766318097
"kappa0[17,12]",0.650094928347464,0.517246954649039,1.00006887574078,38546.2507127969,39235.6376036522
"kappa0[30,22]",0.323510289114598,0.180367809502565,1.0000686225033,39769.3879091438,40003.1091239133
"kappa0[47,16]",0.981438968609938,0.907994538221088,1.0000685714553,38354.5178937466,39695.8124193258
"kappa0[36,49]",1.46537844617373,1.10689108287486,1.00006852369338,40545.9080288473,39806.0067298464
"kappa0[34,2]",0.0817899670405252,0.0380334797682992,1.00006851288563,39076.1610058259,38529.5439881793
"kappa0[28,30]",2.04094164308311,0.98433553422161,1.00006846159847,38913.151370439,40034.5226557604
"kappa0[25,14]",0.502735281428629,0.369399974968449,1.00006845481754,40256.2908798414,37954.3381876991
"kappa0[12,5]",0.140749171847271,0.0718081215202023,1.00006840008786,26063.4789672724,33979.1650779445
"kappa0[47,34]",2.99280105121261,2.09637297939368,1.00006824036472,39154.0582185495,39397.4345348686
"kappa0[42,7]",1.90885444650296,0.660781293102112,1.00006795566152,37182.8168098117,39688.4927026973
"kappa0[17,41]",2.153183360244,1.19652528328096,1.00006780351388,26593.6662877088,36518.8111844925
"kappa0[19,5]",0.835664413593366,0.568653873045883,1.00006767341491,26973.5109874768,35395.9443435927
"kappa1[43,42]",3.24852947883763,2.31354780731878,1.00006764512904,39903.9212234866,39227.5604512336
"kappa0[2,3]",5.37501060610517,1.08413298630221,1.00006732460651,23223.702953648,38553.0527179891
"kappa1[25,22]",0.373640827264183,0.186358226680865,1.00006725055182,39324.4319407466,39586.7368674394
"kappa1[22,11]",0.27940188237809,0.110612512227668,1.00006696666613,39396.1285070569,39691.4583458987
"kappa1[11,31]",0.493328623335494,0.167292465535695,1.00006696469031,35907.9030186301,39847.9287628966
"kappa1[27,17]",0.508016975672634,0.377280411214235,1.00006692014174,38384.5914443289,39346.578054433
"kappa0[8,31]",0.289728063437246,0.115501756738293,1.00006687531157,37465.6332501154,39327.6452157699
"kappa0[20,22]",0.915119548756918,0.403612525184726,1.00006668165291,38038.6938234981,39302.503450294
"kappa0[38,12]",4.53381643017592,1.57060235313545,1.00006650740537,36911.0837024955,38905.8430876624
"kappa0[47,23]",1.81716371398025,1.44951716027909,1.00006638644781,40264.3679161369,39931.4782674798
"kappa0[46,7]",1.34062578370684,0.986131307857287,1.00006637442334,39988.2301768249,39931.6100307576
"kappa1[2,42]",2.12896409450465,0.587460635567047,1.00006635223716,34332.5613544093,38915.2227538063
"kappa0[13,43]",0.392991962893229,0.13196025436224,1.00006626452066,37535.4603072118,38561.2580128459
"kappa1[30,22]",0.182949990126762,0.0706634097798342,1.00006613717523,39747.2784474132,39414.6993274279
"kappa1[26,2]",0.296890969757405,0.164078563132567,1.0000657908651,39133.7758730705,38498.2461863822
"kappa1[20,49]",0.376794018687462,0.168485856026397,1.00006572495484,38773.6136014345,38477.1037916961
"kappa0[37,28]",1.19872174422236,0.862118567486342,1.00006558138997,39304.4736924319,38659.4987475338
"kappa1[24,34]",1.3094420375378,0.343055461950469,1.00006552801898,28055.1751574416,38162.7531749591
"kappa1[12,2]",0.144847834846604,0.0459661313808935,1.00006529506567,37253.9936351151,38542.3572965268
"kappa1[2,1]",3.26709041682207,0.740507721523888,1.00006494210808,27856.7076333684,34019.1634542201
"kappa0[26,46]",1.15685102089393,0.389237071085162,1.00006475959338,36506.4812155398,38659.5200107936
"kappa1[12,51]",0.0502341296574712,0.024926997907701,1.00006444992048,38485.6821294462,39556.0034021574
"kappa0[18,7]",1.60130930574477,0.769121894737415,1.00006439493879,24198.559672442,34330.4709169191
"sigma2_tau[4]",0.0795992045773389,0.0094420785847051,1.0000642825914,21947.8711676887,29927.1552061927
"kappa0[22,20]",1.02505097826094,0.311047455795835,1.00006390488724,37617.7876157895,38448.7184267175
"kappa0[42,13]",2.13848314850536,0.706824548720649,1.00006371711358,36962.9594797483,38290.9465995696
"kappa1[46,11]",1.54091329862386,1.17765430721882,1.00006366887216,39068.7009700598,39615.7262459303
"kappa1[42,23]",2.9699469834126,0.727862636726425,1.00006362153965,33708.3251723169,37421.3224718304
"kappa0[22,10]",0.574818472002107,0.222411411185009,1.00006351217627,37301.5212058985,39801.7960083114
"kappa1[25,49]",0.20976372956478,0.127608810846352,1.00006339429145,39323.5504470025,37163.5422422758
"kappa0[11,2]",1.17694418784599,0.290265187575575,1.00006337448245,33760.1321748016,39351.1676032375
"kappa0[3,21]",0.0201733458687386,0.00909895025353671,1.00006305559312,39738.3320063532,39632.5269320343
"kappa1[31,28]",0.659216203221673,0.205569037559225,1.00006300081369,31848.7884678501,38713.0954890563
"kappa0[29,12]",2.28366447705373,0.555907100149536,1.00006287803775,25492.4975755706,37973.2433517584
"kappa0[30,17]",0.701671354400771,0.313549044086396,1.00006209772132,22205.4118144294,33135.761286587
"kappa0[50,26]",2.11726593538435,1.78180394737994,1.00006204487247,40886.2980291358,39417.8761517611
"kappa1[44,31]",2.85659967562541,1.97881613902378,1.00006201605322,39616.8283197047,39628.2923121322
"kappa0[12,52]",0.101342232606596,0.0550104345063785,1.00006159556006,39625.4329992008,38329.2768245826
"kappa1[14,22]",0.751818371418746,0.361616418002973,1.00006148663097,39525.8324805579,39538.5313117874
"kappa1[37,32]",0.443212292605312,0.258503416551785,1.00006132546823,39236.9349956097,39929.1599675955
"kappa0[17,25]",2.8064523253344,1.42241207366971,1.00006116897612,24436.0893772132,35888.5647941603
"kappa0[2,13]",3.27121183739081,0.833992110778379,1.00006102902108,31609.2260637022,38630.866979483
"kappa1[41,49]",1.26362542593047,0.922884691167737,1.00006102678821,40270.9088390985,39787.5446622597
"kappa0[45,24]",4.36434996058437,1.50270084837916,1.00006100768842,39273.2823586931,38930.161507748
"kappa0[32,33]",1.77660857404306,0.614740423983713,1.00006070572796,34574.2842855108,39596.7393684564
"kappa0[11,12]",1.74236372844002,0.357425949916413,1.00006063492607,20806.7499311871,37600.5513174258
"kappa0[28,22]",0.532650846329596,0.399482385854634,1.00006049785328,39055.3126308303,39160.5747101919
"kappa1[50,24]",2.24797765021356,1.9534217941625,1.00006047311651,40072.4548011207,39692.3238152486
"kappa0[29,44]",0.232768000990948,0.143954834857165,1.00006040486047,39843.5231415734,39464.5045107841
"kappa1[25,44]",0.560314635055722,0.237246928387227,1.00006033133477,40100.2216542903,38535.2009220992
"kappa0[40,34]",1.26126581487175,0.914099840464912,1.00006011307814,39701.3125631867,39433.6425954329
"kappa0[22,41]",0.330329696074294,0.161330169968095,1.00005982375614,38829.1110272281,38496.0988167828
"kappa1[45,26]",2.25956075537281,0.982434741086099,1.00005972637716,37403.2285383399,39474.3681049929
"kappa0[9,1]",2.23202497328328,0.513552032656927,1.00005968165373,34813.6679409531,36746.7382359487
"kappa1[33,14]",0.960318835469485,0.543912353744136,1.0000596478332,39208.9470042926,39415.9858124719
"kappa1[13,2]",0.126052225252733,0.0618977952839272,1.00005960535879,39695.994428268,39475.3375615015
"kappa0[40,4]",3.83166840266672,2.04576886016348,1.00005955728529,26495.4346105275,32680.1341947982
"kappa1[1,34]",0.298254459192691,0.144674322352281,1.00005937085779,39812.9324095449,39121.7052688116
"kappa0[44,3]",4.05260463482347,3.09406148541798,1.0000591362913,39911.0513830437,39155.9893166047
"kappa1[12,41]",0.0501382207780385,0.0248230728396484,1.00005906945051,39994.7167158798,39673.7670630175
"kappa0[33,22]",0.98981677816898,0.558127795257984,1.0000589980945,39869.1914002999,39761.4135408562
"kappa0[29,3]",1.62652908759159,0.46352736961947,1.0000588996826,34999.1351835199,38413.7884912153
"kappa0[15,7]",0.653992587216281,0.525922134057734,1.00005883733826,39072.016393826,38716.6275894971
"kappa1[40,3]",5.58054731385981,2.07778744698757,1.0000588243886,39608.4898882264,38516.47010735
"kappa1[27,35]",10.8770354705338,3.20258620862462,1.00005828180179,38401.6914460054,39343.1925281819
"kappa0[14,34]",2.6663984891833,1.18596036479951,1.00005827865502,38933.4746547992,39763.6301389044
"kappa0[31,30]",0.202857874738797,0.123815317531875,1.00005748245148,40488.0604704129,39383.809008429
"kappa0[8,22]",0.290594966615651,0.115959506044238,1.0000572767569,37396.2477172569,39075.2136264799
"kappa1[12,42]",0.144820573869321,0.0458243021096307,1.00005725288536,37157.9936094554,39224.5443488362
"kappa0[45,31]",1.54810502918989,0.814851379092708,1.00005692861785,37772.8529727109,39224.144845611
"kappa0[3,19]",0.0218168246314699,0.0101916762048907,1.00005692024486,20914.8287766079,33347.4539167905
"kappa0[7,9]",0.442700717096615,0.0809123063951388,1.00005691271309,16288.024104571,33636.6486873841
"kappa0[36,29]",6.90712963580378,3.0586755049967,1.00005660608027,39514.0178962775,39623.8871273362
"kappa0[33,44]",0.707783388318505,0.451177527555123,1.0000565761836,38284.12742621,38687.6436070939
"kappa0[47,26]",1.81876017784547,1.46557240462203,1.00005612604601,39737.0569904904,38418.7898957556
"kappa1[31,26]",0.414860041636976,0.157874209741075,1.00005606842576,39294.9100066249,39302.9862274008
"sigma2_beta_cr[1,2]",0.019007504822364,0.0214218254158842,1.00005602396839,9851.79875138273,15260.8918218309
"kappa1[47,13]",2.48037280763363,2.24037305084897,1.00005588296233,39899.0937406332,39393.0239380259
"kappa1[25,12]",0.865694808107828,0.302507344493575,1.00005585248874,36479.5628837121,37172.3628378649
"kappa0[35,7]",1.08065705017047,1.03413643808077,1.0000557309435,39787.1523361953,38559.9137404267
"kappa0[20,14]",0.305927913772033,0.20096507071854,1.00005558797058,39661.6402868296,38494.6561208141
"kappa0[24,9]",1.24039631816964,0.348397801606276,1.00005542448892,36442.9541259204,37606.5945977535
"kappa0[32,17]",1.05449504804074,0.486998925537334,1.00005515688584,19679.2223321554,29887.1642238746
"kappa1[52,47]",1.67121762773333,2.25061856915396,1.00005513816933,39967.4629706959,39891.028895255
"kappa0[16,26]",0.425081396250882,0.104644323165537,1.00005487613176,29521.3393559733,36766.9342789296
"kappa0[12,30]",0.130973787728801,0.0646914363098537,1.00005478370879,38520.8214970954,39167.6744473996
"kappa0[28,32]",4.01485393608655,1.45974465328352,1.00005476427232,38198.6313892153,39144.4669499734
"kappa0[38,17]",1.27169447451877,0.770706700040256,1.00005474202626,31896.8402484719,34627.3617534796
"kappa0[19,27]",0.983053110596089,0.915192394991586,1.00005473683314,39880.4407973004,39416.0892039009
"kappa0[9,22]",0.376964762889257,0.187090554649418,1.00005466684674,39758.8269528746,39644.009959868
"kappa0[23,9]",0.834141734164996,0.262020632998214,1.00005446642534,34251.3796843224,39145.4174360802
"kappa0[12,33]",0.265247075021133,0.098164276640436,1.00005445962334,37338.5743831183,38312.4981336001
"kappa1[9,24]",1.0129202675676,0.322017333988437,1.00005433608102,36148.6778795049,37628.6447104601
"kappa0[5,39]",0.96958430574451,0.557683931955376,1.00005429154929,33344.5425831861,38103.9796595323
"kappa0[31,33]",0.448773709780035,0.203871251334222,1.00005406741118,39913.827679129,39270.1252185255
"kappa1[42,13]",1.42835144238071,0.485435406088992,1.00005380440901,38659.2274623412,37641.4571447168
"kappa0[5,12]",0.454161799436894,0.328877947834949,1.0000536582268,38358.1747230166,38472.9550534739
"kappa1[14,32]",2.25800745702868,0.676352729669358,1.00005364457487,32324.9202874187,39264.7869176713
"kappa1[22,42]",0.194792610439074,0.0892809180567126,1.000053442302,37730.5663143898,39521.7992973303
"kappa0[3,37]",0.0201763832764324,0.00906151927765811,1.00005331492933,39543.798287795,39545.3957495531
"kappa1[28,41]",0.610061468475428,0.319444024365819,1.00005302077865,38329.834789957,38532.3376985229
"kappa1[11,2]",0.899215339179519,0.233204380409616,1.00005282598588,30145.7171911188,39672.4649093995
"kappa0[12,42]",0.338147575647721,0.112061811174114,1.00005279568673,37470.4952998012,39229.5375124541
"kappa1[8,24]",0.164042425027299,0.0680468448618691,1.00005269457069,37634.4865794343,38999.1580830972
"kappa0[15,3]",0.652409102407167,0.526188798976607,1.0000526759667,38643.5892097688,39931.1404803125
"kappa0[25,32]",4.1227746526465,1.41441776736547,1.00005260834366,37898.3436668594,39605.3065129562
"kappa0[20,33]",1.85196020897479,0.606883096459455,1.00005244400479,38331.9798378342,38765.7509864085
"kappa1[2,9]",1.96756319233742,0.565031615023867,1.0000523156889,33183.9277155182,37131.3151420317
"kappa0[8,26]",0.478882898247612,0.152951999370955,1.00005226905857,37226.2395997835,39471.3124239117
"kappa1[38,37]",0.430745172204556,0.308151275045852,1.00005223059418,39484.3051124629,38591.7415527986
"kappa1[28,32]",3.00163669440888,0.808772641556651,1.00005221729507,33527.1062949746,39668.4146506864
"kappa0[49,7]",3.85201033888568,2.90562256411999,1.00005218656626,39542.8366399053,39429.9581210537
"kappa0[42,31]",0.484864727707872,0.290352277256381,1.00005217599774,39752.8320846192,39280.1619836446
"kappa0[33,7]",10.8356361068959,2.2311951395056,1.00005214134327,23749.6229675765,38463.5288339056
"kappa1[44,28]",4.2379096923972,2.58253890182024,1.00005193202939,40299.731855376,38929.4026855531
"kappa1[12,49]",0.0501701758704139,0.0247635133557262,1.00005191408114,39245.7759625471,39251.5927889029
"kappa0[40,31]",1.26607339397855,0.911354874255499,1.00005171624288,40602.5157959489,38975.3936869817
"kappa0[7,45]",0.0470257265397006,0.023191875552155,1.00005166291733,38437.2069666886,40084.6815413447
"kappa1[41,12]",1.26650403773048,0.920260489240877,1.00005164111134,38738.1675993149,39633.4505639352
"kappa0[46,3]",0.787071453678502,0.673935722609506,1.00005162855155,37749.7472088433,38888.2729933047
"kappa0[43,8]",1.99109762416533,1.63181922122042,1.00005159715242,39525.0538231106,39523.81467101
"kappa1[46,16]",3.53528160440488,2.10485275620644,1.00005159462163,40051.714790276,40099.4693234146
"kappa1[31,42]",0.356867157439907,0.144731115540179,1.00005155003324,39467.7302014199,39410.3459396023
"kappa0[20,18]",5.61287277059305,1.36437010969054,1.0000514274826,6544.91792804785,17691.9556158029
"kappa0[24,2]",1.04859131301287,0.317393765216383,1.00005124911445,39456.2646457795,37549.8741702216
"kappa1[35,14]",1.87672072717119,1.01329536149023,1.00005119313514,39480.68534741,39456.314779825
"kappa0[3,30]",0.0327439783531463,0.0120064931495769,1.00005118349422,37507.2542606686,39132.5203299304
"kappa1[13,31]",0.541002107819874,0.142356993880745,1.00005090165561,34184.8513626186,38368.0472051945
"kappa0[12,6]",0.175922329841025,0.0829717443527641,1.00005089242155,24196.0513468367,34415.7297773111
"kappa1[34,44]",0.0827317782544338,0.0388137288430028,1.00005052657281,38041.0155535165,40015.3736349196
"kappa0[46,26]",2.06854341726021,1.32166371353291,1.00005048998592,38809.2187587795,40055.6236541593
"kappa0[30,31]",0.536421627990328,0.24805797676204,1.00005047963739,37586.6546922092,36983.6612210798
"kappa0[15,20]",1.07249981990143,0.746911182189822,1.00005047739402,38046.3800050997,39602.0315241493
"kappa1[1,31]",0.366524965024882,0.162822867415446,1.00005036471285,39028.7328091836,39113.6069397101
"kappa0[37,20]",0.719745958667988,0.590402404596477,1.00005034903555,39412.9855068427,38913.2852138712
"kappa0[29,25]",0.756866108176504,0.301831359723326,1.00005002151704,36789.218981924,39358.5052228135
"kappa0[10,31]",0.324316874328177,0.158322836263555,1.00004997092916,39601.1633860304,40051.2037640048
"sigma2_alpha_p[5]",0.0014066251561794,0.000856747317430083,1.00004996288857,24850.1817808169,32992.7999556487
"kappa1[26,22]",0.480610742351847,0.21967944551934,1.00004988789129,38711.5561102333,39447.472457706
"kappa0[34,28]",0.0821706234758984,0.0383992604197433,1.00004949787752,39061.9921107368,39845.4719444551
"kappa0[36,7]",2.27441804927908,1.49701678937303,1.00004941164601,37902.4508455656,39461.663522395
"kappa1[26,9]",1.23268370762301,0.376866217285705,1.00004919791476,36944.3192106732,38192.6425735029
"kappa1[32,40]",0.383094038560527,0.190957814829367,1.0000490808882,38688.7520096947,39595.4559282802
"kappa1[14,28]",1.67426585818608,0.574259539759314,1.00004897998006,37971.1002867186,38543.5475309654
"kappa0[32,4]",3.34585219486373,1.00725163073204,1.00004895088263,9401.14716906182,20940.4609695284
"kappa1[45,8]",0.771029510985494,0.499255613905318,1.00004854811664,38885.9381512149,39631.5301146466
"kappa0[20,4]",1.59153903694182,0.613250700689991,1.00004834241507,15031.6492092351,25984.9183146039
"kappa1[33,32]",3.42604039894662,1.16064270713103,1.00004795099513,34635.1492591009,39073.1716457693
"kappa0[46,23]",2.0601114240169,1.33000172088134,1.0000476795101,40692.5221048273,39682.2551084706
"kappa0[28,31]",0.838900672254701,0.551472507035923,1.00004762813891,39833.221781261,39666.5590770725
"kappa0[47,8]",2.96592963051481,2.08719886478026,1.00004735001457,39412.5132878473,39569.8473570334
"kappa1[20,33]",0.933918272797865,0.282923286443,1.0000470311939,33920.3601544286,39341.9189359533
"kappa1[37,12]",0.765736687950717,0.364738007752324,1.00004689541072,38173.508846066,38522.2490149037
"kappa1[31,1]",0.246565592743849,0.116929274397696,1.00004669806021,38290.2569661161,39174.9804104582
"kappa0[30,20]",0.325751995831269,0.181391600797217,1.00004657562007,39987.8119098409,38962.5787653843
"kappa0[42,3]",1.68275986965024,0.618755187750924,1.00004644520238,38713.9627559216,39637.5455257077
"kappa0[32,22]",0.980382670907202,0.431442012086857,1.0000463720518,38804.4979728711,39141.9327232286
"kappa1[47,23]",1.20416457255374,1.24641565267225,1.00004617116918,40143.182437128,37628.0503639166
"kappa1[49,32]",2.80966657124949,2.68742138128873,1.00004588308955,40134.1294109988,39788.9628818127
"kappa1[33,49]",0.689185907128674,0.437319376884312,1.00004573760535,39924.8476026453,39764.7441952655
"kappa0[25,3]",1.88049472124404,0.887915987160699,1.00004549237043,39595.9367126441,38885.8230069299
"kappa1[22,41]",0.195865736749086,0.090178005074797,1.00004547279013,38853.2511658292,38779.1995045807
"kappa1[31,9]",0.536993405871159,0.182453142423678,1.00004532078337,38161.7463420431,39515.3642573099
"kappa0[49,41]",3.90126697565673,2.933266985617,1.00004529749417,39796.8912866522,39164.2988657967
"kappa0[2,23]",0.748918130542651,0.35965750876949,1.00004528407604,38477.0317053823,38768.3419789135
"kappa1[24,8]",1.22316460744136,0.329951426876259,1.00004520269471,32302.7092626708,38303.941355252
"kappa0[12,14]",0.101515747767369,0.0551848237590161,1.000045077361,39911.9668485843,39266.1010428643
"kappa0[31,42]",0.360627570336273,0.177449045809112,1.00004507287896,39123.7923746601,38939.0041793931
"kappa1[25,31]",0.659514520260748,0.259522308339116,1.00004424781932,38389.6742341036,39275.489813994
"kappa0[14,32]",4.84021901227004,1.69477447376542,1.0000439197201,39206.1776314687,38720.6787722017
"kappa1[41,34]",1.25792183013962,0.915777478488696,1.00004379997945,39275.5364428318,39427.151391014
"kappa1[42,8]",1.11358571260791,0.424430523530938,1.00004375705566,37876.3748772466,38484.3721811085
"kappa0[50,9]",1.09183600929971,1.06588032351917,1.00004319284489,40209.8469775552,39930.5248193896
"kappa0[46,48]",12.0016829741922,3.94573030837506,1.00004317150419,36992.826488543,39804.3664483792
"kappa1[30,33]",0.106148614026523,0.0511032167429814,1.00004311704457,38925.582543697,38668.3454530805
"kappa0[33,49]",0.995465470661033,0.565868362185226,1.00004289757705,37762.1254525761,39070.4780083988
"kappa1[26,8]",2.04816764163151,0.499088850623713,1.00004244997498,23876.0521216269,35793.45898838
"kappa0[20,36]",4.29004730556105,0.952685234882923,1.00004236300746,24209.1532130551,37162.750890496
"kappa1[46,12]",10.5442468292741,4.10553489962975,1.00004232866929,35865.6723369362,38859.1420871118
"kappa0[10,22]",0.400124486169662,0.179820029644817,1.00004219920867,39265.5467978352,39208.5719952113
"kappa0[22,13]",1.02436547952763,0.313669713649984,1.00004181615554,36310.1686890177,40220.766170831
"kappa1[47,3]",4.45224487578869,3.49572208396402,1.00004152283425,39790.3311728674,39580.0112527498
"kappa1[1,23]",0.665180865288653,0.228820902585496,1.0000415134954,37714.9833940609,39614.5499743354
"kappa1[22,13]",0.459287382872713,0.147832015631159,1.00004100371664,38784.428003273,39500.9532733653
"kappa0[46,42]",2.06297744576579,1.34829105028557,1.00004088994813,39534.9818708643,39555.9893644719
"kappa1[20,31]",0.770373272042768,0.254751472252184,1.00004067762427,34753.6073704951,37812.194526848
"kappa1[52,12]",4.4470932030353,5.67083586992288,1.00004054643303,40309.475638325,38859.6403014306
"kappa0[35,20]",1.06694677146252,1.01211655755581,1.0000401989533,39824.1266517016,38400.3615696262
"kappa0[9,2]",0.471220724078339,0.214191825596886,1.0000401044819,36999.6345823591,38372.3915498532
"kappa0[44,17]",2.35162122740392,2.06197847424097,1.0000400941776,39207.4617876515,39205.297073944
"kappa0[34,42]",0.100491036160583,0.0432987662833743,1.00004007362884,38341.0373907481,38730.5019304182
"kappa1[50,1]",1.14106620478773,1.12478496139967,1.00003997191732,40044.0059909094,39514.7541535782
"kappa0[18,3]",0.961939463791514,0.55031588105561,1.00003963214679,31994.3033092014,35707.0464711468
"kappa0[27,35]",11.3470436569929,5.26847516514625,1.00003962423246,38634.3649200097,38878.4518865834
"kappa0[25,7]",5.08261652574159,1.58660526700261,1.00003959443903,38274.4692236327,36773.5871814904
"kappa1[22,24]",0.155991463427245,0.0791637188063079,1.00003958042989,38613.4676402235,38968.4068888838
"kappa1[33,25]",2.30381827052057,0.925092160804303,1.00003951140515,37888.4361449587,38503.9298494548
"kappa1[47,12]",1.20690815000776,1.22914211641178,1.00003947466292,40070.7984399761,40140.2371745452
"kappa0[43,50]",1.98311237171562,1.64289836035722,1.00003923896067,37697.9637274983,38528.4681161015
"kappa0[35,12]",1.07521913088617,1.03212828274553,1.00003923334184,39253.2685998249,38781.0447586294
"kappa0[14,41]",0.873323810814103,0.576927922879831,1.00003901999635,39172.6417295456,37378.792882453
"kappa1[3,27]",0.00922488033430605,0.00356939530613986,1.00003901411482,38331.9533256853,36394.2774033014
"kappa1[24,31]",0.463238707146107,0.191235803848236,1.00003882988896,40070.7783862944,39230.7913393072
"kappa1[26,16]",2.28070703608118,0.525855777922176,1.00003858923433,29237.6864019035,38645.3069404704
"kappa0[35,21]",1.0760330131255,1.02583603649729,1.00003852401449,38999.0175830061,37555.8182939741
"kappa1[28,37]",1.14672444796098,0.471402838910093,1.0000384979633,37539.3022793127,39597.5725110698
"kappa1[3,21]",0.00921453457106061,0.00355719699952343,1.00003828436145,38853.0669340256,38192.2964021667
"kappa1[38,3]",1.48744458582736,0.69079342378991,1.00003823103301,38290.9632710301,38804.3331432869
"kappa1[34,9]",0.261028523148249,0.0743976241628904,1.00003798506566,33354.1294462071,37971.212968488
"kappa0[20,32]",2.44964109627597,0.703540387701251,1.00003757784724,34639.1351833289,38441.5993007803
"kappa1[35,7]",1.3863317756992,0.830052440319046,1.00003751098934,38548.3831143699,38857.4258868282
"kappa0[24,42]",1.05040649001101,0.320244694567638,1.00003728564089,33994.6799887046,39270.3975025382
"kappa0[50,23]",5.59362858597574,3.6295406547119,1.00003713060595,39567.3525646476,40055.6067889006
"kappa0[6,12]",0.383397020142605,0.223294985460376,1.00003705366303,30805.1371226955,35744.7747739934
"kappa0[33,34]",1.31243643562104,0.672584203177847,1.00003682343119,39388.3835617157,38573.351300828
"kappa1[33,3]",2.2894017892248,0.914786299909581,1.00003673755595,37844.5957041234,39926.7661045152
"kappa0[22,42]",0.188110143433312,0.112309148023552,1.00003660870994,39941.4456185212,39348.298249182
"kappa1[20,44]",0.176478007741937,0.104411020068267,1.00003655104162,39497.5170064244,39270.5226735006
"kappa0[12,46]",0.130534349164284,0.0641297511247148,1.00003652034573,40121.8798568412,39602.8087512594
"kappa1[22,49]",0.118820023370229,0.0663080386952002,1.00003638028356,38211.7824478461,37461.0959068194
"kappa1[30,20]",0.238271915556989,0.0825011080809997,1.00003628739845,38018.8175209961,38675.6484331364
"kappa0[27,17]",1.99412444565367,1.66614285160869,1.00003627833181,40843.6349299775,40051.8931462415
"kappa1[45,1]",4.04673287411592,1.38136550673561,1.00003618066667,39034.7919710262,39116.3006585298
"kappa1[35,39]",0.947940828103176,0.640737949212069,1.00003617852908,40112.4982278367,39959.834905408
"kappa0[50,16]",2.11322265962886,1.78324944636846,1.00003600991925,39276.278818958,39513.3264987913
"kappa1[21,14]",1.22064068568965,0.869941072776657,1.00003569180315,38794.8566626965,39323.8169239569
"kappa1[40,34]",1.04254762936954,0.715890590219312,1.00003561907866,39861.820797413,39065.9904654295
"kappa1[22,37]",0.156318053224913,0.0786455271720339,1.00003546929749,39247.5876202543,39834.4572952908
"kappa1[36,7]",2.49227526527668,1.21573719453783,1.00003517481862,39432.5689325428,39312.8416355145
"kappa0[29,32]",0.421552970578801,0.211026884082493,1.00003512581056,40011.2804860594,39204.7881159602
"kappa1[34,33]",0.0826611207525407,0.0388257904586816,1.00003489490305,38697.3312136276,39584.8876923032
"kappa1[46,23]",2.42159995708837,1.62468967555189,1.00003488484054,39951.6443994349,39680.1435856145
"kappa1[16,8]",0.756181893991081,0.132581549999818,1.00003472927164,20961.3637946691,38531.8191915889
"kappa0[12,50]",0.16291535964693,0.073328336911557,1.00003472454627,39474.663684671,39301.4293720731
"kappa1[40,32]",2.73259308666224,1.36195414207504,1.00003429254283,39485.1192478637,40185.3057471193
"kappa0[19,12]",1.82254950756336,1.46781675947228,1.00003393787859,38845.6450328271,39048.8214747938
"kappa1[50,42]",1.13495733912819,1.1403391228739,1.00003389434918,38945.1139113026,39536.7338067714
"kappa1[30,32]",0.106273895640418,0.0511665318603276,1.00003348851775,37462.2821911249,39052.3709149056
"kappa1[52,48]",1.65001746339053,2.17083050360521,1.00003340738671,39584.1333929504,39080.9673296361
"kappa1[3,49]",0.0106099428330378,0.00389438258420466,1.00003336472089,38119.8885006676,37167.5007232166
"kappa0[47,31]",1.81436930985945,1.45345901327362,1.00003333363187,40038.755545704,39195.9991608759
"kappa1[42,16]",1.43581112725993,0.486925563843654,1.0000333197547,39796.6706692474,39843.8969341075
"kappa0[47,7]",4.44921450671204,2.73445188489829,1.0000328919822,39985.5861210536,39884.2966490494
"kappa0[5,3]",0.685177901815385,0.43809000725178,1.00003271876801,34074.8251187234,38210.4559527481
"kappa1[23,46]",0.34894623260148,0.172502750227671,1.00003262400105,40136.9822748875,38819.0783264308
"kappa0[20,28]",0.749852378277616,0.359070960519507,1.00003253907124,37795.5465727404,39802.8974244126
"kappa0[44,41]",6.39490829868787,4.23580261995149,1.00003220876835,39610.2159381891,40044.1202327666
"kappa0[33,41]",1.64824562497323,0.77036872290302,1.00003213343962,40214.501947618,39763.1939670581
"kappa1[37,31]",0.444955468863819,0.260509871988989,1.00003213259384,39440.6584396328,39442.2986713097
"kappa1[13,23]",1.33274079808215,0.230884991361693,1.00003205308837,16321.6796867386,37378.8489026318
"kappa0[36,20]",0.830422282957055,0.704800253201824,1.00003200008843,39550.1220389228,39336.2446993839
"kappa1[50,26]",1.13486084151799,1.12458301481334,1.00003187374272,39907.2505375743,39708.6744562886
"sigma2_tau[13]",0.0786114789305474,0.0164610325980513,1.0000318595356,15450.4282754455,22192.1319245297
"kappa0[3,5]",0.0263574615944365,0.0115208715900604,1.00003172705825,21423.8150633921,32004.1974672685
"kappa0[16,42]",0.325491698578164,0.089860125907415,1.00003167897279,34803.7579312001,38452.852988881
"kappa0[15,27]",2.179051192696,1.21193793093938,1.00003148443488,32234.9731652409,39596.7285643086
"kappa0[17,38]",4.23109177781035,1.84720913696597,1.00003098216742,17872.796110796,32045.524716268
"kappa0[20,29]",0.306156748454514,0.201256860828522,1.00003095980378,39749.9513482529,39316.438489306
"kappa0[13,34]",0.937726743243652,0.21230214777834,1.00003095772977,26492.5876666953,36460.3494095191
"kappa1[22,9]",0.368344324164599,0.130560161966209,1.00003080019313,34863.9085101291,39537.1050139763
"kappa0[45,23]",0.519436041106566,0.389016670179273,1.00003074812682,39292.3766177266,39680.5500464921
"kappa1[9,34]",1.11123290866303,0.337749214511707,1.00003073205859,37199.1889191189,39639.4520695308
"kappa1[41,7]",7.56063182471318,2.87845364917413,1.00003071812375,38435.7189724993,39148.046339469
"kappa0[14,20]",3.19070572996768,1.3128777178437,1.00003040264113,39359.5653874505,37936.9172103271
"kappa1[23,22]",0.704345698463252,0.25892983114772,1.00003020282071,37092.8276257545,37935.6307111488
"kappa0[12,19]",0.108741745429358,0.0609567848570399,1.00003003757666,29845.471587668,35713.6237626494
"kappa0[15,12]",0.65521866492567,0.530528883751224,1.00002982708625,38272.9209499254,39373.869997974
"kappa0[29,34]",0.230838840835403,0.144083184413651,1.00002977924974,38611.6758720027,38492.5451695197
"kappa0[23,1]",1.00260796573578,0.290880691975296,1.00002967366626,35079.1987908884,39113.4498880964
"kappa0[1,10]",0.876130717213076,0.27742065269365,1.00002962764592,37358.520220677,39488.7920212771
"kappa0[46,12]",6.03236762916503,2.64685140268079,1.00002957049229,39753.2812724443,39513.0347611703
"kappa1[36,32]",0.971796555876976,0.656295852262466,1.00002948763314,39139.4687683029,39283.7826942956
"kappa1[42,34]",0.956566433156801,0.390317128704633,1.00002947182732,39064.7729773314,38491.6826294493
"kappa1[36,3]",0.968732170033377,0.65819914996207,1.00002942921734,39071.9546422607,39681.58295597
"kappa0[40,41]",1.9285233206265,1.23933860467434,1.00002935694832,40416.7864208672,39685.114439724
"kappa1[12,48]",0.0626157194675202,0.028435614347361,1.00002927479252,39334.0586891063,39478.1921139306
"kappa0[10,42]",0.821374114814863,0.270749346640639,1.00002911439874,39197.4177199885,39886.2476470091
"kappa0[18,12]",0.689160817867085,0.441619658629897,1.0000289984161,33791.3073011921,39660.2520384048
"kappa0[37,30]",29.3109989693647,5.94451187480697,1.00002863918093,21156.9168744042,37850.5505466718
"kappa1[47,1]",4.46314816175528,3.47922073899375,1.00002841586234,39636.8256581164,39146.7025485614
"kappa0[6,44]",0.38330603933039,0.22322934182194,1.00002833087867,31376.2186768018,38489.0239464837
"kappa0[25,34]",1.11470080362625,0.642529267825132,1.00002824467517,40214.0251739407,39806.4892475574
"kappa0[11,31]",0.314580263516777,0.137672409936177,1.00002789263467,37572.8399178716,39391.332927261
"kappa0[45,8]",4.87169766411841,1.59282562863423,1.000027849011,36231.7687276445,39233.0673325608
"kappa0[50,1]",2.12506870742476,1.7973831215571,1.0000278026206,40335.9663636766,39367.3154810566
"kappa0[49,17]",1.15705008069916,1.14932268024561,1.00002777290998,38954.7745105074,39999.1122035283
"kappa0[37,32]",1.20210699190234,0.860967961184001,1.00002765767387,38641.9604670366,39271.471560353
"kappa0[12,11]",1.07633977506541,0.211058477834721,1.0000275161574,19786.431330641,35684.0653159048
"kappa1[14,29]",0.441048205346673,0.258922214760158,1.00002737751723,38744.9540208859,39147.3506223908
"kappa1[13,42]",0.7634899744471,0.171202172010547,1.00002733325354,27843.6133661661,35577.7589180555
"kappa0[14,17]",2.32769402293066,1.17335151114571,1.00002727558538,24265.4197308377,34224.5610096168
"kappa1[34,41]",0.0651578251364306,0.0334668130345497,1.00002724724509,36902.714828306,39348.7211348209
"kappa1[39,21]",1.63439764028356,1.25992591532779,1.00002724216892,39632.8572613803,38702.6139975088
"kappa0[42,1]",2.59775146700831,0.79095539720899,1.00002716178622,40392.4610209393,37184.1722690953
"kappa1[34,32]",0.219202505929345,0.067485569414366,1.00002683591917,37613.0659041714,39258.3098641526
"kappa1[32,25]",1.00476608507966,0.333358530874058,1.00002667866745,35981.0148183639,38733.3347514656
"kappa0[44,34]",1.16858782906898,1.1750055805227,1.00002658981088,39929.4005808604,39768.1179212992
"kappa1[45,31]",1.45569761671992,0.753457615557505,1.000026422988,39869.741820803,39549.1754821966
"kappa1[12,44]",0.0624350841086408,0.0282784314898857,1.00002638843098,37894.2675065645,40182.241763763
"kappa0[43,12]",1.04497154257282,0.996845796885417,1.0000260324358,39008.5854577691,39927.631819605
"kappa1[33,41]",1.26903033540354,0.643626733530552,1.00002599114939,39855.1357658749,39924.2293501216
"kappa0[41,32]",3.26650213610064,2.32920885671085,1.00002594786263,39194.0850042011,38498.7310897433
"kappa0[9,23]",0.67031391130119,0.26657783700206,1.00002584399415,39596.549153436,38678.3455196652
"kappa1[31,25]",0.416553969066042,0.158441936967199,1.00002566156233,38657.8639894989,38582.3638339899
"kappa1[44,7]",4.25149688894244,2.59156111777704,1.00002563446479,38973.4762786513,38888.9233010082
"kappa0[42,9]",0.845349589464241,0.412214652944908,1.00002557106262,38592.4120558148,39798.0697708788
"kappa0[12,27]",0.101515956508868,0.055457204796416,1.00002541874305,39745.1916461737,38532.8399595058
"kappa1[38,28]",1.18831598415217,0.597093047069381,1.00002529147366,38788.7318748568,39556.0478549272
"kappa0[44,31]",1.1506715763642,1.16604924349527,1.0000252670353,40080.2628720047,39681.5216394477
"kappa0[37,7]",5.10990397237174,2.2113532178523,1.00002492010175,38669.4259384793,39537.5333184333
"kappa0[37,17]",0.747251767356407,0.628511476847922,1.00002468823288,38041.6616025978,39237.8751938368
"kappa0[27,5]",5.09920631254066,3.25320969239699,1.00002467469482,31713.3085367176,37265.9228738729
"kappa1[31,34]",1.17669551884576,0.28138972087006,1.0000246279393,28390.5842126606,36099.2561089727
"kappa0[25,49]",0.783162326381875,0.51119069896824,1.00002461710887,39528.0000230196,39157.4530721006
"kappa1[24,26]",0.706445125256876,0.244881187468954,1.00002453028431,37865.4827558052,38300.3812328885
"kappa0[50,11]",1.09966608860762,1.08381451409093,1.00002435988514,40000.9754007628,38392.8091638618
"kappa1[16,31]",0.309745543072199,0.082444132944071,1.00002424840702,37900.5230978983,39055.6019341695
"kappa1[2,12]",1.50209348004481,0.4854282456918,1.00002421440181,38375.1943304542,39227.250165658
"kappa1[37,22]",0.444204749133079,0.259369671283833,1.00002398372072,37675.1619161334,38809.0693409039
"kappa0[47,10]",1.82698008455092,1.47856024658999,1.00002397652436,39545.929984817,39889.0290271032
"kappa1[12,33]",0.102282957738898,0.0382308999252413,1.00002391567298,36416.0704531844,38763.94813936
"kappa0[27,15]",14.4006508866523,6.49558129403177,1.00002378900347,20711.7376879631,30954.3206187399
"kappa0[34,26]",0.301205684003172,0.0805792673891724,1.00002361675753,32310.8561834013,39043.0927222445
"kappa0[44,5]",1.16814001995852,1.16806507925655,1.00002328616011,39790.7311819915,39762.8797078589
"kappa1[20,12]",0.68750177818906,0.239104500289994,1.00002302683921,36475.3938470323,38985.9060712572
"kappa0[37,31]",1.20542381221819,0.859751719814316,1.00002274968271,39036.8036666408,36438.4006511664
"kappa0[46,22]",0.78188615164665,0.656802231421335,1.00002252948496,39245.262542769,38218.39963187
"kappa1[2,23]",1.04164603835284,0.394309844757497,1.00002214143067,38794.8641797757,39352.2645756086
"kappa1[31,23]",0.414346375692073,0.157782317895073,1.00002203365438,38890.4159676388,39635.2772203739
"kappa0[41,25]",8.98203825781726,4.58867306134889,1.00002195969512,40116.633577398,40267.8421988037
"kappa0[35,15]",16.4685267182595,7.5207023674811,1.00002179240346,23685.2342406943,31830.7341097982
"kappa0[49,44]",2.2126203575138,1.90834324138169,1.00002176738682,39754.0672407491,39106.1551076269
"kappa0[20,34]",2.04409849638999,0.640332230655943,1.00002175171011,36932.6278707757,37946.5442436457
"kappa1[28,33]",0.45480386307811,0.267337417339494,1.00002161260324,39711.8224429628,39754.3755102119
"kappa1[50,9]",6.17403862652753,4.05822361016546,1.00002155445595,39439.1919437495,39082.1798655796
"kappa1[38,22]",1.19061901591304,0.601358399501522,1.00002115122181,39509.2758999302,39763.4191626811
"kappa1[47,10]",2.48254326044062,2.24122846350317,1.00002113526328,40135.3998172704,38729.6797446867
"kappa1[33,44]",0.4494720160876,0.325955064324319,1.0000211173711,40263.0300740839,39885.6861321279
"kappa1[40,20]",9.50457516695782,2.81559232074553,1.00002090651191,35103.9460768142,38920.0434677187
"kappa0[14,22]",0.871485307726389,0.577194738154805,1.00002086501445,40139.6624089811,39426.6517146147
"kappa0[37,25]",1.20322973082579,0.871250800160107,1.00002039887313,39487.3403498641,38737.0323687252
"kappa0[31,17]",0.584853713850153,0.256876610616021,1.00002022677765,20119.5616188682,31209.0275339463
"kappa1[20,28]",0.452258275078425,0.187035431125056,1.0000200911994,40128.2585965791,39796.0781698678
"kappa1[41,25]",2.70686832475879,1.5479512449727,1.00002000772019,39035.2081820262,38686.6070965192
"kappa1[41,32]",1.93105834372985,1.23855803348432,1.00001990137437,38543.8968344889,39806.4053561489
"kappa1[47,16]",4.46045356920379,3.47536861497598,1.00001972985487,40034.6043243967,39432.0678962578
"kappa0[18,40]",0.687953756965276,0.443685803527554,1.00001972361142,35020.4215321545,37635.9375933823
"kappa1[35,20]",0.955168536934705,0.64731808270278,1.00001963377798,39567.2631126535,38508.5944260429
"kappa0[19,15]",0.831493531240317,0.561676833598905,1.00001946246051,28057.2447550487,33784.1514442038
"kappa1[25,3]",0.763502290847979,0.283303575012639,1.00001928770581,36135.1341223669,37986.3133834786
"kappa1[7,45]",0.0245021757356652,0.0102656958636163,1.00001906638454,38795.191272121,39830.5513098248
"kappa0[14,12]",1.25416668700127,0.737466774228512,1.00001856399539,38898.9271834838,39914.8338749596
"kappa0[36,25]",0.832752743560886,0.718295747601774,1.00001847066878,40086.6121121665,39722.2177745151
"kappa1[43,10]",1.94009733083172,1.5888267018368,1.00001838369401,39414.1145406603,39583.5583190955
"kappa0[8,23]",0.628228607023782,0.17878685068738,1.00001835258402,35363.4596022216,39088.7042101351
"kappa1[43,3]",1.02728197378874,0.980774159560674,1.00001815424435,39979.9611450523,39021.4459023007
"kappa0[10,2]",0.480607859582385,0.200155112166741,1.00001806391352,37811.2728620281,37799.5820348349
"kappa0[21,5]",1.96555137690888,1.63971248641757,1.00001788159221,38996.4629995556,39243.3942698598
"kappa0[3,14]",0.0284781699801199,0.0110764503121116,1.00001785515639,38713.6385456227,39155.3305566106
"kappa1[27,32]",1.13787386195854,0.804361885511343,1.00001743763074,39601.8756670757,39303.4256516307
"kappa1[30,25]",0.293841675294514,0.0919351595662795,1.00001721691858,38758.7855848863,37597.1416060706
"kappa1[38,20]",0.65310246450772,0.409910038983525,1.00001708836268,37875.7418945007,39283.510016803
"kappa0[46,16]",0.782504221788193,0.66416871814616,1.00001697780745,39821.3390053948,39034.9371852991
"kappa0[41,4]",7.1817134014953,4.15730177348017,1.0000169567506,33059.6850304792,36648.9757930807
"kappa0[30,25]",0.325419731309401,0.182255197760295,1.00001668546847,38997.2140796735,39317.0604107151
"kappa1[40,41]",0.638591467750129,0.503972903108264,1.00001666188122,39677.9547151972,39352.4655047815
"kappa1[25,14]",0.287062826592049,0.156788024219289,1.00001634257039,38817.6099236905,39554.2842823988
"kappa1[14,41]",0.92570622040762,0.408230438138801,1.00001630769356,39333.4269126299,38234.83718988
"kappa0[28,25]",0.837972170881468,0.545242063407054,1.00001617019469,38994.510034221,39046.1482417395
"kappa0[14,25]",1.69005093604293,0.897365960333479,1.00001614221425,39224.2032929613,38234.6347201939
"kappa0[50,42]",2.10568098980004,1.7725960594342,1.00001590520998,39187.4067626566,39594.4141590657
"kappa0[23,13]",1.00009803180298,0.290269401759465,1.00001589909878,33352.3697395148,38012.8595843532
"kappa0[17,3]",2.15685746689772,1.20253581452769,1.00001585095798,28943.173034284,33743.0158575004
"kappa0[31,11]",0.450758709263284,0.204950255045954,1.00001561349768,38777.3257535174,39085.7048940023
"kappa1[50,22]",2.26524864641769,1.98356271238776,1.00001541924302,40350.5842330463,39554.5864386569
"kappa0[1,26]",0.464180025257164,0.191944248605656,1.00001535739146,39800.8615376116,39804.1386251889
"kappa0[8,10]",0.778578490309876,0.200974278832616,1.00001527905865,30234.5526772113,39848.2528776935
"kappa0[22,49]",0.257145946548921,0.137498860200246,1.00001492343435,39510.8119923037,37319.1470195975
"kappa0[25,44]",0.507779018727032,0.376490749634637,1.000014918333,39866.1671014209,38724.5576084153
"kappa1[8,11]",0.309012847173563,0.0969823669721521,1.00001489623022,30345.0404838054,38178.2507216193
"kappa1[41,3]",1.92945953297431,1.2281984965902,1.00001469626667,38507.0249655637,39834.8540486279
"kappa0[15,25]",1.07443026646218,0.755677290010187,1.00001465381649,36762.4958867152,38304.206601549
"kappa0[49,33]",3.89210439234733,2.95337468629617,1.00001456754461,39343.7247111293,38929.814076718
"kappa1[29,44]",0.139767063100297,0.0690540400373467,1.00001433652383,39914.4229876342,39054.6429184778
"kappa1[47,42]",4.45667391046068,3.45439265752875,1.00001402468565,39719.0561217819,39538.7872283025
"kappa0[29,17]",0.945787547348379,0.375769868304787,1.00001386366384,17622.5900550651,32500.7549998952
"kappa1[32,29]",0.382435960730004,0.190509186469037,1.00001378381592,38840.2716252461,39200.8873465568
"kappa0[33,32]",3.16557262765499,1.13229206870586,1.0000137617136,39904.3861004223,39827.8450285456
"kappa0[19,21]",4.48018826717681,2.82764514323681,1.00001373537016,34804.7313256707,37562.507685156
"kappa0[32,36]",0.459586978291592,0.271376418537886,1.0000137181566,40368.3065646738,39736.5560897156
"kappa0[47,24]",1.82267695956232,1.46525973967084,1.00001342430575,39684.4803249695,39523.546690372
"kappa0[42,34]",1.04387686921495,0.46555548581995,1.00001339628345,38399.8350581554,38773.0203146087
"kappa0[41,44]",26.7983126389332,8.67288950891612,1.0000131777814,36379.1793667018,39126.4656057526
"kappa1[32,34]",1.22404673307938,0.375273112225423,1.00001314063736,36604.3947945017,38506.7617394282
"kappa1[36,25]",1.41483901575952,0.846041716986549,1.00001304348186,39019.505751224,39274.2554509016
"kappa1[29,34]",0.20926354693662,0.0880895335340705,1.00001295908776,37420.1167659074,39429.3015421318
"kappa1[42,31]",0.952841800353493,0.387230456082213,1.00001285296928,38722.5019689303,39623.7984992538
"kappa0[23,43]",0.173684580625059,0.102477482042786,1.00001273422577,38906.4800940023,38932.9871495896
"kappa1[43,12]",3.25436081621461,2.31177735421645,1.00001250708216,39718.5484472233,39695.3253227248
"mu_alpha[5]",0.122534031561756,0.0118600728173919,1.00001227816665,20093.2527696921,37716.8153228385
"kappa1[40,12]",1.04241552614155,0.718746169632193,1.0000118974447,40480.1530589532,39802.6864638582
"kappa1[37,3]",1.49954763049964,0.546790643602096,1.00001168810024,39069.5671957529,39012.2235867167
"kappa1[14,31]",1.10513304283937,0.453088461860861,1.00001161150212,39602.4254086617,38409.0936025045
"kappa0[34,17]",0.12905752009315,0.0546281875452669,1.00001153474645,19587.8262100812,31275.2235513957
"kappa1[16,45]",0.121679851493802,0.0492298132589341,1.00001148118821,39886.9319424734,39956.4600545878
"kappa0[20,17]",2.44392551346012,0.798015729007555,1.00001140774315,11150.9569157979,24866.8388636009
"kappa0[12,26]",0.450757589577991,0.131561714719605,1.00001126178387,35304.9588522268,38760.0105802479
"kappa1[38,44]",0.431942216985269,0.309660675580637,1.00001124171861,39260.6192482048,39621.8053225563
"kappa1[9,31]",0.717692317408328,0.265639450749327,1.00001114882519,38261.8551396217,37237.7624689536
"kappa0[10,12]",0.40115965945068,0.179293967810202,1.00001102512733,37858.9754002124,39227.9484863258
"kappa1[34,42]",0.198815819513857,0.064159548847958,1.00001083197314,35648.4474395976,38058.9214786528
"alpha[5,12]",0.0891939183994635,0.0197781499671928,1.00001071777872,11887.4411172125,27745.8880051839
"kappa0[23,11]",1.50063381307546,0.360634038305266,1.0000107037554,32872.7456448586,39229.3784511821
"kappa0[46,10]",1.34207489072736,0.994718296075136,1.00001043946573,39119.066344436,39942.9400171658
"kappa0[4,35]",0.425547239284126,0.250855430924961,1.00001037364393,31704.2674018223,33577.1232996196
"kappa1[44,34]",1.75669658245898,1.39846321581707,1.00001021651372,39878.4247219751,39846.8992743358
"kappa1[37,7]",2.91924679229111,0.783211095894136,1.00001019019714,36528.2201473825,38316.8773616776
"kappa1[16,22]",0.245232353810375,0.0731856301591761,1.00001015993186,35899.1057993325,38598.7688699291
"kappa0[36,30]",1.45547157590255,1.09111650980317,1.00000981371636,40377.4958547051,39721.8007531634
"kappa1[3,41]",0.0251542294615991,0.00619365369416689,1.00000974431567,29065.6868660764,38390.3830931912
"kappa0[47,1]",0.977303563527806,0.911552675216732,1.00000967101863,39781.8979611011,39080.6090977099
"kappa1[38,14]",0.649185474849366,0.40612252130098,1.00000964891032,40009.3074076368,39639.5140525926
"kappa0[15,22]",0.656897312975962,0.525328693134044,1.0000096277446,39706.9412085172,39845.7983819747
"kappa1[24,2]",0.46290268807199,0.193363448281753,1.00000936611217,37036.7221411564,39454.3903542738
"kappa0[22,9]",0.66196749540044,0.242842381791475,1.0000092360353,38400.0204549252,38629.0562150753
"kappa0[20,44]",0.590608996155994,0.311756652205059,1.00000914902333,39620.9581568708,39637.4355301231
"kappa0[38,20]",2.04613213214831,0.981188151654354,1.0000090746149,40443.5076700566,40058.4942347596
"kappa1[27,12]",1.13705974107867,0.804014862963764,1.00000896589956,40145.8434728653,39678.7784889319
"kappa1[46,8]",0.868872341853671,0.760921576929415,1.00000895371484,39407.9345213562,39886.9907464967
"kappa1[44,25]",4.24729256611199,2.62000965913516,1.0000088814968,40892.1336896818,40139.9760583409
"kappa1[27,21]",7.22633974422904,2.53372008793961,1.00000870005149,34270.7854048178,37415.1061079386
"kappa0[33,17]",0.485234314647592,0.361027364304514,1.00000835776222,37251.4484058217,39791.7924084743
"kappa0[39,19]",1.17550841802723,1.18767547729071,1.0000083106231,38690.6558119117,39116.6125260336
"kappa1[47,34]",1.21060101529209,1.22996205743714,1.00000823541869,38900.3434436935,38894.9846880013
"kappa1[26,13]",3.71996866093415,0.681507702591861,1.00000791487543,18592.827721022,33233.4739107591
"kappa1[38,32]",1.80948399172694,0.772381318652734,1.00000791413753,39521.7495135791,39557.6248559505
"kappa0[18,34]",0.683322061176581,0.436034595153367,1.00000773075307,32401.1868660159,36656.443573369
"kappa0[18,28]",0.4544223748804,0.330490034290245,1.00000765269826,38873.4037636389,39434.8544842148
"kappa0[34,1]",0.386574384945359,0.0916077149498486,1.00000761868878,28312.851325242,39521.3771706021
"kappa1[49,20]",1.28860901618398,1.37254995722191,1.00000753373506,39381.7113472609,39968.274332349
"kappa1[48,52]",1.44074736200175,1.66477802929623,1.00000752702938,39928.0072960824,39318.3890942482
"kappa0[17,33]",0.651673428355499,0.526866506091748,1.00000749159007,38204.5596229374,38603.9495866564
"kappa0[9,24]",1.65821273115858,0.439218836844718,1.00000723361271,35418.8635636694,39957.2685627544
"kappa0[6,34]",0.50978396788832,0.267094439360682,1.0000072300877,28723.9072059021,36762.4384049294
"kappa0[12,51]",0.195585513985462,0.0822406061771692,1.00000722906128,39279.7719148089,38499.2219886162
"kappa1[28,25]",1.14898639585358,0.474027611065392,1.00000717708216,37164.5132235604,38802.1157668248
"kappa0[24,26]",0.954542981318289,0.302257427479559,1.00000707581864,32056.9473682664,39381.4055559995
"kappa0[9,42]",0.571246723114493,0.240316024713329,1.00000698899926,39536.6255482922,39804.7826874712
"kappa0[45,42]",5.9050318897325,1.77272362013056,1.00000696877575,39392.2154420456,39585.9770638237
"kappa1[31,8]",0.245562002830738,0.115894804986696,1.00000692516336,39040.6212259526,38967.1912345247
"kappa1[1,42]",0.909739523211478,0.27318429506674,1.0000066657252,34510.3687954934,38771.1859816288
"kappa0[47,12]",1.80956824883921,1.46125604450936,1.00000654176824,39278.1510371396,38892.2924037131
"kappa0[39,7]",2.33558960725221,2.05645296490904,1.00000630069501,39592.752960621,39812.3827228188
"kappa0[4,12]",0.570949410961431,0.302447047782409,1.0000059376411,25878.5885494855,37062.3460313767
"kappa0[19,35]",0.981391542352657,0.913252340526214,1.00000591825148,39836.578734282,38758.8007925381
"kappa1[43,22]",1.94781642307807,1.60806748397766,1.00000583140391,39881.8831713232,38525.7681687407
"kappa1[39,7]",0.908605719757788,0.819621224401103,1.00000576636172,39206.3205192594,38681.8533723316
"kappa1[24,10]",0.960579991309056,0.288751035958859,1.00000550569172,32500.4307632108,39138.1625984348
"kappa0[28,41]",0.536002478123531,0.402917776440789,1.00000540288771,38607.9458848736,39555.2848225894
"kappa0[26,11]",2.6454366956279,0.615111164623577,1.00000534274826,31457.0720221292,38679.5915179356
"kappa0[37,3]",0.722404075340642,0.599583623118352,1.00000519820124,39480.7057382989,39599.4895530406
"kappa0[37,4]",1.26095438101367,0.923720918079107,1.00000493807234,36542.4415000296,39721.6847821726
"kappa0[43,22]",1.04907753853828,1.01120974931306,1.000004874607,39515.4721380038,39298.2079047098
"kappa1[8,22]",0.46234128540679,0.120862854883612,1.00000487088804,30580.1241290641,38660.7390865284
"kappa1[46,22]",1.55067915671985,1.19626697611553,1.00000485317446,39326.8956470616,39029.6259388925
"kappa0[46,50]",12.0220139841,3.92933171911058,1.00000477545098,36916.2476955333,38919.8266417528
"kappa0[30,33]",0.233447142395502,0.146778511378311,1.00000357207498,40190.0364225894,39465.1765531728
"kappa0[18,44]",0.684856782241718,0.436187485665386,1.00000354181479,33006.2042290544,38392.3017581336
"kappa1[28,22]",0.781664364154637,0.376353649809462,1.00000342334765,39423.0835550439,39028.0904045727
"kappa0[17,20]",0.655273396129377,0.521713573029078,1.00000326427006,38710.9545941938,38852.7836352633
"kappa1[47,8]",1.20314211991061,1.22754406216944,1.00000290264893,38669.3400499274,39183.2754779887
"sigma2_beta_cr[2,2]",0.0168101761753162,0.00994608286646676,1.00000277899831,24828.7894517598,33157.686968326
"kappa0[21,15]",16.8731853235136,7.09673089256379,1.00000275701328,17905.3420524389,29883.4289523655
"kappa0[17,36]",1.57508862476382,0.96909523868998,1.00000266211898,33077.7527288377,37578.5088102466
"kappa0[2,7]",1.66313806784471,0.575189999673231,1.00000251475851,37020.3680634806,38619.2569870485
"kappa0[12,18]",0.108490837850356,0.060757673679063,1.00000248620867,30024.4042600919,37047.1281507676
"kappa1[49,41]",2.79148231495017,2.62658998844248,1.00000236637529,40037.0283286236,40064.3830455519
"kappa1[32,14]",0.293231669085601,0.160589450805003,1.00000230577913,38955.2778355456,39478.768647875
"kappa0[45,7]",5.9068690445914,1.78234890873555,1.00000210246802,37125.0957199472,38414.9979285019
"kappa0[38,33]",0.833947252155679,0.548885067427797,1.00000200277339,39687.3534044027,39485.2848080022
"kappa0[39,15]",2.3963370964719,2.14081026206092,1.00000166557014,38603.592120539,39096.4737738543
"kappa1[22,25]",0.651079021682915,0.178659432098965,1.00000154224,37026.1467365232,39679.8261148346
"kappa0[45,12]",3.37594555250839,1.29085207933194,1.00000147683703,35120.5774215908,36833.987708958
"kappa0[22,29]",0.189072933865589,0.113753071709355,1.00000146455626,40228.1912253669,40380.0008698894
"kappa0[12,44]",0.162836124734606,0.0734374546455206,1.00000135811053,40291.7039189955,39723.0444277318
"kappa1[24,42]",1.04688511099136,0.306114667669214,1.00000124744887,36637.0354542639,39025.7928744923
"kappa1[10,23]",0.474233055417994,0.182512408145893,1.00000120071195,36286.7998339433,39102.5646002828
"kappa0[33,5]",0.483879100953465,0.359440347558882,1.0000011171387,37791.3580227619,37403.7155363349
"kappa0[33,14]",0.464374295290937,0.335699828316393,1.00000072042265,39487.3962823968,39505.993895559
"kappa1[29,22]",0.107911195189473,0.0591517066667572,1.00000058591808,38555.8469472884,39290.8597233288
"kappa0[20,49]",0.30662315600438,0.201502107807977,1.00000039881793,39844.8804168562,39160.6051561655
"kappa0[28,4]",1.69960734299127,0.927812993508678,1.00000027547403,29906.7827269937,37775.4309424673
"kappa1[43,2]",21.5908983859349,7.71243295807291,1.00000011613785,36959.8792286591,37963.0773419771
"kappa0[18,27]",1.26692601047383,0.658075235175025,1.00000006943329,24397.4915113438,36259.5877238916
"kappa1[32,31]",0.894264404725536,0.313377909091604,0.999999928376681,38639.4746672765,40138.3885743508
"kappa1[33,22]",0.687210838229638,0.431207986597502,0.99999990833318,39796.6725497978,39661.2591941805
"kappa0[17,44]",0.646481505720832,0.513179391417839,0.999999878706431,39215.9457586745,39914.3051188939
"kappa0[12,36]",0.101644460052423,0.0552221543890666,0.99999986572741,40064.8857938937,40184.9211910617
"kappa1[22,26]",0.279033032333039,0.111551149893694,0.99999982487952,38940.5559625592,39320.6357062371
"kappa0[31,16]",0.541065469193101,0.22566867078663,0.999999787181,39409.1115793884,39338.2168935321
"kappa0[26,43]",0.661779473331536,0.282401152520751,0.999999653852118,39977.3783737528,39257.3319337756
"sigma2_tau[11]",0.0926382567857165,0.0097507939370582,0.999999495536401,25523.9929796326,33967.5770615194
"kappa0[2,26]",1.67615663174714,0.577470546832086,0.999999263147764,38187.5823203968,39384.8391621008
"kappa0[1,50]",0.179396665309614,0.107906993820078,0.999999129238046,39476.911859566,38980.0516469028
"kappa0[3,6]",0.0263061121239975,0.0114682815851134,0.999999057548832,19882.0142602785,29765.5634825816
"kappa0[13,2]",0.184765977326319,0.0850912378102669,0.999999008135187,39606.0880356549,39523.6900630422
"kappa0[47,11]",0.976740918110844,0.905825768122601,0.999998875907177,39492.4394455785,39015.5923921908
"kappa0[34,9]",0.30099099175373,0.0805051339282156,0.999998210527033,34552.0374940975,37048.9075235985
"kappa0[42,10]",1.24798458468851,0.517559711850157,0.999998150750734,39509.5848593937,39640.5254735434
"kappa0[12,1]",0.721180781256199,0.16917037915468,0.999998028541664,33710.2847713484,38020.0719956862
"kappa0[4,41]",0.888758496378794,0.40426364542185,0.999997961455767,21208.0308292691,31202.8428116341
"kappa0[14,29]",0.552006348534899,0.421345772575363,0.999997891669314,40034.5887153574,39689.1337715969
"kappa1[22,10]",0.235903922533879,0.101193083413686,0.99999781939782,38065.9721550496,39281.6522028312
"kappa1[36,33]",0.971349288045197,0.658038870497013,0.999997653173396,39438.6123596301,39802.8609825574
"kappa1[43,45]",27.0510185608972,8.73676551152069,0.999997619998363,36823.1969038872,37736.669456611
"kappa0[25,33]",1.48396961676635,0.766731906231823,0.999997549283814,39678.457315579,39417.7439505248
"kappa0[22,14]",0.188027159190775,0.112522093591974,0.999997522557217,39070.7258312286,39461.3470436307
"kappa0[44,33]",4.09662145208257,3.08343857820784,0.99999739926717,39827.0211289918,37892.8965864144
"kappa1[40,22]",1.04166311003213,0.717862548771784,0.999997380481249,39886.0340456863,40054.9029726729
"kappa1[46,7]",0.864898403008216,0.758850122235546,0.999997246048247,38585.2705321046,39250.2042022195
"kappa1[45,23]",1.09644927886483,0.631190886709,0.999997183834302,40009.5150824137,39756.1203558933
"kappa0[17,34]",1.05175896028878,0.731876059809532,0.999997048002912,39502.1459921102,39230.8253573869
"kappa0[32,14]",0.320546761573738,0.211932061429661,0.999996884955148,38563.87296907,38322.1929499147
"kappa0[40,22]",3.59372305915509,1.83636479804277,0.999996699632347,38645.3875867666,39562.7222463672
"kappa0[6,25]",1.24386057100678,0.465102806694866,0.999996692317911,13825.385702578,25217.2277060118
"kappa0[52,48]",9.56295825272377,10.1608308310385,0.999996594344407,40272.8245861134,39877.7480067378
"kappa0[49,32]",3.86881879425202,2.89955694024083,0.999996552079184,39611.8825915396,39804.3905424973
"kappa0[12,39]",0.101435648866238,0.0550490048988143,0.999996209026047,40015.4413077144,39293.6105577803
"kappa1[46,42]",2.42306007916492,1.61145453398067,0.99999603158245,40045.4928134173,38310.4271520828
"kappa0[40,7]",6.52330828816322,2.63061399606052,0.999995804522023,38208.2895150707,39700.5539544774
"alpha[5,9]",0.113123681029313,0.0200642109215066,0.999995641540085,17812.7290978605,31907.4679787368
"kappa1[33,29]",0.958831058748057,0.540265285511055,0.999995599502341,39654.4173418428,39731.4558077839
"kappa1[26,1]",1.34766611861695,0.396016682162229,0.999995465865979,37938.5638027234,39237.1406219921
"kappa1[25,41]",0.287901618426789,0.158386529974673,0.999995336559723,39373.4459400319,39266.0288994699
"kappa1[25,30]",0.21003790565894,0.128259231406732,0.999995283469596,40227.9516262302,39826.3948339558
"kappa0[4,3]",1.78694148350486,0.620148955197125,0.999995217564969,13599.2911259995,24416.0341293611
"kappa0[41,34]",1.02052023894086,0.968147994201328,0.999994903293361,39959.8805078848,38600.5701876644
"kappa1[46,48]",9.01335637729314,3.75525069340237,0.999994765416013,39498.6920649988,38613.289602813
"kappa1[9,22]",0.812462170633503,0.284675929967968,0.999994726816706,33107.2354580694,38431.997383471
"kappa0[21,35]",8.90627127092149,4.52857339248561,0.999994680364734,38359.4928254138,39626.1107530109
"kappa1[50,13]",1.13623698513538,1.12778820625168,0.999994488927699,39944.1293456848,38700.2271855429
"kappa1[37,20]",0.597637862564611,0.315381155734158,0.999994285690686,39739.8449412614,40085.8280987017
"kappa0[21,27]",1.01540792320301,0.949773126843682,0.999994263913288,40379.7012101772,40139.1982641118
"kappa0[12,16]",0.957610131789127,0.197596117529542,0.999994192329906,26104.7103024916,37266.0948982325
"kappa0[1,31]",0.181319798382028,0.107361408569769,0.999994142943689,38770.4192615031,39749.3311247836
"kappa0[17,32]",2.15301387492867,1.19702951060691,0.999993891870393,32303.7359246942,37828.0703202661
"kappa0[49,20]",2.21441633442101,1.89464041717865,0.999993336406566,39340.7726216139,39189.2256513892
"kappa0[33,28]",1.30962668011072,0.671529721317312,0.99999314965521,39526.2641551958,39214.6680809521
"kappa1[8,42]",0.111260811124755,0.0537780988347279,0.999992914927957,37826.4139518543,38903.5968877949
"kappa0[24,45]",0.190901076311073,0.114051356921491,0.999992834659029,39748.6512243797,39554.0550397935
"kappa0[35,32]",1.07298875091017,1.02283200486147,0.999992574965755,39950.5062883459,39415.8503392546
"kappa0[8,16]",1.29682174476561,0.2635358137557,0.999992467452609,19884.0935358871,39458.2350544154
"kappa0[28,7]",2.99330040071946,1.22622823980558,0.999992391331346,38771.4019252399,39509.8923091361
"kappa1[27,39]",1.13223729057385,0.793637429651941,0.999992203056586,40651.5457220813,39785.5665207819
"kappa0[29,4]",0.946466240612507,0.375632177946519,0.99999178807703,17719.1421251743,31162.4312101837
"kappa0[36,28]",1.45958511180849,1.09484389563173,0.999991636246558,40208.217051912,39628.7571655359
"kappa0[14,49]",0.553614890932317,0.417317172542747,0.9999915526808,40240.7392198233,40001.4036983667
"kappa1[50,11]",3.95592336593043,2.95566254130365,0.999991460124467,38239.2924873005,38150.8198042601
"kappa1[12,31]",0.188844095432673,0.0534662514733367,0.99999138672566,34962.6892304436,38964.2548661866
"kappa0[49,4]",2.33773132950448,2.05775335987606,0.999991267444207,40262.1338900906,39213.6407250667
"kappa0[25,31]",0.507838383146947,0.374553585950443,0.999991262359304,40717.7405684767,39206.5474747833
"kappa1[22,8]",0.155672103231003,0.0786208377953857,0.999991251577092,38060.7932424894,38689.4841310677
"kappa1[45,34]",1.45483418632136,0.760290050366412,0.999991152563943,40272.7075796566,38942.5829095342
"kappa0[21,19]",9.33240475876185,4.88470932269411,0.999991137588923,26563.3901806236,32569.2782175978
"kappa1[12,13]",0.279011089133372,0.0656128332762277,0.999991091393462,35403.8083011347,36785.3071043059
"kappa0[34,33]",0.13749674448328,0.0522028726107671,0.999991089936038,36864.6306718721,38566.8935378012
"kappa1[42,9]",1.10871470204609,0.424944071238169,0.999991047692434,39132.7906520812,38573.1779264543
"kappa0[35,39]",1.07199556423011,1.0307359235507,0.999990982474507,39157.3943722945,39413.1588356835
"kappa1[26,24]",1.00583306257352,0.336926705900916,0.999990843897693,36353.1594119059,38435.5332753984
"kappa1[3,37]",0.0106186156170355,0.00386164683462098,0.999990807871292,38041.7701147972,38954.4210138972
"kappa1[12,35]",0.0626760652079902,0.0284810403657254,0.999990778863995,35818.3948851616,39403.7273942306
"kappa0[40,33]",1.26467461197579,0.914061242178252,0.999990503567562,39393.4548172583,38452.1002206576
"kappa0[26,31]",0.657186380493872,0.279648962157241,0.999990416001295,39974.2622448905,39243.5204781373
"kappa1[14,49]",0.440269221885906,0.257083023759982,0.999989998132588,39669.3250463764,39163.6118745651
"kappa1[49,7]",2.79687043360254,2.6459788913754,0.999989561526852,39686.9843860449,38109.4282787167
"kappa0[25,4]",1.17343359782948,0.690758045422174,0.999989455324608,27654.0674717493,36383.8759229559
"kappa0[2,12]",1.10340973879995,0.458842970277472,0.999989380199168,39194.6828284804,39499.7337287582
"kappa0[33,12]",2.01101957767101,0.868103301220035,0.999989060764453,38032.4414169219,38058.7491084778
"kappa1[45,22]",0.766645962110093,0.499666700774769,0.999988779985911,39805.629589101,39843.64641099
"kappa0[39,21]",2.34922752253793,2.06871740314662,0.999988599297521,39615.7689913415,40607.6055214033
"kappa1[28,49]",0.316575235410135,0.211554350579132,0.999988558434177,39424.608510487,39721.9946262769
"kappa0[39,5]",6.81214527340717,4.6290672711475,0.999987837210126,36118.4657493021,38700.4870420986
"kappa1[25,33]",0.37380623778092,0.186425636587661,0.999987784615661,39357.3309282593,39090.6788542071
"kappa0[14,28]",2.15690705580754,1.03850312580416,0.999987322773008,39979.6820627981,39721.6531255957
"kappa1[20,29]",0.30554732415341,0.149453562284553,0.999987169675256,38513.9458906998,38455.9828881661
"kappa1[12,21]",0.075250092134866,0.0315716685868788,0.999986705383226,38843.70058164,39268.8552345235
"kappa1[49,44]",1.30508839083655,1.42964647302941,0.999986564588262,39530.9483972432,39824.9544904915
"kappa0[14,31]",0.55325422286621,0.423493686866587,0.999986469149648,39999.9508422788,39602.483751196
"kappa0[3,39]",0.0242690599092666,0.0101187721560589,0.999986387605161,38957.488554114,39201.9665091805
"kappa1[50,2]",3.95175107627882,2.96334464387153,0.999985947314629,39897.1558276997,39455.6842173515
"kappa1[36,20]",1.4222192732663,0.855383666503212,0.999985883344537,39784.1791405123,39525.6720267648
"kappa1[7,42]",0.0747107896947204,0.0190261765568451,0.999985645281678,33991.1440141548,39052.5266941386
"kappa0[41,33]",4.93082980301342,3.12258719489924,0.999985528568922,40293.6623778569,40054.2572591244
"kappa1[3,14]",0.0119450704687306,0.00408911708216628,0.999985450966187,37797.5055986412,38146.9941458951
"kappa0[1,23]",0.3866149825933,0.172921600244814,0.999985306057255,39637.6498395937,40177.7225770871
"kappa0[41,7]",6.81923427730019,3.8338775826709,0.999985246316686,39676.2251334811,40236.5254393895
"kappa1[31,30]",0.193320600613679,0.100146788138794,0.999985239927383,40402.7196439743,39457.7157146538
"kappa0[25,20]",4.13042980031261,1.41472775472812,0.999985178766495,40030.7740372286,40001.7092072818
"kappa0[27,7]",1.02516518415567,0.970041744807363,0.999985023240238,40341.2625070003,38859.8268973575
"kappa0[18,29]",0.687654921312665,0.440783145505144,0.999984838956807,34088.4176366789,38628.8951665094
"kappa0[46,11]",1.3470047931537,0.997436125067661,0.999984579376391,40065.4631643534,39616.6005394125
"kappa0[44,14]",1.1530509178646,1.1573225211542,0.999984574746091,40587.8762852641,38892.9560600394
"kappa0[23,10]",1.08239536131767,0.303602533178429,0.999984416080949,31329.6635240103,39270.1114341785
"kappa0[49,3]",3.88739271744101,2.9145467783099,0.999984041976628,39549.9809197078,40311.3012794156
"kappa0[15,35]",1.58062645668884,0.987731123578291,0.999983872397275,33381.5165503941,38761.8535848339
"kappa1[45,13]",3.12619886880494,1.19375716369181,0.999983814568587,37092.6600018605,39677.2344942751
"kappa0[18,25]",0.686882181749129,0.441270718734379,0.999983337530125,36516.8859890389,37622.567585694
"kappa1[32,41]",0.382932434957939,0.190685469254999,0.999983258830167,38990.878800737,40439.9753466314
"kappa1[22,34]",0.944462719815708,0.218057805724262,0.99998324202487,25874.1192355172,37606.6700876179
"kappa0[15,39]",1.58693323065916,0.988201660697612,0.999982883669105,33323.9065396523,37545.2815366782
"kappa1[46,26]",1.54547598349567,1.17137950304859,0.999982626099131,39609.7629788863,39548.3417658031
"kappa0[21,14]",1.02586023478403,0.967423591139485,0.999982619960802,39738.9410891164,38749.7534801681
"kappa1[12,32]",0.21930683598331,0.0579017020385249,0.999982282805373,32359.1850586279,37950.0489891816
"kappa0[31,32]",0.280806196451013,0.152902955666689,0.999982225229632,38609.7192491129,40099.6000548356
"kappa0[12,15]",0.108803276683493,0.0613248447865385,0.999982025769213,27280.9496428346,35489.6589294724
"kappa0[9,31]",0.882169461003617,0.313072288884695,0.999981909613334,38557.523132927,39543.0216979994
"kappa0[29,37]",0.52812552482255,0.243702410573051,0.999981640629509,37996.6335827208,39126.0146692267
"kappa0[50,2]",1.09534406152121,1.07578731353198,0.999981531480366,40231.5259398141,38703.1836756966
"kappa0[5,25]",0.454510075344695,0.329200905081126,0.999981496970544,35521.5961309793,38576.1702103562
"kappa0[22,24]",0.255618334125261,0.136585064003618,0.999981450748826,37720.5102882683,37435.3126441834
"kappa1[49,28]",2.78694823709355,2.61361591872984,0.999981353641563,40377.6087772347,40442.1513483925
"kappa0[49,28]",3.88099798663482,2.91913560942952,0.999981166497998,40628.6003538303,38732.0356740232
"kappa0[19,14]",4.48800946128639,2.80974300536805,0.999980781226279,35129.8952253795,37824.2319059397
"kappa0[8,42]",0.245014954314248,0.105043072401691,0.999980740845648,38599.5386314456,39391.3928725117
"kappa0[22,17]",0.531706682829098,0.233040448446327,0.999980664977142,19897.8931241667,30909.7921799951
"kappa0[45,26]",0.522996853314643,0.392289784972746,0.999980604502697,39956.1406173659,39615.2019988364
"kappa0[41,28]",1.03032680978337,0.975897534160657,0.999980582389911,39827.931034842,39674.0165788657
"kappa0[52,12]",1.57489545574132,1.89733071940809,0.999980367465042,39778.0635179142,39784.7122336681
"kappa1[31,29]",0.145592951630334,0.0836142491109442,0.99998033043146,38779.8320668088,39803.0768280613
"kappa0[23,46]",0.299244014813888,0.144068712351904,0.999980084517423,39765.2704803689,38773.4295294108
"kappa0[6,30]",0.272297250720024,0.175839214633588,0.999979971892879,34645.3665279555,39239.1152202276
"kappa0[7,23]",0.286575036494658,0.0642611392567829,0.99997992977464,31697.3677593966,38260.5894978676
"kappa1[41,44]",11.9037756391253,3.73623076977792,0.999979641175259,35273.6852012283,38963.2970680438
"kappa0[43,16]",1.97873746104216,1.65534729995282,0.999979420190357,39288.4471568552,38814.7785807221
"kappa0[50,24]",3.64473494490969,2.68518741041453,0.999979323594297,39483.0664036866,39299.0423152915
"kappa1[23,9]",0.705108367862488,0.258789992616537,0.999979277015255,38370.5423265787,38750.0514365837
"kappa0[4,21]",0.569170037031257,0.304389618901638,0.999979202682722,27611.5066500855,36015.6322997564
"kappa0[43,45]",40.1910531704538,11.1917647717631,0.999979167737395,35407.5787183378,40054.7460377957
"kappa1[25,40]",0.464011323458405,0.211956186943967,0.999979103723843,39580.290139299,39193.2971451969
"kappa0[12,49]",0.131641110612909,0.0652214973645943,0.999979043670239,38239.0361766465,38763.791978956
"kappa1[25,28]",1.07793612975099,0.346127298595283,0.999978895489054,36108.5633152921,38680.8953404961
"kappa0[33,20]",5.65012728414254,1.56778644701703,0.999978884173587,35062.3418136213,39321.9211696233
"kappa0[42,2]",0.486169979346768,0.289163500750492,0.999978766977379,38641.3731412258,39518.5806121843
"kappa0[40,25]",7.59387835101756,2.90420560371923,0.999978752044617,38653.6552659161,39327.1740996006
"kappa0[1,42]",0.626051242505277,0.228344413536606,0.999978421776271,36291.6407042745,38815.8255331158
"kappa0[3,29]",0.0371032233106008,0.0129043850217323,0.999978235905539,37590.4259059206,39406.3375507682
"kappa1[35,32]",0.943864421934109,0.636880154998938,0.999978140765928,40114.6268399216,39347.0133422423
"kappa0[28,3]",1.19798440281276,0.702901039331278,0.999977892608603,39046.5719485985,39954.0909444898
"kappa0[48,47]",48.917017616221,20.058735716866,0.999977717120016,36710.6749251674,38333.7393612997
"kappa0[45,13]",1.16091188446757,0.674619371379745,0.999977439359586,39984.7114978189,39679.9768283894
"kappa0[39,14]",1.16976686851209,1.18294870672642,0.999977351619435,39101.1627599267,38615.935343897
"kappa1[12,36]",0.0625115954992729,0.0281733992136636,0.999977024479693,37742.2720037904,39332.8752824518
"kappa0[32,40]",0.320809137643388,0.210903578932341,0.999976972444717,39724.4571837417,37865.1797058361
"kappa0[20,12]",1.0968803220709,0.450256392089303,0.999976845715063,39441.6738412578,40013.4896631177
"kappa1[23,43]",0.348389647810442,0.171214148420069,0.999976660188787,39776.6458852361,38883.4398303481
"kappa1[30,31]",0.131656921362289,0.0583913729913584,0.999976131388642,39202.4652678862,39560.3756898616
"kappa0[46,47]",4.93067046308008,2.33578494735547,0.999976097610704,39616.4038938253,39584.923147413
"kappa0[38,28]",1.60099315851088,0.841706998753357,0.999976064738451,39321.410546352,39680.0912973717
"kappa0[27,39]",1.9554574536705,1.60260794581496,0.999975707089191,39081.199181663,39630.1742473117
"kappa0[32,31]",0.791736348319258,0.377688623582957,0.99997568522082,39553.479055383,40147.5207132939
"kappa1[49,33]",2.80835687088759,2.64410663558324,0.999975604941866,39465.1020180402,38759.0955407519
"kappa0[44,32]",9.19449193595145,5.41076403881538,0.999975464326955,40019.7531157709,39284.3336414849
"kappa0[18,41]",0.452098887511801,0.326884153674673,0.999975291071057,37910.5900432717,39355.6842139115
"kappa1[47,11]",2.47442729145036,2.21658856725315,0.999975006268928,38996.2246762287,39418.0017256195
"kappa0[20,31]",0.746586378596611,0.356981394661079,0.999974654957152,38546.2375000862,38926.7949409267
"kappa1[43,8]",1.02344338059159,0.961186942999617,0.999974510339069,39179.2608020682,38873.0768520103
"kappa1[36,49]",0.969423394854819,0.657892014136036,0.999974064547212,40363.6825413254,40269.820825617
"kappa0[35,27]",3.52823967469794,2.56809335554085,0.999974048637898,39886.9480558884,40141.2030504674
"kappa0[27,19]",1.03918359048285,0.988718317434757,0.999973884543426,39756.0989672204,39109.5512700759
"kappa1[48,12]",3.36947025034267,3.48986398542929,0.999973770277058,39398.5333878963,39638.679100878
"kappa1[26,31]",0.480967925433174,0.217128192723904,0.999973677660708,38424.6990363212,37589.9206314371
"kappa0[41,17]",2.00318671926105,1.67149913016811,0.999973572396541,39255.262558821,38879.4814736589
"kappa1[14,33]",0.924571557229116,0.408657415422184,0.999973357510276,39590.3799187118,38576.2032860476
"kappa0[41,5]",1.04059699997855,0.993386400106472,0.99997276985389,38882.0923620786,39342.8230390177
"kappa1[41,33]",2.70018391820156,1.53688242389587,0.999972173456958,39779.0592672655,40098.2734322826
"kappa0[44,28]",2.31291334171612,2.01258282372361,0.999972054134208,40917.3013526874,39802.5826973875
"kappa0[43,3]",1.98805976625809,1.63394266415542,0.999972023663125,39417.7118493136,38734.4791343181
"kappa0[28,33]",1.60605531213168,0.838697664545914,0.999971610822618,39788.8756603248,38074.1612621419
"kappa1[49,4]",6.01372999260722,3.99634269149972,0.999971493929008,28666.8557210882,37787.7116259264
"kappa0[19,7]",1.8109747426414,1.4837650425903,0.999971321618188,39188.1611174106,38762.2251317372
"kappa0[33,29]",0.463229223840494,0.3343637886032,0.999970900620499,40131.2952190429,39677.0171188176
"kappa1[48,50]",3.37886861876047,3.47029912116857,0.999970715902579,39045.0527038998,39431.0700908143
"kappa0[19,39]",0.978017409170955,0.907392270709765,0.999970565207021,38881.6892218287,38494.3460741437
"kappa1[27,7]",1.13008954357846,0.797769410128364,0.999970564653887,39838.5897939512,39835.9277060434
"kappa1[20,41]",0.608967048066033,0.222433328167893,0.999970538722051,38059.8995176529,39351.3202666214
"kappa1[28,31]",0.455467872768112,0.267127146318046,0.999970509847598,39917.7598750821,39376.0750694655
"kappa0[48,52]",9.44654963932953,6.82173139736569,0.999970406802025,40327.7666003962,39678.8446441167
"kappa1[38,34]",0.431130741638761,0.306955388752975,0.999970013097637,38935.9034671482,40126.6935754049
"kappa1[46,24]",1.53382900151593,1.18400783012937,0.999969645952089,39807.9140276766,38733.231626466
"kappa0[12,22]",0.375873533078166,0.119232856645184,0.999969603353569,34957.0698325269,39722.6732046086
"kappa0[27,32]",1.03864866498954,0.973978043124879,0.999969280498378,40083.002870026,40113.5128297894
"kappa1[36,28]",0.604825189447327,0.472001913951604,0.999969231518555,39566.5467641325,39770.9834190596
"kappa0[22,37]",0.188346647525379,0.112020262236795,0.999969021853307,39923.0917145805,39461.7777377929
"kappa0[28,49]",0.832653558519228,0.5497087430421,0.999968424863568,39810.2474885908,39676.6451151346
"kappa0[38,44]",0.830591843501444,0.540592789759695,0.999968342559167,40101.0666929262,39106.1875804091
"kappa0[31,23]",0.449085147174607,0.202654639325698,0.999968146991602,38838.1619123806,38924.1032190482
"kappa1[43,16]",1.03088150067557,0.985576018202121,0.999968012914671,39854.45773667,40055.2494351089
"kappa1[24,22]",0.706250847398052,0.243147793688518,0.999967808202464,37808.4449396792,38980.0982854229
"kappa0[24,22]",0.259346661992547,0.13860453780591,0.99996764139441,39123.2853704733,39661.6332380883
"kappa0[44,4]",33.0855222302977,12.8569523056599,0.999967416457456,15439.0288596162,28850.8460687791
"kappa0[30,32]",0.233457198793983,0.145857234109706,0.999966909092326,39670.6868994903,39650.8782034353
"kappa1[40,31]",0.639048582624277,0.507826502939243,0.999966794728546,39927.7637073221,39454.4359350835
"sigma2_tau[2]",0.0581394226615537,0.0104614959556092,0.999966538438733,15029.0400644242,21994.1480156943
"kappa0[31,1]",0.734797705436053,0.272025427049729,0.999966235908619,38779.4619279547,38604.0247857815
"kappa1[26,10]",0.794262447162097,0.294605604274248,0.99996593098147,39196.7515471305,39620.6253133502
"kappa0[3,27]",0.020227074551403,0.00908149520309779,0.999965553345122,38822.5825552511,39001.9498782043
"kappa0[41,49]",8.99252071619671,4.52513877872848,0.999965499610276,38613.7533075442,38230.4252824409
"kappa0[38,14]",0.535965102266863,0.404102520794908,0.999965253753285,39005.3122776464,39581.5248484794
"kappa0[48,50]",1.33882501091709,1.45782289403659,0.999965222562059,39658.8226820069,39607.4730325451
"kappa1[42,2]",0.391892499599348,0.224488291759773,0.999965153290998,39667.9156636268,38379.0387998396
"kappa0[2,42]",0.923681529953715,0.407365987350007,0.999964325849041,39443.1855081502,39802.323217026
"kappa1[31,12]",0.598168612415916,0.193890225628736,0.999964177906155,35756.3159988412,38392.8032345031
"kappa0[13,22]",0.186074341689633,0.0849116593541148,0.99996395473806,39193.648872212,39032.7897374551
"kappa0[49,25]",6.01626607547136,3.97046341622267,0.999963688603027,40808.5926069903,39377.3059538861
"kappa1[42,43]",2.09989529188027,0.602945032452239,0.999963140094573,36795.2464726216,38887.6210832476
"kappa0[36,34]",1.45683765523218,1.10521942216731,0.999963039499042,39700.494496336,39458.3842093864
"kappa1[38,31]",1.18822050124701,0.602704183847163,0.999962783334177,39633.1085108635,39746.9352736773
"kappa0[44,7]",4.09277810328787,3.11900477077434,0.999962597334556,40642.6322868005,39189.1186334689
"kappa1[33,37]",0.683924652729709,0.432951606034485,0.999962525349699,39603.596300797,40142.7892438728
"kappa0[25,30]",0.781855809966087,0.506085923909913,0.999962349926928,39608.4007244072,39461.7466703021
"kappa1[45,16]",1.4583068633443,0.753380053873015,0.999962206653526,39550.2529936063,39670.6215252921
"kappa0[35,14]",2.06887378946324,1.72914124415741,0.999961996908671,39661.9208681373,39587.2016270243
"kappa1[50,3]",15.1160154781221,7.24977808391044,0.999961368379055,39024.4411266923,39047.6178819269
"kappa0[42,22]",0.336876393356063,0.226104018864507,0.999960890745517,40535.3060610607,39740.361451345
"kappa0[10,23]",0.563974337034092,0.219209557734718,0.999960113678784,39495.2334032753,39829.0976583959
"kappa1[44,3]",1.76201389613918,1.39964843997906,0.999959653910633,38703.0877657,39635.7532494192
"kappa1[44,32]",1.76227000998916,1.39171358219044,0.999959176956163,38854.6099297593,39181.2723924121
"kappa0[30,4]",0.458062454150491,0.239243638928141,0.999959066720533,25472.9126468224,35905.5243507032
"kappa0[17,14]",1.06216223226405,0.750481821299084,0.999958827340612,35121.4990351346,37518.6703643084
"kappa0[12,35]",0.100664029554226,0.0546825269109964,0.999958599489237,39618.4267777877,39685.21917481
"kappa0[4,44]",0.890653650156281,0.40189294285848,0.999958386759225,23032.0305338433,30113.4850551902
"kappa1[13,12]",1.1810006552991,0.216311438388103,0.999958069975979,19930.1251748379,36528.4706408561
"kappa0[40,32]",1.93375340900949,1.23449255948984,0.999957856081799,38903.4593617913,38413.1270182798
"kappa0[44,12]",1.1534821158993,1.16574309096539,0.999957738438696,40124.4946565064,39350.822879047
"kappa0[40,17]",2.04920025964002,1.33554202413587,0.9999575210263,32852.68199364,37342.2528167134
"kappa0[37,22]",1.19962402373145,0.853823317760593,0.999957130698659,38917.342628781,39264.2895280211
"kappa0[36,18]",1.51036777689296,1.15384274614303,0.999956966013382,37409.222208796,39431.5602658799
"kappa1[45,9]",2.68883356115829,1.09581532406911,0.999956212716398,39744.9751568331,39358.7189457261
"kappa0[36,33]",0.832570884772045,0.720596641785919,0.99995540207752,39918.6770742923,38112.2274671691
"kappa0[45,34]",0.816991302802606,0.531677231801236,0.99995520952105,40192.7762799969,40466.5646562463
"kappa0[25,38]",1.4788419422992,0.772281256149407,0.999954321399875,39205.4987630093,38082.7775936598
"kappa0[28,34]",0.836245817714003,0.552017865064645,0.999954231574518,40181.9929380159,39882.8670950099
"kappa1[35,21]",2.41130615788013,1.17289840817164,0.999953901527072,39728.9440490416,39722.0868352208
"kappa1[33,34]",0.688890682253183,0.436189358887748,0.99995338400634,38284.28367099,38008.6805487716
"kappa0[28,37]",1.60422712262423,0.846143444890426,0.999953037989332,39296.8066812929,40180.6661828217
"kappa0[45,10]",1.97339951359565,0.944474124257769,0.999952908658428,39751.4224061716,39020.2915410836
"kappa0[29,22]",0.420919128251188,0.213008947538058,0.999952696577368,39448.4060062798,37806.7990367
"kappa0[40,12]",1.93431184211618,1.2357787638114,0.999951265172414,39232.2520743043,38760.4880754533
"kappa0[40,3]",1.92859881797303,1.22868124046574,0.999951054079491,38827.6427920177,39503.7689438715
"kappa0[49,31]",2.20568088760908,1.88795299600714,0.999948546255382,39624.7736431852,39025.0871570908
"kappa1[34,2]",0.0657034430117217,0.0336830580802087,0.999947304091274,39770.1716597215,39553.7395004353
"kappa1[1,22]",0.298596564438405,0.144949906669996,0.999947256778807,36000.607692883,38701.5663396675
"kappa0[50,3]",2.12768861019249,1.81049213621413,0.999942497466999,39938.5322666849,39660.7087570962
"kappa0[38,22]",0.531722225733822,0.401294590286425,0.999940969709702,39690.4657738181,39637.9275045911
"kappa1[21,35]",2.58399932433196,1.45730211184776,0.999940435745934,38065.2008400656,39391.4989128415
"kappa1[46,1]",0.867480592777187,0.751379381289335,0.999939665988437,39491.6285574113,40055.4268568378
"kappa1[47,7]",2.48379375757372,2.2311628483381,0.999939194465531,39370.9381089044,39845.6991885531
"kappa0[12,47]",0.195990689717302,0.0826217876176433,0.999937054802993,38806.3094760871,39349.5763303175
"kappa0[38,25]",0.533576248884595,0.400769457937301,0.999936434779026,39891.3786618373,39666.7001384585
"kappa1[23,42]",1.29631391326862,0.36544828596893,0.999933267553273,32292.5451830457,38090.6549904859
"kappa0[33,6]",0.747350362209623,0.484235715315947,0.999931647071115,33874.4518735364,33037.0663742709
"kappa1[25,34]",0.288032792689989,0.157191646768401,0.999930753185617,39055.9489618161,38163.6372904984
