"parameter","mean","sd","rhat","ess_bulk","ess_tail"
"mu_beta_cr[2,3]",2.31592608714031,0.13422709689158,1.06352837947049,84.9899643261972,118.540283439419
"mu_beta_cr[1,3]",1.42427336205442,0.127511517413051,1.06273621163147,47.8274531567032,268.362742248686
"beta_key0[3,7]",1.34914313973522,0.129916164360058,1.06252134424738,48.2345507929768,268.384180466495
"beta_key1[3,7]",2.39384627361707,0.135941808531574,1.06224057100915,86.1576119439934,120.214993989067
"beta_key1[3,3]",2.323341935417,0.137369403681701,1.06207089880283,89.5101908525455,174.64768789028
"beta_key1[3,6]",2.26100928678561,0.135211170324188,1.06195351060577,85.9137181368894,140.94054471712
"beta_key1[3,10]",2.34746864392986,0.136568953500717,1.06195051984436,84.8473559139506,137.261217619174
"beta_key1[3,12]",2.27413232706146,0.137029613697019,1.06166465572003,88.4313310205004,125.447493400327
"beta_key1[3,4]",2.43193292843668,0.135921255288558,1.06156328438653,90.182228254297,115.574636199944
"beta_key1[3,2]",2.36366440906125,0.138719509393162,1.06115517634614,89.8401875114946,127.342729550681
"beta_key1[3,11]",2.28855472826581,0.136185497830595,1.06086004230266,88.1512630093029,133.943300778822
"beta_key0[3,5]",1.37384455279671,0.13041784517195,1.06031395350056,49.4912190483767,291.850575594006
"beta_key0[3,9]",1.27966622157382,0.130379021573788,1.0601975260643,49.3613134649892,276.851461862229
"beta_key0[3,3]",1.39517852957902,0.130315073976533,1.06013842089414,49.7347539297307,278.071991691561
"beta_key0[3,11]",1.41939230121835,0.129386342881809,1.06007521889308,50.3358013547456,277.429883221165
"beta_key1[3,5]",2.16189361958804,0.137572057667073,1.05998265738382,88.3282136950822,137.41721418734
"beta_key0[3,1]",1.36366813690033,0.131734180417677,1.05993248662639,50.4244240224116,279.436093600981
"beta_key1[3,9]",2.13497663337576,0.136884492246818,1.05992042074659,89.6807811823386,130.077924849625
"beta_key1[3,1]",2.29883314364593,0.13805991495903,1.05950474090067,91.3816947343841,135.404012858791
"beta_key0[3,13]",1.4580917688031,0.132089268038686,1.05945267250504,50.0225152920682,300.718469778442
"beta_key0[3,6]",1.48368236290774,0.131135175303795,1.05944714216779,49.7279925096813,278.414898911831
"beta_key1[3,8]",2.36997984307526,0.139281411326262,1.05939158855429,92.44400957064,139.247056763925
"beta_key0[3,12]",1.46677267251267,0.131170054596375,1.05908991260183,51.1984275164895,309.286526612424
"beta_key0[3,10]",1.4802048456096,0.131599688697088,1.05905742338457,49.6703009666924,300.413368498303
"beta_key0[3,14]",1.4772702097139,0.132249253897489,1.0587570264473,50.6357401757986,291.519257602044
"beta_key0[3,4]",1.47335802669532,0.130395881223534,1.05842674212411,51.1617216889763,275.665847475577
"beta_key0[3,8]",1.46245855920909,0.132105785912702,1.0576260611619,53.4080535667433,290.933227428687
"beta_key1[3,14]",2.48433857511386,0.139618404025881,1.05709573183921,95.4903280624964,121.17889287109
"beta_key1[3,13]",2.31775324834182,0.141376457363908,1.05643851249635,97.0740146057446,143.056335400335
"beta_key0[3,2]",1.46749368185181,0.132974309065885,1.05629205237271,54.8406214558528,311.151307699726
"kappa0[1,5]",11.3277597931556,1.15097807072745,1.05064918076659,77.5066803273392,318.872148757537
"kappa0[8,1]",15.0585275354089,1.53130007558579,1.05062935995743,77.1011172439292,333.903575538302
"kappa0[1,8]",7.65227184578436,0.785680043452805,1.04997961770175,78.551844501227,334.415752774414
"kappa0[9,10]",12.4985007406656,1.28343795625386,1.04986470706604,78.9953106120462,324.75866491357
"kappa0[9,11]",14.0868244004653,1.44499134326986,1.04973647519148,79.9147869268705,346.196082410932
"kappa0[11,8]",18.2516760400245,1.86777850262452,1.04966743771166,79.0716291407334,353.141650882017
"kappa0[1,2]",5.75860471103657,0.594997539537169,1.04913505074013,81.2496512290096,347.350946204929
"kappa0[9,15]",8.98785758021874,0.933447027698252,1.04898501597554,81.7264112417748,347.140259301903
"kappa0[3,4]",28.6773528454513,2.98324144699625,1.04890395655936,78.8724396244541,368.686484890168
"kappa0[11,9]",11.7251617680884,1.21536970810174,1.04860902332657,81.4163083965656,354.134711122058
"kappa0[2,3]",15.4658280356946,1.6079281391285,1.04848588868959,82.6537422989784,343.688804078948
"beta_key1[2,6]",1.22328259226977,0.0695841578780528,1.04844750155842,125.548643254346,278.630710302315
"kappa0[12,13]",8.2430355942405,0.856498764494172,1.04752162496175,83.6622461309686,348.16556501486
"kappa0[8,2]",4.80995675297421,0.504542911532802,1.04741852768067,84.9467826934067,345.839159647746
"kappa0[4,12]",23.004651333341,2.42293804186499,1.04709410132232,83.8968140236142,370.770548705085
"kappa0[10,11]",12.712843815556,1.3395749373224,1.04671763211728,85.7557656541275,359.03722200326
"kappa0[12,11]",5.53735624590725,0.585704203502949,1.04665002642384,82.9800156848586,353.391231821577
"mu_beta_cr[2,2]",1.32600137077783,0.0694947518684151,1.04589395417748,129.599096187403,300.034068142965
"beta_key1[2,10]",1.36800496709453,0.0713517977364602,1.04546750200006,130.359918046711,318.485333151434
"beta_key1[2,4]",1.30707151773293,0.0703759715277408,1.04522265883507,135.731093215317,225.865843978309
"kappa0[8,5]",3.46115161142027,0.369592828287584,1.04484789245756,91.8491722851606,386.11031249195
"kappa0[15,11]",7.00362730505174,0.757978528297375,1.04469609466042,87.8073710775382,396.64285491906
"kappa0[11,12]",5.08585218302872,0.547234457673422,1.04456639183863,89.284582208237,402.020978004659
"kappa0[45,1]",1115.89188379366,119.26601560762,1.04446467984528,90.5505900015463,382.986522191227
"kappa0[4,5]",11.9342081443299,1.31255764060716,1.04436712436298,95.6935759889236,398.022952449597
"kappa0[8,9]",2.76484721354898,0.29898522387312,1.04436683500376,89.745013857282,397.476029356729
"beta_key1[2,7]",1.37060508062196,0.0710800155962343,1.04426793594259,138.043957671717,493.41240585878
"kappa0[8,12]",2.49140843156374,0.2713062451791,1.04409701210192,88.9786861130505,417.158514773044
"beta_key1[2,9]",1.1484968289391,0.0710670493293264,1.04398499170152,137.623468863091,288.173797786734
"kappa0[10,12]",8.88228455515245,0.954959733322105,1.04330051094501,90.6426795027153,390.291654696622
"kappa0[12,9]",2.87163598362799,0.315387841944,1.04329465996319,88.2365334058136,417.724002282963
"kappa0[9,12]",3.17432162660278,0.349632920128409,1.04328153041252,89.0949028492708,401.805405209022
"beta_key1[2,12]",1.34978194668013,0.0714482116291179,1.04280598537088,140.291454960001,368.973818621046
"beta_key1[2,11]",1.28901578149138,0.0709388962073384,1.0428013361731,137.156650824084,376.46401314699
"kappa0[15,10]",6.34283001213864,0.69278711660154,1.04254373493374,98.2691729196551,420.125240205176
"beta_key1[2,5]",1.33309014741187,0.0718981284977311,1.04213017976268,141.804832533869,330.555145362174
"kappa0[1,45]",1.67986752124433,0.185534176464887,1.04195858891193,97.2005229991289,437.905712302428
"beta_key1[2,3]",1.35353901421146,0.0724643573811331,1.04192327179762,142.099196005026,340.366482464781
"kappa0[12,5]",2.67652706834602,0.296236425679735,1.04170170588145,101.761074995219,431.840068977023
"kappa0[11,1]",2.92145758686926,0.329180604645802,1.04161983507642,93.0885262445866,462.600481464266
"beta_key1[2,2]",1.4128968369789,0.0744149420188441,1.04105001092459,150.053796443272,434.194243940924
"kappa0[2,4]",4.10397128626299,0.462571926296016,1.04072368917748,97.9577239346624,469.00066090187
"kappa0[1,9]",1.17318037089653,0.133845998990351,1.04031256670361,99.6052131824577,440.13932612746
"beta_key1[2,14]",1.24905166025482,0.0753227448143633,1.04013759161732,151.778124451199,363.810371168164
"beta_key1[2,1]",1.36787633612032,0.0738665992083321,1.04007763713008,148.729924327098,475.649370833109
"kappa0[5,8]",3.32217550219763,0.384453188054444,1.03983464923933,104.536261901124,477.781462318141
"kappa0[8,45]",1.49117172403497,0.17076092693729,1.03964339419909,105.242180848746,506.517672786105
"beta_key1[2,8]",1.38735302240998,0.0747333715942805,1.03867831125956,151.759285958483,415.761943573772
"kappa0[4,13]",6.08434767876035,0.717382388954595,1.03693382901282,103.121956816628,548.698251244262
"kappa0[2,12]",2.86307465555202,0.33619520186239,1.03646276914817,110.219816961847,560.233512516163
"beta_key1[2,13]",1.41378008952128,0.0771181639655675,1.03495651115784,170.232728121198,519.803878168827
"kappa0[1,11]",0.830494926645568,0.0990348540277272,1.03448714889343,119.060478214786,557.517341177218
"kappa1[7,9]",17.8371796734528,1.09227464537171,1.03383007693695,174.918220273854,404.252080906115
"kappa1[2,3]",20.1791236783653,1.97919463137313,1.03279884910226,111.04540846139,337.484679068332
"kappa1[11,8]",26.5941397485054,2.60503697703053,1.03278963340634,110.695526534841,326.83495966378
"kappa1[9,10]",22.3432082149411,2.19456632558962,1.03264336352921,111.442302225042,337.668897421905
"kappa1[3,4]",27.638965349392,2.7117549384,1.03253702835476,110.816235481265,324.364380287214
"kappa1[10,11]",25.4127688567826,2.49131355671506,1.03252360836717,111.1425574882,328.870747210329
"kappa1[8,2]",10.8743629354122,1.07419200184857,1.03241234273909,111.593036367921,332.187591665282
"kappa1[12,13]",16.9427845934669,1.66046247769742,1.03232678731294,110.820548697356,332.200416430919
"kappa1[1,2]",7.70887562335017,0.761942770549726,1.03226033483801,112.336673117877,343.371877986683
"kappa1[9,11]",12.9039054382832,1.2795173661576,1.03224331566425,113.152207535507,337.807798316685
"kappa1[1,8]",6.59979483478174,0.655190441387159,1.03208234127411,113.423671243599,341.723800750959
"kappa1[8,1]",11.2266919316153,1.10595718313623,1.03206471985116,111.834498881615,328.714342074722
"kappa0[2,5]",1.98630324712292,0.247281447180867,1.03200614231707,142.189647614626,629.490785649715
"kappa1[4,12]",23.7055404915694,2.34905461303331,1.03196562648888,113.111666129231,357.972831293327
"kappa1[11,12]",12.6910316968421,1.25833764729248,1.03173544261257,113.759607337749,349.600270201361
"kappa1[7,8]",6.69796554083458,0.432947941957413,1.03159675742301,191.820698972762,379.28885174273
"kappa1[1,5]",6.60051837943872,0.655624010771156,1.03149406145226,114.35561070541,372.910616702186
"kappa1[8,12]",6.71621554462759,0.66969059639115,1.03131460772567,114.505756179717,358.300552904203
"kappa1[9,15]",10.3139742007757,1.02653618489494,1.0309902572162,114.562457999637,359.473430896005
"kappa1[12,9]",4.88086008580071,0.491578343962953,1.03098384296609,117.359873554281,381.75366015063
"kappa1[9,12]",7.1435744847892,0.721120187344699,1.03076684969622,117.623264193585,373.450916121943
"kappa1[12,11]",5.65307868179115,0.567287239143867,1.03064174336118,116.827754937851,374.027411285767
"kappa1[4,5]",10.8629565854185,1.10441228310137,1.03051230938758,118.181745980644,377.561421654888
"kappa1[11,9]",5.8183369447368,0.592345059096657,1.03046787466418,119.467163533194,375.822057871368
"kappa1[15,10]",10.0868834139901,1.02710871846557,1.03020868912446,118.047718307996,382.28075987289
"kappa1[8,5]",3.56407381365442,0.363822191055448,1.03015866976606,120.389778409185,390.710053325457
"kappa0[11,5]",1.31937539126853,0.166710842197966,1.03006987555135,140.916246975951,675.866831262507
"kappa1[45,1]",1159.57368772626,118.841511451748,1.02962828545213,120.78860307687,391.004801440776
"kappa1[12,5]",3.39906321800003,0.349011921816105,1.02941206055973,120.81374481649,393.209184786463
"kappa1[8,9]",3.0414580416407,0.312364577702876,1.02920195192334,122.351085546686,391.528160909847
"kappa0[8,11]",0.67699756243916,0.0872370769014196,1.02889073855186,177.767120376211,662.524365263825
"kappa1[2,12]",3.81284054194739,0.394722820097695,1.02884329468156,124.114477979925,392.215885412658
"kappa0[3,13]",3.09741752981251,0.404967180639757,1.02877760036112,179.056942121305,750.109080838063
"kappa0[4,3]",3.3934072179625,0.442984888636217,1.02876937928499,145.865823391122,789.269283837591
"kappa1[15,11]",6.0479329738427,0.631328620137986,1.02854612619898,126.313418367923,428.652176482567
"kappa0[12,8]",0.735154391274064,0.0980740365040344,1.02851102283713,141.002274757065,810.41103062821
"kappa0[15,9]",1.50830316354071,0.200783746521367,1.02829678994465,152.995799251204,834.559914376982
"kappa1[1,45]",1.82996576616896,0.192217911475061,1.02808552181224,126.288400927876,445.371556309729
"kappa1[27,8]",13.2795780749937,0.889650399953936,1.02787171182386,212.731561943949,389.223527400687
"kappa1[14,8]",5.09105700891266,0.348033337289009,1.02747526462011,228.482652625279,483.544353634791
"kappa1[11,1]",2.82632880224688,0.301941631442189,1.02725445315749,131.389767601231,470.574486077226
"kappa1[2,4]",2.58861509282479,0.275276284478996,1.02724788370107,130.289065181368,445.298340589609
"kappa1[3,13]",3.27680483134135,0.350542323756813,1.02714011479983,131.440351035634,450.844905228013
"kappa1[10,12]",2.93046734302322,0.314717584575537,1.02714009974144,131.803048784761,452.571099855768
"kappa1[4,9]",5.46530032605415,0.579639964898175,1.02700107611712,130.055355608373,444.09027999202
"kappa1[5,8]",3.69730981176297,0.403151388301744,1.02657296747132,136.738235698952,478.033766098802
"kappa1[8,45]",1.30525852018527,0.144042612588882,1.02649028751195,140.304417255907,503.059230712783
"kappa0[12,3]",0.604094275238198,0.0842154565366377,1.02646193727793,167.672437222278,886.247024855782
"kappa1[47,8]",8.46269834008702,0.596262329092701,1.0263258096745,233.751631939786,601.670869918668
"kappa0[10,9]",1.56233484655998,0.214759034236753,1.02604172711964,167.224341953585,822.471081108387
"kappa0[8,13]",0.502295785329386,0.0691336057405711,1.02598288451183,176.657676977817,840.20361479732
"kappa1[4,13]",4.48480419182559,0.48491359824134,1.02589834362122,134.542275026233,446.089701035247
"kappa1[12,3]",1.37331289742356,0.15165224775828,1.02558368269424,141.556572446214,515.332453425718
"kappa0[4,9]",2.61024812806283,0.361656578834299,1.02545736998537,155.786214753187,895.311795120763
"kappa1[4,3]",3.79318852182919,0.41711640309341,1.02535450669563,138.770752110894,536.114195912125
"kappa0[11,2]",0.738954811006265,0.106116554436866,1.02467519280717,157.059629902139,856.802600076579
"kappa0[2,8]",1.04601568326316,0.149444484491477,1.02457341667339,190.624631526711,1007.07991428159
"kappa1[48,1]",259.960477747395,18.3406025559892,1.02437456317689,246.532338562968,623.353426459839
"kappa1[11,5]",1.75278202594385,0.197055538549486,1.02434237233754,146.90012127247,552.118547572156
"kappa0[3,12]",2.15237471834041,0.305758951719257,1.02381602235271,185.984708801868,992.877268119853
"kappa1[1,9]",0.821865603040803,0.0940143218258597,1.02368479880333,150.248811484628,561.842378063618
"kappa1[10,9]",1.58175945001408,0.181199752139432,1.02361427181367,150.95902810883,557.274024827296
"kappa0[12,4]",0.426682770953187,0.0648473872307492,1.02304743833213,186.659823365569,1139.27370267049
"kappa1[12,4]",0.913841022320958,0.106306624461838,1.02301525083982,157.462971411832,593.35377534048
"mu_beta_cr[1,1]",-2.35419936853156,0.0665371068177874,1.02219236776924,208.937002063235,507.561848418888
"kappa1[11,2]",1.35396028632656,0.157706457519199,1.02202643245378,156.195088984623,647.152732492925
"kappa0[13,12]",9.85381715548825,1.50078178543106,1.02150270277328,209.395616395579,1092.76666581456
"beta_key0[1,7]",-2.36079419604449,0.0691302018295284,1.02125559456838,233.42344795842,603.32582423393
"kappa1[12,8]",0.763832224942374,0.0916637957137093,1.02116457043062,164.508856093808,632.682074163985
"beta_key0[1,11]",-2.37971177198441,0.068602349184099,1.02106801804316,207.387567954939,575.41274356626
"beta_key0[1,5]",-2.35573185459404,0.0694145729451166,1.02105233985188,228.292705662482,612.285384365206
"kappa0[12,10]",0.392053174346884,0.0612927602783432,1.02101614011526,216.327037360306,1601.37807327631
"kappa1[8,13]",0.603432278042054,0.0746926906354132,1.02090893288594,174.972936012639,632.395165627834
"beta_key0[1,6]",-2.34415685668071,0.0694979515760954,1.0207258895695,232.170923464544,600.410007197964
"beta_key1[1,10]",-3.13555409790551,0.0764302360666072,1.02068928019616,203.132225166893,609.614260594904
"kappa0[5,9]",0.746376902636572,0.118206319256958,1.02068582677635,280.535270514372,1421.01544999525
"kappa1[6,7]",108.296833010584,3.20153875738685,1.02059783239002,198.868603030793,732.693478946228
"kappa0[6,7]",106.938058556466,3.14842903216898,1.02055153813072,193.643367934884,749.791601542547
"kappa1[12,10]",0.644714956987412,0.0796248234278853,1.0203752575268,175.086983863718,701.878691215343
"beta_key0[1,3]",-2.37382239893255,0.0696433328988169,1.02035558269089,239.555681568199,617.641759922976
"beta_key0[1,1]",-2.38926088214882,0.0706609262211626,1.02033349033541,226.808731845603,628.267072129158
"beta_key0[1,13]",-2.31409450445168,0.071764154623559,1.02016050751592,269.86654192539,710.87515580919
"beta_key0[1,9]",-2.27639444019648,0.0697066561232986,1.02005747099815,243.157413560116,641.737540226846
"beta_key1[1,11]",-3.11802516985124,0.0755074542858009,1.02004756508479,207.762993973706,639.425497610205
"kappa1[5,6]",1875.28529163083,124.554711690121,1.02003630516719,247.543396417356,555.622362223646
"beta_key0[1,14]",-2.3302427467041,0.0706846762151973,1.01998332846757,231.988614775492,616.815009051749
"beta_key0[1,12]",-2.35336953475728,0.0701631840501324,1.01989230261768,230.612288508323,596.283896865021
"mu_beta_cr[2,1]",-3.09444655428114,0.0749809701148202,1.0198890103527,200.540038009851,654.503565368396
"beta_key0[1,10]",-2.39709611880231,0.0707389802959902,1.01986492906954,252.061109766685,642.476303293552
"kappa1[3,12]",1.2882040009874,0.155299800780762,1.01983445372842,170.754047816085,670.646110568019
"kappa1[13,12]",12.8585910548748,1.59148788278152,1.0197169515252,179.431584644646,734.463679741637
"beta_key1[1,6]",-3.09199498690487,0.0752259631674823,1.01958238306756,193.645285639219,667.254797289419
"kappa1[2,5]",0.902544573830771,0.110869350826975,1.01947225353666,175.102936955627,761.237994617691
"kappa1[2,8]",0.816047557233908,0.10186469615995,1.01902160005639,185.648318853708,732.48101758621
"beta_key1[1,12]",-3.02744230209397,0.0776708240451961,1.01899191826858,207.897140095702,614.825561471222
"beta_key0[1,8]",-2.33489602479692,0.0708551825651523,1.01888236843038,241.615889007878,627.218285599285
"beta_key1[1,7]",-3.11155222235571,0.0761370896687342,1.01887746854017,197.030910998772,663.454167028903
"beta_key1[1,3]",-3.11607855203052,0.078085158251285,1.0188071586553,211.623659416027,710.511946607412
"beta_key1[1,5]",-3.03046215895681,0.0777805073601397,1.01876390824441,216.709968683408,650.866801264021
"kappa1[56,1]",11.8616623224077,0.975422571170876,1.01871612825043,344.683351959242,1003.30766212159
"kappa0[4,8]",1.45247031308522,0.236464712504679,1.01866012342856,276.801439607187,1584.239266517
"kappa0[3,5]",1.32230356075445,0.215532516938409,1.01856740399795,274.265901749809,1374.82054950944
"beta_key0[1,4]",-2.35711432616149,0.0693625403274912,1.01846887508577,240.507596443831,598.142687352885
"kappa1[3,5]",0.915265152613653,0.117860711855349,1.01845614120697,192.734850370109,840.470398463201
"kappa0[10,15]",0.801736099480797,0.13288009501906,1.01840672716084,258.466621967752,1507.63269721865
"kappa0[28,27]",159.805259989921,5.26689047152009,1.01834156760551,233.955101280198,951.401102907788
"kappa1[4,8]",1.36499293225138,0.176992565139643,1.01825907711593,194.195138384485,810.199754703258
"beta_key1[1,8]",-3.15268323522395,0.0806130319442027,1.01819806140555,232.096225731788,746.89023354047
"beta_key1[1,9]",-2.86820637342323,0.0772914386489434,1.01803875269954,211.60183967679,619.443768811746
"kappa0[12,15]",0.341284178951922,0.0555804771800527,1.01792339641017,284.459737473558,1461.47019533035
"mu_tau[6]",-1.46842928278006,0.0538463719785375,1.01791850393194,358.82970402122,865.720255490235
"beta_key1[1,1]",-3.12206318844091,0.0791032780809874,1.01787466157107,219.684609387356,744.277820911655
"beta_key0[1,2]",-2.39801756973197,0.0721555855399559,1.01784723612803,258.297824978792,721.829980832195
"kappa1[15,9]",1.12614111403652,0.148318302932269,1.01781192860708,200.23661012172,807.730663219823
"kappa1[14,9]",1.6422864019188,0.138928774606166,1.01772156765633,342.357237849042,857.068229192086
"beta_key1[1,4]",-3.13012350592645,0.077208981015907,1.01769693384037,218.633340492309,609.396726870446
"kappa1[1,11]",0.424083864182468,0.0543295791278085,1.01756097713428,194.030897726905,889.084373184175
"kappa1[2,9]",0.69773774431322,0.0904765909466064,1.0174710145142,193.909022004514,824.98699174644
"beta_key1[1,2]",-3.18500336489762,0.0800656277771393,1.01727257245646,224.14178459498,746.181729468665
"kappa1[5,9]",1.04456729855761,0.140965716054859,1.0172584838756,210.637341394668,907.237005554686
"beta_key1[1,13]",-3.11651151600116,0.0824927151172647,1.01657946993529,236.926498696219,846.469716585855
"kappa1[7,11]",1.25798702134439,0.106060826071652,1.0165633929131,361.701841495393,1362.9386427429
"kappa1[8,11]",0.34726038859774,0.04877097083784,1.01576566324769,229.453135225386,1047.10628948711
"beta_key1[1,14]",-3.14736360710295,0.0808359528094351,1.01508961073568,239.294660283617,795.31763747465
"kappa1[12,15]",0.379180745064023,0.0528614390052984,1.01489148469386,226.335579962444,971.285791882461
"kappa0[26,27]",180.647578249751,6.31066472933806,1.0148723306785,275.834869515532,1128.87317422819
"kappa1[49,8]",11.0491529038049,1.01084055846695,1.0148639748452,460.543659403732,1513.60173590802
"mu_tau[10]",-1.58329424416046,0.0599402775705827,1.01476875065226,400.437756527268,1008.87021697238
"mu_tau[8]",-1.63344431179257,0.0770898930461576,1.01475313613897,372.355843375573,834.833424248711
"kappa1[3,9]",0.522854663145319,0.0775565994334429,1.01442560625719,255.768270048907,1204.02390571699
"kappa1[8,47]",81.7337677353079,6.24621974489275,1.01419477292977,328.558272629032,858.215437517496
"kappa1[19,11]",2.85062701379701,0.269648514879874,1.0141868818537,437.771909457466,1464.83202076678
"kappa0[2,9]",0.460530656294708,0.0837844009265748,1.01387351800656,427.728143169359,3189.08724448593
"kappa1[6,12]",0.886956955117951,0.0846934074298608,1.01373710151938,471.645307251857,1526.88780924223
"kappa1[24,15]",1.93175918126264,0.186682208159383,1.01370379357234,465.632925150021,2117.23781863182
"kappa0[5,11]",0.399163174286704,0.0776661086027479,1.01356313249726,463.430968294506,2444.08756102071
"mu_tau[12]",-1.77746181596884,0.0664100709414772,1.01353879153502,422.063219809012,1189.81990943138
"kappa0[29,27]",192.425571385027,7.09338678304647,1.01349572018505,313.269181910093,1460.54890150268
"kappa0[27,29]",25.1982935620802,0.954356885010667,1.01303599240264,314.649744941769,1447.77225273307
"mu_tau[13]",-1.9578406623098,0.0794602485048683,1.01296147670824,472.204136299589,1185.45238915716
"kappa1[8,14]",83.2147445787865,6.341808042949,1.01296086923914,329.94010656347,897.397825229841
"kappa1[4,11]",0.6980074811253,0.107584200308524,1.01295000742913,272.603812008023,1352.75849448948
"kappa1[13,46]",1637.5693206565,126.800680999968,1.01286235959892,336.683211330488,908.927411499159
"kappa0[14,28]",18.1084546116962,0.659359144746062,1.01282195647991,341.692143548364,1347.68222772729
"kappa1[27,9]",2.12277751460597,0.209585851083055,1.01279069423632,498.630028985351,1520.70205123242
"kappa0[11,45]",0.294660257959847,0.0556058747201539,1.01274505746022,440.984028130473,2684.70725644695
"kappa1[52,8]",13.2677773319799,1.30759394921443,1.01270265396478,517.478878114919,1976.90919614226
"kappa1[19,15]",2.39441685715671,0.241830656906863,1.01269671206445,484.048982513195,2236.72634250275
"kappa1[1,48]",55.7502785215731,4.41702875570289,1.01256521375271,346.577010921363,882.508071342382
"kappa1[11,6]",89.9943906344998,7.33156028835351,1.01236514728636,366.270239244822,934.906200420126
"kappa1[11,45]",0.325763151268751,0.0533614049036647,1.01233487812022,312.715200958102,1647.66364075804
"kappa0[11,13]",0.310816855084815,0.0582483309316319,1.01226886601815,460.354170431847,2980.45828114871
"kappa1[11,13]",0.342410224003031,0.0553715074237136,1.01226301772525,309.053878951514,1418.09897543762
"kappa1[46,3]",4.87880294741503,0.485545879046909,1.01210369796315,528.781368937668,2205.10701780031
"kappa1[6,9]",0.842014849729082,0.0816073253225325,1.01208588407656,511.354018374463,2034.71047637942
"kappa0[27,26]",22.5598120175104,0.877123645474537,1.01206109441814,353.853663293375,1707.32261849136
"kappa1[24,11]",1.74719423074172,0.1754018127846,1.01180213251622,571.323595729779,2153.89807947395
"beta_key0[2,7]",1.40155869273639,0.0637679317990758,1.01147819457512,308.237155975148,776.114298026034
"kappa0[5,6]",878.967153905877,53.5102135864387,1.01139911205099,347.915336740258,620.725415122869
"kappa1[27,11]",1.59012498613891,0.173313142392905,1.01091722791129,603.887706428957,2649.89953663278
"kappa1[11,3]",0.313859567283344,0.0520166485296589,1.01077483372138,319.844471730231,1641.60679894764
"kappa1[10,15]",0.407657249035962,0.0631867383524318,1.0107655253555,299.791505090095,1472.03125160708
"kappa1[80,11]",36.9179196097903,3.93689448384784,1.010689100779,644.408688828877,2931.3019894089
"kappa0[2,13]",0.321408159612859,0.0669055763754506,1.01058051691658,578.054563593155,3753.57011946801
"beta_key0[2,4]",1.33731509643891,0.0637650898873708,1.01052531350637,303.961332363028,853.573761304518
"kappa1[28,27]",178.650351045025,7.14951240024086,1.0105009281001,397.798581260642,1627.19057326918
"kappa0[4,11]",0.656678038809353,0.138749032163791,1.01049667513074,592.146043976713,4769.60399311478
"kappa1[46,5]",3.60082666318595,0.394133318579605,1.00997702813112,697.638378861869,2433.93582884744
"kappa0[5,2]",0.288355827595868,0.0631916643511658,1.00996493227319,682.383685096565,4483.09942664372
"beta_key0[2,3]",1.30627611916783,0.0643263357398407,1.00994328716019,321.442360182295,813.995594385551
"kappa1[53,12]",23.6159768219735,2.44532812528821,1.00982774472309,687.594836307507,2574.89943660487
"kappa1[8,48]",37.787759251966,3.32520000599785,1.00982690439738,434.714045523333,1156.45025322187
"kappa1[26,27]",200.318194208633,8.97999833367452,1.00979109056836,512.531401943494,2244.02681655423
"beta_key0[2,10]",1.37008778902872,0.0652838699198632,1.00972139718902,319.311817402746,784.7785373525
"beta_key0[2,6]",1.16230361284455,0.0643579333801609,1.00960000541175,314.596113019763,838.318644078173
"beta_key0[2,9]",1.12682051158383,0.0625408280726667,1.00955412161151,308.784001024265,824.052249759849
"beta_key0[2,5]",1.22796882723872,0.06404295034125,1.00952417349168,318.944218718899,748.356960332579
"kappa1[11,14]",55.4759029184787,4.98412226474233,1.00951436133189,453.540684294661,1290.97850161609
"kappa0[27,28]",15.1624036626074,0.6636803479977,1.00949829927589,449.266861903913,2148.67279726283
"beta_key0[2,11]",1.33875788850991,0.0626213048166077,1.00941542720202,297.385148028082,682.607748912752
"beta_key0[2,1]",1.29986966333614,0.064909618502831,1.00941477993746,315.718909449668,794.811806060106
"mu_tau[11]",-1.52012628593842,0.0532659629237149,1.00930597024499,378.205224184069,889.24235068616
"beta_key0[2,8]",1.22815351735533,0.0669154687247656,1.00928902186219,346.757117301084,950.146923900904
"kappa1[14,11]",0.623158890324626,0.0718134287685736,1.00924002803266,695.232185181208,3276.94768865464
"kappa0[8,14]",65.4016313401605,4.38881115144575,1.00923195422364,437.206366439248,863.877346593282
"mu_beta_cr[1,2]",1.28521447253595,0.0628770502916034,1.00921020465764,307.517652938198,759.243890289666
"kappa1[9,24]",43.7422449513189,4.1673861223592,1.00914104543687,512.685408797202,1494.89467992419
"kappa0[8,47]",51.619723768567,3.58896454968192,1.00912162728394,458.953350413034,957.586969332382
"beta_key0[2,12]",1.28673301431383,0.0653254518083433,1.00910198039112,321.584990107944,816.132606731565
"kappa1[29,27]",221.886676397824,10.5454676296248,1.00906843904652,535.683883182874,2779.86462485352
"kappa0[7,6]",19.5434981257918,0.833706032887769,1.00905972205484,463.531728311514,2121.43796405946
"kappa1[15,19]",82.7628743786261,7.55367976113568,1.00905476342227,461.70746450838,1307.85123565022
"kappa1[9,19]",55.5392721789428,4.9932220680858,1.00900655248524,465.324705857941,1309.96831355997
"kappa1[12,7]",24.9581523725115,2.50841085877785,1.00899775256731,548.455698765913,2036.01435450665
"mu_tau[7]",-1.70420927869365,0.0605650764771093,1.00893381979749,344.727736076233,709.064903573701
"beta_key0[2,2]",1.38819561528631,0.0684504235736997,1.00888646295882,351.160858290429,1012.47594520909
"beta_key0[2,14]",1.24272838470611,0.0665778959838534,1.00875817015018,328.969715685876,929.294584768658
"beta_key0[2,13]",1.28923407986546,0.0662106769933498,1.0086794956092,348.716402995951,994.870222201733
"kappa1[15,24]",66.6142155215406,6.38633534385646,1.00867270245465,524.910871274196,1578.74433022455
"kappa1[81,12]",299.81959441909,34.7010506083273,1.00859479001421,817.07454495017,3349.63975072914
"kappa1[14,28]",15.5849338990072,0.724621832870595,1.00856354367399,529.921280434265,2487.87400848916
"kappa0[3,9]",0.481605148074166,0.111003141640324,1.00851894318266,734.48098065435,5527.07204327657
"mu_tau[1]",-1.72230516919842,0.0628604600068282,1.0084914385605,454.228125325668,1089.8602656174
"kappa1[47,9]",1.13069987957805,0.134854164625933,1.00847180579129,820.23665637429,4060.1797191936
"kappa0[14,26]",7.48664529639417,0.352852135288433,1.00847106295651,543.946654142323,2809.56299622806
"kappa0[1,48]",35.120430090364,2.49202810599141,1.00840436274301,471.042582424783,986.194970695443
"mu_tau[5]",-1.64733465295154,0.0742524838922411,1.00837677631725,549.413743375126,1506.90220510961
"kappa1[11,56]",40.3116235675622,3.94404037673865,1.00803843472451,557.697046711502,2138.59640208801
"alpha[3,12]",0.0342159035546009,0.0200022245063568,1.00793907520378,1251.52200980498,2838.51918325744
"mu_tau[3]",-1.63029154893614,0.0624525242603607,1.00787718581114,332.070955073413,703.957437115053
"kappa1[12,53]",22.4839766169116,2.32339937090409,1.00783527331834,596.851623280812,1725.48301675788
"alpha[3,8]",0.0219875663709302,0.0194639803783346,1.00780307712841,1084.32045242874,3142.18379845897
"kappa0[13,46]",1212.09305831364,87.3520631795497,1.0076812189097,505.430737958994,993.300798773432
"kappa1[27,29]",27.8630903686393,1.38298840145282,1.00763094353828,582.811653250738,3211.21585072293
"kappa1[46,4]",2.60511676251978,0.326213679208825,1.00758516362853,806.06582339297,4025.20035589495
"kappa1[8,49]",25.6231807964071,2.49719730889726,1.00754434824741,535.396931151282,1743.16729636317
"kappa0[2,11]",0.215408703711538,0.0519508440851382,1.007488591473,869.247616565408,4767.26953859882
"kappa1[15,16]",48.2387445519018,5.10001218109292,1.00736748176895,651.19057277945,2378.29067728632
"kappa1[43,15]",7.16592516426168,0.914166187345139,1.00735011759584,927.814405710774,3946.92617310061
"kappa1[47,11]",1.02329428446634,0.126950881105172,1.0072408980173,926.376546696246,4224.19237675934
"kappa1[3,8]",0.215439044527049,0.0429423931097706,1.00720544833796,494.269340112967,2702.2401694156
"kappa1[46,12]",2.42085389134765,0.308824097343052,1.00708104941733,1045.16034517594,4404.53620011697
"kappa1[57,8]",11.2241233303061,1.45073433226869,1.00692735109523,1036.34908892864,4592.56651945782
"kappa1[8,52]",18.9597620847983,2.00112018934266,1.00679091671205,636.288199366095,2140.32529890858
"kappa1[11,7]",30.6734317158372,3.24418407924425,1.00678382133338,642.51792975485,1989.05565396506
"kappa0[3,8]",0.418428721581709,0.102498547910388,1.00671012589583,882.530573884286,5624.36510796297
"kappa1[12,81]",16.4037143003597,1.87474218813286,1.00669782456837,750.838954343109,2610.7404441503
"mu_tau[4]",-1.63290496955428,0.0526775937283009,1.00667859720412,297.721931322558,1006.37592614542
"kappa1[43,11]",5.97693025938504,0.817261046871882,1.00654614209579,1201.1607288059,6164.85146936663
"kappa0[9,19]",28.0552934458526,2.3132053553283,1.00649139253902,643.287572155604,1786.27623323348
"kappa1[13,9]",1.95647653068084,0.424861210581502,1.0064584477055,575.210556882697,3338.46552429888
"kappa1[9,16]",25.5669439691844,2.87582358115627,1.00632972312117,708.721961885829,2202.19871465237
"kappa0[15,19]",42.475616734816,3.70043770174082,1.00628820643967,695.043262472306,1791.26344469162
"kappa1[5,11]",0.26428482312511,0.0551665010150011,1.00628707720494,557.100458376503,2990.5874895704
"kappa0[8,48]",18.3840142889802,1.563818743816,1.00625992140419,744.177603332593,1905.10170834498
"kappa1[50,8]",21.4127405404905,2.97921847556181,1.00625029281323,1196.22997025733,5680.46208364382
"kappa1[16,15]",4.29521527480323,0.572542599604709,1.00620047208598,1167.82456336205,5676.41171690265
"kappa0[12,62]",24.1825327160599,2.02567096982657,1.00615316238071,698.823254211826,1780.20026247816
"kappa1[10,53]",26.3494739974111,2.98814024587173,1.00614740309582,735.428573250475,2538.0637313223
"kappa0[11,6]",31.4537597504029,2.66684661933796,1.00612617505746,728.213373379845,1777.0236374817
"kappa0[11,14]",32.2595090740832,2.71769226809683,1.00611821332626,686.171753314902,1743.13765065469
"kappa1[46,9]",1.80262795722476,0.260004149695299,1.00608567583277,1332.22171302326,5792.27536081324
"kappa0[15,24]",32.9769421851925,3.08637281823144,1.00589927490751,766.168622830256,2265.10490938642
"kappa0[12,1]",0.083890949481937,0.022898968634267,1.00588788725569,1366.2746110068,8407.89307311183
"mu_tau[2]",-1.70055861846573,0.06666856781706,1.00587041941422,460.818542073848,1334.70007609456
"kappa0[9,24]",23.5266634352766,2.04576115748493,1.00585567345833,677.737962295845,2058.92115999671
"kappa1[2,11]",0.124366740508777,0.0276633793124072,1.00584286106631,603.841725194487,2728.21420739311
"kappa1[60,8]",9.26824216646085,1.47158636312549,1.00579687401187,1557.49001722365,7076.04593932199
"kappa0[12,53]",25.0387515922576,2.08858704365962,1.00579466680674,679.81775024221,1676.79794315702
"kappa0[12,81]",22.2035213913631,1.90515937414405,1.00579141582595,755.007733878048,1829.99821542857
"kappa1[27,26]",24.5202478153849,1.2702920846415,1.00574823718859,742.193842404569,3483.51138714828
"kappa0[11,28]",28.559919524676,2.47224655372837,1.00568688810517,702.225436871491,1858.36411485429
"kappa1[7,6]",7.56400388117812,0.415321053902371,1.00545910479282,803.667401078127,3976.85337198039
"kappa0[8,49]",17.3004279500289,1.48620642716779,1.00543632941666,714.314295951688,1740.11265491717
"kappa1[11,28]",22.1286907300244,2.58597399166883,1.0053920676978,787.080057740435,3401.6749259606
"kappa1[6,8]",0.317646440017525,0.0436983573483672,1.00536716054674,1593.50903413071,6058.80546221392
"kappa1[5,2]",0.210347468709525,0.0479006426369351,1.00527804986937,663.649878412834,3066.23119143454
"kappa1[72,3]",8.93489047528793,1.34444046574512,1.00523183829716,1605.84155435433,6302.89091406064
"kappa0[11,56]",23.8080442208282,2.1760019283595,1.00522711738675,795.402567813241,2271.08929071431
"kappa1[8,3]",0.0831650067336528,0.0188746389017932,1.00507261338947,703.373201141983,3822.53755245287
"kappa0[1,12]",0.0430847383750886,0.0125577475549015,1.00503718551025,1496.0509954235,8684.93244418141
"kappa0[10,53]",39.0880712330909,3.68651014810385,1.00499161874657,805.467607649479,2127.81600226689
"kappa0[7,9]",13.0425355940259,0.751523861334055,1.00492034723478,408.124410396987,1240.34091232163
"kappa1[2,13]",0.119472582929991,0.0270158566308897,1.00491278067798,611.235180575077,3080.46125261235
"kappa1[11,47]",15.3529302967743,2.05561383949125,1.00484274975202,1031.55970570803,4261.55808063416
"kappa0[12,27]",16.6040028494113,1.54703628040986,1.00474850066686,875.857704850561,2386.84389573181
"tau[7019]",0.181856349042104,0.0278629510452548,1.00473910656514,1206.4312437363,4463.98254564295
"kappa1[12,27]",10.4689098067723,1.40334634937688,1.00473105225485,1056.67586928432,4082.65887100217
"kappa1[14,26]",5.99168199361424,0.39870099672802,1.00466631019232,1219.98678007071,7298.78998538745
"kappa0[11,3]",0.0978862646454902,0.0284480948766622,1.00466513124759,1331.21126455903,9826.94118605551
"kappa0[12,7]",16.1963927443078,1.51920504334119,1.00464013469626,901.88262232881,2334.2808037936
"kappa1[21,22]",116.261084231276,7.57822256200045,1.00464011012006,1241.26634268202,5697.78992436418
"kappa1[27,28]",15.8930386801747,0.983254425882423,1.00463671598297,956.47141525031,5017.6634989977
"kappa1[16,10]",2.29177576316825,0.393413110853283,1.00461919174522,2448.64773547805,9110.52368706739
"kappa1[46,13]",1.06523201252911,0.191246401886268,1.00459848478257,2423.59683901701,9323.04628717825
"kappa0[2,72]",31.0919466129321,2.90994870724632,1.00457233337731,827.060476271323,2459.56757566534
"kappa0[10,89]",42.6554054545654,3.91395236178103,1.00456621161102,799.448556005663,1955.36504395757
"kappa1[67,8]",18.1327241990058,3.06433645853407,1.00455156607437,1866.42152758811,9237.80660115229
"kappa1[24,34]",10.8311687414777,0.742942621870316,1.00452269648536,1209.41904640394,7381.8235695766
"kappa0[17,18]",87.0092724990083,5.51351075087295,1.00450667589847,1206.94564682364,6201.54373729752
"mu_tau[9]",-1.33956203479738,0.0708440916437018,1.00449416660253,485.929532021534,1174.42007921851
"kappa1[19,20]",23.0424768233369,1.3153022117284,1.00449119585498,899.466320670126,4280.91752452416
"kappa1[29,12]",3.52341265841878,0.606709132831514,1.00443923535698,2361.80566530378,9820.12403475278
"kappa0[27,8]",7.04632709191043,0.420602989045274,1.00439998880343,443.299642925533,1457.98111286395
"kappa0[19,20]",20.6659860137267,1.174395041859,1.00438125597203,925.764558844998,4874.82428694414
"kappa0[21,22]",100.774526094126,6.704607337943,1.00434284270137,1152.33608842361,6641.87197631858
"kappa0[8,3]",0.0594529355436101,0.0169334300254461,1.00433880946499,1437.24131375487,8574.25395238001
"kappa1[11,4]",0.105695129847706,0.0259974055845868,1.00433775303441,850.617770624162,4808.26045414721
"kappa1[5,13]",0.148529003672075,0.0390394820168952,1.00432900046083,986.336127348553,6321.26582819829
"kappa0[16,17]",77.4561775868908,4.88274312913766,1.00432803354225,1191.66616451642,6043.87454076636
"kappa1[56,9]",1.27473748843569,0.231630345191808,1.00430458554021,2151.32143902492,8714.62335651477
"kappa1[16,17]",74.0516065319492,4.56923504572727,1.00425541056955,991.869163968685,5646.03648936442
"kappa0[11,4]",0.0763033553256364,0.024684038364938,1.00423189835694,1893.01861421814,12243.2685371626
"tau[5100]",0.241301592452676,0.0280211017052493,1.00423126180703,1586.96204717325,6928.63204455366
"alpha[3,13]",0.0104771939690957,0.0224765043585747,1.00416065091536,1696.32502837242,4362.02608360706
"kappa0[18,19]",89.6647589929085,5.90949298926242,1.00415631535482,1312.1877738875,5831.13312275351
"kappa1[46,8]",1.37257398352173,0.219088600282466,1.00415370500437,2035.91179960412,7981.18719368561
"kappa1[17,15]",3.26301149853566,0.550589719160799,1.00414771132867,1917.33592855378,8545.22647610642
"kappa1[17,18]",91.784031974094,5.87080560097836,1.00414575690104,1198.27123227941,5331.0746551742
"kappa0[14,29]",3.12080561065809,0.204586073951673,1.00410526820763,1170.68460554266,7325.90318634916
"kappa1[8,56]",8.57755537583311,1.20577080746737,1.00407270036734,1106.05840713262,4130.03581292472
"kappa1[20,21]",67.7345684156923,4.23673979744714,1.00406492635243,1116.04196442877,5269.43557129866
"kappa1[8,50]",8.69773016744337,1.21143399705052,1.00406223758944,1119.76461714383,4795.45178508241
"kappa1[18,19]",123.329670039172,7.96655027860997,1.00406013770331,1184.2270557122,6118.16968243564
"kappa0[48,1]",365.353078070697,23.3055348204021,1.00404180260895,512.71970838366,1782.35847620455
"kappa1[52,5]",3.05246876699885,0.528856942300055,1.00400529322006,2438.65475479859,10653.0186946307
"kappa1[12,92]",10.0383827621857,1.36794353144539,1.00400433866093,1254.4249440184,4958.2029173369
"kappa0[20,21]",64.7218387910084,4.049869805899,1.00397312481818,1165.00311027375,6744.36734865174
"tau[8685]",0.168191520235294,0.0219568604949341,1.00394861658541,1824.33875596122,6298.80822250363
"kappa0[12,2]",0.0468838743783998,0.0161711667556048,1.00391791400016,2568.11328319715,14958.8193919403
"kappa0[14,8]",3.1792417355984,0.197378069617862,1.00390538162897,475.664628236445,1474.45891066504
"kappa0[7,8]",4.78454442238726,0.305572439593851,1.00389858293998,496.552560470177,1453.36462106792
"kappa1[8,73]",7.64685500396264,1.12003873848388,1.0038942352638,1297.32706940906,4523.89292490122
"kappa1[16,11]",2.41439980646375,0.406139524183766,1.00385947569982,2326.43140871758,10110.3711125218
"kappa1[91,12]",40.8808974035495,6.38576441302925,1.00380235831022,1998.31424610526,7250.69843610557
"kappa0[8,52]",9.3422429102167,0.968727863650325,1.00379182491204,1086.87767293055,3622.80270352404
"kappa0[27,9]",2.72708037289411,0.187156550441102,1.00375222129107,583.849497649232,1954.93869501616
"mu_tau[14]",-1.6576992452896,0.0705745988031078,1.00374488089637,594.408072758565,1657.72086028123
"kappa0[11,26]",16.8608184786854,1.70712033151301,1.00373990527086,992.085146046958,2735.02238009847
"tau[7206]",0.174969746063049,0.0294464605383955,1.00373945470128,1558.76739082313,6669.77291910152
"tau[7094]",0.178616185672503,0.031079219088345,1.0037290878308,1752.22085625949,6866.58633009229
"kappa1[11,52]",14.6931716081006,1.99089302691319,1.00364394341977,1281.5360085491,5447.26538890159
"kappa1[61,12]",10.0104293221952,1.84193766152981,1.00364282359175,2522.96573293154,9195.82653521228
"kappa0[47,8]",8.29640234965262,0.53511935786504,1.00359855935646,518.391650750237,1824.57357593034
"kappa0[8,67]",7.86691277446555,0.86152838823662,1.00355061421774,1219.41225982356,3417.70095003177
"kappa1[8,67]",7.78124785427674,1.13242038872731,1.00354894623737,1239.05332610336,4695.6603591887
"alpha[3,10]",0.0405951988453136,0.0147678559137037,1.00353995553009,2435.38315447911,6339.44707904347
"kappa0[22,23]",38.3208151608219,2.98378251715467,1.00352161728775,1727.5262884606,11116.4815720814
"kappa1[8,4]",0.0550484899853372,0.0147001533498671,1.00350981790247,1077.07497435038,5152.20516200949
"kappa0[11,52]",9.96151033115074,1.22480391061431,1.00350779581486,1408.49718507697,4618.14210012239
"tau[9111]",0.244422551847136,0.0309968575118699,1.00347941349709,1715.25631007231,5440.244235844
"kappa1[25,43]",94.1623154938754,6.72265161009674,1.00346499764591,1510.44433036179,9874.6965125091
"kappa1[34,35]",52.5114863594028,4.08711554780756,1.00343122144007,1701.28571075917,11120.2615490425
"kappa0[53,80]",53.935710425745,3.91713756757384,1.00343085820441,1500.04211555016,9030.51050791548
"tau[10981]",0.154053531921889,0.0204447688940216,1.00341513968291,2060.20930155174,8335.42595753526
"alpha[3,14]",0.0185262676197321,0.0197476386161557,1.00338555531742,2093.30646321244,5029.88521682826
"kappa0[9,16]",13.6987104792487,1.39680679856576,1.00337023837974,1018.87223958378,2653.72128392963
"kappa1[38,11]",2.59399087162125,0.511744495855104,1.00337013703489,3257.49135901677,13182.9270700168
"kappa0[11,29]",11.804502697055,1.35495019832612,1.00336659026837,1350.58623649856,4101.39015611281
"kappa1[25,11]",2.95884206843993,0.585362049842631,1.00332400584529,3160.74092749193,12985.6406347804
"kappa0[25,43]",79.17133116387,5.91336533633988,1.00331777330048,1613.10130706113,10048.3151208289
"alpha[1,8]",-0.0128927470099924,0.0199475280550644,1.00331686474954,2234.04587844343,5932.35629026908
"tau[5385]",0.210708834569194,0.0277223773841141,1.00330272275078,2014.66947395865,8523.29187153847
"kappa0[14,9]",1.44983400580372,0.102604857330291,1.00329735416976,628.666761938075,2280.99858384798
"kappa0[23,24]",62.1168153502429,5.05838272648392,1.0032926997649,2174.81271568147,13012.726294381
"kappa1[119,3]",13.6583493436795,2.52888441789247,1.00325557427358,2436.55862558277,12645.5335573806
"tau[4686]",0.210360513777998,0.0263672387506066,1.00325437200895,1831.84830042118,7794.97352169931
"kappa1[22,23]",35.2547091179188,2.73459499224766,1.00325378527666,1841.40057139392,10745.2217580383
"kappa1[61,11]",9.40890700373919,1.76600909751635,1.00324828309735,2756.9939731667,9994.90951061535
"kappa1[8,57]",6.59689313116337,1.01841281534676,1.00324594846359,1495.23964856859,6297.51431376043
"kappa1[51,8]",2.62367230501048,0.469599811330812,1.00320137311504,2908.90754452308,11236.8593171423
"kappa1[92,11]",2.99542334242811,0.598871031645865,1.00319956178726,3250.35427412721,12603.4541721237
"kappa0[8,73]",7.73506827232962,0.851535025222503,1.00317793766211,1219.2726598986,3367.56030361369
"kappa1[34,15]",2.51721709140416,0.453742443613398,1.00314703276249,2737.39765384036,11406.0453462385
"kappa1[72,4]",3.84719442252486,0.827432053234529,1.00312740916687,3425.19413805734,15997.5560705833
"kappa1[19,9]",0.394846763150172,0.0808328699891044,1.00312723024993,3789.81270938843,14004.5288225865
"kappa0[24,34]",10.0827060245681,0.69063338735007,1.00307854037065,1569.39292440697,8784.53037801733
"tau[4646]",0.226311001471423,0.0292587101503015,1.00306968783133,2657.88769981789,13907.6147465357
"kappa0[11,44]",15.2598157405341,1.6074204700719,1.0030576343965,1075.03019821595,3046.32311521179
"kappa0[8,60]",6.20788507390117,0.742143184448719,1.00304863683868,1287.75804042436,4181.70739511224
"tau[11645]",0.106359681332242,0.0215028126346971,1.00303993707494,2637.91532937735,11009.0350019253
"kappa1[37,38]",72.5355256340215,5.92330609685474,1.00302483875603,2028.11684780947,13595.9397923564
"kappa1[15,17]",18.2168282969007,2.72060405135077,1.00300081582887,1340.36980055681,5295.68875870692
"kappa1[38,15]",2.13184986021328,0.45911050757091,1.00300043823829,4006.20461189728,17676.4508094697
"kappa1[36,37]",100.478677309967,8.12303058407775,1.0029778096835,2014.73365229987,10706.4801792259
"kappa1[51,11]",2.18097277376305,0.421901569636662,1.00295460639926,3035.12960834804,15060.287016024
"kappa0[15,16]",18.1840673124277,2.06573947624748,1.00295232864815,1277.30050377424,4206.0676927557
"kappa0[36,37]",101.608447079825,8.5086781352273,1.0029376400616,2195.99682001921,10264.7378595438
"kappa0[15,12]",0.0882119339811548,0.0314435540441518,1.00292722708072,2886.9648582412,11900.8488004455
"tau[7228]",0.179211582006439,0.0327800872450737,1.00291609357216,1834.58932199051,7477.48323286782
"kappa0[89,12]",22.6429407281063,1.76169971111311,1.00291163906029,759.799653662227,2781.09306472956
"tau[7170]",0.194241051443397,0.0385685860223213,1.00290698342773,2215.71085967939,9293.72970336838
"kappa1[20,15]",1.84823457808761,0.342370799004297,1.0029051608292,3122.57223192404,10980.5775814726
"kappa1[20,11]",1.73548883238542,0.328385631192584,1.00289837610555,2934.77621541409,12044.7483357112
"kappa0[5,45]",0.075965924210256,0.0283786347246066,1.00288632703217,3083.70614881653,18049.8211124131
"tau[8541]",0.24697733065025,0.0345453973750467,1.00288176093185,2295.1686711669,9186.41108011299
"tau[5264]",0.261660150173955,0.0374572366045125,1.00287817698433,2769.18124349103,15010.9325102266
"kappa0[9,61]",10.4972605920503,1.16850047118903,1.00286986623603,1256.29905724849,3427.18950357293
"tau[10980]",0.18821564262797,0.0276356497270693,1.00286439040893,2100.17480925282,7711.90370074386
"kappa1[8,60]",5.2825480361809,0.901492013221398,1.00281632143464,1689.51749181614,7583.90198934342
"kappa1[19,24]",9.33201481979437,0.773962562242334,1.00280412490187,2227.74252209932,12463.0204874696
"tau[7324]",0.238223691318836,0.0420096701010738,1.00278563804109,1988.47924167643,8818.62804605847
"kappa1[38,39]",58.6778108105796,4.84367416566499,1.00278370639377,2029.65210292466,11876.6983437036
"kappa0[27,11]",2.13650762402649,0.154553126970952,1.00275838393314,696.66920218867,2335.61263711467
"kappa1[51,9]",2.25346719364709,0.430965208382735,1.00272102699936,3299.60954250372,13707.3856735077
"kappa0[8,56]",4.54220036274439,0.609987638761245,1.00271990981775,1866.69749608541,5531.84347294672
"tau[5332]",0.300535028998947,0.040110286367107,1.0027198107421,2136.12639528558,9374.92510923232
"kappa1[1,12]",0.0266041902082697,0.00890475138136936,1.00271113628522,1836.90600120375,9380.73328093745
"kappa1[2,72]",7.91241915058719,1.32428563995799,1.00270565245758,1607.81513244499,6354.11620842269
"kappa1[35,36]",109.022727975418,8.3470469589336,1.00270530612453,1804.61242018484,10194.4020441508
"kappa1[39,40]",75.9878178444941,6.53926515716042,1.00269589800683,2197.28157345617,11243.9903029694
"tau[7414]",0.212756159617869,0.0372802251531336,1.00267633780307,1934.32833890588,9498.22396626293
"kappa1[24,9]",0.281936944808619,0.058720459851226,1.00267288189239,3857.70653038404,13117.6673911324
"kappa1[25,42]",54.5972984233813,4.95652762943104,1.00266132593331,2554.63326134423,21011.2596933723
"kappa1[51,12]",1.58321399493198,0.353232896021233,1.00265988606104,4305.57237107697,16878.7506098504
"kappa0[42,41]",90.0361665247366,7.6986473968867,1.00265105754173,2367.65342160114,18142.0045935797
"kappa1[23,24]",67.0150568133037,5.40717054609694,1.00259769947983,2069.04842564947,11592.3586456515
"kappa0[19,24]",9.24318834120073,0.736135242316066,1.00259160731233,2041.39192395266,10525.2230387438
"tau[7161]",0.250765324146918,0.0449862217049017,1.00259061051182,1896.64969251231,7429.06743052619
"tau[4569]",0.216886526561012,0.0322658952102977,1.00258540479899,3025.2599044419,14090.0054865863
"tau[6810]",0.24605268212679,0.0426556677494216,1.00256583465617,2004.55329843389,9640.59655294955
"kappa0[8,57]",5.47836542868745,0.68558417343136,1.00256544305898,1552.06050700657,4701.21994376834
"kappa0[2,119]",15.3717978520929,1.82032963985012,1.00256182673954,1424.72628926969,4015.23263567911
"kappa0[56,1]",8.95246342731227,0.694984974684003,1.00255453089226,767.389629328214,2891.86106275514
"alpha[1,3]",-0.049246489717266,0.0194131230530033,1.00255450509638,1582.37273624902,4398.37144813716
"tau[4707]",0.224596618576467,0.0366798699977538,1.00255362437519,3336.736282662,17955.4284551867
"kappa0[13,5]",0.81473867344125,0.312828831027054,1.00253742387835,3569.82648738494,19563.8346008013
"kappa1[92,12]",2.99153904378457,0.599161170832431,1.00253508099428,3709.38816764614,19860.5003485615
"tau[4701]",0.253321885847784,0.0379678602184029,1.0025241364687,3147.3375769534,13355.2990461153
"alpha[3,6]",0.0101475820007695,0.0149730423624652,1.00252226231332,1470.66878115257,3672.71972447314
"sigma2_alpha_p[3]",0.000809689088269358,0.000485578325453283,1.00251959436482,3684.83482468463,11106.2026854954
"kappa0[49,8]",12.1619276412221,1.00294274108825,1.00251637524791,808.470481538066,3062.90985721414
"kappa1[19,18]",8.16510611866212,0.726894050378933,1.0025075277702,2376.44307428558,12475.6151347333
"kappa0[25,42]",52.0889227629188,4.66732833787704,1.00250582854905,2496.57497113542,16726.434218944
"kappa1[13,8]",0.793205103661755,0.246974232290019,1.00249541073702,1664.24808982379,8593.9655299545
"kappa1[34,11]",1.63813368011531,0.358750216123969,1.00249322353247,4139.64258165206,17475.9676917728
"kappa1[99,10]",7.7765414259863,1.63131715779126,1.00249166463208,3524.12720085635,16297.5820613867
"kappa0[35,36]",83.608722528047,7.05048441536641,1.00248707966818,2229.96998174095,11774.4035224843
"kappa0[19,18]",6.23585026805069,0.594623138932365,1.00246758496288,3011.17767664,23973.857367702
"kappa0[42,25]",79.5897467566129,7.19770192954582,1.0024609045858,2523.22985114409,17095.5569680223
"tau[4518]",0.225617805750221,0.0324375639225177,1.0024525328264,2816.37190564281,14548.8141808291
"alpha[3,11]",0.0120087048454396,0.014532539717991,1.002451591321,1543.12845107377,3551.72228077636
"kappa1[41,42]",77.2936511987957,6.6896749143868,1.00244934858336,2245.06235304685,10231.3666763814
"kappa1[52,2]",2.32691634295761,0.450341044954775,1.00244484581817,3317.00566276562,11999.4763960924
"kappa1[89,12]",8.12102952699775,1.64171647009136,1.00244207113103,4046.52842645008,15625.2760648425
"kappa0[24,19]",6.03236139421657,0.519013424696885,1.0024406384026,2280.74273215706,11645.7174166166
"kappa0[80,11]",27.9806361137073,2.39932303687761,1.00242143579027,970.205719366508,3678.68852651036
"kappa1[24,19]",6.16305098078271,0.540338705788929,1.0024212829827,2385.41715284891,14648.4480939659
"tau[5111]",0.271343383143151,0.0423089080472659,1.00240475530774,2928.35089467521,12227.6363509891
"kappa0[45,5]",6.96631329364234,2.8791553789488,1.00240306189609,5106.54109272155,22517.1299764184
"kappa0[3,11]",0.134389175778021,0.0517104840615318,1.00240034873027,4129.46393230721,19892.2645483782
"kappa0[53,12]",18.0016666297143,1.47107358412796,1.00236010758571,878.746398928623,3199.73248073773
"kappa1[13,5]",0.86244008531199,0.257341113885256,1.00235045693337,1589.43555176254,7941.33499632786
"kappa0[39,40]",62.3109921324546,5.73705611796532,1.00234202188657,2634.57034745034,13153.6818704799
"kappa0[41,40]",88.5022592624479,7.59314551477159,1.00233867479854,2503.97558836198,12772.6738078492
"kappa1[52,9]",2.17084669511532,0.435159043656465,1.00233657072284,3582.73802351236,15051.8576978822
"kappa0[5,13]",0.0660957195979071,0.0260853313859108,1.00232359412888,4358.06153179315,21653.0977293559
"kappa0[12,51]",6.92622029045215,0.866743911826988,1.00232203179005,1692.38390332719,5093.34641599464
"kappa0[5,4]",0.056492748231341,0.0237492060298908,1.00231639097809,5315.04322946998,25515.1095944179
"tau[5282]",0.253469989637716,0.0350806637527584,1.00231414171754,3090.46757258534,13804.8734582477
"kappa1[18,11]",2.095750249902,0.493667938574566,1.00231094196053,5657.44119986106,19866.7989844619
"alpha[2,8]",-0.0540088670510999,0.0064733141733645,1.00229655348267,3451.16113541161,9464.28686008359
"kappa0[11,51]",8.46972748341256,1.10918236872008,1.00229212906432,1712.38923762547,5067.74928571224
"tau[8625]",0.183157291716956,0.0315887385104703,1.00227915144223,3330.44063386365,13651.113359699
"tau[7356]",0.190759300932606,0.0389817906052535,1.00227165177675,2451.82912095376,12254.0705678889
"tau[11452]",0.115060887731464,0.0210506709131026,1.00227076690269,2790.214657646,12487.284688971
"kappa1[79,8]",14.143275603619,2.94673200685837,1.00226132797964,3483.0300528114,16592.1992763617
"kappa0[43,25]",46.763582856522,4.45959063801833,1.00225621689616,2862.9325107174,20506.668915753
"kappa0[6,12]",1.06301478022225,0.0928797294890772,1.00225572067597,967.399836963893,3940.60792805186
"kappa0[8,4]",0.0303112808145116,0.011341875159774,1.00225361730698,3667.07750989273,19289.0734204152
"kappa0[12,54]",6.57951287437448,0.842189111908891,1.00225160688713,1777.73317551912,5224.73394902002
"kappa1[42,25]",92.8117297364782,7.72413516388348,1.00223146883725,2267.92292653741,10400.9665202653
"alpha[4,8]",-0.0236179139022516,0.00936505934532955,1.00222255644449,2628.96266141403,7166.36906198403
"kappa1[40,39]",74.7966544727968,7.32917626234476,1.00221294692847,3186.06015892167,23763.9007712359
"kappa0[11,47]",8.70549679159451,1.12385707875518,1.00220556252726,1729.32832667576,5578.27697639372
"tau[5311]",0.230407130823817,0.0356277856717368,1.00220409361082,3496.82524809984,16097.4957132226
"kappa1[59,4]",12.7689247964159,2.81817933398207,1.00220259842959,4246.56880278097,17044.2936072584
"kappa0[34,35]",52.7654128687281,4.12280242263561,1.0021999333621,2079.50251586285,12344.7368790582
"kappa1[39,38]",50.6582083367094,5.21799208888442,1.00219691117564,3408.12954722619,20055.0447292672
"kappa1[11,48]",7.7441490289086,1.36862728354853,1.00219530581518,2151.18997298789,8328.9424183976
"kappa1[17,16]",42.6766107578422,3.80464501151652,1.00218408750097,2593.37414790632,16741.5293690385
"kappa0[8,79]",4.01204017934467,0.567221110246815,1.00218210450603,2190.22676124461,6958.19905357332
"kappa1[9,99]",7.53122408561226,1.35299373316039,1.0021486122327,2080.96704774338,7936.14882346234
"kappa0[17,16]",36.8356950849377,3.40475706969886,1.00213673440774,3068.34358067481,17447.028786566
"kappa0[38,39]",40.7410191126992,3.81070748487189,1.00212726056094,2488.24451197615,17547.6117575636
"kappa0[11,7]",5.83954766455311,0.880948080511115,1.00212662805968,2367.70655272293,8413.90674017863
"kappa1[24,23]",4.45587873119881,0.453621033371045,1.00212564629246,3950.24103313637,18114.9460386687
"tau[11527]",0.161869387130182,0.0284631437909517,1.00211928226777,2544.44816370626,10799.1535030956
"kappa0[24,11]",1.86199012103057,0.176108982998243,1.00210258641023,1178.94467328092,4497.36512344205
"kappa1[15,20]",12.2894305001903,2.15342207549986,1.00210133626385,2129.8084659632,8540.6230868293
"kappa1[12,1]",0.0328756557981027,0.0111222984269259,1.00210059931489,2017.17311511472,12608.8178181207
"kappa0[3,59]",19.1783507785783,2.75474030807118,1.00209909358232,2145.57527716659,6245.5812046169
"alpha[3,9]",0.000583910508940712,0.019239652308053,1.00209433533697,893.812095170058,2348.68858657371
"kappa1[71,3]",16.7110878993078,4.08973994322637,1.00209277138975,6044.26957873444,20441.8998280494
"kappa1[2,45]",0.0469472953094811,0.0154564555157404,1.00207005323186,1803.08020414022,10815.732357072
"kappa1[9,20]",7.11428850175739,1.30143372393661,1.00206993002125,2298.33400292455,9487.26442027255
"tau[4890]",0.240877371851406,0.0400311846469204,1.00206878795616,3401.57217780667,15247.3876304469
"kappa1[41,40]",65.1390971327652,6.0172052258589,1.00205875867843,2649.07158036016,16487.4596453205
"kappa1[17,11]",1.88035185523097,0.401926030310135,1.00205489480176,4481.19633209237,16182.834090159
"kappa0[13,11]",0.495399601028586,0.229751591655695,1.00205159098872,7458.56979297919,28708.7745780442
"tau[5330]",0.237174492859249,0.0377040642317573,1.00204521017474,3174.08773984019,15514.2478727418
"kappa0[19,11]",2.57956631374262,0.237651737530859,1.00204137374303,1109.64195864852,4492.04258849959
"kappa1[21,20]",28.6211507963471,3.46777468676816,1.00202716416979,5272.61267403278,30139.22916871
"alpha[1,11]",-0.0434751444281769,0.0169598981422412,1.00202339205829,2052.99272070672,4734.78860761353
"alpha[3,4]",-0.0186370700194474,0.0151215590997737,1.00200799694008,1641.28730802317,4478.83002259411
"kappa1[5,12]",0.0800373230313575,0.0269323671271398,1.00200567805114,1869.96067944818,10742.6417189399
"kappa1[6,11]",0.0928571216619952,0.0218378399953122,1.00200496580094,5215.91101797272,19576.3927391102
"kappa0[52,8]",12.9542165856767,1.0866324843247,1.00200085518344,899.780055918618,3552.35385956785
"kappa1[9,61]",6.70271516629735,1.25523704614025,1.00200048964618,2288.32994148078,9441.64198443329
"tau[11485]",0.0906396910329433,0.0189316533549207,1.00197687127501,3278.95146528392,13087.1042142678
"kappa0[84,27]",153.617522188241,14.2479709952168,1.00197002060534,2633.08370741499,16911.3465107989
"kappa0[27,44]",2.070943771688,0.201988046210358,1.00196731853863,3529.97659680181,24201.2153667964
"kappa1[11,29]",8.17278047318084,1.41166801188572,1.00196390589249,1821.42821559673,8060.46447698089
"kappa0[9,99]",5.16317281055174,0.757248038631348,1.00195867322802,2256.76442835829,7272.16838475192
"alpha[1,4]",-0.021845319946681,0.0162581230561521,1.00195728554268,1697.59763931176,5780.14829022231
"tau[3842]",0.264221268135957,0.0342034230002244,1.00194723754038,2505.22640347397,9272.61030506047
"kappa0[9,5]",0.0401982155039027,0.015354866483328,1.00192729138166,4849.69942210727,22306.2864996362
"kappa1[11,26]",7.31156318337932,1.31150125342135,1.00192074380646,2129.68359150587,8905.51061717537
"tau[10388]",0.218255109851214,0.0457117856675421,1.00191521944902,5714.09375719275,23802.786716411
"kappa0[15,17]",8.46149944974505,1.28868992232797,1.00190591532588,2321.96361494666,8126.10914911953
"tau[5542]",0.187315047274622,0.0270982744018556,1.0019040039026,2049.54856903126,9764.58884234165
"kappa0[8,50]",4.74071679151149,0.626541502329776,1.00190093330234,1801.58406745321,5768.82103792213
"alpha[1,9]",-0.020813153678082,0.0197827516789383,1.00189539532027,2020.85930202341,4322.18900465512
"kappa0[11,48]",7.20516121157397,0.996633841302483,1.00189436918425,1993.37688106454,4769.5966430763
"kappa0[13,9]",0.596106814641381,0.256562181282352,1.00188505118032,5438.08984886728,23561.0338257683
"kappa0[37,38]",59.3205918005496,5.39015991726332,1.00187901713495,2761.669857237,14255.9524530721
"tau[10505]",0.164733693021203,0.0317374304504965,1.00187209429645,3738.04409735094,15054.3415697242
"tau[1809]",0.18392428045783,0.0260634260768225,1.00187200777533,1816.58943155065,9221.40433990128
"kappa0[57,8]",7.45282736519386,0.737761436495527,1.00186387953336,1225.7822085589,5379.77799960668
"kappa1[73,8]",5.9184543635142,1.5157660474928,1.001863044713,6481.14321614707,29251.815541357
"kappa0[81,12]",467.720335655329,40.5384197173129,1.00186085233214,966.136638821017,3781.79750061501
"alpha[3,1]",-0.00342072659486408,0.0171903558186945,1.00185845809635,2454.78538016935,4986.26201592162
"kappa1[86,15]",34.1802279593611,7.98855042474678,1.00185793551221,5058.0352848357,22333.6702662477
"alpha[1,5]",-0.0301061078427444,0.0207831515223175,1.00185720445468,2276.1401372731,5676.3054082911
"kappa1[49,11]",0.967733938237354,0.229529992779975,1.00185565345141,5425.35580394815,20153.9004343498
"kappa1[18,17]",49.4952653739458,4.77038005009883,1.00185149354955,2859.61179587689,16889.3769108591
"kappa0[2,45]",0.0642645642644367,0.0252939497669544,1.00184989607324,4977.65809174617,23794.314437541
"kappa0[5,10]",0.047605114086106,0.0214406756607501,1.00184292132588,7340.86332916164,29352.7660755238
"tau[11031]",0.10579637655115,0.0177748693730623,1.00184194217701,3483.16298486332,13228.7109727557
"kappa0[14,11]",0.704836050810157,0.0600259936228247,1.00182313373184,976.59019920998,4051.42692027874
"tau[4093]",0.278099399339026,0.0400239869584495,1.0018228137148,2747.51720040686,11946.504736723
"kappa0[40,39]",82.1303684181528,7.6015689830658,1.00179962051957,3132.04098061468,20988.848397132
"kappa0[5,12]",0.0662089249688577,0.026079298537008,1.00179303755656,4915.50751428935,19914.7121643513
"tau[7093]",0.200523982306031,0.042845579169343,1.00179077304645,2997.3305327537,14255.7735964179
"kappa0[41,42]",68.7224319736004,6.57049094871936,1.00178953406061,2974.52867999457,16276.8940974975
"kappa0[38,37]",25.4733729343515,2.94505301788269,1.00178648693528,4643.81253596238,25550.9581511238
"kappa1[40,41]",99.2295969336968,8.5106158965904,1.00178473607923,2647.68299208223,14329.601404766
"tau[8941]",0.186570606131055,0.0328515924568706,1.00178110218761,3458.96310688447,13853.212443208
"kappa1[8,79]",2.94053812420465,0.638951852514443,1.0017780330411,3049.78672614896,13772.0366786205
"tau[10515]",0.148951598522274,0.0285932704477344,1.00177677504399,3652.6361520815,14855.1993391573
"kappa1[28,12]",0.687274604382335,0.173627299004323,1.00177055337064,6567.14758870034,28805.9100132019
"kappa1[26,12]",1.16720839000854,0.284255761638491,1.00175970783922,5880.912037825,18941.526672517
"kappa1[10,51]",5.84951128561092,1.19813599719129,1.0017594932019,2989.29928816494,11643.5328423874
"kappa0[24,23]",4.49613546671334,0.44185233839793,1.00175932087092,3428.11590309434,21371.0620826857
"kappa0[9,45]",0.029449332245978,0.0127981596888855,1.00175145879667,6554.19004609283,23441.5466876992
"tau[3995]",0.184792456416532,0.0274679116341376,1.0017489220498,2757.93514701572,11847.7219942515
"kappa1[11,51]",6.07909403393274,1.18779929916719,1.00174869246788,2612.3858703089,9838.77033291308
"kappa1[42,41]",76.7837190413263,6.95852368000519,1.00174399543367,2811.56048307767,13815.1589049416
"kappa0[9,2]",0.0349072900176638,0.0139963914131052,1.0017402551861,6256.9803231635,24043.4251409085
"kappa1[8,51]",3.59363326164207,0.721735293958924,1.00173370814425,2820.93321034548,13804.0126082505
"kappa1[53,80]",76.3654171113085,7.36017645025414,1.00173060491717,2985.83999660133,17021.961850066
"kappa1[55,11]",1.31190403226985,0.374028869454672,1.00172703079837,8655.77444304763,30436.6605202947
"kappa1[21,11]",1.67956121462248,0.424850683237863,1.00172608658985,7096.34838700204,22678.1393716019
"kappa0[24,15]",2.02915294682266,0.186381638264942,1.00172191397189,1147.76587512378,5143.64483670022
"kappa1[13,11]",0.586292377596149,0.205889396721465,1.00171733827294,2354.50905834317,11330.6367327603
"tau[3754]",0.173310580199394,0.0281714536106886,1.00169970024184,2978.17100297426,11390.4420239564
"tau[6697]",0.174352570845935,0.0246035989043,1.00169905340767,2427.70487514092,11200.1858877447
"kappa1[42,15]",2.98191884539269,0.691452928055239,1.00169391891575,4735.51861378895,16641.8521705516
"kappa1[44,8]",3.60288465766161,0.960511331085272,1.00169360503283,7656.58174491338,32596.0303302121
"kappa0[9,89]",4.69827841303968,0.71524831634486,1.00169293236899,2659.49608131781,8405.90227850611
"kappa1[12,24]",3.1882002703987,0.695880983388582,1.00168247628004,3090.67375127591,15920.6565131015
"kappa1[38,37]",25.314473104069,3.08868599903916,1.00168004273852,5328.83032101585,27367.2783399513
"tau[11647]",0.202369819766942,0.0428931719643002,1.00167843133814,3830.2115503778,15840.2056363814
"kappa1[25,15]",2.21913572053073,0.500466882973856,1.00167687874496,5271.70063168285,19371.8210010934
"kappa0[7,11]",1.16798997264269,0.104931787752709,1.00167295368569,1021.21248363497,3983.42131349106
"kappa1[89,11]",4.54467887941571,1.18517311086761,1.0016722256028,8020.91235522566,28307.7102075852
"tau[4729]",0.229261786891615,0.0388053019667703,1.00167169345464,3523.11794262896,14738.9136072983
"tau[5028]",0.255770099874694,0.0466436567285587,1.00167111816263,4728.05176461793,20434.6037266341
"kappa0[10,51]",11.0947142325545,1.65823893808432,1.00166049195587,2282.7098433357,7770.99911730723
"kappa0[12,89]",3.01695587248637,0.537703688262512,1.00164453829404,3317.38142541415,10818.4165941534
"alpha[4,5]",0.00778332432921563,0.00883117621749597,1.00163823040278,1906.1284199257,4802.37823493334
"tau[6709]",0.236266924125815,0.0384634554231808,1.00161843451998,2168.10817405976,9791.48344736696
"kappa0[15,61]",8.1193422818027,1.26729268695743,1.0016183148881,2587.93249827978,8879.61493966694
"kappa1[49,9]",0.918171174633798,0.221527770542201,1.0016158069833,6066.45435676965,23392.853841359
"tau[5227]",0.219408786477661,0.0333072978889807,1.00161553395756,3628.59593633185,14969.7013785423
"kappa0[46,12]",6.77002512484902,0.633664870184756,1.00160811125747,1171.65418045424,4469.94164150562
"kappa0[12,92]",3.61120056419443,0.589552858047423,1.00160614347941,2786.25286234859,9538.31733446839
"kappa0[45,2]",4.81546762389486,2.30256808864451,1.0015949573547,10572.464218671,32844.1536438435
"kappa1[20,19]",23.7174991853881,2.3329675045928,1.00159465317675,3310.16163631655,14849.8741473367
"kappa1[12,51]",2.92051113179335,0.664959672793028,1.00158904925199,3353.03303156087,12127.6897572976
"kappa0[20,19]",23.152855442766,2.26903583230038,1.00158853584952,3583.15136263388,22095.7337019045
"kappa0[8,44]",2.56111039043452,0.439896041195044,1.00158644516545,3100.49968932388,10811.2789664803
"tau[8595]",0.226766093267541,0.0421474479725864,1.00158213203285,4457.93625723421,19070.4767734792
"kappa1[13,3]",0.723090981783633,0.23445052285778,1.00157836108507,2088.56775140602,10849.2875561882
"tau[6234]",0.210460416740205,0.0356866908260016,1.00157540860888,3045.99009287986,14910.7756890038
"kappa1[22,11]",0.682083046226398,0.182997731361708,1.00157539324093,7072.95623938046,26213.8654498618
"tau[10883]",0.183470970956908,0.0380205379632797,1.00157096389733,4477.82179582992,17681.1209059596
"tau[702]",0.164511148521161,0.0245465872330381,1.00156488685238,2757.34712812716,12911.1523163115
"kappa1[11,44]",4.83180334897423,1.04923210038893,1.00155961495082,2978.94070145778,13118.2594577834
"kappa0[75,27]",174.8178754132,20.2515735199438,1.0015571641503,4426.32376719837,26662.6943838301
"kappa0[27,56]",1.79680717615202,0.187722693841738,1.00155275114806,3765.87934092575,22104.9054873433
"kappa1[12,2]",0.0226851312862337,0.00888639584383019,1.00155273549834,3733.158537873,23802.4878769218
"kappa0[5,15]",0.0382073538266959,0.0185919539525586,1.00153485079098,12587.8164642725,37972.7871333445
"kappa1[40,11]",2.0611914807757,0.603819230885609,1.00153403447772,8333.58999625891,28737.8755111602
"kappa0[9,51]",5.16182317765674,0.757241470158582,1.00153225403184,2314.11977814469,8286.53808092279
"mu_alpha[3]",0.0113931248960709,0.00973994691139509,1.00152982260573,2730.93627833036,10215.0223418857
"kappa0[9,54]",4.04460186623056,0.653070772636012,1.00151970308955,2777.9630495932,9576.81892622945
"kappa1[21,15]",1.68292423919622,0.423236968484977,1.00151559394193,6240.08582524971,18978.5606252385
"kappa0[60,84]",19.1291259485616,2.24040424409408,1.00151476150069,4710.12293926677,28871.5136297999
"kappa0[1,56]",1.83709578666135,0.327292836454101,1.00150909301409,3449.23246055873,12462.8643196853
"tau[11576]",0.143253393957273,0.0331661730010344,1.00150859654956,5389.72812702062,19094.9221288256
"kappa1[39,15]",1.83071133523985,0.492151080410497,1.00150601893289,6774.01563350848,24526.7757412004
"kappa0[23,22]",32.0187336118089,3.5112838640763,1.00150303072653,4528.24332258547,21156.4619200425
"kappa1[10,89]",6.29237011706505,1.24865373147603,1.00150165620689,2694.34027467435,9667.889245637
"tau[322]",0.173620607433548,0.0307494862675362,1.00149854879505,3741.31218674904,16248.8423506597
"kappa1[11,65]",3.19496100384608,0.834669886828937,1.00149305140196,4796.19124472465,18553.9929154757
"tau[10834]",0.128118377115323,0.0205292892271416,1.00148356133388,3940.10866751481,19030.5816391965
"tau[9684]",0.218607078047748,0.0367791953810317,1.00148304019915,3350.62866041219,14355.3733067826
"tau[365]",0.176975083294799,0.0257957643608491,1.001479510622,2255.8207147178,9045.18764225928
"tau[6358]",0.13844863868046,0.0222601463081497,1.0014760349177,2637.66570718048,12332.7945732489
"kappa1[14,29]",2.02456902505305,0.218919366806882,1.00146751316259,3497.41025950104,22677.8017436095
"kappa0[19,15]",1.92486228973875,0.196003990509912,1.00146247305812,1494.5905524813,6367.00218751182
"tau[9164]",0.222405442755536,0.042758751396683,1.00146120334766,4678.423630619,18261.8230933495
"alpha[3,5]",0.000703744048561126,0.0194655524797766,1.0014557906283,1327.5080845113,2794.95178611918
"kappa0[61,12]",18.0170914501421,1.69152032673577,1.00145540574323,1154.72608919975,4162.63067488152
"kappa1[43,25]",40.0247530331336,3.82698854587907,1.00145154166893,3215.3062201969,21557.9704009111
"kappa1[12,46]",1.94446138499569,0.524580429733018,1.00144756699936,6112.33168677967,26935.501279465
"tau[8716]",0.200524712035191,0.0422427756599863,1.00144579579923,5311.80510374032,18482.9567692084
"kappa0[3,72]",10.3248795027028,1.94034370814404,1.00143669501821,3835.55098488225,14329.4421516798
"tau[1550]",0.176015750773637,0.0235249564779087,1.00142414754689,1805.34610721272,7443.03870910921
"tau[9965]",0.215083943054104,0.0308322590514999,1.00142017226811,2511.94539661901,10603.2739147606
"kappa1[12,72]",2.77255195986807,0.646648492186593,1.00141957021985,3901.1391591616,18068.0582836157
"kappa0[9,20]",3.76254885044124,0.632099481601521,1.00141876073073,2839.42242049873,9300.85953880272
"tau[6022]",0.214428411567158,0.0452136331685434,1.00141694057522,4246.15342807124,19841.9173801342
"kappa1[11,49]",4.41733621818196,0.990462046187964,1.00141537751592,3749.07085748949,13925.0943522818
"kappa1[41,15]",1.45745745486118,0.436258689167352,1.00141145137464,8958.85600200556,31961.4908915992
"kappa1[34,24]",19.1708335606778,2.35639965050859,1.00140858785528,4793.81079199374,27069.0410364086
"kappa1[3,11]",0.0483411273479806,0.0175694284189096,1.00140364414199,2558.68200531409,14042.2403558317
"kappa1[3,59]",6.23048458107385,1.29390078718132,1.00140114305731,3167.51307825467,10808.3140729142
"kappa0[13,8]",0.599646925239028,0.261085637644249,1.00140113298904,6496.85536756114,28448.5032949846
"tau[10872]",0.181280216450154,0.0365140659292777,1.00140063103291,4184.14763115911,16768.8271714618
"alpha[4,11]",0.0142387139555145,0.00728558592327908,1.00139889274638,2940.56760263676,8314.47701265414
"kappa0[46,5]",4.63408203008197,0.503210498153949,1.00139855787294,1511.15201850471,6604.85642358439
"tau[11613]",0.12815137825875,0.0301488386994069,1.001396141815,4999.98477800278,22614.3729421579
"kappa1[9,5]",0.0418532290664072,0.0151275254092135,1.00139301732395,2321.91249623533,14378.5578642773
"kappa0[63,27]",150.084263920816,17.2939719795728,1.00139175768155,3695.70918551001,22361.9690404704
"kappa0[4,72]",12.9589232664104,2.2817971474423,1.00138986270361,3390.20062823877,12533.9818027515
"kappa1[11,57]",5.45157611316326,1.11357536868635,1.00138293542112,2776.76377125768,11689.3007845261
"tau[9483]",0.224914999114522,0.0312630278699531,1.00137316960917,2519.3060512514,10531.4708868119
"kappa1[41,11]",1.70801173077685,0.472722749017556,1.00136791382689,8589.32734220813,33290.2716379732
"tau[2454]",0.257806135339326,0.0406935784864952,1.00136528864062,2125.35463998674,10206.1649086673
"kappa0[40,41]",76.9481308794289,7.38472848485655,1.00136164725118,3256.19212495418,20139.7118306013
"tau[238]",0.169371548944405,0.0269568002575346,1.00136155108437,3204.70432489058,13313.5918401058
"kappa1[12,45]",0.0194515382589831,0.0081766512039544,1.00136142876014,4395.04280971784,24185.1065454721
"tau[138]",0.18145800681628,0.0256031467494058,1.00135943190959,2881.84016574406,11373.638905956
"tau[8722]",0.237638503889557,0.0385743936732712,1.00135383500872,3372.2366344632,12718.889080719
"kappa1[9,51]",5.03627028800677,1.0756162593,1.00134862630805,3180.02366443801,11703.5084643951
"kappa0[18,17]",33.8300612428005,3.45013699274957,1.00133532157437,4382.94973930707,24618.0620838432
"kappa1[90,11]",3.92455457324719,1.23266580854563,1.00133182794264,10788.7631138823,32767.0752552314
"alpha[1,13]",-0.0242053785588682,0.0219304544546902,1.00132696943668,3718.15825139963,9368.83229334996
"kappa1[2,119]",4.5410720276578,0.957389605095938,1.00132289820004,3263.5251324519,14518.3101236849
"alpha[4,10]",0.00300712082994935,0.00885028196753846,1.00132035680876,2584.24507229166,6182.3045014285
"tau[6542]",0.181200163681741,0.0325590477426004,1.0013182558616,3103.53709389955,13472.977965716
"tau[9426]",0.153719914542677,0.0202462532762288,1.00131694576861,2493.81859468524,9671.58292724641
"kappa1[53,11]",1.97177611387837,0.568624353725627,1.00131393965608,8886.85624358795,35333.8053266131
"tau[11276]",0.165943239402079,0.0352496650799226,1.00131149550186,4300.92554372291,17687.5000591128
"kappa0[15,20]",6.27628428565843,1.09147121354242,1.00131050201761,3331.27552978272,11398.2517615665
"kappa0[34,24]",23.9343495728491,2.66714940727862,1.00130493015129,4665.91492693633,27052.7230565277
"kappa1[5,4]",0.0476069650026088,0.0197180216032239,1.00129725110203,3998.43140589326,19740.4984196665
"kappa0[2,103]",7.41884017021087,1.17519767139233,1.00129108472526,2616.71429283699,8421.83969742264
"tau[8962]",0.224131419405295,0.048002535478286,1.00128640411993,5479.65051822347,20519.9990465525
"alpha[2,4]",-0.072934443942788,0.003787365074201,1.00128442769292,4751.12391477893,10091.7509714221
"alpha[3,7]",0.00647536025231294,0.0152795900416719,1.00128364216073,1177.42215206674,3343.7733453175
"tau[8307]",0.214984255609513,0.0420092071613693,1.00128295816627,4967.09731566075,19539.7461095635
"tau[303]",0.182629556457859,0.0280133232995426,1.00127862067904,2812.75833545548,13545.4775031246
"alpha[1,6]",-0.0213867777002408,0.0165715190292021,1.0012733679477,1733.15076155093,5225.52933882205
"kappa0[11,57]",5.04430000625668,0.816367566194329,1.0012719898883,2605.93307899181,8689.73860541911
"kappa0[10,54]",6.97170291568019,1.26562071840331,1.00127196125104,3672.81889815971,12008.4239712933
"tau[8296]",0.229074773923403,0.0481894754424915,1.00127027445925,5657.49718457021,22399.9719741031
"kappa0[47,9]",1.50617296633231,0.149268160484097,1.0012675225393,1419.35889210258,5462.68597664014
"kappa1[44,9]",2.39950100306273,0.768542233421817,1.0012629390193,12819.445169962,31736.5503627343
"tau[5817]",0.211699959281808,0.037042588267742,1.0012628462293,3032.0391324298,12136.2068408783
"kappa1[56,47]",6.70899478716131,0.981968431830835,1.00125111315767,7625.7365718762,34256.1909203972
"kappa1[10,61]",2.57302973596009,0.762044660036937,1.0012503159009,5845.45641259049,24298.6407383221
"kappa1[48,2]",2.60931691446793,0.88290991300047,1.00124804051336,12626.9497938878,32518.2307743263
"tau[2657]",0.18306303472183,0.0250168408245229,1.00124649772976,2202.92705166366,9865.65213751528
"kappa1[15,18]",6.77311100168476,1.53168420793546,1.00124434180863,3985.36428173331,16541.1120558851
"tau[11337]",0.148989856014131,0.0397108570707912,1.00124396493826,5729.04867745334,20355.7725151498
"kappa0[21,20]",26.9593876696907,3.25003109186262,1.00124232913096,4793.502772036,27994.8916561162
"kappa0[72,4]",9.19184735075195,0.826504497437953,1.00124227633102,1177.76900152531,4397.04116269705
"tau[6096]",0.182934731101744,0.0335829332344101,1.00124223902946,3482.64575283947,15242.4658182083
"kappa0[65,66]",23.9833669933087,2.71533576429891,1.00124032481338,5537.97575848775,27310.0546909249
"kappa0[39,38]",54.6502746321944,5.34494237513622,1.00123589490381,3497.98896129235,20569.3752020855
"kappa1[18,15]",2.09585415611139,0.489700242915908,1.00123445641316,6224.49823271794,18440.5964735471
"kappa0[56,14]",8.39179125561942,0.932554385826337,1.0012344327335,4994.12032232801,22441.98622987
"kappa0[15,106]",6.26719607392348,1.08765408040995,1.00123328666313,3087.80700549585,11550.3063481162
"alpha[5,12]",0.0622042220114938,0.0135262597258667,1.0012312079474,6434.23226848384,21452.2939732428
"kappa1[57,11]",1.1729502164987,0.400695271089837,1.00122750108662,12197.1007029496,33830.0538472272
"kappa0[22,21]",15.2958397879949,1.79466394154996,1.00122260152235,5665.6516465822,32959.2304214338
"tau[695]",0.172743445197674,0.027761411929,1.00121636514402,3868.15722971836,15648.7696129716
"kappa0[11,55]",4.02620841855459,0.7130397563357,1.00121309445598,2933.50499480344,10493.854294678
"alpha[1,10]",-0.0418250853155293,0.0186532177042916,1.00121275406766,1744.0602522551,4035.25301018955
"kappa1[12,56]",2.91282771647448,0.660045596996779,1.00121227416419,3813.19882964598,15951.3164514496
"kappa0[12,45]",0.0225352837260125,0.0104198706554887,1.0012120422157,8634.38325869464,27613.4878170438
"kappa1[55,1]",1.4124672664891,0.391371148926112,1.00121093931345,8500.08973882056,28625.480189103
"tau[4378]",0.215053279129423,0.0373803973986779,1.00121070082852,3952.1060667553,13575.2043039359
"kappa1[36,35]",31.0658280765024,4.27802527399977,1.00120887673685,5708.30236884306,31776.8043111541
"kappa1[15,61]",5.81656521424634,1.40647774346513,1.00120773030637,4536.63370635932,14843.729193569
"kappa1[103,3]",5.40433111595939,1.72850873168163,1.00119658926346,12197.2503184521,34428.4875077265
"alpha[2,7]",-0.0635391194198906,0.00409563869567774,1.0011938899389,3731.52427874023,9773.59877863953
"kappa1[8,65]",1.92749579594468,0.505991046356397,1.00119160638595,4884.81010552786,16781.4935158537
"kappa1[5,15]",0.0400967268513675,0.0177762242101136,1.00118929340085,6131.85244857927,20444.3135481975
"tau[1142]",0.208721690865605,0.0339084748857116,1.00118121391787,2762.7854339468,12096.0429224331
"tau[9327]",0.22854760841944,0.0350496423987476,1.00117758852138,3237.6756095459,14814.8602423104
"alpha[4,12]",0.00572032276342397,0.00991254874339411,1.00117060525403,3055.64079222318,7629.61206642776
"tau[165]",0.172255510694709,0.0351846577503746,1.00116633627505,4850.68452700076,21292.5148013174
"kappa1[12,19]",2.63855074316674,0.622421606035638,1.00116432230823,3843.88059366497,17706.3036617182
"alpha[1,14]",-0.00664815104800472,0.0210474505201809,1.00116060822227,2972.90176304266,5599.24468970929
"kappa1[22,15]",0.635846163132165,0.177602702419097,1.00115639574163,8567.05074097504,29392.1333528431
"tau[389]",0.16846440661331,0.0293782636185531,1.00115232749051,3995.32444260058,17480.2284386318
"tau[3865]",0.21560689800811,0.0443690469992722,1.00114895595344,4035.92336842253,14631.5414539238
"kappa0[65,82]",18.782226609823,2.37574167100027,1.00114803386826,6618.56480039365,34573.4593260304
"tau[8215]",0.181391577281485,0.0268206778922681,1.00114723200872,1982.23893195198,6593.00492593131
"tau[10528]",0.178671730023003,0.0385004817655283,1.0011370884786,6083.49461748846,20231.9382681396
"kappa0[58,27]",143.356113530677,16.4984093752226,1.00113692704755,5039.78044640582,30241.9642471513
"kappa1[23,11]",1.05705064643292,0.32258595317056,1.00113634519217,10860.5781844476,31974.5105057522
"tau[4479]",0.244374618973368,0.0437173509738822,1.00113595715845,4946.18107098378,21486.6473144558
"kappa0[12,72]",2.68148891494725,0.494417466636006,1.00113123949404,3407.33352976781,13260.9423119743
"tau[6227]",0.183993522305051,0.0328883311927761,1.00113064461918,3277.50891793151,12853.2178999612
"tau[200]",0.175257885455917,0.0305025930053191,1.0011239639095,3852.96851293313,17691.7785085307
"kappa0[50,8]",20.4123574336764,2.653255091745,1.00112356136569,2734.63265334254,10812.4927690273
"kappa1[9,45]",0.0271368008440978,0.0116793677598382,1.00112017025026,4518.35618941457,15901.9406554354
"kappa0[11,49]",3.12220967774691,0.620295659386977,1.00111762348197,4360.39675783568,13138.6882958988
"alpha[4,1]",0.0184983360036137,0.00816918944066997,1.00111524064872,3211.93505963059,7710.68767391604
"kappa1[17,19]",13.7112916962969,2.07290838654668,1.00111085065359,10407.301782149,33848.9847471213
"kappa0[8,51]",2.56499885152933,0.43710338973808,1.00110879574885,3007.03878405557,8897.22279835586
"kappa0[11,65]",3.45487289732534,0.653337585830999,1.00110843536817,3836.59449770524,16235.1107027187
"kappa0[119,4]",9.08043595591682,1.03705939526413,1.00110310500111,1797.61191848046,8104.03139051501
"kappa1[22,21]",14.3725313543174,1.68494908564778,1.00110170866959,4667.94579333051,31063.8608705176
"kappa1[15,25]",5.18591551743739,1.32466013035327,1.00109822348988,4617.77809797669,25131.6936718902
"kappa1[42,11]",1.51227728502529,0.47315071798664,1.00109394315091,11379.7817230275,31646.0498431468
"tau[10137]",0.22229132689946,0.0376463437190666,1.00109304396881,3359.25490024026,15455.3130507552
"kappa1[9,89]",3.19888582887577,0.833450258969487,1.00109233689301,4613.01593040217,24312.2595921667
"kappa1[15,100]",5.48155197069104,1.3617326246809,1.00108994658952,4705.43987423067,23134.2862877617
"tau[2847]",0.217802177807363,0.0324329005791445,1.00108690670091,2671.08138671701,11963.8403998712
"kappa1[22,24]",13.0535266249939,1.58635109716253,1.00108627813517,6522.37479597394,29618.9936234585
"kappa1[55,9]",1.41538578216629,0.39017145212716,1.00108585160361,7365.645948626,22675.1589333634
"kappa1[34,9]",0.647684579704172,0.213324130834454,1.00108553979472,14043.22351572,32613.9226927578
"alpha[2,6]",-0.0827389225488375,0.00443751833139077,1.00108421086844,4347.00952014532,9548.17196217836
"tau[5489]",0.195313468141012,0.0362344353462146,1.00108365687609,3249.69289169339,15643.0070402103
"sigma2_alpha_p[1]",0.000857367413636126,0.000553748468034283,1.00108069016054,4499.91489568787,13684.0933379073
"kappa1[29,8]",1.28763750692939,0.340880037659469,1.00107464117247,7568.04887583583,23930.3806644853
"tau[4185]",0.202527272344881,0.0406817445627104,1.0010729676777,4499.47719701371,16385.3270948886
"tau[2263]",0.220021931499585,0.0390296142867267,1.00107105566412,2943.38009894983,15673.0170714847
"kappa0[27,83]",0.959937207682353,0.134369523757702,1.00107034436466,7225.57580622415,34314.1814058985
"kappa0[6,9]",0.471799683785891,0.054932293253243,1.00106838166691,1903.9933359404,7920.37639139399
"kappa0[22,24]",12.4888738184918,1.62049903897768,1.00106601579006,7211.29620108811,27988.9397387466
"tau[1059]",0.16524746303744,0.0311953330373063,1.00106370721259,4508.56041388745,16474.0532439607
"kappa1[19,10]",0.199993950914746,0.0551788563216472,1.00106285707805,8288.54952094569,22459.9007603334
"tau[9187]",0.228256276250068,0.0423982799827618,1.00106259151672,4356.06555358536,14444.8624389415
"kappa1[52,12]",0.996615545484262,0.281950509506483,1.00105763596661,9347.73285042024,33405.8161473129
"kappa1[13,52]",32.9541670028682,9.51668371378208,1.00105682755455,7175.35277294166,23730.1259792585
"alpha[1,1]",-0.0057731459860405,0.0196669686025151,1.00105043714472,2348.21629497157,5776.16711701651
"kappa1[15,113]",6.75392302558013,1.53062825579329,1.0010494369468,3645.02955602193,13842.6373188241
"tau[6460]",0.212589541279087,0.0392470839979311,1.00104465610623,3174.72088258672,15249.0705211456
"tau[4459]",0.153864243826938,0.0285143522339395,1.00104191842588,3409.64754837272,11908.9594352709
"kappa1[28,8]",0.6019366308735,0.161464798006006,1.00104133003704,8052.62568490983,26297.4454045757
"kappa1[37,36]",26.6454139018601,3.42832334140669,1.0010368582444,7403.13046654341,32528.0098580042
"alpha[4,9]",0.00395243978904752,0.00897752413907934,1.00103590690958,2524.7841995426,5807.6710633186
"tau[5570]",0.212425985739289,0.0340356203975362,1.00103531051777,2883.6580078995,11984.4972042693
"kappa1[46,11]",0.290890109126812,0.091765877437491,1.00103501005849,11919.854303384,35394.6989638763
"alpha[2,10]",-0.0757346930602158,0.0045512151242238,1.00103444037465,5208.03934451898,10684.1658941802
"kappa1[51,15]",0.792707701574482,0.240025679671376,1.00103305314576,11116.0059674161,34272.0257813142
"tau[486]",0.195875175085601,0.0303231841531321,1.00103100930238,3012.98476352726,13011.153469891
"kappa0[24,25]",2.4086059840436,0.315223972697948,1.00103091252261,7714.2529045237,33354.5980680873
"kappa0[56,65]",5.85656683100767,0.771429883316136,1.00103036000343,7450.5771552724,33492.5987921026
"kappa1[51,1]",0.792631570940099,0.240264361743805,1.00102358070015,11380.9959762199,33633.4502295466
"kappa0[27,85]",1.21429661749246,0.152349712412748,1.00102136851879,5535.80191398541,33641.8729859874
"kappa0[27,64]",0.869139023031816,0.127235441607812,1.00102105671588,10522.3146865602,34152.2150251069
"tau[2010]",0.203124778397287,0.0342312156930797,1.00101938563046,3190.25571278784,13281.3237905976
"kappa0[11,53]",3.11992251871059,0.620237988809005,1.00101689518864,4620.15286058844,16600.9431281085
"tau[2062]",0.155127840943746,0.0253376747707971,1.00101464413032,2167.33136690443,8959.1538713911
"kappa1[15,34]",5.50154748164272,1.36432374422599,1.00101220199422,4437.23978400394,16309.5912482748
"kappa1[35,15]",1.45816671794508,0.454864484154075,1.00101160800858,12650.1812694666,34736.7338794008
"kappa0[7,52]",0.867049349569572,0.138891541023338,1.00100910788936,9223.16301594724,38013.9367630745
"kappa1[2,71]",2.88999010868188,0.740658248728265,1.00100656657938,5594.30022204486,19875.0225670761
"kappa1[15,106]",3.30818899627288,1.02665714714485,1.00100354910826,5398.33933485636,14745.8464042431
"tau[7523]",0.209256854474099,0.0333550297502386,1.00100264825224,2444.90526374508,9771.87577956304
"kappa0[27,52]",1.3943267802594,0.163541657844949,1.00100125258969,4514.22998963567,24331.5651973711
"tau[1961]",0.21548084509988,0.0445088258407497,1.00099951967645,4375.95303132404,19440.7603267582
"kappa0[16,19]",9.22955091177391,1.51750294961517,1.00099800777998,12483.7941290424,37102.0625093414
"tau[1889]",0.203304643235443,0.045348002242448,1.00099420194605,4634.91030983965,22559.9578695553
"kappa1[15,99]",3.01458506671512,0.974704321573212,1.00098326520494,8052.63060438428,35599.8255996084
"kappa0[60,8]",6.65987992216424,0.7677874690328,1.00097829350041,1764.3527252198,6632.95188778945
"tau[11698]",0.152486280603473,0.0422444804401341,1.00097721664626,6335.48014992103,23353.6638958535
"tau[2069]",0.204056677778238,0.0366231395440282,1.00097131695336,3171.15601534608,15790.7817543463
"tau[9843]",0.207614109775826,0.0345926371801365,1.00097002095693,3160.36767174285,12719.8989723326
"kappa1[90,12]",2.84516298685922,1.02168637787566,1.00096969352434,17550.3047763107,34261.4738379132
"kappa1[9,91]",3.20132108701563,0.830390867248714,1.00096679771416,5109.89386302057,19379.1820784516
"kappa1[2,103]",2.71375715215158,0.723887931629822,1.00096621483504,5503.67136803033,22274.0100955605
"tau[9928]",0.207507439401814,0.036385709442152,1.00096604835483,4022.14795729652,16987.3951218455
"kappa0[90,95]",57.6927106572682,7.23591823647389,1.00096433114937,6566.81854983817,31473.3312479781
"kappa0[9,25]",2.56811625868083,0.506514859688436,1.00096124873732,3917.73929515471,12320.6197644369
"tau[2830]",0.190234648084702,0.0302507306416425,1.00095764459735,2662.56643108131,14102.4981135748
"tau[6458]",0.182778302865796,0.0341813176069931,1.00095493867604,3578.13814342342,15473.5004368907
"kappa0[54,89]",41.7944917001518,6.10184042822213,1.00095306349611,10275.1395960495,35755.9240648077
"kappa1[27,12]",0.0759838343750861,0.0297147715976534,1.00095217258072,18298.1489876011,36854.1617122292
"kappa1[99,15]",3.20665941173658,0.992839409015307,1.00095123654428,12996.6352044716,30519.6383427512
"kappa0[54,12]",18.0824249726433,2.31208882732652,1.00095048587975,2608.26137731309,12247.4698129792
"kappa0[44,11]",3.05347132162085,0.386868584856098,1.000944749982,2324.33769501613,9151.35274205923
"kappa1[15,43]",4.87044473183074,1.2857910460682,1.00093571853154,4998.59194460973,19243.4996099719
"kappa0[37,36]",30.862213447487,3.75828240439664,1.00093205463697,5408.76577952246,22682.0418223404
"kappa1[11,53]",2.01177179611202,0.640090658292095,1.00093066638307,10364.4925094952,26942.5348899273
"kappa0[20,24]",10.4855296609866,1.47821665772202,1.00092905007317,8233.37530117217,31212.595615752
"tau[10275]",0.230032779080084,0.0397083390559956,1.00092743367442,3438.87319737655,13383.0685950621
"kappa1[9,2]",0.0318328100129001,0.012838949864091,1.00092669751344,4112.01494341365,21624.8038859864
"kappa1[65,12]",1.05707651330477,0.43505153167386,1.00092576693005,24250.715448578,35957.4054766263
"tau[4411]",0.177596082883647,0.0399179432992114,1.00092118219452,5396.53972351758,20136.7158729907
"tau[3925]",0.250409205585195,0.0516815671546766,1.00092059393516,5412.06920482642,18124.0240443059
"kappa0[95,90]",45.2428698044685,7.67327784232104,1.000920470471,20113.4963681245,38369.7006942506
"kappa0[73,75]",44.754196990256,5.53899490367248,1.00091864539459,5473.02985983482,27731.3360505133
"kappa0[11,60]",2.01243243964608,0.485053339295314,1.00091738244352,7184.77150030052,17501.8909969551
"tau[3198]",0.218174929968553,0.0334927113806536,1.00091658916403,2717.44475207942,14509.1587147842
"tau[9481]",0.215883138325488,0.0347268469805827,1.00091172097647,3201.58688224771,11678.6616845837
"kappa0[41,25]",11.4293077815807,2.53258707575985,1.00091157327424,18375.508280447,39795.2714239222
"kappa0[15,25]",2.29014314359916,0.621966263421833,1.00090908591478,8577.95022215517,27786.2822381114
"tau[4016]",0.203396753986708,0.0526603445226961,1.00090792670609,7378.20366006891,24702.4982485313
"kappa1[9,34]",3.80194399880323,0.908056941005543,1.00090319292344,4259.17134049106,14865.2696136724
"kappa1[56,14]",5.73756397187865,0.905712793267182,1.00090083307951,13881.768697138,36488.0407997391
"kappa1[53,8]",1.65598276003868,0.514348057788583,1.00090052071418,13388.9709237503,34377.5940823211
"kappa0[9,43]",1.93538957259344,0.436208257998678,1.00089839955148,5698.5228732292,18297.2779337394
"kappa0[9,28]",1.75054510760788,0.410658776922291,1.00089621450642,6494.59704885675,22832.5547529567
"kappa0[47,11]",0.985496853567527,0.113907904884103,1.00089499590811,2055.64850618715,7285.91174985426
"tau[3221]",0.193520872573692,0.0307205873821961,1.00089244129262,2627.31785883736,11194.906436528
"kappa1[16,18]",7.92333000190243,1.33510479746527,1.000891257336,11208.7206033084,36958.4237597924
"alpha[4,13]",0.0214598473800579,0.0137991094229002,1.00088677018213,4175.53363033382,10956.46353252
"kappa0[57,58]",8.75642861954104,1.25915556401226,1.0008853457016,9655.66979734293,35642.0512218511
"tau[5507]",0.195221878261137,0.0411953042545134,1.00088300761216,4490.32277551775,19646.2531334609
"kappa1[21,10]",0.51564722155343,0.216772221878774,1.00088282325464,22756.3523911897,35597.8749500272
"kappa1[11,55]",2.20926041854469,0.669704924846779,1.00088093357952,6890.06861950631,21370.4493970599
"kappa0[15,51]",7.78481263884769,1.23626168712262,1.00087885507878,2629.69901842457,7297.80009384555
"kappa1[23,22]",30.6970756883854,3.51465074028272,1.00087789818235,5278.86741383149,23041.3034965142
"alpha[3,2]",0.00561037641259431,0.0173135973402261,1.00087656645483,1875.57519951283,4871.86645281411
"kappa1[40,15]",1.24253721380092,0.447428014291302,1.00086876604451,15724.634167595,34085.6526803601
"tau[3584]",0.209718950162534,0.0346940347031495,1.00085759970004,3119.34259144397,14220.1920801675
"tau[2945]",0.201533060165829,0.0343564434970381,1.00085557589739,3395.5496187813,17702.8145908128
"kappa0[16,15]",5.20217193446428,0.65681957593772,1.0008549109284,2111.81765733912,8757.05588469906
"tau[3060]",0.214851497127884,0.0321050868392514,1.00085472246919,3111.34238660022,16927.3701264893
"kappa0[60,85]",8.04529220890865,1.41481136317952,1.00085347117001,14606.3423335929,37584.6153364313
"tau[5904]",0.193864604135753,0.041216777006657,1.00085243179043,4900.22264010141,20406.2250636056
"kappa0[15,18]",3.9204603688003,0.841430331478368,1.00085166613122,5039.6395518021,18874.1589840906
"kappa1[55,12]",0.712417180196723,0.264491596795181,1.00084746190933,16613.2240658472,38064.6115729703
"kappa1[52,1]",0.921820006374951,0.269853602248156,1.00084691187307,9268.10317610788,25968.0335957424
"tau[9739]",0.239955252870178,0.0385775387546946,1.00084638379026,3415.27223534162,15392.1230488948
"kappa1[53,1]",1.19759982420819,0.432295995148639,1.00084590333683,21254.6183376227,39266.5804309543
"kappa1[80,9]",2.60941417731865,0.833743661790562,1.00084523049191,13218.3444288424,35201.2098001141
"kappa1[95,9]",2.8060058489813,1.15247037311429,1.00084168970005,25051.2176085162,32445.9036712628
"kappa1[24,10]",0.0768247537242454,0.0281768771661663,1.00084101951129,18350.9618320905,36385.0258555614
"kappa0[57,63]",7.70492300230542,1.18867743580395,1.00083620237848,9478.47745756723,35288.9430312362
"alpha[4,7]",0.00081643603440997,0.00698393382196012,1.00083392786526,2671.59108880197,8066.42839786392
"kappa0[19,16]",2.97901415921671,0.398848336178314,1.00083221801365,7653.23065432036,32512.3205408048
"kappa1[1,56]",1.76650651484409,0.449063491344369,1.00083066059878,4657.5964642591,20208.6031731674
"tau[6596]",0.191712000932887,0.036106063220135,1.00083057899195,3580.10821268197,15095.5239416996
"tau[1519]",0.179146273840791,0.0324497046527188,1.00082752653516,3575.75266884099,14990.8828874754
"kappa0[12,61]",2.01739435608045,0.428156870885657,1.00081873040251,5269.52849649904,14850.3426530366
"kappa0[12,56]",2.01806920860656,0.429084683757664,1.00081769864955,4204.03602087129,15345.0407377195
"kappa0[27,84]",0.796856469630404,0.121351414154896,1.00081326489998,8820.9129509053,37748.7615812263
"alpha[1,7]",-0.0266389411889197,0.0163414544775908,1.00081310685701,2039.09638691375,6251.22791314828
"kappa1[35,34]",25.1408936443311,3.77628071665451,1.00081249701554,8402.49866326612,34448.4664480933
"tau[9694]",0.225962312397745,0.0384273092807344,1.00081232841198,4185.84459758901,17608.9980811498
"kappa1[15,12]",0.0475005883703128,0.0197924634551431,1.0008119219384,4371.38001735442,21308.7267094199
"kappa0[27,58]",0.69090128013097,0.113460293184622,1.00081173508955,12066.86419057,35672.3367083694
"kappa0[12,55]",1.6053681493535,0.372166964229904,1.0008062709685,6163.05421357963,21357.3883886592
"tau[6092]",0.187516337096414,0.0363554195965288,1.00080418590525,3654.1071626689,12333.0977566079
"kappa1[10,24]",2.14894510577365,0.682499301079194,1.0008012234499,8045.2551625973,31317.5771427501
"tau[5210]",0.223694226904082,0.0406986618631003,1.0007992103384,5016.47474775232,23258.2207643499
"kappa0[59,12]",9.84694532911376,1.47875703534465,1.00079827182749,2913.51175441444,10659.4935577241
"kappa1[92,15]",0.713005522950604,0.266182356641956,1.00079505205925,15749.1098751792,37840.4405100016
"kappa0[51,9]",2.21359531932394,0.30030230542389,1.00079273892838,2889.66516095882,11682.2518505
"tau[27]",0.166245548612885,0.0311307634526697,1.00079167459589,5040.46288109546,17375.6077454699
"kappa0[19,17]",1.59848871834308,0.28915854837597,1.00078759406529,15256.6660313106,35374.1804234945
"kappa0[8,65]",1.45992635489881,0.318729616790671,1.00078730433795,5666.42372523772,17372.8723375083
"kappa1[95,11]",5.74971783645506,1.7448416316863,1.00078725721672,10873.0370792558,35307.5000466714
"tau[6502]",0.174778024477927,0.0351701638902302,1.00078670215239,4489.39477886365,21747.8675271671
"tau[2594]",0.215923692682917,0.0354281854238944,1.00078637476313,3082.1809910262,15766.8088261639
"kappa0[1,51]",0.86258649546238,0.213987125480951,1.00078277013545,6927.47508316733,20049.4297598881
"kappa1[92,9]",0.906109491807279,0.302663200377426,1.00078272990825,14603.6313880643,36144.8443766504
"kappa1[90,9]",2.84740701330126,1.02307963218161,1.00078025009013,15781.5822990464,33095.351218675
"kappa1[9,17]",2.99613326404671,0.795005542572201,1.00077994316327,5838.78551774602,18138.6742800574
"alpha[2,2]",-0.0749536093423428,0.00578919021282843,1.00077991966342,3482.27342998673,9656.37644591041
"tau[3559]",0.168357759732848,0.0221781570657229,1.00077965461353,2225.55537483908,10912.3499088929
"kappa1[19,16]",2.99507017799288,0.418837126196985,1.00077432101372,7714.50290765017,34137.1944354384
"kappa1[36,15]",1.0854412185201,0.389110510116948,1.00077320429159,16646.485924945,33981.0201269235
"kappa1[18,20]",11.2492067962973,2.16324909680154,1.00077121550784,24477.6912494599,37732.2494154406
"kappa1[43,42]",12.8819286889727,2.10752457542551,1.00077067580182,12294.4010840265,36603.2827577079
"tau[5877]",0.18331312149067,0.0396335419098324,1.00077050657283,4677.2746738257,22034.8243804212
"kappa1[9,18]",1.82098727637188,0.605883641193278,1.0007694046084,8507.15745917057,31170.9431899449
"kappa0[83,27]",143.272035769288,15.9321863864909,1.00076854163738,4492.82408311326,23306.0595720619
"kappa1[51,5]",0.387439757822346,0.159795427085989,1.0007608736022,21642.4645639849,35934.0752882869
"kappa1[99,11]",1.7767671457878,0.703491631515925,1.00076045587973,18923.6577550497,34613.9573867748
"kappa0[43,11]",4.41279012378365,0.725302954992853,1.00075917522353,4230.1278563941,14484.3086295004
"kappa1[9,53]",2.59606570989484,0.729888360265205,1.00075693365801,6509.33170448629,20707.9842760182
"kappa0[12,46]",1.35971974493018,0.342461443458348,1.00075590525597,6874.02917574482,23517.2641108892
"kappa1[55,8]",0.909097781863337,0.304753438449252,1.00075461909262,13493.7007187286,27757.0636775869
"tau[8551]",0.202234880476562,0.0434812043290828,1.00075457831749,5551.86122521079,18171.6200118465
"kappa0[43,15]",5.80520410096024,0.843171109358877,1.0007466942762,3407.60278438209,11382.1404347411
"kappa0[9,18]",1.13436320903823,0.322859425402488,1.00074454510824,9863.25876979618,30661.3012635187
"tau[421]",0.180225273207575,0.0328266815772868,1.00074300448916,4193.27122104293,15500.3018190427
"kappa0[9,17]",2.29616957738074,0.477642619943929,1.00074013459388,4960.40937279736,14181.6810922361
"tau[1966]",0.194049777914038,0.0392104905854157,1.00073992261389,3992.42298443765,16497.9246338017
"kappa1[8,55]",1.3139406979296,0.407637525585518,1.00073890538565,8625.53153250583,27676.163852384
"alpha[4,3]",0.00763910450328369,0.0079543811475006,1.00073864483608,3551.1784762492,8834.17072916597
"kappa1[24,35]",2.11969833444715,0.304977024280473,1.00073850867181,8206.60430899562,32374.0610500472
"tau[2176]",0.229511454662427,0.0463594782648923,1.00073810869991,3711.02050315078,15563.2224767218
"kappa1[15,51]",3.92643402862398,1.13063068299624,1.00073368744969,6528.55686040714,24139.2784311244
"kappa0[51,11]",2.49161524812606,0.322359652244762,1.0007327697494,2502.62406347433,10686.4791169763
"kappa1[3,72]",2.83069585425403,0.836143288595896,1.00073136901103,7254.91592234445,26031.918019367
"kappa0[56,49]",2.95969342276434,0.537815710664375,1.00073101056827,18143.4169128459,32390.1940277408
"kappa1[9,25]",3.6054645759699,0.885736649714274,1.00073039803965,4704.21898663458,22847.891752024
"alpha[5,8]",0.0935313478575906,0.0137157985605737,1.00072799917632,9312.20292834506,24954.7051774724
"kappa0[55,104]",3.64266621289829,0.65415739790153,1.00072759597506,18522.1166120043,34378.0058898572
"kappa0[13,4]",0.302637538068524,0.16910741808497,1.00072480388283,25120.4424326013,31514.7881794452
"kappa1[20,24]",10.0816629955693,1.48181057910404,1.00072476520748,11175.24950049,29169.7736089445
"tau[2696]",0.173988022867546,0.027542448020091,1.00072474758143,2893.87728013463,12038.4259789918
"kappa1[15,91]",3.01653262073937,0.974228749984487,1.00072005276911,10074.2008792592,31298.8578212799
"kappa1[5,10]",0.032847723274862,0.0158241228798566,1.00071945411194,8680.91626454343,32233.6702002018
"kappa1[65,66]",24.0188420311278,4.29145652964141,1.00071768109568,13876.6650295704,35670.4343870594
"kappa1[24,25]",1.94981411822151,0.290268065011426,1.00071505988486,8613.21716416175,31399.2604926075
"kappa0[44,56]",4.37665514417925,0.801441256851149,1.00071342493701,14675.3103515023,36865.4130113091
"tau[9560]",0.216861360049522,0.0348336082928169,1.00071097421517,3793.51384267769,17871.2189282198
"kappa0[12,24]",1.1988741893279,0.31672357325775,1.00071054100363,7379.77601653336,25828.3574416082
"kappa1[10,90]",2.57686591425326,0.755170658984701,1.00071008605767,6670.48663482728,26834.8414447844
"kappa0[29,12]",3.18543893898753,0.365600851100347,1.00070640097358,1864.63543640424,7967.47395018668
"kappa1[5,45]",0.0328926100630726,0.0158376257376547,1.0007034334844,10486.0086455247,37037.4482337452
"kappa0[56,47]",7.70228153612049,0.896652518866749,1.00070284109113,5477.31343136398,27277.8677020688
"kappa0[51,12]",2.66137986530341,0.334204084707853,1.00070224670753,2401.15940923538,9118.64990199351
"tau[2063]",0.218604975748625,0.0457142263656378,1.00070032321917,4655.10444963394,20453.7020187451
"kappa0[26,28]",2.81040529994228,0.500480834338861,1.00069827033934,13007.06312084,36342.4973827245
"tau[5634]",0.182062599681404,0.0313972002229451,1.00069315397312,2996.31467711536,14147.0914612361
"kappa0[12,44]",1.85077277845464,0.404971823254453,1.00069309417052,5953.6060216264,16540.4928254366
"tau[1546]",0.151542507826016,0.0262379182539193,1.00069308876637,3521.4944862999,14859.8544664822
"kappa0[44,8]",1.83449617302653,0.290184308181655,1.00069170599508,4103.81842736685,14056.7733553056
"kappa1[14,12]",0.0441590655816978,0.0156097581481562,1.00069047239139,16097.2797261114,35540.579193082
"kappa1[26,8]",0.5327844769546,0.183265857833712,1.00068868106483,15953.3723749261,37370.9173569042
"kappa0[72,13]",1.81152543572771,0.304939413806456,1.00068715705544,4401.79878843274,19959.2910123948
"kappa1[52,11]",0.696208230872082,0.23125262710424,1.00068710314752,14183.9015598774,30340.8554950432
"kappa0[27,65]",0.779124296699016,0.11999333490814,1.0006834543443,9978.28574641351,36921.2423736165
"kappa0[12,82]",0.879580052492034,0.268220643130631,1.00068224356578,10443.1251997091,29727.3082868744
"tau[6547]",0.200236937125646,0.0348851087295433,1.00068183435623,3463.12182307545,15641.7914713323
"kappa1[52,13]",0.55052303887746,0.201427845349783,1.00067533318366,14361.1398424918,37470.276310904
"kappa0[15,55]",1.34161154342623,0.456358899179652,1.00067412103111,15652.0429522121,34689.4264881676
"kappa0[2,71]",3.58549150705862,0.778458707996307,1.00067083222236,4676.24015552291,20830.7808822508
"tau[1416]",0.196943920675555,0.0343177816654594,1.00066893372371,3292.76645081434,13204.4935173303
"tau[12278]",0.208802648179602,0.036158363835473,1.00066722113273,3779.26582664754,13623.2391402265
"tau[7587]",0.34537884889312,0.0747644528640409,1.00066706935481,4857.52894882591,15182.5699367757
"kappa0[21,24]",10.1283597486566,1.91851940115182,1.00065935405182,14147.4139462934,35031.2359029483
"kappa1[75,27]",181.916625573029,31.1508684774602,1.00065693543075,13738.2423073754,32602.8650461472
"tau[2105]",0.190322712132649,0.0388311615077248,1.00065452571051,3607.34639364111,15605.8857933724
"kappa0[10,61]",4.73702098865529,1.0114194851814,1.00065325137215,5384.85938399051,17793.9482799714
"kappa0[11,93]",1.57407758222841,0.423435719345483,1.00065275329135,8640.51664076784,26389.2606565551
"kappa1[10,54]",1.94606676708639,0.643186665865093,1.00065233832111,9776.10265803373,31972.0289815829
"kappa1[51,10]",0.585217509112308,0.203557704839657,1.00065156364864,15929.1691101692,30693.9548546808
"tau[230]",0.176559821582548,0.0362003946663827,1.00065046278877,5210.68564085395,21569.8105940937
"kappa0[47,56]",1.01027772595872,0.189584607560412,1.00064756008797,18814.3565117088,34786.7754219804
"kappa0[56,9]",1.14603369082004,0.188143328308136,1.00064617823132,3955.46607597953,15031.5945248614
"kappa0[35,34]",27.1303871811265,3.8134509890117,1.0006460811193,8886.47909869475,33639.4026794752
"kappa0[19,21]",1.44301465674931,0.272896836735106,1.00064467534304,18796.6194169204,35063.9813158639
"kappa0[64,27]",192.441486064361,30.0569301083245,1.00064372531428,13487.1470947881,38871.7980691116
"kappa1[34,10]",0.321811383880417,0.142773346325864,1.00064326515257,28299.4776509385,37778.7042997118
"kappa1[80,12]",1.37540095647153,0.580510837688719,1.00064205006532,28824.6330219087,39093.0060172559
"alpha[4,14]",0.0188141956954909,0.0097041685863407,1.00064110520003,3234.80457457218,6508.12050156592
"tau[3106]",0.202072350419105,0.0367800116362954,1.00064022891361,3824.65239968711,17098.7891435412
"kappa0[16,11]",2.99885641523214,0.478196218706335,1.00063969898593,3760.80498596274,17245.7421830686
"kappa0[51,8]",1.5973896066055,0.250357584825719,1.00063608873655,3854.32263226706,12886.7947301313
"kappa0[44,9]",2.40138699745001,0.338583014461743,1.00063595202922,3040.41776186168,12537.4723652849
"kappa1[12,44]",0.902588805697857,0.342388947525697,1.00063525927169,13990.576160671,36200.5889798038
"tau[3928]",0.207002582180992,0.0541526903091452,1.00063522893201,7216.43346981182,27802.3684673336
"kappa0[43,42]",16.4157762230423,2.5436547070434,1.00063510022424,8311.7036168591,32455.8655166158
"kappa1[44,1]",2.15830349968643,0.722021898909007,1.00063494475171,15126.8802788715,30649.2216104426
"kappa1[52,45]",0.410435802568571,0.168903066702661,1.00063312105172,25720.7083409172,36825.5772186173
"alpha[4,4]",0.0171823865296115,0.00729348287655207,1.00063204993967,2999.40316662382,8104.53249823094
"kappa0[15,99]",2.60559271046375,0.663074746172008,1.00063151682498,8426.29980757882,23942.8291425895
"kappa0[55,11]",0.853056199159221,0.172727186544568,1.00062760508424,5951.46320146382,22693.516447367
"alpha[2,5]",-0.0733502054977164,0.00580658520889902,1.00062682013567,4448.08802003819,9215.18287649069
"kappa0[34,43]",5.99817394792745,1.29129796770914,1.00062448602366,32057.3488868977,38043.8511039069
"kappa0[68,27]",166.740721785699,24.1893324181867,1.0006218502831,7895.14328578975,36410.418509152
"kappa0[27,69]",0.546283749580865,0.0997372726200456,1.00062141716544,12938.1777712674,37061.452709959
"kappa0[12,88]",1.35829425971923,0.341674089314744,1.00062049154209,7582.42874205236,24175.6663287004
"kappa0[9,34]",1.93389832467405,0.434307085746743,1.00061997518492,5644.1917467706,19261.8722140968
"kappa1[29,9]",0.531881405523517,0.205931275990772,1.0006179820035,20311.8543938752,38915.6230954112
"kappa1[107,15]",14.3435333951867,5.13297605195482,1.00061749252995,18188.3974691917,32180.8984401204
"kappa1[4,71]",1.44045129075489,0.666495951932366,1.00061748941242,24337.7119524383,37776.4612692605
"kappa0[27,55]",0.707277205107902,0.114327822459775,1.00061609684482,10734.2015291729,37135.9098639061
"alpha[2,13]",-0.0410624436764146,0.00716726924403783,1.00061387466265,4269.45995140924,10733.1034308189
"kappa0[103,4]",6.70790127202585,1.24865976493258,1.0006126476513,5516.87500668019,21039.7717386335
"kappa1[23,15]",0.963150824572142,0.305858854714538,1.00061184020086,10775.7311370371,31294.9887457368
"kappa1[84,27]",145.994577917814,27.7241384367294,1.00061133516614,20371.9268890484,38902.5140026001
"tau[5625]",0.184083013642795,0.0388847327439848,1.00061070969053,4503.31895383124,17668.2243417255
"tau[3085]",0.222190791158181,0.0355351830835229,1.00060971154543,3236.54295555252,16010.0140511837
"kappa1[10,95]",1.73510477890497,0.603718549309637,1.00060918328071,10460.6393864696,34742.0437348471
"tau[3582]",0.175613511137055,0.0295757519872197,1.00060881632636,3373.8072470667,18326.2486955846
"kappa0[24,35]",1.29030193030531,0.227249221279069,1.00060860363949,18557.4346225472,38661.4628558878
"kappa0[44,28]",2.25674056600234,0.563580222939247,1.00060853728281,30015.0750316763,38325.2589601208
"kappa0[2,59]",2.03412634695026,0.570677355896279,1.00060746040236,9709.93391110097,28776.4787544878
"kappa1[44,11]",1.71290833848942,0.635151261877074,1.00060434126446,16260.9515747912,37791.7470139132
"kappa0[10,86]",2.35716756967333,0.691341994095479,1.00060384283546,10827.8929336384,34282.0064119931
"kappa0[13,3]",0.303815986382964,0.169925285015312,1.00059986576815,18357.5621038552,38889.580384548
"tau[10187]",0.223043556354346,0.0411684817286765,1.00059984442852,4394.47603730849,19979.7324939429
"alpha[5,11]",0.0819762327235729,0.0108623138731123,1.00059935395297,8115.97699482118,23465.5467563454
"kappa0[18,20]",11.6170667560213,1.93947732829968,1.00059810210684,17553.6628949186,37640.5857840314
"kappa1[95,8]",2.81900652703453,1.15938465675053,1.00059577322482,22514.7827533329,35955.8338164798
"kappa1[20,9]",0.409354031751502,0.14685491932464,1.00059309829051,19227.6272121072,35160.219857876
"kappa0[67,68]",34.0207558870256,5.13792450864308,1.00059291902961,11974.0698446301,35572.8011881661
"kappa1[16,9]",0.647744793812079,0.193596835344507,1.00059188984659,10889.3283735161,37329.8335575792
"kappa0[41,43]",4.9312061977513,1.60754901361044,1.00058848688986,38803.6962159223,38716.1134928322
"tau[1976]",0.214064459580116,0.0448012039424774,1.00058832471948,3960.24101239771,19020.0452855184
"alpha[5,4]",0.0965903733981623,0.0109900906615619,1.00058534411548,7108.19971448886,18353.6574343301
"tau[3621]",0.207482683639299,0.0358182492507472,1.00058516838951,3443.8965052323,14408.5422386008
"kappa0[27,51]",1.01396469708345,0.137900891262802,1.00058476624264,8717.41622328121,29715.3973310416
"kappa1[27,56]",2.46182228203158,0.350479067630826,1.00058468564745,8224.39879969154,36684.8375202412
"kappa0[18,16]",6.56558497138981,1.44443213440969,1.00058292958062,31884.2834322361,38565.4690847367
"kappa0[8,104]",0.887591580940266,0.242116296410614,1.00057913674048,8991.11781051376,23898.3965798654
"kappa1[83,27]",185.331559580099,40.093304961277,1.00057750381632,24368.0693232689,38218.5270124151
"kappa0[11,104]",1.79428839430604,0.455718584989744,1.00057205710641,7379.87306719958,28539.7271391646
"kappa1[54,12]",2.26678098078318,1.00329991417182,1.00057139756717,29497.126626453,39102.5755066189
"kappa0[27,63]",0.672102047278143,0.111150548800073,1.0005698680436,17458.1144769767,37321.2236561442
"kappa1[60,9]",0.702414049557203,0.335721770862749,1.00056848257059,28894.6459704468,35865.6481347195
"kappa0[8,55]",1.71574318197684,0.347257830649301,1.00056789537223,4275.73127451959,15112.7146546377
"kappa0[8,53]",1.07520334392112,0.267024029127955,1.00056713038883,7116.67851103094,22202.6043114081
"kappa1[7,12]",0.0304693661346828,0.0111810040130424,1.00056614003017,21077.0363769801,36624.5633997738
"kappa0[18,15]",2.49335272928846,0.487613269162816,1.00056602184166,6443.66425377314,22651.2221684998
"kappa1[7,56]",0.621228016411683,0.103875071880967,1.0005654961772,12483.5309573578,37311.9314133194
"kappa1[53,9]",0.760752967285286,0.329823845752126,1.00056196057036,30538.2857014003,38289.124328074
"kappa1[103,4]",3.37915998298108,1.31564275174062,1.0005598942801,22241.0803147986,38531.3171797362
"kappa1[67,68]",35.074436113726,7.61142978898091,1.00055971001415,18337.2636420427,38561.1239048303
"kappa0[86,15]",10.7564954211109,2.785874474487,1.00055924358443,11278.8070913599,31896.9272053467
"kappa0[14,52]",0.255058827958915,0.0527533449327596,1.00055884642158,19664.1037886691,38896.2445166604
"kappa1[18,9]",0.537574966527695,0.228071157522467,1.00055684105189,25018.2625709099,39003.1923603599
"kappa0[53,51]",4.71152498200202,1.05416242263365,1.00055359012698,25849.5337127299,39429.1025252038
"tau[1796]",0.193295969847369,0.0410000464478956,1.00055356782527,4247.94677772076,19449.7173205457
"kappa1[10,88]",0.963990751647045,0.432253504974016,1.00055208912222,23059.9023927551,38261.8445537094
"kappa1[13,4]",0.387754359230523,0.161365581132631,1.00054888369999,5079.55522795629,24720.1975531826
"tau[9536]",0.222447353554185,0.0399662289456567,1.0005486555908,4828.36231653565,21458.0653573392
"kappa0[67,8]",14.0377878650802,1.88490909426465,1.00054644765037,2747.51189596692,11773.024875779
"kappa0[79,8]",9.23237924378584,1.32833289089968,1.00054355291733,3459.60744196323,12673.0995035487
"tau[7620]",0.309147991799297,0.0576773659079504,1.00054250268924,3227.89545073709,12438.5218182226
"kappa0[11,90]",2.6711259464822,0.565961070709668,1.0005406587617,5670.83225380009,17363.1590218284
"kappa1[17,10]",0.416843077665455,0.172094592069274,1.00053913714179,23630.6045223259,36325.1647561015
"kappa1[24,16]",1.19742845046964,0.22562825981475,1.00053827036112,19586.2550925593,36832.08314878
"kappa0[46,8]",2.47759586250272,0.34095806949017,1.00053790287377,2676.49004698985,10760.6033639509
"kappa0[24,9]",0.27662456887862,0.0568020081030276,1.00053581139767,7518.052866944,21485.2352171384
"kappa0[12,48]",0.958801749291665,0.280821143667077,1.00053581004707,10380.047706857,30596.8842586782
"kappa1[72,12]",1.0265812961051,0.390364844969671,1.0005351969954,23166.3935757883,36971.3907313134
"kappa1[1,52]",0.929215189634801,0.311506796465249,1.0005350265051,13508.787219721,31884.9282295166
"kappa1[35,11]",0.928743219042748,0.347722416518643,1.00053462161525,18184.02378483,37434.2504534965
"tau[12210]",0.184415123636144,0.0367109832883221,1.0005316467809,4795.97839293334,18746.5970125644
"kappa1[56,8]",0.284535506026102,0.0999485984069171,1.00052678639229,16909.8840562824,38912.6127920432
"kappa1[12,90]",1.28513229620934,0.417207043125298,1.00052554629429,8267.21955640835,30688.7798260014
"kappa0[36,35]",35.7530797219373,4.76837610078293,1.00052373318742,8864.21099722264,34429.8752337573
"kappa0[12,19]",1.19921685383441,0.31853798894803,1.00052355667311,8475.86375812119,27265.0756120387
"kappa1[43,9]",0.612326352156815,0.225755660426395,1.00052094120278,20299.4846957428,35981.1037320102
"tau[2888]",0.187163473736778,0.0308079316585136,1.00052007840909,3157.42733115707,14344.7182442686
"kappa1[56,65]",3.79725060513858,0.732948620414328,1.00052002661223,24004.8556769232,39588.913144081
"kappa0[69,27]",199.949524049395,31.3791799782469,1.00051596918026,11567.808234161,37039.2461050051
"kappa1[59,12]",3.46706949544104,1.3378363585864,1.00051536472476,22547.3086644837,33839.2839504335
"tau[1349]",0.18878406890473,0.0393456688683891,1.00051450448299,4770.88989105943,18142.0166468821
"kappa0[17,19]",8.57199865504245,1.5631123327157,1.0005133439135,21863.2484899635,34962.7469751721
"kappa0[74,27]",186.032558573079,32.3784983159128,1.00051318145955,19501.3689264165,36721.9104209766
"kappa0[29,26]",2.98986452775034,0.589913817919686,1.00051109398117,18607.178830324,38312.3735108608
"kappa0[61,11]",5.3869743379424,0.807793680621499,1.00051100434937,3223.33028704901,13777.4428868717
"tau[12074]",0.236240711553442,0.0457777381300537,1.00050907157196,4258.51865060038,18026.9840894214
"kappa0[15,34]",1.80261488762533,0.541170457585173,1.00050721864733,11570.9302027402,28710.5970438572
"kappa0[9,55]",1.57650436244344,0.384502394156416,1.0005048013981,7349.53147938375,21063.6341078018
"kappa0[20,15]",1.72500195167619,0.327117743494079,1.00050360737248,6305.60398106146,19001.4269977477
"kappa1[11,90]",2.00842473053987,0.638035353209243,1.00050328256901,8927.7026637884,23717.4656141233
"alpha[3,3]",0.0192968223066579,0.0170298817379724,1.00050327889366,1647.49861051996,3960.88870071337
"kappa0[28,12]",0.634699487310125,0.107000515773819,1.00050269256912,4910.53953324341,17875.83190267
"kappa1[8,44]",1.07524035949739,0.364271060463304,1.00050216814892,11249.9651951173,34708.6589370483
"kappa1[11,93]",0.904001174447811,0.399505548913175,1.00049694200819,20364.2743121693,34376.5795958023
"kappa1[88,11]",5.80493995010975,2.7951859264393,1.00049691143638,31636.8838100312,38159.4762904209
"kappa0[46,3]",1.87883703419487,0.291526985758464,1.00049456984758,3810.48822769608,13237.6740354288
"kappa0[10,99]",2.54946341044309,0.718080375018475,1.00049354536489,11197.014611437,30805.0880697904
"mu_alpha[1]",-0.0245821863840611,0.0103463058297423,1.00049246762796,3426.89631087709,13300.0373466033
"kappa1[17,9]",0.417987000689437,0.172441448722336,1.00049235593734,22618.1437948553,39510.2523281713
"tau[6212]",0.18925911999788,0.0408386323999947,1.00049079392459,4368.61429141569,18415.8967392669
"kappa1[34,43]",11.2697095520032,1.77467594697072,1.00049059376065,8590.33229022214,35956.4288957254
"kappa0[1,52]",0.615508784802586,0.178416832665933,1.00049023711437,10442.427877985,30493.0660275311
"kappa1[7,52]",0.619890027586209,0.103931377945325,1.00048994338885,15706.3318917305,37783.1867019955
"kappa1[27,63]",0.846331039141748,0.20012552105453,1.000488715812,30469.667500663,38226.5305472196
"kappa0[27,78]",0.282217778914839,0.0705498553073002,1.00048842629704,29847.9162972581,37830.6924765651
"tau[9499]",0.229453851597057,0.0362556190423654,1.00048787368468,3822.1095446618,15099.695820985
"kappa1[8,59]",0.225927338352132,0.14046253947275,1.00048674123132,39573.9966450564,38458.0163164642
"kappa0[49,11]",1.68435749969305,0.295444431273956,1.00048668237905,4917.59144162813,17426.8178268743
"kappa0[44,52]",2.25423080478455,0.563238867036808,1.00048519855963,33113.1323865544,38095.3552753544
"kappa1[24,38]",1.07309943995151,0.211758229863578,1.00048421643523,19362.9654882568,36599.6603119251
"kappa1[36,11]",1.21678575119082,0.414607597816665,1.00048390522852,16805.8576745869,34869.3513850455
"kappa1[56,11]",0.185998769270358,0.0780825502440392,1.00048309115326,26368.4765843623,37724.3281542546
"kappa1[8,95]",0.61648356499782,0.263990356546211,1.00048110824081,20609.6360833244,38906.0060847514
"tau[11811]",0.212646626591801,0.0409372972811237,1.000480026159,4117.69525461833,15763.7012142754
"tau[7702]",0.183998837542379,0.0384456760552915,1.00047982739773,4623.29438820583,16222.4555689944
"kappa0[9,88]",0.870775247717386,0.278432588464544,1.00047974176297,13653.6496461239,30258.9812579408
"tau[11924]",0.192740573879354,0.0382529722731429,1.00047946735376,5207.10053728885,16024.9900000801
"alpha[2,3]",-0.0807850418014226,0.00494068174870383,1.000479341642,5819.17935500293,11929.7282540705
"kappa0[9,91]",1.0443530768889,0.307185391872231,1.00047920766839,12633.1853306345,36008.7925985917
"kappa1[7,51]",0.417237212851394,0.0841565044137667,1.00047718004023,17402.9649576719,37810.555971367
"kappa0[54,61]",29.1780218409245,5.06722694341979,1.00047595756859,13838.7536255061,35735.4897624429
"kappa0[9,90]",0.87005497644084,0.278390347223118,1.00047460865955,12920.4934936219,32444.2801984981
"kappa0[55,56]",2.61741270757248,0.551738568679314,1.00047399517821,29327.416378634,37845.6459612726
"kappa1[45,2]",3.36503083326602,1.72980224053223,1.00047234903502,10570.6911428474,32712.8156751045
"kappa0[52,11]",1.05880799061124,0.236944882727055,1.00047179860309,8382.43261717708,25640.3818758028
"kappa1[68,27]",175.250561093036,40.0194600023383,1.00046846738892,29210.8879223795,36113.6961283985
"kappa0[12,119]",1.19862967646543,0.319121265706748,1.000465284553,9690.03522344129,30717.7750504435
"tau[12312]",0.185125752904089,0.0323738063386688,1.00046478390597,4360.96258680129,15835.7343835704
"kappa1[44,12]",1.48346251634622,0.581795729182009,1.00046349898332,18409.249102244,36864.1952896113
"kappa1[12,80]",0.778278470516958,0.311498812932122,1.00046217306192,15959.3030874346,36779.5322319931
"kappa0[4,119]",4.58072301341553,1.2671880921732,1.0004621534459,10434.5046907278,33295.8050057648
"kappa0[6,8]",0.137429652208097,0.0270020068150117,1.00046181848345,6376.16867166904,23976.0751124178
"tau[3589]",0.196221323298915,0.0337469908561038,1.0004613342699,3400.90901428012,17488.2211517132
"kappa0[85,27]",104.175068404841,12.8625164784798,1.00046090504714,6588.17551012366,29015.9594057359
"kappa0[49,9]",1.4102280818654,0.266509507321271,1.00045900971627,5724.40031894548,19024.9086668075
"kappa1[41,9]",0.515422502818757,0.238730987218252,1.00045860703945,29790.0943407039,39627.5835701937
"kappa0[46,9]",1.6007666266244,0.267197705881905,1.0004572493098,4576.66951783725,14156.8467975792
"kappa1[14,56]",0.601488047307899,0.114708021091978,1.00045622472449,16322.2389655344,36803.5867357173
"kappa0[11,83]",0.544843966005392,0.232066706453127,1.00045587427722,23299.0110433535,38390.3279601125
"tau[12268]",0.201647821525159,0.0415460347107137,1.00045432745382,7201.19340310825,25107.6394055757
"kappa1[47,52]",0.864680442117195,0.190202227018433,1.00045413540292,25462.7190872564,39665.9139179681
"tau[12180]",0.133854211161702,0.0266552750135891,1.00045316317489,5122.64296203499,18059.1814754703
"kappa0[44,14]",1.57117825686998,0.461515253730966,1.00045263866719,38226.4670648396,38188.6630472426
"alpha[2,1]",-0.0658979822674784,0.00563703635530009,1.00045087817605,5784.63641004,11904.7879266081
"kappa0[43,41]",3.79074734117602,1.1599533714412,1.00044852055847,30411.394115166,39594.0820286115
"tau[12238]",0.308839551903671,0.0585389366099575,1.00044827568544,4983.41265703165,17840.7049666925
"alpha[5,10]",0.0882801496767392,0.0123033638154239,1.00044814253772,7020.04089490203,17837.8171328693
"kappa0[11,95]",1.15189431453256,0.354159170923261,1.00044481393396,11611.2070444466,27332.6670297187
"kappa0[52,56]",4.78704491056293,0.944272990133972,1.00044395770378,20915.8678759225,38598.3635073561
"kappa1[42,43]",3.87179491241377,1.39348572195015,1.0004436012358,38395.1628180018,39532.0896619006
"kappa0[57,9]",1.35427316860757,0.266435296694364,1.0004432746462,6203.96457489385,19308.0702291935
"tau[1386]",0.184236795685693,0.0385316319263394,1.00044241146853,5593.84533179073,20271.5734472033
"kappa0[104,55]",24.3674221270442,4.16172403908335,1.00044235912088,15576.1072146113,34583.1004219017
"kappa0[27,77]",0.456969897881253,0.0910580314699385,1.00044165636659,27971.18928735,39584.4203291353
"alpha[2,14]",-0.0695023445862692,0.00556950660487146,1.00043963479655,5810.04957784237,11316.8329804096
"tau[9612]",0.222800671858711,0.0432008900596188,1.00043882769493,5544.47854330672,18045.5886276027
"kappa0[12,52]",0.95639050702671,0.281342547267954,1.00043728611664,12459.7400243422,28032.6214355101
"kappa0[9,41]",0.384490947787891,0.171291843274803,1.00043606695768,32658.8139459701,37369.5496296046
"kappa1[16,19]",6.38350786372297,1.19584606679885,1.00043543927129,17035.7017939993,33262.1128973757
"kappa1[12,95]",1.02724218801731,0.371080375978602,1.000434741556,12181.7111410486,31978.0677684932
"kappa0[15,54]",1.97168001345684,0.569710856562871,1.00043238845916,12121.359037536,30147.9757913841
"kappa1[27,64]",0.844317820225158,0.198391034982391,1.00043221006946,33146.1851929017,35966.7384321605
"kappa1[15,54]",1.56088698048768,0.667768146296934,1.00043159181372,19423.7989670416,37615.0102399865
"kappa0[80,9]",3.9488483520855,0.726927771227577,1.00043099404581,5664.29453246458,22318.1383194278
"kappa0[47,52]",1.22143781710063,0.209056996035607,1.00042588026601,17449.0022716477,36114.3864927095
"kappa1[19,12]",0.049699178660713,0.0248279813682152,1.00042489690275,35357.8846962842,37442.4774756458
"kappa0[15,53]",1.49775792100583,0.486922672639809,1.00042486492569,15303.6226869448,35097.1194740216
"kappa1[15,21]",2.12316599059271,0.799375998336463,1.00042372173096,12801.5394896118,32403.435748287
"kappa1[21,12]",0.194870776668788,0.117247531018462,1.00042297408541,36997.0404518375,39120.3138677251
"kappa0[17,24]",4.46883948285853,1.10903222480845,1.00042071691665,35010.1891685348,37176.9244901726
"kappa1[10,99]",2.15386498979533,0.688587648805711,1.00042059328477,8446.32319168363,28303.3881361364
"kappa1[113,106]",556.298747553348,139.966824269112,1.00041998101711,32352.7713717335,38950.155659556
"kappa1[106,15]",3.84591602139375,1.63256876136285,1.0004189446783,28950.7678839954,37981.2038321773
"kappa0[90,12]",1.99246523711798,0.656657173213603,1.00041690006249,18910.5815064123,32719.0960179297
"kappa0[12,80]",0.957297293565877,0.279605006620781,1.00041644220517,9910.67924405488,29684.6703094038
"tau[11999]",0.153052003711283,0.0278449627131273,1.00041641075372,4604.71195026082,18302.6733737356
"kappa1[11,60]",2.40572954300634,0.706082946752126,1.00041589033476,7336.68128161301,26555.789826756
"kappa0[53,9]",1.4090708893613,0.31057915555068,1.00041557661626,7860.09086735722,23361.9513685915
"kappa0[24,22]",0.554177282357311,0.145752378828961,1.00041539273266,32664.5589303474,38563.4553944885
"kappa0[46,4]",1.05117869532206,0.209275583039415,1.00041456722071,6821.17988171767,21960.0971704489
"kappa1[12,20]",0.901571131242046,0.342815122198925,1.00041435802596,12761.2200412217,33107.64802355
"kappa0[66,56]",14.623796573898,3.44727211787858,1.0004132593889,28857.52303814,38422.9433223765
"kappa1[62,10]",6.56793858835867,3.22879395049202,1.0004123948785,36020.5844626932,38674.0970664991
"kappa0[51,61]",3.33261790186818,0.636991511969155,1.00041194897718,22034.7791418912,38813.2645604267
"kappa0[15,41]",0.897948753693386,0.363749657570864,1.00040988230122,23390.1315646019,36568.3565632703
"kappa1[10,16]",2.14878300449892,0.687089961625525,1.00040947763744,7990.39042749796,26921.5774702786
"kappa1[36,38]",6.90556648129357,1.91225070308175,1.00040890129868,38569.5227933221,39893.1145249574
"kappa0[44,1]",1.11130228314764,0.216417647453059,1.00040781181853,6355.48184736964,20571.5336691106
"kappa0[12,59]",0.79953541599831,0.253043845641729,1.00040628224568,12894.098807687,31180.7052541342
"kappa0[51,80]",5.6394097946242,0.838767700971918,1.00040506166684,9429.42467947144,35821.5657736788
"kappa0[62,102]",18.3814151393335,4.25943516193391,1.00040460669359,27259.885659164,37012.4258757541
"kappa0[12,28]",0.572943784827664,0.209258894105091,1.00040246239335,22770.448705462,35831.2302805751
"kappa0[27,90]",0.31693944091453,0.0748742833273975,1.00040212753511,29172.5294825641,38537.8315640059
"tau[12199]",0.241328491099596,0.0552100610247881,1.00040162271309,6632.17563869645,21123.8198258432
"kappa0[26,8]",0.47426628051478,0.109553301921286,1.00040147178586,9199.41496844671,27922.0801509277
"kappa0[59,5]",3.08806316042264,0.770850961006389,1.00040119337316,11976.5226871759,31653.4950178806
"kappa1[73,75]",43.716355830387,7.81529734521179,1.00040090910575,12292.0529763611,37675.8263368171
"kappa0[12,16]",0.803329564775938,0.253551233106353,1.0003989127298,13370.5504182836,34140.6752036199
"kappa1[21,24]",9.88063660876851,1.95891613320635,1.00039817610172,27665.9183944448,39744.8576201621
"kappa0[14,51]",0.266187297749992,0.0543765979950643,1.00039800963271,26338.3893420334,37881.65406758
"kappa1[90,8]",1.82100955729478,0.785914797087276,1.0003975168085,29410.1746559759,38378.4947655339
"kappa1[22,9]",0.191905424986576,0.0882537382390514,1.00039463279528,25327.7697183066,38617.6813073914
"kappa1[12,48]",0.657160963939034,0.283099873635375,1.00039456080566,15634.2733074357,29933.4327255211
"kappa1[97,15]",9.45455936307692,4.38318926265032,1.00039448424673,30351.4004599259,36148.4312833274
"kappa0[44,26]",1.98097065483634,0.524649704615506,1.00039446275116,32688.8756410089,38614.7520090364
"kappa0[61,89]",7.67793998581014,1.68186540858145,1.00039411594725,23241.7642881499,38228.5395046806
"kappa0[55,9]",1.34782200798688,0.222767760685231,1.000390648658,3828.85641289202,15579.5905959702
"kappa1[41,25]",8.58871994621308,2.0487088073064,1.00039037460709,29138.1133905658,38211.6790036724
"kappa1[66,9]",1.74752748185435,0.82680742919187,1.00038958707928,26220.7740856307,39508.5934946118
"kappa1[12,17]",0.329718656683849,0.183452327192553,1.0003890697735,35067.0814296662,37347.8886914739
"kappa1[19,21]",2.13172068912149,0.354277460752651,1.00038852434282,11079.7871666082,30673.8568614316
"kappa1[38,40]",5.15694577388714,1.3198813148053,1.00038679946832,30052.8311125426,37379.8497179664
"tau[12521]",0.212016377106185,0.0510369338739322,1.00038601107397,8892.8051039691,26391.5545531903
"kappa1[24,43]",1.07407276465981,0.212661758888356,1.00038576768805,18451.3004367552,36569.8186743502
"kappa1[15,89]",1.56391099699924,0.665218485578468,1.00038130398406,17446.3355213749,34987.647069069
"tau[7461]",0.306748197502488,0.0538646095361061,1.00038035154911,3179.11007228881,12311.7682498842
"kappa1[12,47]",0.777958525705748,0.314117494420473,1.00038025279292,17409.5737930411,35854.4779536532
"kappa1[37,11]",0.542481315517303,0.229415673111992,1.00037861653117,22556.6646708963,38540.3599456772
"kappa0[55,12]",1.18099563369009,0.209135892053966,1.00037813562628,5118.25487386157,17957.6977449276
"kappa0[16,18]",7.29238928169684,1.3356616409727,1.00037791638048,24408.9710529238,38970.1753651826
"kappa1[65,9]",0.889520312765613,0.393326349329258,1.00037749618844,30018.3127898576,35615.0650749235
"kappa1[51,2]",0.265242442388557,0.127308366389257,1.00037236364449,32279.087997724,39277.3625043434
"kappa1[15,41]",1.5620222498321,0.668267599940692,1.00037119694938,24324.3583499679,39576.024932424
"kappa0[79,11]",0.71751164101458,0.311887575608865,1.0003707266703,30341.3429501754,37992.8469588899
"kappa0[66,1]",3.75887455627219,0.945097696846499,1.00036997955371,12533.044853206,26432.023196356
"kappa1[20,16]",5.46267942425303,1.07126793926769,1.00036919260628,23435.3319273508,36293.2184261044
"kappa1[1,51]",0.827285048843882,0.293481856897024,1.0003648860338,11068.035693043,28358.2069814295
"kappa1[1,95]",0.358689115060336,0.176665744745863,1.00036400131814,29012.3229242062,35391.7327457801
"kappa0[91,12]",28.9216108770122,5.46551054725111,1.00036372151351,6291.59733822473,19319.5035980224
"tau[5416]",0.191236554234321,0.0413474134491213,1.0003634723737,4322.33891344926,17465.0344831033
"kappa1[12,52]",1.02501483938496,0.366266715471824,1.00036231716798,12834.4977189456,36251.5470377734
"kappa0[12,6]",0.801593279259748,0.253825215398064,1.00036195421292,16151.8160952329,33773.7849857418
"kappa0[44,53]",1.29997053921479,0.417267908512901,1.00036163955583,36818.5358758154,38713.8826571039
"kappa1[3,114]",0.487790915537507,0.291328715668845,1.00036027822995,38357.5289488296,39390.1414275311
"kappa1[82,8]",1.56144676582178,0.95852858431557,1.00035986398149,39529.9493115905,38653.0654178523
"kappa1[20,10]",0.21483719709913,0.10106273669877,1.00035959323473,33621.3215326458,35995.7707375795
"tau[11869]",0.181025863072888,0.0412026301504051,1.00035855069119,6590.93973058546,21988.9907118642
"kappa1[15,22]",1.29513291594988,0.597130763435457,1.00035842826377,25275.1021615745,39472.0523261026
"kappa1[24,17]",0.623943212195186,0.158902872179123,1.0003581530417,31811.7035420689,37247.4289633685
"kappa1[47,12]",0.059864475281479,0.0248366888335891,1.00035800459146,24541.4082842212,35781.7823331801
"kappa0[55,8]",1.04929368195657,0.19528604905862,1.00035796748611,5752.61236660561,20082.9826617823
"kappa1[43,34]",9.55502631854058,1.8077424262429,1.00035761432673,20747.8079366136,39802.6018347839
"kappa1[12,99]",0.545398055392021,0.253264737912933,1.00035721186952,23356.434172784,36531.4939421665
"kappa1[49,12]",0.121672111319619,0.0687155084577614,1.00035690966591,34959.6183833708,39127.4678922148
"tau[5670]",0.188700784377093,0.0424038458902606,1.00035627724985,5462.47124629289,20403.3650854646
"kappa1[64,27]",190.782528258031,43.557097330717,1.00035506561187,31687.542267167,38884.1451424693
"kappa1[9,29]",0.901293944272574,0.400417197649587,1.00035495666298,20782.5422895292,37951.9190781866
"kappa0[45,12]",1.31854903670505,0.971283524467764,1.00035450198385,38653.3083293867,37894.9240398293
"kappa0[20,16]",2.69553877069344,0.721277085754779,1.00035272653321,28581.4106580799,37837.4811165436
"kappa0[52,1]",0.514784324669342,0.159739609432003,1.00035262286794,18406.5873074656,34960.0232596515
"kappa0[25,15]",2.78124304603354,0.554741807485303,1.00035260191543,6302.92623137116,23831.8903480102
"kappa0[44,29]",1.70372230658962,0.484405977460612,1.00035222694053,38667.4195153945,39973.5357119136
"kappa1[15,37]",0.580538662274262,0.35960476904183,1.0003518604248,39367.8579311476,38667.1543176677
"kappa1[99,9]",1.25391739758464,0.573424285110561,1.00035083015191,34456.9024593514,39234.9634938635
"kappa0[8,90]",0.577823530406953,0.189072288980878,1.0003501184121,14861.4124379604,36711.4050234313
"kappa0[56,73]",0.903760884262553,0.28515436194188,1.00034961539859,38145.4963398329,38845.9517256148
"kappa0[99,15]",7.26138883821127,1.38482684180539,1.0003479085534,6471.33987395217,23092.1580433481
"kappa0[56,57]",0.906973782226316,0.284243220876633,1.00034744559113,38003.3012875545,39549.7789427299
"kappa0[14,27]",0.0565878858597073,0.0234096223362816,1.00034710858196,39338.9317447973,39638.5003575398
"kappa1[53,81]",8.30445170374407,2.23652056772789,1.00034709224616,29402.1445232186,39375.3953686921
"kappa1[63,27]",192.513374668811,38.6549221703804,1.00034708744032,17585.8303258188,37884.7554009898
"kappa0[15,43]",1.81189369802455,0.547628925580845,1.00034695722999,10935.2941200283,24868.5745321246
"kappa0[12,114]",0.226539661357352,0.120186894678647,1.00034605324443,35793.9780775775,39481.364717765
"kappa0[60,83]",9.50792370028164,1.54916355877848,1.00034525632347,11086.5492891638,35943.1914861589
"kappa0[28,9]",0.421571337504231,0.0855993802665082,1.00034490931705,7241.94017035671,29532.0805512593
"kappa1[12,62]",0.900423241754042,0.339012426115635,1.00034339614757,15650.9736608805,36573.5836332098
"kappa0[17,11]",1.93960979864262,0.399360661839556,1.00034297569586,6792.02863571113,21326.3109830983
"tau[11822]",0.188113770912086,0.0436932320905707,1.00034292059319,8182.33251196889,24876.4168899774
"kappa0[8,28]",0.18928232017706,0.0985506749488645,1.00034264259602,32462.2552970232,39495.9469765585
"kappa0[44,51]",2.39036753777646,0.578680244472672,1.00034093933234,25661.1773175731,37620.4973794381
"kappa1[11,79]",1.25679426998388,0.484848481782524,1.00034034010363,19349.4063414088,38902.2252259282
"kappa0[28,26]",0.972513203861731,0.237195675164169,1.00033947542214,30683.9583933446,39544.8763063157
"kappa0[24,20]",0.861825475604874,0.184497993773537,1.00033875422262,26631.498938391,35149.5558083109
"kappa1[55,15]",0.353298824597864,0.175167982581207,1.00033868211209,34214.8383102341,38598.6019909914
"kappa1[11,67]",1.0729058652369,0.440251251176969,1.00033803591189,15219.9374277815,35878.2475243728
"kappa0[9,30]",0.704084247293014,0.244894874743772,1.00033764024178,14453.7887189506,34874.3104080274
"kappa0[42,15]",2.51295454007611,0.64126424272455,1.00033741304737,12135.7070270189,26879.8919454137
"kappa1[65,8]",1.06529847621687,0.436452649820347,1.00033713521178,26883.4813657718,36945.2843920924
"kappa0[15,91]",2.93598645552314,0.710528676010767,1.00033642077378,6520.80160851815,18405.5406810632
"kappa1[25,9]",0.432413753763971,0.196587200195532,1.00033631623683,32045.6202368202,39677.5713056868
"kappa1[24,21]",0.583890921635174,0.153329643170585,1.00033570778521,32812.9776788365,39625.3688296529
"kappa1[57,58]",7.46760618200611,1.939730806415,1.0003354841154,30449.7141241357,39190.3518376471
"kappa1[27,44]",0.568244160858776,0.160705189187187,1.00033532324744,33611.1094920259,39590.7787498614
"sigma2_beta_cr[2,3]",0.0131247911095364,0.00736057558427519,1.00033490196767,11266.2990695449,19741.3093936957
"kappa1[18,24]",6.00390962270704,1.54880080772233,1.00033215520743,32792.5286079354,39893.1360330812
"kappa0[27,53]",0.511064130526501,0.0960747427373473,1.00033111386792,18836.1953971359,38786.9192542732
"kappa1[74,27]",148.507356930419,45.3673144945153,1.00033104632814,34743.6126673536,38505.6981403445
"kappa1[4,119]",2.06638390836799,0.833269702888122,1.00033073512806,14330.7178293593,37408.9859457649
"kappa0[65,12]",1.63627255604314,0.372139780471029,1.00033032464847,8032.82262773716,28728.6471569737
"kappa0[47,65]",0.235623535032872,0.0867754130642459,1.00032999050966,37214.9463975336,38992.0207516413
"kappa1[22,16]",2.12427337198497,0.607397989872681,1.00032949872588,39542.6145115627,39361.0531171459
"kappa0[99,19]",6.52264777150518,2.27012433181684,1.00032914785759,33927.6540946552,38474.5459706336
"kappa0[51,53]",3.34057926935756,0.640931827209575,1.00032810286792,20783.0488457583,36709.3363343404
"kappa1[18,16]",6.0124348898643,1.55990050899083,1.00032795642094,33024.4197417171,35783.6986341006
"kappa1[2,59]",0.983936063036046,0.401784344763974,1.00032775535559,17519.9026406386,33912.6700898951
"kappa0[11,84]",0.942713891067085,0.31691117416013,1.00032743421204,13413.5147402298,34021.1922201142
"kappa0[89,62]",4.07409571009878,1.01103594182875,1.00032646381067,26300.8939112202,36502.2594120812
"kappa1[39,11]",0.734221886762311,0.293340253115055,1.00032449743287,25524.9016762125,37030.0621647068
"kappa1[15,38]",1.03533464607171,0.518385284961593,1.00032434460392,27770.8214555229,38598.7256255696
"kappa1[43,10]",0.239634319736643,0.128147249947123,1.0003237604832,36134.3154298556,37885.9815846301
"kappa1[86,61]",2.5623716760017,2.35187879725511,1.00032341432455,40245.7391107247,38832.2802282659
"kappa1[24,36]",0.311774477496351,0.108396862190723,1.00032280147909,34365.0870839885,39450.1407109163
"kappa1[61,9]",0.967483593106789,0.479724479357989,1.00032240501514,36083.0115078076,39859.8207076796
"kappa0[10,19]",2.16626877895894,0.658729476964867,1.00032189746781,12829.6230961599,27686.9079125897
"kappa1[2,48]",0.983616525903818,0.40356150667611,1.0003217668192,16228.52148881,33853.1652831717
"kappa1[5,56]",1.92026713967228,0.766281727753469,1.00032067549445,18091.9192458536,38682.6861210806
"kappa1[12,93]",0.329263226883625,0.185387273632901,1.00032050489949,36182.9694018998,38597.6117569656
"kappa0[15,30]",1.19265401194394,0.432304475399191,1.00032018387441,18283.9646590499,35784.354165447
"kappa1[9,23]",0.90562113146534,0.402760835109881,1.00031941906107,25959.2681580609,39430.810650503
"kappa1[27,84]",0.570800059326408,0.160530609804301,1.0003163093786,36351.9191847198,39022.5241061235
"kappa1[3,119]",0.847409672527681,0.415799306285703,1.00031611643068,25953.7801475161,33815.265345955
"kappa0[73,8]",6.63568708270651,1.14719622293735,1.00031502845926,4680.03497537234,17258.5293837159
"kappa1[10,30]",1.14877889937966,0.47256917185428,1.00031434096643,15507.2035841509,36162.1595635438
"kappa1[53,15]",0.622521909498174,0.292043166792616,1.0003134709846,34498.5978391151,37934.3525360282
"kappa1[11,50]",0.737672732700456,0.355919138178656,1.0003129573722,26117.8401886184,38139.0814662681
"kappa0[17,15]",1.86798467735909,0.388507757189855,1.00031257449308,7354.07462623821,23762.0312719469
"kappa1[8,90]",0.613290135457531,0.263208211829398,1.00031235597568,18921.9582381298,38702.6028483104
"kappa1[79,26]",9.8746151574141,4.12658385701594,1.0003110889715,38116.33065343,39034.4257723407
"kappa0[29,8]",0.910301600400245,0.178070432777101,1.00031075243802,5924.28172002391,21377.4609029119
"kappa0[119,5]",0.90247377499824,0.273875517242705,1.00030992099265,19407.5678694674,37831.8406553635
"kappa0[34,15]",1.55709435492429,0.352595886294654,1.00030940966262,9960.33110981767,29422.078316051
"kappa1[59,13]",0.829801056091695,0.54512784330677,1.00030859871286,39611.5678699149,38334.9695058895
"kappa1[9,90]",0.734937788736104,0.35546556697267,1.0003084156153,24980.1993058838,38975.1623913331
"kappa1[56,52]",1.3859018327644,0.422410349979693,1.00030826178508,32925.824514024,39590.3764343537
"kappa0[55,51]",1.17395791466057,0.356155509146801,1.00030818474586,35791.5614214334,38838.9829048571
"kappa0[65,104]",4.55203356109281,1.12187671254129,1.0003059486889,35132.492380511,38717.5184240784
"kappa1[37,15]",0.279423761785065,0.152489920268149,1.00030587541611,37273.9900717291,39977.7785402307
"kappa1[95,10]",1.14070812973159,0.660523809523155,1.00030569609027,35949.1065756738,37175.0240218842
"kappa1[100,15]",7.98246091320436,3.59842031530728,1.0003053181762,26476.6076925712,39195.5803727655
"kappa1[19,34]",0.619291594964017,0.182781135954738,1.00030485784742,39173.4400063495,38817.3985917567
"kappa1[35,24]",12.0807847684687,2.57632431923436,1.00030406688155,21430.3050622547,38643.725558079
"kappa1[2,124]",0.282806909944183,0.183800863802633,1.00030403826597,37391.5977712151,37625.4383493232
"kappa0[82,55]",4.83057919165063,2.07376650381478,1.00030361478517,39127.0542700858,39272.5947325637
"kappa0[20,18]",3.86453826625469,0.877743031841674,1.00030185050581,29791.7648228089,39721.067843963
"kappa0[51,55]",4.06471044256022,0.710429739330718,1.0002989280451,18326.1974784577,37806.2770036767
"kappa1[1,90]",0.277352457570682,0.151299296501583,1.00029844593386,30812.6995990352,38282.6458854478
"kappa1[12,54]",0.780334438055838,0.31385338737131,1.00029839634258,15991.1382496237,37462.156712588
"kappa0[29,28]",2.64419564363188,0.557547805361163,1.00029786768481,23471.6559070803,35833.3915559261
"kappa1[12,16]",1.28697574423139,0.42073698778527,1.0002974496329,9338.34959034227,24228.8592136112
"kappa0[21,19]",4.90849240425461,1.2927379748539,1.0002970056051,34175.3880484905,39456.927065992
"kappa0[65,8]",0.929387702898495,0.271350503421082,1.00029619925315,16372.6845467856,36256.4026795454
"kappa1[23,30]",0.631473433039387,0.394058628431929,1.00029441140389,39001.4573159047,38775.6832094867
"tau[7602]",0.309252797603425,0.0718730515550779,1.00029404478837,5179.40425084576,18553.4805522888
"kappa1[90,15]",0.906919481444319,0.51370429840148,1.00029381360339,38446.8558254223,39284.6833001684
"kappa0[12,86]",0.425385773108916,0.17657130012903,1.00029378025756,28708.762389943,35018.6045561148
"tau[12348]",0.18240660652655,0.0448141942180262,1.00029343256937,7925.71910746259,25502.9973786472
"kappa0[28,29]",1.55233116030144,0.305609606032521,1.00029339563405,22996.9346936024,37933.1344519818
"kappa1[11,72]",0.430051577110325,0.250393794160278,1.00029307254567,37749.7171982242,39428.8495406529
"kappa0[51,67]",0.295652746621766,0.161545064196383,1.00029258062245,38227.3040008473,38376.2528575972
"kappa1[23,34]",6.98480689223226,1.60112451325668,1.00029235145213,32510.2366801762,38007.7520737497
"kappa0[15,110]",0.622515921370678,0.294338856558073,1.00029232811662,36090.9239572256,36816.6567910196
"kappa0[12,90]",0.723212630324534,0.239591284728069,1.00029224988978,14758.8548765402,32333.486321012
"kappa1[26,11]",0.145191270926031,0.0831940228063028,1.00029198903254,37108.2444238034,38933.8083474205
"kappa1[43,12]",0.177231873535188,0.104534047020801,1.00029112166172,38388.7642534606,38810.9204861273
"kappa0[19,99]",0.652352343212069,0.178326691286071,1.00029110737602,37354.9472479047,38346.0659140774
"alpha[5,13]",0.064701743434427,0.0150213249384365,1.00029053908772,11486.175582767,27517.1570189092
"kappa1[60,84]",15.4408162706422,3.38873054706283,1.00029023039155,21573.9638414491,36043.8322353419
"kappa0[65,79]",0.530850544073461,0.319109590215834,1.00029001957581,39768.7029499364,39239.4358251396
"kappa1[100,107]",57.2554947769981,19.238076081211,1.00028965357625,35767.9973889821,38544.1962004344
"kappa0[51,89]",1.56846311798915,0.427440393362415,1.00028921620446,33705.3634785887,39110.2109637174
"kappa1[48,5]",1.51171893630812,0.641326519744205,1.00028876017669,32269.5934626621,36592.8745232978
"kappa0[5,7]",0.899105361485561,0.364434409376595,1.00028800807975,25497.1473198654,36093.3980064671
"alpha[1,12]",-0.0383094379006455,0.020008761115242,1.00028787422389,3133.21781091947,7357.12375378945
"kappa1[66,11]",1.03679935953805,0.59462581133237,1.00028784989598,38384.363379016,39112.3516399413
"kappa1[9,43]",1.25873837557898,0.488658736534537,1.000287270395,15889.8185617407,35175.0147206158
"kappa1[15,53]",2.41692903961552,0.860295223517822,1.00028605843305,12344.8380021235,35508.2760304837
"kappa1[9,54]",0.90545584929651,0.398686429531867,1.00028603110708,24174.4620406366,36318.106896091
"kappa1[8,119]",0.225026269608674,0.140289720629823,1.00028569849103,38431.5416270148,39512.3285898918
"kappa1[119,4]",2.22370833913243,0.902949890495364,1.00028433818407,24425.3470481667,37911.3535802974
"kappa0[34,11]",1.40279230029582,0.331094745218804,1.00028370694816,11020.9853003553,28374.4477414863
"kappa0[29,9]",0.309476584960308,0.0983618760551939,1.00028238758386,19084.1979447991,38622.8432424954
"kappa0[73,76]",4.33379414010374,1.57353391079806,1.00028173830298,39597.0880224692,39094.9345549055
"kappa0[9,22]",0.701916422076754,0.244667730804634,1.00028167675411,21308.853379332,35308.9032570829
"kappa0[78,27]",99.2624764424673,31.3131071387705,1.00028056343173,36986.5871458921,38994.0463556363
"alpha[2,12]",-0.0618405104515317,0.00707804199608302,1.00028005339266,7413.90009333357,13595.416515794
"kappa0[3,119]",3.6165711207326,1.06891656839232,1.00027955773615,11343.1356045056,29911.1511648983
"kappa0[11,67]",0.941379037776306,0.317186888708643,1.00027952882104,15797.9874912113,31679.7562913312
"kappa0[11,58]",0.640050864816681,0.253107886042985,1.00027843561523,23821.6964257233,38096.9290355332
"kappa0[4,53]",0.413156389373452,0.29045895379261,1.00027842952632,39760.9024857052,40043.7031728895
"kappa1[35,10]",0.444358730572053,0.223373991519752,1.00027837858451,37947.5899354224,38449.0722943172
"kappa0[8,95]",0.29160503183494,0.127231255883725,1.0002782669323,28294.2688836374,33925.083310906
"kappa0[21,15]",2.55748461154979,0.520370433978783,1.00027792613247,7269.18932434209,21106.3911488393
"kappa1[2,90]",0.530875104123181,0.276028376130789,1.00027744362302,31544.6659394905,37924.5229140331
"kappa0[51,28]",1.79662907961529,0.458970983963657,1.00027732907782,35900.5941441048,39457.7293938424
"kappa1[14,93]",0.0814331374566125,0.0380530791624587,1.00027682136098,38089.5215603116,39528.7366626421
"kappa1[12,103]",0.658183386055978,0.283611864598876,1.00027657115485,16995.4528621374,35159.3274977624
"kappa1[42,99]",0.814919528948229,0.536897455502525,1.00027633769577,39403.0508170186,39186.2136306067
"kappa0[26,12]",0.989106440505377,0.16585031956836,1.00027462596134,4647.21005352551,17049.4863983408
"kappa0[72,12]",0.903240910323636,0.206105263680988,1.00027457302128,9649.51634530872,30438.223715219
"kappa0[8,72]",0.239437112343947,0.11362793416948,1.00027438164881,33167.7660585063,38541.529486154
"kappa0[45,8]",2.02743380313794,1.31720642918538,1.00027430460401,28219.8079456326,39308.7128408876
"kappa1[19,22]",0.513660342982603,0.165543790380055,1.00027417487205,37291.4831909536,38489.2553785536
"kappa1[26,9]",0.192752413568394,0.0999684341649252,1.00027396495375,38085.2129593754,38078.5878136192
"kappa1[29,11]",0.30736642313186,0.14905631328797,1.00027383491361,27175.2920453083,37783.8608504209
"kappa0[1,44]",0.330053927586001,0.125126488472959,1.00027369346602,23039.6529804275,33715.977591221
"kappa0[18,24]",2.64244795940264,0.881038013481596,1.00027340878073,38242.7418770869,39189.3033590114
"sigma2_tau[2]",0.0399916235464397,0.00484998190011837,1.00027227147446,20348.8680203419,29188.9304536
"kappa1[28,15]",0.10680936344815,0.0590362545648087,1.00027214786259,37476.7269152047,39121.2620264758
"kappa1[52,53]",0.368857335888322,0.253558420381289,1.00027189549604,40161.9084927561,39512.1536113083
"kappa1[53,10]",0.264146244916738,0.168853407566198,1.00027185931332,39192.2895945122,38304.0907923736
"tau[7899]",0.289442012803073,0.0827938013741071,1.00027177213156,7883.56306534886,25803.4510421359
"kappa0[9,29]",0.703572672587312,0.246805735264006,1.00027161659121,19898.956057646,37778.4542270538
"kappa1[88,9]",3.36927354418289,1.9960930982462,1.00027157979878,39450.9903370748,38230.072527359
"kappa0[60,65]",0.645370993944536,0.340606602807856,1.00027119254944,39755.1019587739,37354.5432262951
"kappa0[20,22]",4.06451804039697,0.896284371583695,1.00027004793752,30226.5468974395,38705.2339640687
"kappa1[52,56]",4.72560114077303,1.16629236973064,1.00026893898879,33854.9523489955,39001.3082370668
"kappa1[95,15]",0.797142001870451,0.518267594280888,1.00026885609496,37938.9198389022,37746.0450487373
"kappa0[24,16]",0.823413219131124,0.180798920042562,1.00026864901272,33224.0240441496,35813.004464345
"kappa0[42,19]",2.01037211583132,0.957585036989443,1.00026857305169,38888.8638371883,39823.3171304938
"kappa1[12,89]",0.658011954963621,0.284105349299914,1.00026849481364,21753.7411944657,37673.8009646734
"kappa0[16,21]",2.76304355014702,0.801601493608888,1.00026707896136,38089.6081965637,39052.0984472726
"kappa1[12,86]",0.328774895937415,0.183871640954156,1.00026677406768,33367.0377892533,38466.4167094205
"kappa1[24,86]",0.134453828755297,0.0664075270707297,1.00026638364046,39706.2106838582,39456.3013199511
"tau[11915]",0.188173320351937,0.0352714434589732,1.00026617722607,6417.11804065537,23132.7272633921
"kappa0[40,15]",1.89855563160884,0.569639447576606,1.00026591893306,16617.2624790036,35094.6030232844
"kappa1[8,53]",0.725014422019638,0.290358799876477,1.00026583577757,17244.5987202211,38891.87516879
"kappa0[57,64]",1.70731661107735,0.531724812595306,1.00026509841242,35965.5345146221,38710.6697434081
"kappa1[25,10]",0.348640548510833,0.172414463248027,1.00026485721859,36058.359182116,38254.2573043346
"kappa1[58,27]",171.163825867598,36.2894616028221,1.00026421068523,24427.5846333703,39072.7899086482
"kappa0[46,13]",1.28450949130458,0.235555134097189,1.00026366500233,5418.82177556078,20255.7298298499
"kappa0[53,93]",2.23173117532643,0.696295681979227,1.00026235224445,39048.8879272619,39164.3489200877
"kappa0[12,25]",0.225256235087239,0.119740231666045,1.00026152314967,32139.6246693107,38797.7858696516
"sigma2_tau[7]",0.0469466087268839,0.00403349733340042,1.00026089785376,24490.9689619129,31920.7843042263
"kappa0[49,44]",0.74809198791051,0.323288874435754,1.00026027094039,37301.4671808771,38761.4321568738
"kappa1[90,95]",34.5283927041313,7.06551709817046,1.00026020622989,16701.5454979103,35070.3423136797
"kappa1[48,12]",0.383783876961707,0.264760193449303,1.00025995392779,37850.8751257488,39206.5101464666
"kappa1[99,40]",1.89020764079646,1.1940326776674,1.00025880651508,38853.2116253433,38759.5743732785
"kappa1[22,10]",0.117097829534734,0.0654976674831987,1.00025804321052,35003.3594857835,37805.4757311153
"kappa1[42,9]",0.699428482610409,0.303119259509234,1.00025656530874,22959.6570198015,35809.3485116772
"kappa1[4,44]",0.635191179430586,0.394536977502059,1.0002553337864,37569.8799351084,40095.9037532206
"kappa1[65,2]",0.298440231980029,0.196062254420578,1.00025418070498,38230.6176796821,38292.3071255263
"kappa0[59,13]",4.57052807371936,0.960864959722933,1.00025412694643,6829.45773072938,25295.8084120952
"kappa0[107,24]",1.35426688855075,1.50201363994049,1.00025391865447,39490.7258605934,39305.6733265878
"kappa0[66,65]",4.68223070377993,1.83446315992733,1.00025371726516,38028.7508354383,38854.6603052354
"kappa1[44,5]",0.338662184254964,0.22871449953446,1.00025323260804,40426.9491472043,38762.7091041512
"tau[12083]",0.193388520536558,0.0375881356592709,1.00025197418525,5079.75451655538,16969.3714947915
"kappa1[35,12]",0.337096563014601,0.189197435508857,1.00025183838273,36489.0630680733,38142.691216975
"kappa0[55,14]",0.753432848981994,0.278884471796097,1.000251809924,38024.5014677232,39160.7462559682
"kappa0[89,110]",4.53966669281443,1.05442074860044,1.00025172370514,30785.1495857187,37802.474279337
"kappa1[19,17]",1.277253304468,0.270128389169147,1.00025147206275,27074.8511792333,39347.9141518756
"kappa0[16,10]",1.97891982363494,0.380820102384919,1.00025141138312,6502.65495222617,24862.569097438
"kappa0[47,12]",0.136581663581307,0.0370313994788655,1.00025131522951,13247.17795643,29246.1231140536
"alpha[5,5]",0.0599435323196054,0.0142800478747101,1.0002500983475,8219.15143726476,22166.1477121523
"kappa0[37,20]",0.690454998887008,0.437866309097421,1.0002500048262,39617.4374103125,40140.4323416754
"kappa1[24,53]",0.134255576496361,0.065924144351672,1.00024966965736,38872.2604577472,38516.2899789976
"kappa1[12,34]",0.237601982411702,0.147814344170585,1.00024957963945,38282.428170556,39210.2658815657
"kappa0[53,47]",1.18611706921718,0.488192508115403,1.00024955562193,39596.314349425,39546.8489369918
"kappa1[28,11]",0.171965422376752,0.0781573683107318,1.00024839217295,31315.6279771321,39134.4296120032
"kappa0[9,53]",1.21752635728358,0.333115720449973,1.00024828678525,10604.8703844024,28582.1518514297
"kappa1[52,57]",0.370316541417153,0.25262782917203,1.00024756494401,39145.109779913,39640.6723662748
"kappa1[24,20]",0.705058676969298,0.169583980441909,1.0002474717946,38715.834998549,38491.5984794245
"kappa0[12,14]",0.64741245584978,0.225274662607781,1.00024730028637,15265.2016836846,39053.7443093477
"kappa1[115,91]",1.40040893747255,1.56600971188511,1.0002471118699,39601.8661699605,39792.2561704225
"kappa0[28,11]",0.453819949714536,0.0890016390277809,1.00024681974854,6813.23355452541,24694.9038461128
"kappa0[36,38]",7.02134648662829,2.02859894199485,1.00024673897163,35387.8576659688,39868.6198297852
"kappa0[55,57]",0.369720274858299,0.182012283291874,1.00024665244309,39891.7049899852,40159.2684205321
"kappa0[52,9]",1.61843350309887,0.301617121801305,1.00024657538034,6205.65104141828,19509.7186014414
"kappa0[19,10]",0.22761431796756,0.0572881773974414,1.00024636427507,11614.8385716032,28171.8279514842
"kappa1[12,67]",0.329455132593294,0.185091608460822,1.00024585869209,36021.7368918229,38005.9306811783
"kappa0[46,59]",1.41927360733969,0.43523529236124,1.00024546357401,34624.8720638122,38833.4470862755
"kappa0[9,38]",0.788855485641119,0.261293155625999,1.00024528409247,17399.7917595255,33608.2388918642
"kappa0[5,44]",0.49107130565353,0.252151526958463,1.00024471460792,32862.0908709953,39162.2735031208
"kappa1[15,97]",2.13131184975699,0.797930600628841,1.00024463101414,14650.3384683117,35951.4652798674
"kappa1[9,62]",0.57565983183358,0.304707500822995,1.0002444810554,29444.0765706853,38707.4353392915
"alpha[1,2]",-0.000756697005581218,0.020589492850638,1.00024419414698,2846.93328425299,5723.23347372245
"kappa1[12,110]",0.23701197208881,0.148672550852967,1.00024331603926,39091.8212307583,38059.191552486
"kappa0[104,9]",1.85749900897963,0.58341981504792,1.00024218959858,20383.3912927151,34848.0012566813
"kappa1[1,104]",0.359539811011901,0.177551827728299,1.00024213445842,31980.5935745718,39759.7040717963
"kappa0[29,11]",0.558955349824377,0.136191123079599,1.00024125927082,11541.2214729905,31173.464343949
"kappa0[40,55]",0.873872640050225,0.577064676305033,1.00024119681479,40120.1772021118,38278.1332399755
"kappa1[34,16]",2.53993426773245,0.804478153269787,1.00024118960217,39557.5615550919,39194.7632891255
"kappa0[14,56]",0.464667041538157,0.0733125245874634,1.00024106685196,11351.6734931188,37394.4118611662
"kappa1[28,26]",1.12948885141035,0.40370796603768,1.00024030365877,36760.2621606906,39431.1680916274
"alpha[2,9]",-0.0828205106305198,0.00631053332821915,1.00024026476774,3074.64320807652,7245.09512840957
"kappa1[69,27]",171.731056327657,43.7906409849539,1.00024009466662,36439.7339598623,38997.4074909507
"kappa1[54,9]",0.501690640334896,0.375000903501658,1.00023919725989,39197.7175832517,39887.4330692803
"kappa0[10,88]",1.97510731428415,0.622621357405505,1.00023919537863,13880.0091272811,31667.3385393273
"kappa0[43,16]",4.83991859687442,1.32832327464755,1.00023832186858,31543.5777036646,39430.4949963526
"kappa0[38,11]",1.49583991906559,0.364671012688246,1.00023782065357,11375.2846190656,30052.019231403
"kappa1[12,25]",0.329257485982149,0.183459982469008,1.0002375601779,31031.2508328433,38743.2422772487
"kappa1[34,25]",2.53396260263845,0.801229655186556,1.00023654904199,34805.4603693091,38495.0799904378
"kappa1[89,15]",1.4689348756532,0.624693475639421,1.00023619683947,32011.0888069778,35347.6773418463
"kappa0[15,100]",2.28468332512088,0.622291336781844,1.00023559790661,10457.3042086409,23183.3693838462
"kappa0[10,102]",0.424915080805146,0.2471414295366,1.00023524092939,39370.1397157698,39118.2838750379
"kappa0[9,48]",0.703321866468372,0.246532751638225,1.00023437438925,18086.0393215768,38212.9950373308
"kappa1[93,1]",2.1876757621552,1.21011660822346,1.00023391838028,35697.780173915,39283.4471011006
"kappa1[9,39]",0.579420961623788,0.305305623546149,1.00023377597478,31273.3649551007,37332.2849092721
"kappa0[27,68]",0.196564129700743,0.0578915348060369,1.00023376493169,38765.1146056496,38982.1869231751
"alpha[2,11]",-0.0775704598813241,0.0042077976443096,1.00023362339737,5429.23280594389,10654.2995415997
"kappa1[88,15]",0.847411281835641,0.73840611159089,1.00023305995947,37173.472101695,38564.4924300545
"kappa1[27,93]",0.149487847333825,0.0746693996734542,1.00023269625646,36945.4883632827,38868.2474518897
"kappa1[8,46]",0.224719489763209,0.139741445761897,1.00023265879845,38134.7842436493,39458.8414163521
"kappa0[28,8]",0.421850952759138,0.0859360833525257,1.00023197496991,7235.36594398229,22290.6574837274
"kappa0[14,55]",0.126520506597224,0.0364015060710822,1.00023172979073,36747.8085886901,38705.9081746553
"kappa1[26,29]",0.655711992013604,0.353912936841176,1.0002310207501,38876.2045744238,39575.1648185473
"kappa1[71,4]",0.670841829047003,0.53973065085259,1.00023077859213,40453.0465408875,39661.1237151884
"kappa0[92,15]",2.07066458104707,0.545190809550424,1.0002306665008,13544.8519378427,30813.3781614787
"kappa0[52,5]",1.15805190981402,0.250422813563254,1.00023040196541,8332.65125235321,26227.4466366859
"kappa0[38,15]",2.09500501661659,0.439925469868716,1.00023021175177,7977.8048784582,26037.9667523059
"kappa0[24,43]",0.630458629768871,0.156466100894448,1.00022963729759,33212.7607602394,37673.3905060733
"kappa1[95,2]",1.13545130716839,0.656963468670879,1.0002295711244,39215.0664950562,39599.1338593345
"kappa0[38,24]",5.05044498339802,1.25025721090591,1.00022952712543,29490.5406188758,37947.2327460509
"kappa1[30,15]",1.22770235955051,0.896236299482706,1.00022949236088,39366.6344154496,40195.3450658136
"kappa1[21,19]",4.97553689754291,1.36629177562883,1.00022940781663,35262.7494503048,38687.8340048569
"alpha[4,6]",0.01501109134097,0.00609976752998607,1.00022930476664,4497.64883081379,10986.2765818154
"kappa0[24,54]",0.260909353342675,0.0962632726014379,1.00022880282393,38731.1017790486,39079.731649908
"kappa1[43,24]",2.17008138831898,0.803870411643882,1.00022826187371,36409.3115469716,35600.7522272824
"kappa0[9,26]",0.54009482668184,0.211445503755042,1.0002282576608,24282.1443348115,36156.2012382953
"kappa1[56,51]",0.88223379314313,0.329180029904057,1.00022808871537,38551.9386860401,39149.7600849405
"kappa1[68,69]",1.32957368905976,1.45284219367543,1.00022798583229,39049.0787224049,38367.85960989
"kappa0[55,65]",1.82998704702354,0.454115657537236,1.00022797381534,34299.3255140569,39886.1498234621
"kappa0[12,65]",0.801584554267859,0.253606823472356,1.00022703519661,12502.3228469434,27034.7993834333
"alpha[5,9]",0.0594633249364951,0.0137144211779122,1.00022625112525,6546.04141388354,17217.4855102121
"alpha[5,3]",0.105908702692642,0.0125389556819904,1.00022616899269,9768.62109930021,26427.0026044037
"kappa0[9,92]",0.384779939635975,0.173737147768554,1.00022609440733,34002.9116905,39548.6264086553
"kappa0[15,37]",0.372985423054051,0.21226468028963,1.0002256229967,36270.4612988421,37869.8271218804
"kappa0[85,12]",3.16980802112611,1.08105710909425,1.00022558741852,20711.6159388858,37066.7836295214
"kappa1[8,66]",0.614091949752895,0.262733356952688,1.0002254033792,23804.1332748777,34134.3864302801
"kappa0[79,28]",12.0873584129721,2.6678272085732,1.00022491873709,29244.5855554029,38897.9537553292
"kappa1[55,3]",0.27195254186563,0.148289449441435,1.00022483742471,37708.7360661681,39068.2563123168
"kappa1[25,99]",0.915341606969739,0.512785949979142,1.00022464034776,40012.6351866977,39236.9983280804
"kappa0[62,12]",3.55242399752017,0.973145542167685,1.0002245308459,14239.4268765027,34339.0150254398
"kappa0[65,56]",7.89153423725673,1.49921479363587,1.00022408072214,26663.4831903815,38639.4320953185
"kappa0[99,10]",3.93071610206466,0.982763732672715,1.00022389940143,10476.4042175719,27815.1430283831
"kappa0[110,88]",17.6137438536304,6.5877927522969,1.00022364549505,38899.1921426373,38481.1113400532
"kappa1[12,28]",0.541196582293984,0.252004367352243,1.000222622595,26393.2542892089,38483.6311880425
"kappa0[39,11]",1.59599921273572,0.457426661885916,1.00022219190129,17731.554266458,36240.3615193347
"kappa0[34,21]",1.12652780356243,0.507105264120517,1.00022157006918,39019.7639408584,39174.6714447021
"kappa0[51,15]",0.548502084561132,0.137464726678346,1.0002204691743,10653.5542500075,24619.0843612922
"kappa0[15,21]",1.80843404874934,0.545205619558792,1.00021930209232,10729.2452716529,29674.243243407
"kappa1[48,45]",1.00486785964397,0.498992609785457,1.00021885465876,35928.7273736741,38228.2832169091
"kappa0[99,21]",3.50666325137228,1.60521435538175,1.00021861132908,38746.9495238781,39217.4339273913
"kappa1[16,12]",0.222533356516628,0.103630000550997,1.0002184515498,37479.2833451464,38331.1564384933
"kappa1[65,82]",9.18194401228277,2.57738426282215,1.00021803362113,36785.0505436354,39009.0423036365
"kappa0[44,55]",2.81142240819726,0.631184938616866,1.00021757565452,34512.1794718726,38402.4518178218
"kappa1[40,10]",0.385278309850311,0.220732954113077,1.00021585491443,38442.0233038373,39218.4234779564
"kappa1[12,108]",0.237411857749073,0.148370717321286,1.00021573617147,32757.8032990646,38073.8097178499
"kappa1[4,103]",0.423664297956679,0.30162577400701,1.00021534411401,38728.4659330019,38605.2229073851
"kappa0[45,9]",1.31926863795263,0.966929559597162,1.00021483837398,35699.6593908823,39014.8755818025
"kappa0[1,65]",0.377119152620667,0.135012075678049,1.0002146950907,20613.2718538488,38216.9632239475
"kappa0[43,34]",6.66298856019064,1.57536598788101,1.00021465878135,31257.4168758679,39318.6849494255
"kappa0[26,29]",1.16836746385253,0.314986405553691,1.00021430327297,36556.6167001573,39723.3163712585
"kappa0[61,53]",1.15092434418747,0.583990418731332,1.00021423056638,39105.5207322011,39431.299920031
"kappa1[50,11]",1.5791220032092,0.672036537331279,1.00021395222293,26676.5661641209,38138.9133642341
"kappa1[55,45]",0.200360187286467,0.122518402382808,1.00021360627483,39223.8975216687,39674.153667009
"kappa1[12,43]",0.330477811353667,0.184474554407138,1.00021334986497,39634.9450069443,39994.4715404733
"kappa0[60,9]",1.09217505530105,0.271876307969815,1.00021322034686,10051.6141206648,25980.5058844449
"kappa1[3,116]",0.336515553162048,0.226204572758251,1.00021297536686,38453.3623132958,39449.3881859229
"kappa0[51,1]",0.547941052128625,0.137003216549845,1.00021273945119,11200.894971163,28659.5565002787
"kappa0[65,51]",1.15944520848051,0.519771852835963,1.00021237996111,39279.1734027393,39336.0146210558
"kappa1[12,101]",0.329713593842366,0.185759218435705,1.00021223734915,28404.8814666035,37030.1733706279
"kappa1[90,5]",0.649476905605421,0.406532944089189,1.0002121329416,38614.4603843104,38373.042137312
"kappa0[39,41]",4.16334338017361,1.34250313228569,1.00021185201715,39247.3242519329,39185.0682255759
"kappa1[103,114]",1.64631044909308,1.29452400077487,1.0002116244584,40399.4403135263,40436.776814792
"kappa0[106,15]",6.66453500420107,1.88389751576571,1.00021133496598,15333.7840317612,34612.4177790295
"kappa1[80,15]",0.355650041226183,0.241318520932683,1.00021132683393,39925.8316340478,38706.4261841841
"kappa0[107,11]",1.00839133697574,0.944934115732893,1.00021103193877,39509.2547145572,39840.056583203
"kappa1[43,41]",3.0768061635461,0.980045430730232,1.00021056080225,37637.7417092901,39264.8346897043
"kappa0[22,15]",1.02386729835466,0.241080890305782,1.00021006294683,10527.2031943753,25944.8771907939
"kappa0[55,29]",0.555637975962918,0.232794905497412,1.00021006052028,40295.2362689241,37784.5658707987
"kappa0[72,9]",0.33697801769204,0.119550850597907,1.00020905226462,22476.5278911765,36924.065229631
"kappa1[28,9]",0.172130648962596,0.0791060827745656,1.00020891943032,35747.4541464506,38302.9047411506
"kappa1[53,91]",4.26372460658541,1.55214995174917,1.00020859921029,34020.7313384586,39680.4176163399
"kappa0[16,41]",0.478102405713423,0.285237677167197,1.00020817256362,40044.0558022724,40184.8787497486
"kappa1[14,82]",0.064950772069653,0.0330654636181087,1.00020801245981,40080.1358728078,39755.0370697064
"kappa1[40,43]",2.72467163993111,1.21000851307554,1.0002077284815,39256.9156701191,39388.4210023784
"kappa0[41,15]",2.02591334812859,0.562792316719795,1.00020742882157,15621.0164630509,32138.0551959971
"kappa0[20,11]",1.44401830482632,0.295051125607603,1.00020705270457,6341.64426852853,25457.9216605168
"kappa1[95,12]",2.81268992007077,1.16184531773513,1.00020684034531,22653.9905258948,37271.7380937609
"alpha[5,6]",0.0944081062217945,0.011148768483219,1.00020676201704,9916.48567331804,27029.9018147072
"kappa1[27,83]",0.751605836829414,0.187160365435195,1.0002064786798,33320.2522128975,37369.0580752862
"tau[12142]",0.213457567691346,0.0557531801484351,1.0002062326285,9545.92092707051,29127.8378142339
"kappa1[51,80]",3.84661940962244,1.00925221748792,1.00020617891955,32871.3735227961,36811.1838514329
"kappa0[1,55]",0.423627247026479,0.144067153908284,1.00020607474165,17617.6919910318,35443.0815629069
"kappa1[29,15]",0.307494171713494,0.149175427444735,1.00020603559149,29059.0557920584,36236.7346539271
"kappa0[99,20]",4.22013412126133,1.78263481693078,1.00020523021568,40082.7384548802,39234.4911416345
"kappa0[15,89]",0.895950731348573,0.364777536954504,1.00020509165683,25783.8404184461,36500.1632458487
"kappa0[28,65]",0.174707929439266,0.08902716126911,1.00020468728578,39502.3039081048,39348.7037809958
"kappa1[40,19]",2.20709630682893,1.06807988125495,1.00020460025167,37396.1165873284,39646.4440899829
"kappa1[35,9]",0.337449994688565,0.188003969443553,1.00020458507813,35474.3136222658,39433.0204433789
"kappa1[37,35]",2.9577012354135,1.04732384165713,1.00020446084,38207.9507522572,38358.1776782616
"kappa0[22,25]",0.414088726481668,0.240551477055169,1.00020435460164,39078.9679913361,39761.3989609315
"kappa1[20,17]",1.81859549921436,0.59391378891496,1.00020426840641,38063.3585084431,39643.8391596839
"kappa0[46,72]",1.15607662963182,0.386469929424297,1.00020324529434,36230.8295812705,37231.3851607834
"kappa1[21,25]",1.48024019758761,0.683009019026442,1.00020311818819,40224.6054328503,39686.5972777296
"kappa1[11,71]",0.431925816247088,0.253365018566807,1.00020303423558,36563.0932969085,37729.3239026146
"kappa0[56,55]",1.26413756687979,0.342219829376409,1.00020276697782,35166.8138758775,33231.5401853775
"kappa0[88,12]",11.4661403682123,2.31944793752533,1.00020275166507,7467.67824436827,25026.0495021634
"kappa0[15,42]",0.898821800734064,0.367564782721329,1.00020270686573,21406.5185018948,37135.3507299153
"kappa0[89,86]",0.850111141626335,0.411442450727353,1.0002025569911,38869.3069454117,39340.9210072233
"kappa0[12,95]",0.725403882843825,0.239360424100913,1.00020229271834,16624.8512173229,31634.6543407954
"kappa1[8,93]",0.613046846854621,0.262411171072789,1.0002018446597,24898.8701339032,37295.1895899915
"kappa0[19,34]",0.602895826613745,0.169429278369677,1.00020156408141,33065.2204392102,38759.3752828752
"kappa0[12,83]",0.226265711089218,0.121045682119154,1.00020152062528,37552.3649438937,39205.5661270509
"kappa1[9,38]",1.0809871259909,0.444353574088813,1.000201103373,17046.4918455913,37591.8363804976
"kappa1[40,16]",1.28377794098483,0.761506824313938,1.00020106530832,39772.1202397696,38986.5907632957
"kappa0[25,19]",1.74114337826835,0.745576418276715,1.00020088428929,38953.9222016473,38828.2393341503
"kappa1[61,54]",1.20137880487437,0.857676093063379,1.00020032256222,39009.3379315033,39928.3526454438
"kappa0[15,87]",0.755409455262188,0.328463210909284,1.00020029013555,30129.3994199074,37001.7270632984
"kappa0[89,88]",1.47501705132177,0.574380781300834,1.00019897773331,37593.0598356496,38844.4529055783
"kappa0[53,94]",1.18885293862733,0.490891345194594,1.00019794477919,38901.2795229567,39484.5946718493
"kappa0[7,53]",0.212829180627469,0.0655547011304911,1.00019723852594,34066.3561829076,37328.0970720341
"kappa1[11,119]",0.302382414160949,0.19893826845438,1.00019707383094,36520.5277982579,39152.9821873266
"kappa1[15,62]",0.582290654597833,0.357422038251053,1.00019699630593,37099.5878709266,39528.5673114377
"kappa1[71,119]",2.06728315811801,1.73140527211918,1.00019689222394,39346.6553127382,39679.585655782
"kappa0[14,93]",0.0384729967652646,0.0182431946020891,1.00019682089061,40014.1177176662,38314.443759102
"kappa0[12,67]",0.287303168342184,0.138820822465381,1.0001966083601,30049.7300635147,37735.244016862
"kappa1[76,27]",93.6600368042812,49.9099420703254,1.00019609059355,39816.0186454202,39785.5275141561
"kappa1[39,17]",0.485376955622222,0.355203375952643,1.00019590854875,40314.6801387768,39166.7536170187
"kappa0[43,53]",0.633954458855649,0.39728774349394,1.00019507131136,40382.8112845187,38613.6148242473
"kappa0[19,51]",0.237731891677155,0.100674936423747,1.00019478962543,39379.6085273007,39350.218513785
"kappa0[2,53]",0.357623898997179,0.201542829591845,1.0001947765856,36600.5694720107,39676.3671073244
"kappa1[22,20]",1.2822543156712,0.458779694130706,1.00019436867616,39987.3599625953,39138.9461573872
"kappa0[55,15]",0.373713750460695,0.110260267738184,1.00019426123938,15988.7196360181,34186.1721272881
"kappa0[15,23]",0.620332351065058,0.294167150457443,1.00019409497028,29582.3318897366,39303.3722298467
"kappa0[51,5]",0.170226053699099,0.0709032898498329,1.00019392626066,32741.3719189719,38068.8130659322
"kappa0[25,18]",0.421033000344461,0.297990606649098,1.00019362252868,38122.7486592744,36990.6860965033
"kappa0[9,39]",0.542015329069749,0.211405956399192,1.00019333571662,22874.6552520028,38564.8025666324
"kappa1[84,12]",0.777827412462464,0.661733751325991,1.00019331867284,39187.83237952,39022.3968038837
"kappa0[44,49]",1.17203373765276,0.393426003300827,1.00019298088799,36295.6520292987,39267.2301876286
"kappa1[42,24]",2.41901477415784,1.06483862474381,1.00019270076878,38964.9834377308,40439.0086215707
"kappa1[18,21]",1.8846737931489,0.80466382590767,1.00019268584305,38886.9616274545,39841.1682939141
"kappa1[55,2]",0.272540384425129,0.150333925380796,1.00019239727593,35472.0254600342,40017.7929216121
"kappa0[12,26]",0.800847536115291,0.254986061267301,1.00019145742029,15175.8196526155,31461.1952532449
"kappa1[35,39]",2.37994473549543,1.04244980241911,1.00019134685463,38911.8559430071,39401.4428914612
"kappa0[12,103]",0.571134769503656,0.208798441057945,1.00019099775493,20174.8260269559,36882.7161535604
"kappa0[27,76]",0.3164222200228,0.0744591049189001,1.00019071196832,28737.8414268153,40000.9917284677
"kappa1[12,6]",0.542595251515314,0.253429576284057,1.00019062504904,24688.7021621273,39151.4911684363
"kappa0[93,94]",1.19694013689533,0.859596824274818,1.00019062137885,39632.9678699337,38747.8283024086
"kappa0[51,6]",0.382580237504135,0.189352239215642,1.00018960790716,39862.1111594215,39521.0092954483
"kappa1[12,18]",0.433310844121935,0.220533608102549,1.00018942541971,28915.828820523,37900.5048807791
"kappa1[37,25]",2.60703779611508,0.978884843937533,1.00018933824426,39767.2064050243,40239.94915609
"kappa1[51,14]",1.58188784075211,0.616658880338529,1.00018904080308,34496.0132704611,39073.0776069077
"kappa0[102,10]",1.81434738553415,1.14758755204453,1.00018821427561,39120.407615386,39288.0571097383
"kappa1[103,12]",0.522129702143083,0.386146032002596,1.00018819354037,40548.1000818227,39703.6743319942
"kappa0[7,104]",0.0802884214043613,0.0377641420676606,1.0001875759077,38609.6000454864,38576.9863651009
"kappa0[55,45]",0.111944691583945,0.0542648080804682,1.00018752872632,33283.6230269457,38641.3663176425
"kappa1[12,14]",0.433151919014481,0.218670979724465,1.00018733653856,32133.5206840004,39178.1828484201
"kappa0[9,35]",0.312182949120567,0.151984788779023,1.00018723537555,33015.6930358369,38550.9659501632
"kappa0[51,52]",1.45447160684523,0.412110209122675,1.00018673887707,32469.7451347828,38936.6134133668
"kappa1[66,14]",2.43297516671447,1.62301290169311,1.00018657114121,39947.625593475,39294.0818668493
"kappa1[33,15]",1.31554393760156,0.961346292815026,1.00018624826031,37648.4807511558,38732.3869886536
"kappa0[93,44]",1.809157013919,1.15319345270207,1.00018623059034,38756.3943537006,39291.2886872844
"kappa1[10,34]",0.453034096465809,0.268068380489936,1.00018613032279,36142.8576805529,37957.9242401644
"kappa1[18,10]",0.447817886182219,0.204285128558289,1.00018559334724,34947.8603055639,37974.4011134836
"kappa0[104,52]",2.29094535397109,1.10609212577865,1.0001855156963,38613.6298719954,38214.8169530501
"kappa0[23,20]",0.848314493355006,0.469729506928252,1.00018540935788,40371.8960738925,39970.1316951218
"kappa1[19,35]",0.213565725770499,0.0987536599617201,1.00018508250889,38833.1066090441,39720.5509042582
"kappa1[55,58]",0.434193345845057,0.310084325759258,1.0001848841244,40324.5003530479,38990.2124961207
"kappa1[56,50]",0.423003298057067,0.214128649511478,1.00018487333782,39990.4656423738,40096.5052035326
"kappa0[14,12]",0.0272979081423259,0.00889778183526703,1.00018462640153,16466.8909794794,32312.0796810502
"alpha[5,1]",0.105674727035608,0.0129690733972907,1.00018406195131,11833.6070543523,27923.9264462197
"kappa0[11,85]",0.739999782172024,0.275715169622267,1.00018386362843,25241.2064863034,36925.7992838845
"kappa1[43,61]",0.588180402655093,0.36086846885396,1.0001837711266,39473.0900529022,39446.8155835927
"kappa1[34,36]",3.53797993285873,0.964298751832592,1.00018372638456,33004.0114339863,39130.9875968961
"kappa0[37,39]",6.29136837099586,1.62342751585705,1.00018365408661,32100.358982559,38706.1612005535
"kappa1[80,48]",0.699216161728102,0.573323619551153,1.00018359060135,37900.3540006585,39138.4210082923
"kappa0[15,98]",0.756262109439391,0.33014491670287,1.00018344332363,29047.8733388823,38109.5492578913
"kappa1[11,59]",0.301048583242627,0.198154305256298,1.00018342819403,39622.8958179408,40146.8352965433
"kappa1[42,17]",1.97926881319393,0.9477161135614,1.00018341143299,39667.9216087632,39353.1624110077
"kappa0[20,9]",0.258796151957771,0.111322393603274,1.00018279695041,34354.4380158546,36832.1323556783
"kappa0[52,65]",2.12406178083925,0.610921820326259,1.00018266452166,37340.4149290787,39592.1042628683
"kappa0[61,9]",2.07123829657454,0.47099516049768,1.00018247238476,9088.70882396396,26249.0217624838
"kappa1[34,21]",1.80390282709412,0.657646067794605,1.000182300627,36712.9504843521,39929.0881376817
"kappa1[19,41]",0.215343603145143,0.100350519502908,1.00018220784509,39584.3465182257,39484.098826127
"kappa1[12,42]",0.236770873169344,0.149076727526949,1.00018167471678,39329.628665594,39594.1046889863
"kappa1[4,72]",2.72872469275172,0.973590295434872,1.00018143229319,11056.7906920359,34160.4755452471
"kappa0[28,52]",0.419842545936961,0.150217479605353,1.00018129660068,39618.7219645033,40100.764589215
"kappa0[53,8]",0.707983540249636,0.214166969616055,1.00018121606374,15764.2667267903,34559.5773329035
"kappa0[24,41]",0.4785750574321,0.134494984306382,1.00018076026769,36112.6084076428,36270.8538902259
"kappa1[85,27]",117.561696373943,30.6817996417973,1.00018071035271,35164.0530400801,39931.3207584108
"kappa1[126,53]",1.65611939006418,2.20835584465209,1.0001806982915,39519.0661328901,39191.1625583496
"kappa0[52,26]",1.11762969073615,0.426800698645602,1.00018066165004,40086.9637489706,39850.3340535408
"kappa1[2,19]",0.535121124509421,0.277796421658475,1.00018064004543,36277.1532473556,39350.9228445178
"kappa0[24,42]",0.404818912909819,0.123391214693725,1.00018035881063,37122.7961769014,40050.7957921695
"kappa0[24,38]",0.783325494979799,0.174416259691905,1.00017999096406,30673.571794213,38430.3155016199
"kappa1[24,41]",0.704280674378461,0.169236210173132,1.00017994051388,26510.7868892231,37848.4320123667
"kappa1[17,24]",3.06679110994619,0.935764815174466,1.00017985398306,38597.924008719,39536.8696123839
"kappa1[11,63]",0.580767039258187,0.305332151281035,1.00017977639054,29108.9013639461,38937.0478883321
"kappa0[15,38]",1.04471109723425,0.399619598186841,1.00017965007478,23304.9486883611,37785.0895924352
"kappa0[93,12]",0.791409714959297,0.433107718619425,1.00017944245221,38708.576628558,39725.0258092528
"kappa1[73,56]",0.78111509716784,0.659789854029034,1.0001794304953,39999.9857903767,36797.8507814287
"kappa1[24,51]",0.167383269345125,0.0760791970594291,1.00017928638124,40056.5266294332,40183.5972341967
"kappa0[12,21]",0.225910071817764,0.119437268767287,1.00017927004855,39591.1161121003,39831.671088457
"kappa0[18,23]",0.56930731157257,0.346475325988075,1.00017845526557,39255.4373173901,37797.6673018723
"kappa1[27,52]",0.570967084992386,0.162034872980074,1.00017838568121,38492.1168773099,38859.9382531595
"kappa0[23,15]",0.751375945257793,0.26303096640223,1.00017768723131,26963.6645542697,36909.7164662814
"kappa0[53,81]",4.7204070521344,1.04995497293357,1.00017757918547,32849.303951876,39474.3029341818
"kappa0[65,2]",0.221878829249081,0.117452170007432,1.00017757467007,39209.0767060381,39916.1015787321
"kappa0[39,88]",0.735023234060919,0.473308067982604,1.00017745767303,37414.7509716845,38850.2343443917
"kappa0[19,42]",0.415829165668264,0.139406995551292,1.00017709344747,38601.1916958029,36950.8049387556
"kappa1[7,55]",0.0668263314466396,0.0305337884207408,1.00017690020077,38252.8587288558,39390.4826129511
"kappa1[38,25]",2.24492794975703,0.833986218032871,1.00017649807084,38367.9168212877,38230.6004557818
"kappa0[43,9]",0.887888358392117,0.29538288906638,1.00017645792496,23114.9954306271,37697.4626196272
"kappa0[15,86]",0.621265351098109,0.292825065406125,1.00017631517646,31463.0349103459,37315.3434443994
"kappa0[9,21]",0.619377413315082,0.227752148593488,1.00017628717265,34754.9737039723,37928.4283518766
"kappa1[8,26]",0.225743011069367,0.140553129053055,1.00017620478767,38343.0894710749,38890.9483132467
"kappa0[3,51]",0.391240215113449,0.273503332773093,1.00017610573209,37569.0869793636,39582.3041484292
"kappa0[52,13]",0.467716819074396,0.152202682142289,1.00017568550556,20145.5994791963,37690.9128550533
"kappa0[99,18]",6.53552031549164,2.29892176003659,1.00017548590877,38234.6793138985,39635.9935697907
"kappa1[67,11]",0.709629822705917,0.450572040325252,1.00017511493084,34703.3534749447,39158.0305668749
"kappa0[102,11]",2.54733849410118,1.43854013473223,1.00017496456758,36319.3239642031,38970.2967714827
"kappa1[17,22]",1.70718993594036,0.666546393074257,1.00017495867224,38026.0652046343,38298.0014592244
"kappa0[60,44]",0.48126776949591,0.286388037247003,1.00017494553854,39376.0823475581,39594.1940883179
"kappa1[10,102]",0.451907261503707,0.264784637593429,1.00017491327616,36348.1893900371,38646.6578163961
"kappa0[3,56]",0.582476645868627,0.357233958785572,1.00017446102411,36765.0893341473,38872.4389728027
"kappa0[22,17]",0.862278865423314,0.376766972504934,1.00017439421357,37925.3676898737,39595.7300409761
"kappa0[52,44]",1.61080290182627,0.524493647763587,1.0001742418566,37657.9129456764,39135.297120374
"kappa0[10,16]",2.55129916762563,0.721166256613663,1.00017359580539,10976.5158905597,28564.1619294918
"kappa1[12,97]",0.431848753849287,0.219495710373667,1.00017333973889,31761.6901172502,35642.0435906478
"kappa1[11,74]",0.301207275364986,0.198233390663766,1.00017324594342,39595.5239319573,39678.7454785262
"sigma2_beta_cr[2,2]",0.00837430628264342,0.00450879856378375,1.00017287366975,18600.0376762236,28016.7664463979
"kappa0[53,28]",1.3923996288267,0.538759631113238,1.00017277089879,39436.7041302286,39677.6852077632
"kappa0[38,35]",1.52975870785734,0.639470344698857,1.00017271217316,36835.5113039576,38475.7640233543
"kappa0[71,5]",0.69526197603169,0.442977206100037,1.0001726400919,39939.2368445,39796.0708768745
"kappa0[27,74]",0.333749378588139,0.0768918215984513,1.00017250363623,27572.6367978707,39050.6181914028
"kappa0[27,75]",0.387096328377154,0.083750890515341,1.00017229910306,33858.6905726501,38714.1633093001
"kappa1[24,39]",0.273924679204809,0.100716853998637,1.00017222417087,40125.9662262673,38467.20231628
"kappa0[60,11]",0.965475122904089,0.253998433642821,1.00017196805684,12527.3511683453,34632.2268526433
"kappa1[2,65]",0.400037858031371,0.232155478221632,1.00017157802881,34564.3529923635,39556.653831398
"kappa0[11,74]",0.364614609676664,0.179947800289568,1.00017145402031,31630.151747313,37148.1637657181
"kappa0[119,13]",0.985792921076925,0.289851630853566,1.00017133703297,18257.5607351448,36744.1175733063
"kappa0[29,44]",0.657967346074184,0.259554341592925,1.00017129615591,39112.1414003031,39326.5373055483
"kappa0[93,47]",1.19812221080274,0.858613958408162,1.00017126578308,39647.8444041472,38718.3873934381
"kappa1[47,56]",0.948269698322852,0.19960688121834,1.00017118597593,23775.7559459255,38795.9613107769
"kappa0[51,49]",0.293372624849742,0.161456098442667,1.00017109191691,39187.3298329728,39347.144384811
"kappa0[41,16]",2.44845840645968,1.07551072486476,1.00017104648228,39521.9372451998,39474.0329442832
"kappa1[9,26]",0.430510138235144,0.251099649521746,1.00017089064956,38700.686626659,39800.8553380982
"kappa0[35,40]",0.496392371418356,0.369197513241631,1.00017086720762,39898.5815300659,39925.5378934174
"kappa0[10,95]",0.42811650417171,0.248638541559764,1.00017066117114,39288.6202770298,35846.3283941232
"kappa0[9,23]",0.46202441001471,0.19229292526231,1.0001705321593,32606.8148992171,35911.0953276416
"kappa0[90,9]",2.85748881807702,0.808117509445208,1.00017038094097,16533.4107563272,34385.6116458584
"kappa0[30,15]",2.11814541271821,1.15947624790866,1.00017030003455,36973.3302604975,39375.7470120299
"kappa1[19,25]",0.67309882196245,0.191920305233819,1.00017010126447,37065.0433454397,39006.9566689488
"mu_alpha[5]",0.0810380927608945,0.00818677931966948,1.0001699580484,16074.192926991,32317.1643852171
"kappa1[35,42]",0.800052675952701,0.520544398261278,1.00016964020338,39178.1281332734,39355.8230261977
"kappa0[51,56]",1.33589735752093,0.391608661307477,1.00016950611903,33406.2483860885,34622.5311080266
"kappa0[93,104]",1.19922842534593,0.854766408471121,1.00016950044022,38802.0352032151,39915.8072343371
"kappa0[12,35]",0.22613128999243,0.11990560650027,1.00016946737339,35223.8070391028,37696.8867890545
"kappa1[44,26]",1.08878323757253,0.7579587517015,1.00016880202671,40472.1215555193,39804.4879834969
"kappa0[87,12]",1.35061363490772,0.995094711251436,1.00016876841422,38842.1290402631,38648.2501579048
"kappa1[38,9]",0.312262969873792,0.152054305429614,1.00016846439642,39117.0484392133,39290.2979524279
"kappa0[71,4]",3.87756642689324,1.26573949161775,1.00016838872013,20906.0619411675,36222.5873161659
"kappa0[22,16]",1.55934144955365,0.531442235731252,1.0001683413378,38634.5951529089,39826.1001604003
"kappa1[79,11]",0.795375212707322,0.519810148284226,1.00016808535214,39691.8366518317,39798.8896494791
"kappa0[62,11]",4.33807408873925,1.09367636462503,1.00016806769964,11172.5542470814,32164.579591435
"kappa1[36,9]",0.34558969146785,0.195006728178283,1.00016793357152,40125.7992694146,39604.8954374074
"kappa0[54,62]",2.70835931010648,1.34213064754951,1.00016780510826,39605.0580333948,39349.1324243107
"kappa1[10,18]",0.609599962924727,0.322807234646184,1.00016773595687,33988.469810416,36706.7488666417
"kappa0[23,99]",1.10422852013848,0.552118958249479,1.00016768689129,40319.0387804305,39970.7304701718
"kappa1[19,86]",0.169702538971183,0.0864025543346487,1.00016713026881,38602.7426692133,39047.0216529924
"kappa0[29,15]",0.111040510493008,0.0542905192235908,1.00016703383746,36158.1369002859,38495.2947350638
"kappa0[20,41]",0.293945169715684,0.191245999711841,1.00016691783352,39683.0553116628,39574.1824958455
"kappa0[52,12]",0.757941609475119,0.197240730763024,1.00016659610702,12050.530006758,30981.9836288654
"kappa1[9,42]",0.734089087835147,0.350043943935166,1.00016648227528,30382.0810087757,38798.6765969832
"kappa1[60,83]",6.24745367766657,2.06175613786016,1.00016642357128,37370.7895607496,36915.6060893808
"kappa0[111,61]",3.41463450451565,3.59391160310568,1.00016614344168,39657.9989627211,39435.9269035491
"kappa0[86,87]",11.9134096681099,5.07151112329051,1.0001661115521,38274.9621203165,39291.764225826
"kappa1[93,28]",1.05997737920698,1.01041950699069,1.00016601133934,39595.3865316196,38725.7602767785
"kappa1[92,24]",0.919341852198295,0.512574140867727,1.00016588108395,40237.1107159207,38967.0944970864
"kappa1[18,40]",0.672120823777857,0.423672086830205,1.00016580299388,39067.0868808236,39448.9784519621
"kappa1[26,51]",0.332651722801571,0.22320509104067,1.00016546972028,38987.8060600249,38654.1694056752
"kappa1[37,39]",4.86106499629641,1.38038131969905,1.00016525752294,34510.7747164909,39190.2221343046
"kappa1[104,51]",3.77193843743816,2.80185918389422,1.00016503775162,40554.2221402538,38744.7599325787
"kappa1[44,28]",2.25414056637784,1.23548082284773,1.00016474407211,39620.0229222776,38074.1953202909
"kappa0[12,125]",0.225517126600955,0.118637639545826,1.00016426372073,35953.6737776816,38687.4383135626
"kappa1[36,99]",0.521038805265638,0.390806566421307,1.00016361840238,39807.7425011457,38534.246294047
"kappa1[27,65]",0.307204620823956,0.114493251248649,1.00016343572944,38582.7162820152,37956.0788302208
"kappa1[81,9]",4.28972646690402,2.64916506693409,1.00016334459637,39770.5473622467,39844.9882598446
"kappa0[6,11]",0.0745887682983227,0.0191370779009759,1.00016334307567,13029.1310750086,30766.4859858588
"kappa0[57,53]",0.640180449695619,0.301839189778692,1.00016280229751,38064.1957771732,38215.7755987665
"kappa1[27,85]",0.844770259234894,0.20066403407113,1.00016258682891,29558.9826057991,38178.5013907362
"kappa0[92,25]",0.778209287435367,0.505081059068685,1.00016248735438,39708.9435610397,39829.6013518509
"kappa1[93,71]",2.0259993628751,1.68932033081016,1.00016237144573,39573.4145978833,40184.2251239328
"kappa1[95,1]",0.796322947378924,0.523178376617933,1.0001622608378,39930.1943070715,40054.1072575635
"kappa1[89,10]",0.556449596579246,0.339145542727835,1.00016225814408,38984.5948550866,39914.0159414268
"kappa1[66,1]",1.7484999237256,0.837089604303395,1.00016214910588,33798.0054007396,39168.4116711736
"kappa1[55,52]",0.661054656039042,0.416448785727596,1.00016206593741,38364.95806156,39336.9150160479
"kappa1[12,29]",0.236757512882264,0.148402882976709,1.00016166676813,35121.6932994214,38387.3596127995
"kappa1[49,90]",0.547530698974657,0.28524157102345,1.00016145747444,40185.332731103,39403.0376218896
"kappa1[15,42]",0.39209823890827,0.27395291645832,1.00016114492285,37787.8029746328,37854.1111540083
"kappa0[56,51]",1.35704423657392,0.35565989022867,1.00016114437801,36199.5467833203,39666.8122451962
"kappa0[103,13]",2.40665760831534,0.702073179671874,1.00016113383235,15408.0208509199,33369.0476260944
"kappa1[53,2]",0.264459758337282,0.16979464438559,1.00016100536748,38153.4435290235,39187.2923785263
"kappa0[25,11]",2.88560213147977,0.567148723547592,1.00016075122512,5884.1435837012,21270.8178469527
"kappa0[15,39]",0.758175390510228,0.329888844753026,1.00016028206939,26823.0093956899,38250.0991073906
"kappa0[10,110]",1.41153876592852,0.508708420573055,1.00015906360213,17124.8255705573,36318.5155878548
"kappa1[45,9]",1.20351572037736,0.862765544197107,1.00015896012378,39445.1927027272,36713.5864154538
"kappa0[66,52]",1.49303951527708,0.906492857226306,1.0001588308596,39784.2254251041,39844.5850191332
"kappa1[2,56]",0.532561854822136,0.276332662378044,1.00015873335827,34319.8121132157,39513.7757176
"kappa0[95,12]",2.89353443142473,0.976663378717529,1.00015756627772,18520.3737844213,38602.7917648445
"kappa0[2,124]",0.35990105542816,0.205112365356551,1.0001572713506,35258.4926764816,37770.5221906657
"kappa0[21,23]",3.58640156409531,1.10177153492521,1.00015721045404,39000.4589221858,37615.1727376203
"kappa1[44,29]",1.09813400651886,0.766116582493039,1.00015713347745,40198.9457058682,39466.6195988258
"kappa1[12,94]",0.238847220943708,0.14916430930771,1.00015694404357,36813.0967538372,36063.4204604999
"kappa0[14,53]",0.16902762071929,0.0425410710579043,1.00015683257872,35670.9196085128,37917.1810488593
"tau[12416]",0.18917924686804,0.0499379472494282,1.0001567532287,9960.91163086215,27910.8892563215
"kappa1[122,30]",4.21713618737092,5.14929734781956,1.00015673834956,40278.9194051179,39720.8775923803
"kappa0[16,61]",0.478568820318681,0.28288490454494,1.00015665828053,39294.2080475562,39646.1238638096
"kappa0[40,19]",1.25799376538722,0.743140661802809,1.00015662598215,39162.9327184694,40179.664349076
"kappa1[25,41]",3.6024992722578,1.15656992702691,1.00015647877084,38838.2244348174,39396.0628195754
"kappa0[2,65]",0.257032813244197,0.163221994703983,1.0001559137608,38512.3294478818,38521.5231971569
"kappa0[37,16]",0.694010648085152,0.439200566980555,1.00015569490762,39353.6510957177,39596.6881751892
"kappa1[8,28]",0.224692679405803,0.14020945246434,1.00015564692351,40301.7521136095,40043.0263568412
"kappa0[55,75]",0.284302369737938,0.154927020038696,1.00015555976226,39775.4323522893,39718.5685836972
"kappa1[12,118]",0.237714857881312,0.150795939300776,1.00015547297529,39179.6575967285,38398.0082580341
"kappa0[15,113]",1.96361147449414,0.571224978091678,1.00015537425231,12012.2612838898,28107.0827324073
"kappa1[17,34]",0.547657659792611,0.332120846232217,1.00015524140734,38862.7452630678,39967.0873261661
"kappa0[19,9]",0.353257220235726,0.0727620090132664,1.00015513916253,6584.10636895931,23367.2360836534
"kappa1[28,29]",1.12844180516754,0.40233935409546,1.00015504349739,39128.131105407,39275.3827007653
"kappa0[26,9]",0.309817559865797,0.0870035466828184,1.00015494889021,15002.2215781802,33904.8984275872
"kappa1[112,9]",2.47012332545158,2.21638429179897,1.00015476945742,39664.7380081994,38681.3452714228
"kappa1[57,9]",0.667424920387901,0.286056197352294,1.00015476847047,27371.0904715694,37375.287989071
"kappa0[12,102]",0.167984928885398,0.0991553376887644,1.00015461445816,38921.6329417606,38598.1524810626
"kappa0[18,43]",0.571402098161633,0.347105683872457,1.00015456878858,39688.7948255777,38953.1162231578
"kappa1[15,30]",0.79972685332899,0.440996421404952,1.00015456415383,37392.4408418988,39082.4307456667
"kappa0[52,2]",0.659429546326742,0.184269559213636,1.0001545470296,14731.3726607159,35294.3926949899
"kappa1[10,86]",0.606186014844901,0.322420533953751,1.0001538323543,34349.6251087419,38674.9628694925
"kappa1[15,115]",0.798413785852223,0.438185293858348,1.00015382933545,38282.5367585865,38085.3096114675
"kappa0[110,89]",8.46910496451743,4.27916107216543,1.00015370199337,40479.5098850753,39956.9814805373
"kappa0[92,11]",1.66997265534993,0.483028759613863,1.00015366675893,16853.5194057907,33265.8390864883
"kappa1[66,56]",20.3008080611033,5.91050582379966,1.00015331740507,38874.5905798612,40221.7348468183
"kappa1[58,12]",0.919833227149965,0.82794693168427,1.00015328474156,39522.9590243112,39190.1348323764
"kappa1[52,4]",0.219211134580559,0.11589558597817,1.00015320359373,35166.8040316775,36058.2769939064
"kappa0[31,33]",25.3771845101858,9.75218563227218,1.00015313033117,39667.7909545253,39319.9549151485
"kappa0[51,96]",1.33684252572381,0.39350452852956,1.00015246458821,35548.2638888875,38894.7859888387
"kappa1[62,11]",6.57453044478117,3.23452297308295,1.0001521604287,34259.8233541737,37965.6787247059
"kappa0[8,66]",0.520914448764023,0.179137786475004,1.00015207145682,16687.3078151988,36139.2235163019
"kappa0[79,52]",1.17567573735796,0.680047075359759,1.00015204087432,38609.4839584563,38528.0234075341
"kappa0[28,44]",0.267115284856431,0.114403636302087,1.00015201949504,39207.079118331,40038.7619862142
"kappa0[51,30]",0.29572694253669,0.162637261690255,1.00015196007226,39816.6224033838,38926.7097489198
"kappa1[102,15]",2.83488152101772,2.70624876121675,1.00015170575877,39727.6658398595,40178.7621378624
"kappa0[56,53]",0.398066707182886,0.17863134604356,1.00015133494981,39809.26815733,39557.0211743988
"kappa1[89,45]",0.377038606127083,0.260128062058445,1.00015106128769,37538.5447138755,39472.2199669372
"kappa1[109,5]",1.22824544906212,1.25594999942672,1.00015096320995,40264.6985440925,39680.036743111
"kappa0[66,55]",5.39526698040015,1.98660487377463,1.0001508955251,37133.3332220426,37948.3073379948
"kappa0[42,43]",5.51934719287642,1.72445052590279,1.00015068432218,32746.8332203637,36679.0045404749
"alpha[5,14]",0.0740731399513412,0.0143521279049617,1.00015027966793,9501.78595921376,25055.0010882224
"kappa1[67,69]",7.08250925411309,3.14824224684697,1.00015015792425,38632.0433588009,39436.3889074454
"kappa1[42,16]",0.815416611303023,0.535655747330478,1.00015011044003,40066.3418681477,39177.1190706159
"kappa0[53,56]",1.38511189860655,0.53219018959366,1.00015004418958,39045.7348896033,38540.7989032488
"kappa1[1,65]",0.277448635549201,0.15250377258508,1.0001499874012,33531.0976117838,37896.199102219
"kappa1[88,54]",1.24292664290836,1.28145997740333,1.00014995350013,40292.0720281741,39722.9851126775
"kappa1[46,95]",0.202810133031426,0.123384325680019,1.00014948739288,39293.0924364213,40213.1378147937
"kappa0[23,19]",3.25323882868064,1.0408101259204,1.00014919862,37014.8288367941,38477.3737980229
"kappa1[12,115]",0.329917179195125,0.184244205547298,1.00014915583199,35052.22578547,37685.8498060747
"kappa1[4,52]",0.633786597642721,0.393467409282798,1.00014911675825,38120.8652422705,39615.314823856
"kappa1[9,95]",0.734897137591906,0.35336436153711,1.00014893589216,39700.8791396044,38133.9748323743
"kappa0[49,95]",0.485565822901338,0.248833735947952,1.00014892554787,40391.8731594765,39715.935425891
"kappa0[104,65]",6.42867068828945,2.02254723883413,1.00014877113621,36499.975968767,39556.0599910251
"kappa0[16,23]",0.645555406346873,0.341859212004561,1.00014869135147,38160.293744866,39788.1163952967
"kappa1[38,10]",0.180249502051494,0.107124385372249,1.00014865232318,38634.6911643395,38911.0569722779
"kappa0[65,29]",0.724420428148204,0.393663833851148,1.0001485873467,39472.0626331956,38726.5448033742
"kappa0[55,85]",0.285202578332997,0.15603345974058,1.00014848820211,40534.1853926224,39883.6602477365
"kappa1[8,6]",0.223971918620702,0.13887394721316,1.0001483978984,38119.0088380321,38773.2019003021
"kappa0[82,56]",7.47595223042106,2.65231868250625,1.00014826590556,38130.9589782082,38497.9422786287
"kappa1[12,59]",0.658120406531192,0.285203030079472,1.00014824439297,17943.9810558986,34490.7705578633
"kappa0[62,10]",1.33462448835617,0.554563550095236,1.00014801135249,28375.3983977212,37865.3599657486
"kappa1[23,38]",0.632219667905245,0.395523279544212,1.0001479613991,39836.0444102319,39458.5054672266
"kappa0[19,41]",0.415227653614651,0.139756831109062,1.00014794902053,37358.5441149753,39113.7925792503
"kappa0[55,52]",0.859288929471944,0.299341554649859,1.00014789992481,34211.3041258057,38110.0575293029
"kappa0[76,27]",155.62021160169,35.4921632778113,1.00014757967146,22129.8948615828,38657.2138789585
"kappa0[41,11]",1.1334325268503,0.409157448918327,1.00014757706247,25206.6780740145,38468.7506481871
"kappa0[53,30]",0.992094801377313,0.439450212728148,1.0001475304389,39738.5135605607,38307.6979653391
"kappa0[48,8]",0.846105900057196,0.46928005378858,1.00014739820183,39715.8471853064,38054.447238634
"kappa0[37,24]",1.95573368526008,0.839515059923843,1.00014736241672,39816.4723526463,39594.8071070206
"kappa1[41,35]",0.754847014167469,0.48752526919571,1.00014735088175,39339.1881826189,39686.9740028782
"kappa1[66,8]",1.38518673103842,0.717809171366339,1.00014733394755,32387.2095535121,37869.5451276766
"kappa1[30,12]",1.86076658548076,1.17674046335979,1.00014714036351,39839.7567301466,38923.402743704
"kappa1[53,56]",3.17101193292961,1.30026264537631,1.00014699910641,40099.5872951913,39900.5072400545
"kappa0[44,90]",0.786295650624868,0.313156842159309,1.00014598901586,39346.030968015,39429.7816158427
"kappa1[15,98]",0.392559698039282,0.274818087062692,1.00014596016091,39388.7504816375,39218.7351221821
"kappa0[24,10]",0.158249424426816,0.0417018591239749,1.00014589076733,12733.1232346492,35047.8572586465
"kappa1[48,15]",0.562219891234148,0.344055319713132,1.00014574527071,38843.5452859742,39272.7707151742
"kappa1[85,8]",2.73640569681238,1.87268783728448,1.00014563243428,38095.3860913313,38447.7199666188
"kappa1[15,40]",1.0463385668011,0.523788164124483,1.00014562149939,27885.9131705497,38107.0612033907
"kappa1[44,65]",1.63119667347239,1.00291300239651,1.00014555140095,38953.2667791425,37620.5723676864
"kappa1[17,12]",0.165706960407917,0.0980183217418516,1.0001452598288,37589.6079313675,39971.6495237003
"kappa0[84,12]",1.00557997108238,0.501378527135829,1.00014518055896,34288.0536584698,38912.890947248
"kappa1[39,25]",3.85793809451426,1.31563647219718,1.00014501150918,37336.0742629029,38137.6541343479
"kappa0[11,72]",0.204731723358046,0.124908451230632,1.00014498538285,39874.9774079796,40095.0205079069
"kappa0[55,44]",1.39290977031351,0.390991799346904,1.00014495352247,37530.5082272556,36267.7773334578
"kappa0[15,97]",0.489819804791191,0.25112699897865,1.00014487532764,32078.0283426596,37641.6431318674
"kappa0[4,114]",0.611267209600376,0.377127391302116,1.00014478238678,39315.7903208358,39640.4887192537
"kappa1[64,12]",1.86794673229709,1.51674870328189,1.00014465487972,39512.8691554372,38190.5742660777
"kappa1[98,89]",1.58217809317619,1.96371838853847,1.0001444552218,40098.9224946501,39222.2341950773
"kappa1[19,42]",0.308736230388069,0.123807102228291,1.00014437430375,39718.7310168357,39763.1312451707
"kappa0[52,4]",0.156894396649558,0.0790704440864235,1.00014433734532,39318.0230170849,38811.0847634634
"kappa0[11,63]",0.73993725112174,0.276798447493677,1.00014420748223,19634.7096543117,31190.8674751191
"kappa0[65,47]",0.360860014113934,0.247491175568472,1.00014413850444,39884.962548111,38966.8889955629
"kappa1[2,109]",0.399980811373258,0.230354529456792,1.00014402501527,28015.4865849355,37817.1097865345
"kappa0[103,9]",0.736967215196046,0.353184498768066,1.00014356477055,35493.3292003737,37674.3243115678
"kappa0[53,21]",0.465507766461878,0.275401299516798,1.00014348188771,38641.5893490262,39716.8053397532
"kappa0[12,17]",0.289781057419375,0.139138965801467,1.00014347150077,36115.4958213989,37988.8937381655
"kappa1[16,23]",0.942899788236712,0.415056277280641,1.00014344366585,39437.6817741882,38672.3129493915
"kappa1[39,20]",1.40243106823669,0.72861014858766,1.00014330848457,39708.8699535598,39433.0900857912
"kappa1[55,53]",0.914629049285576,0.511950137233467,1.00014325000716,39100.7739227045,39553.0090085957
"kappa1[86,9]",1.4909958576208,1.13026615383093,1.00014320278701,37277.7534900239,38979.0245858444
"kappa0[98,55]",7.2736663973445,6.662396536234,1.00014291585899,38933.0616778289,39275.504383047
"kappa0[1,104]",0.199079947839212,0.0926487994408515,1.00014280463506,29562.0227863531,39294.3937347313
"kappa0[89,15]",0.484807310604728,0.175291086202868,1.0001426772783,26369.8195330724,34963.6700013192
"kappa0[12,93]",0.288521790828814,0.139399319673333,1.00014263094248,38870.7952603524,36867.8805476157
"mu_alpha[4]",0.0090420012082343,0.00619122240834342,1.00014260494227,10400.4637079937,26598.3322924515
"kappa1[20,22]",4.0178586361316,0.908180314420263,1.00014250516937,27773.5646586729,39047.7633864831
"kappa1[28,52]",0.253343124981262,0.160667918664887,1.00014248358005,39530.3810937127,38531.7613598813
"kappa0[39,24]",3.74570156735809,1.27247204686754,1.00014245836861,38277.8370079978,40118.7794708363
"kappa1[61,15]",0.744844505459007,0.405105680105541,1.00014221706609,35676.1912209593,38509.0413510256
"kappa0[89,19]",0.489403817426489,0.293526697135509,1.00014219768464,40476.0378971556,39930.7068795739
"kappa0[22,11]",0.967226853979006,0.234621805510207,1.00014209760326,10939.0934723126,32321.2204898743
"kappa1[20,42]",1.2615502003696,0.486388255020579,1.00014207719518,36920.105696861,39863.148878315
"kappa1[34,23]",1.80430220546209,0.662192911529347,1.0001420752042,39078.3202192144,38254.2479377892
"kappa1[52,29]",0.546685973394434,0.329867169488418,1.00014203740972,39160.2358889249,39680.7929380133
"kappa1[15,39]",0.58068564582982,0.35673405318162,1.00014173527197,35594.9064209281,39554.9720606934
"kappa1[5,48]",0.599472642815,0.368132454389781,1.00014173282383,37272.1075516174,39594.2192992177
"kappa1[22,19]",1.61392211281375,0.524133775323084,1.00014143522995,38745.5394240005,39494.660355916
"kappa0[17,9]",0.466083837122032,0.179516511875585,1.00014143366736,28722.1729076768,37721.3790964249
"kappa1[19,51]",0.129011240539893,0.0731765380093645,1.00014130692178,39473.2081043093,39689.2440146801
"kappa0[34,20]",0.904701414691897,0.444036240011568,1.00014118886781,39733.1066360053,39761.2584590547
"kappa1[29,26]",1.05483579449209,0.527339271176442,1.00014089366244,39531.5728422999,40137.8494790547
"kappa0[27,104]",0.230078879986465,0.0628272279588441,1.00014073604956,33751.9377277595,38727.9621424548
"kappa1[82,1]",1.55975287100356,0.955993080482097,1.00014072414477,39631.9742011195,39842.449167662
"kappa0[35,15]",1.69273855869824,0.486349960534443,1.00014051431645,16022.1086197362,35627.2740476886
"kappa0[83,11]",0.951516961820339,0.538525606415735,1.00014038493506,37254.4578932978,36567.0060333084
"kappa1[60,11]",0.41330525305759,0.241402489225394,1.00014008697004,39850.3351856376,39636.690812539
"kappa0[90,11]",3.51800063983957,0.908247290264459,1.00014000229472,14198.498063254,31899.6356708454
"kappa1[12,114]",0.237029219589958,0.149448620099443,1.00013992256828,37992.364628168,38191.2181181333
"kappa0[10,24]",1.05425530040492,0.433716451926489,1.00013973343846,25209.6908959736,39341.1889062383
"kappa0[106,61]",1.56486813606241,1.19604182455331,1.00013938099295,39893.6609645944,39188.5171622604
"sigma2_tau[4]",0.0312763419283145,0.0035860262928012,1.00013927878046,14465.8657036851,22207.6150757266
"kappa0[21,16]",2.9153564520928,0.975348517898842,1.00013922176597,38187.2134453899,39287.2731816578
"kappa1[10,115]",0.454176873365143,0.2693879819351,1.00013919416158,38106.6488523932,39420.3128924917
"kappa0[79,56]",1.17500539683308,0.689986290740593,1.0001391379845,38255.0993614781,38015.277619491
"kappa1[41,16]",1.06888724027029,0.611939983370617,1.00013903454295,38673.3696409376,39139.365563731
"kappa1[49,51]",0.411772620260286,0.23720066307523,1.00013899717509,38439.9217451226,39290.8688082279
"kappa1[42,18]",1.15615763804139,0.673370495830661,1.0001389870483,38942.1308684277,37540.8256929806
"kappa0[12,20]",0.2903377438477,0.140760968511947,1.00013890184043,36102.4958525405,38069.0299350625
"kappa0[55,81]",0.284738297040658,0.155454485438122,1.00013879912302,39181.819741835,39004.8523782958
"kappa0[27,95]",0.131244563297828,0.0466790603201761,1.00013845927949,36373.7100793962,38657.3622165234
"alpha[5,2]",0.070949648741515,0.0133580736139821,1.00013839799757,10398.2736811158,28162.1034649137
"kappa1[18,25]",0.674894822742237,0.427146539948234,1.00013839521449,40205.7652048343,38958.190357403
"kappa1[43,54]",0.808822687157158,0.440873203290888,1.00013835061895,40376.0656438819,39718.3902625123
"kappa1[73,11]",0.884814665553544,0.494511485001089,1.00013831148287,38011.4765907101,39049.9460256375
"kappa1[9,28]",0.432059472226239,0.254356745680761,1.00013809154614,37274.691594007,39556.3683872547
"kappa1[14,52]",0.197303131926308,0.0638361895017137,1.00013804853732,38103.6686813987,38453.2382350618
"kappa1[24,22]",0.388222117610906,0.122965517079538,1.0001377497904,39362.9853692242,40266.7907346233
"kappa1[24,89]",0.103638655464702,0.0562621096692319,1.0001373836582,39848.7913340288,39171.9103311869
"kappa1[12,125]",0.237086108207625,0.147703910098301,1.00013733842132,35040.1226728185,38381.4472780371
"kappa1[55,14]",2.50918456969758,0.945183373170363,1.00013721274078,38800.4890324521,39401.6391452964
"kappa0[2,56]",0.475199626366325,0.242476610063789,1.00013720541773,32011.4026784683,37015.2839369118
"kappa0[53,57]",0.466671786219859,0.276354888980836,1.00013711020647,39355.022166327,38897.2463399799
"kappa1[65,11]",0.426572682423654,0.247141096979061,1.0001369760716,36805.9368291116,39505.0106847224
"kappa0[12,118]",0.356184563874578,0.158318863045174,1.00013694562713,34653.4106350231,36293.363272372
"kappa0[8,6]",0.188789470250278,0.0980125935318698,1.00013693789739,35083.9553694773,39690.5519105473
"kappa0[15,101]",1.04361228777494,0.399269489702891,1.00013690910195,25330.8931643146,37728.8202534068
"kappa1[66,53]",1.54250376272632,1.17947430207508,1.00013663271359,39457.9319680448,37987.4882368173
"kappa1[12,119]",0.775761376687028,0.312699015921649,1.00013627929682,17419.7270144746,35156.417405217
"kappa0[10,20]",0.725222954957683,0.347715522992585,1.00013609636555,35841.91865342,38586.4719792443
"kappa1[12,71]",0.237086611430149,0.148809776710483,1.00013597361373,35806.4432508673,36551.1603356353
"kappa1[25,35]",0.439637565423547,0.314039822086933,1.00013590692894,38753.1204394978,39589.7236846582
"kappa0[22,43]",1.02622447438074,0.418638604632175,1.00013582896503,39098.1648978889,39637.7736497717
"kappa1[41,43]",3.92959982037619,1.34407947930253,1.00013576574954,33912.7588231948,39491.5124290085
"kappa1[55,60]",0.436051641080586,0.311962695965563,1.00013561001978,39424.707204202,39710.8647664036
"kappa1[36,20]",1.54475781501311,0.801222490877192,1.00013549743427,40252.9262071167,40350.69446037
"kappa0[93,28]",2.53587712154461,1.42077714177794,1.00013527000058,40077.7589714075,38277.0038789834
"kappa1[74,77]",1.42476937889569,1.63678670985712,1.00013519695332,39056.6441097672,39973.4492401582
"kappa0[54,11]",1.82252226303942,0.634892227672177,1.00013517551722,21745.5070656051,37406.7666502086
"kappa0[14,65]",0.137123209454095,0.0382888969235205,1.00013513920225,38811.4827838782,39004.4408417026
"kappa1[82,55]",1.05086683945019,1.00922260680983,1.00013506202173,39961.0771754769,39299.770233252
"kappa0[14,104]",0.0565157433332632,0.0230530498203805,1.00013502369147,40008.5579585555,39679.7693833203
"kappa1[42,12]",0.248117593299153,0.15698481937969,1.00013495606873,37322.6636484795,39231.1507762001
"kappa0[119,72]",0.570184009269038,0.349572988062317,1.00013486781865,38828.5599207445,39727.7224147074
"kappa0[66,104]",9.91720829785509,2.80389611733168,1.00013481745582,37983.3622718692,38640.7471637584
"kappa1[52,90]",0.371044210495714,0.257493627170161,1.00013450455781,40072.7545382036,39745.1289877215
"kappa0[14,95]",0.0382851884896551,0.0183669735105385,1.00013429198769,39297.2344718784,40350.5084837031
"kappa0[34,16]",1.81996504250575,0.666877269637969,1.00013422124719,38557.7335954883,37247.4290260823
"kappa0[89,95]",0.492530251449804,0.292470699681379,1.00013420765143,38749.3134403941,39009.4270331578
"kappa1[110,88]",11.0930352368224,8.40623198812368,1.00013418655428,40045.9528005117,39163.051802216
"kappa1[83,15]",0.953612261695035,0.861207184433054,1.00013413972648,40068.6724183852,37750.3902579257
"kappa0[76,12]",1.73813687794758,1.37301821378117,1.00013403885902,40031.7388184447,39350.9685766809
"kappa0[52,6]",1.95010164156668,0.582332975900309,1.00013401164953,37508.0374401615,38813.0773555712
"kappa0[4,103]",1.96428398226436,0.783673128397215,1.0001333578852,31492.6595565632,39687.6297682979
"kappa0[93,108]",6.02282802152397,2.41338688819368,1.00013334244477,38565.6996995629,39350.5116515335
"kappa0[79,29]",5.48810795369165,1.71605251078363,1.00013324799678,39092.6315517265,39782.2344112592
"sigma2_tau[6]",0.0342809796100946,0.0036624547091883,1.000133163986,20506.0783339251,28575.684448844
"kappa0[86,9]",0.586446837995512,0.451938031442881,1.0001328614803,39063.1352091865,39973.2450729634
"kappa1[10,55]",0.959244906166682,0.426993739466064,1.00013270666851,21908.142184947,37623.130015445
"kappa0[18,22]",0.564002906829802,0.34344251682932,1.0001326595434,40809.4935948019,39377.9977303569
"kappa0[21,11]",1.58979553064714,0.398787122560334,1.00013264002833,12607.4928541038,30948.1187487606
"kappa0[2,48]",1.00010048524817,0.37758698703455,1.00013248254067,21339.106469681,37610.0202552984
"kappa1[99,21]",4.44329329708432,2.07816293425043,1.00013229763741,39577.5930827629,39432.9856223121
"kappa0[70,71]",3.71788510271277,4.15782612868126,1.00013213924442,40347.5815873414,37890.0359930627
"kappa0[56,79]",0.320332828550255,0.155870761422235,1.00013208952947,39447.0892367828,39269.668045497
"kappa1[35,99]",1.52182403556614,0.7901335155235,1.0001319993569,38889.2041562999,39238.9895412525
"kappa1[52,95]",0.373000223173991,0.256627575002782,1.00013189021941,39400.0654166872,39803.8078220426
"kappa1[104,8]",4.05158555796388,1.89028482013699,1.00013176900826,29635.6699985191,36186.3526361336
"kappa0[25,99]",1.14255086382983,0.574405223333594,1.00013166950138,39144.9073693808,39392.8132269003
"kappa1[15,121]",0.57858400056856,0.356222102744292,1.00013152483653,36942.3615041464,37600.2888745061
"sigma2_mu_tau",3.16387345388444,1.41189394502425,1.00013149250889,21705.0444002935,37875.1484141163
"kappa0[61,51]",2.0718215791939,0.827854276028403,1.00013131200294,40076.5832174147,39207.5478299046
"kappa1[20,35]",0.302274648413237,0.199188283468655,1.00013127268913,38993.0184277213,39244.2803173636
"kappa0[48,11]",1.67839005653229,0.713966054541891,1.00013118564885,34674.9857474697,36182.4018092975
"kappa1[51,53]",3.32684499919195,0.943190804971911,1.00013095586516,35791.8188056793,38264.2532904452
"kappa0[2,114]",1.87896917378039,0.543606243331117,1.00013086453004,10481.9335835491,28879.3072215587
"kappa0[40,25]",1.70540294469466,0.891392511998848,1.00013054706289,39619.5671497181,39391.4309537966
"kappa1[55,57]",0.65652155404397,0.412350587836695,1.00013049322865,38373.3874005485,39144.3206129136
"kappa0[53,60]",0.324811802904596,0.216091902166912,1.00013019342015,40525.5181617747,38937.0747826662
"kappa1[8,104]",0.407921620641575,0.20679108573849,1.00013015997484,29885.0547506999,36760.7109099288
"kappa1[11,27]",0.433270558969495,0.255026438031939,1.00013011874754,39346.7495501071,40339.0591610626
"kappa1[89,62]",1.21408337979735,0.87855680556254,1.0001300533335,40145.0088674282,39737.1102851582
"kappa0[46,95]",0.331412705780717,0.186506370127061,1.00013002359419,39491.744217008,39593.1784642569
"sigma2_tau[11]",0.0364717684984187,0.00358962109652144,1.00012990186637,21139.2977257177,32345.6758589138
"kappa0[75,8]",0.534773980301988,0.402788947174815,1.00012966169874,39666.2390853294,38523.0971605332
"kappa0[100,107]",83.339751920133,30.5908989847174,1.0001288133272,37812.3084382103,38418.6786052209
"kappa0[92,89]",0.775349331360432,0.507978477243014,1.00012872157057,39330.4729219463,38731.5199354318
"kappa1[20,39]",1.08035999021883,0.442036429880384,1.00012852466172,39315.0385903662,38872.7098077247
"kappa0[65,11]",0.485662980759383,0.18839663375987,1.00012833782217,27476.8805435246,36956.7206440948
"kappa0[55,28]",1.06921665175226,0.338239255452247,1.00012830449996,36237.34847106,37472.3910176925
"kappa1[38,34]",2.24314482490205,0.830734021269913,1.00012824288377,38619.958799675,40477.3792596862
"kappa0[24,110]",0.129429012369793,0.0638901465370818,1.00012802557258,39993.6034923116,40140.6734597534
"kappa0[99,36]",2.1656964762419,1.18730666342512,1.00012791054075,39715.4125886967,40057.1540861806
"kappa1[36,19]",1.15468049010399,0.670703964907854,1.00012790275241,40218.4041535009,39133.0479518511
"kappa0[17,22]",0.918786294776066,0.449802332242477,1.00012744713657,39548.302315464,39542.0750845027
"kappa0[101,15]",6.06475511094152,5.24777817753817,1.00012744517878,39361.6341972626,39471.9154619815
"kappa1[10,21]",0.453490974331706,0.268444354462467,1.0001273953063,37079.9066366479,38337.3805113274
"kappa0[61,19]",0.885165141763171,0.492565470043256,1.0001272845996,38197.1055391106,38376.8079758776
"kappa0[24,61]",0.192686416542968,0.081251329735185,1.00012721117283,37373.904764232,37817.1669911415
"kappa1[84,83]",1.18173262217701,1.18410246212448,1.00012703208361,40451.5949161087,39719.3432090704
"kappa0[3,103]",1.03425901111388,0.520053230245457,1.0001270039235,32336.0430666511,38320.3882789931
"kappa0[44,60]",0.332458050508814,0.185882869267234,1.00012690591965,39732.6933485451,39496.895553367
"kappa0[7,56]",0.714971393056454,0.125092562950553,1.00012660712077,14875.4168365984,39431.6973996078
"kappa1[36,24]",1.53692258664709,0.806015593776716,1.00012645454995,38918.5676457174,38302.6469261559
"kappa1[48,11]",0.380130544504846,0.263514715295735,1.00012635959369,38901.9589316031,38133.9985586435
"kappa1[55,104]",3.22566565266453,1.09191410094254,1.00012601915808,38927.3128991983,39076.6556709415
"kappa0[90,6]",1.02051051371287,0.698112364998185,1.00012598871281,40139.2943640542,39803.6750643345
"kappa1[121,15]",3.97436929394188,4.61737381615347,1.00012595559289,39892.8626147866,39555.8794031225
"kappa1[41,39]",5.28235148494036,1.56733897062161,1.00012595089735,33973.1292343268,37046.48420516
"kappa0[72,5]",0.768466517146482,0.189020777803164,1.00012537352114,9535.85755688105,28247.3532243143
"kappa0[95,9]",2.26045901297734,0.841652447244817,1.00012527084089,29288.8482813954,39140.716053235
"kappa0[56,60]",0.815982667014156,0.27003820771312,1.00012508973891,36691.9218609995,37988.5765012269
"kappa1[5,51]",0.5979173092798,0.368972766089769,1.00012506013278,39115.5533964451,38481.3314313549
"kappa1[27,69]",0.752195040851678,0.186765548894226,1.00012494756897,35527.886874791,38852.9397222187
"kappa1[36,43]",1.9695939850153,0.933416442188599,1.00012491724729,38716.6088991818,39687.7708417149
"kappa1[17,21]",0.973872352747822,0.482475234973679,1.00012487078231,40350.0073138291,39297.2013576699
"kappa1[7,44]",0.0668716413840294,0.0305737928544306,1.00012469551955,39329.0481344965,38698.2971660765
"kappa0[1,66]",0.197912481055051,0.0916966855566331,1.00012468189797,35208.6856677203,36794.1493737964
"kappa1[6,52]",0.0856616139163655,0.0365191531354511,1.00012463495031,38691.868567543,38753.3854388831
"kappa0[38,61]",0.569245262907128,0.348368528871967,1.00012446292945,38169.9686315082,39338.6414564964
"kappa0[26,55]",0.301665210061825,0.145464999455183,1.00012438968989,39981.2497745793,39046.4151814709
"kappa0[17,41]",0.523270997563815,0.314483586920096,1.00012431712364,39725.6611857601,39580.5458041866
"kappa1[40,37]",0.562819739094295,0.427137890584879,1.00012430622231,40185.6856257232,39542.0339946773
"kappa1[107,11]",2.50012192727954,1.69553047068914,1.00012423443981,39536.128275391,39539.0593473304
"kappa1[53,52]",0.867761963561483,0.576481013431026,1.00012417284858,39923.7900460968,40396.2926568356
"kappa1[51,52]",0.515909272517145,0.309569386131848,1.00012403772592,40495.4136740898,39352.8003936327
"kappa1[15,55]",1.04045430940341,0.517081556058598,1.0001239821226,34964.7281205781,38783.0050811066
"kappa1[8,29]",0.224274515895486,0.139831471261155,1.00012394998104,39153.7308024904,38958.7667724638
"kappa0[70,59]",8.23453722584488,8.04219093742083,1.00012367125404,39727.4740457952,40011.6006672079
"kappa1[94,44]",1.53042894692466,1.85148461713056,1.00012345608182,38472.493838441,40084.4489528146
"kappa1[53,79]",0.55621978933981,0.424518590983128,1.00012314209311,39176.7589331735,39391.2484826694
"kappa0[52,51]",0.963182156526823,0.390162330600033,1.0001230832161,38473.8105084905,38814.8242643802
"kappa1[56,55]",1.25860412564912,0.402808561412297,1.00012302646224,38172.4193125967,37665.5229525865
"sigma2_alpha_p[5]",0.000694980206777695,0.000386433107600087,1.00012299483286,19325.3746302532,31251.4747161943
"kappa0[75,77]",0.915663402625,0.824473628206161,1.00012290694832,39879.2298643445,39368.8236329071
"kappa0[19,92]",0.155606512502696,0.0784040168750835,1.00012289382016,37512.0379374693,39239.1507270529
"kappa1[66,5]",0.738589702436181,0.471750487280803,1.00012289057017,37227.4964779737,38020.7994491877
"kappa1[93,8]",1.06923902954446,0.744774571983746,1.00012276489529,39037.9747276973,39407.2650568305
"kappa0[55,53]",0.65355200656253,0.25731877403054,1.00012259999432,37564.2495683537,38833.1193270916
"kappa1[1,44]",0.278403864279065,0.15185158989943,1.00012259222345,33134.7335551396,39239.9937635925
"kappa1[12,98]",0.329097999249516,0.184386351449252,1.0001224497649,33598.9029272175,39806.1659825157
"kappa0[99,41]",4.23543148458406,1.77516164833943,1.00012233175327,37430.0574708044,38568.7041672362
"kappa1[80,1]",0.358397482297019,0.244508436159957,1.00012220744517,38261.6682174235,39776.0319297962
"kappa0[9,42]",0.311941911342016,0.152155152976872,1.00012217245556,30060.8569941152,37419.0251261512
"kappa1[59,3]",1.58087425862001,0.827632288741805,1.00012213920278,38370.660389811,39173.1318823043
"kappa0[40,11]",2.06256380196686,0.595675283971221,1.00012212120589,16469.4798742179,30462.5652175574
"kappa1[73,74]",8.3495945827539,3.20738925371933,1.00012209007618,37952.4750937263,37206.1688006192
"kappa0[66,29]",2.04958878547531,1.11632313075428,1.00012160188665,40003.8598851651,38529.0997577877
"kappa0[44,74]",0.33332730487819,0.185354681330706,1.00012159303031,39281.1930447657,39846.4368728788
"kappa1[21,41]",0.647108040703078,0.40436574016894,1.00012153516167,38979.1876291506,39267.2314980608
"kappa0[106,9]",1.90382392243474,0.907815612628443,1.00012148184462,37155.9647243513,39358.9623391541
"kappa0[106,34]",0.881626211860362,0.781067088446093,1.0001213955025,40108.6338834788,39967.9524302443
"kappa1[106,18]",1.90316659232948,1.55706197071296,1.00012127125148,39348.8828410605,38738.7979252741
"kappa0[16,39]",0.330082815227037,0.222000955174773,1.00012123131172,39122.2362866243,39407.0047601428
"kappa1[11,95]",1.26170288158306,0.487658732422121,1.00012082061946,16554.6620492044,37249.8091344224
"kappa1[86,10]",0.84578956296214,0.735684220615125,1.00012077875406,39851.650740093,38773.2577479016
"kappa0[66,57]",1.02031933157808,0.704604696000761,1.00012052066293,40360.573143614,39634.2606192943
"kappa0[17,42]",0.521375986852765,0.313458819426535,1.00012045008067,38742.9934932998,39705.1204753215
"kappa1[42,10]",0.249067993510929,0.15628641334031,1.00012037486345,36242.2433001937,38339.5224139416
"kappa0[67,69]",10.2477190498422,2.70184483968898,1.00012013214585,31945.6937948575,38676.783726119
"kappa0[92,12]",1.80299100264639,0.502535156244938,1.00012007103513,16946.278937834,34712.028076076
"kappa0[22,89]",0.414170580925298,0.240226877584381,1.00012000157894,37633.126976989,38918.869941555
"kappa1[19,53]",0.129003987799707,0.0728441698461035,1.00011995565216,39162.0162402522,38913.8957528251
"kappa1[23,9]",0.263601930700728,0.143658366087491,1.00011981309775,34465.2372061932,39210.0609929003
"kappa1[18,37]",0.669726496553422,0.419475860948485,1.00011977069867,39227.6032531435,40140.7138859499
"kappa1[53,31]",1.2530111824689,0.745172450132764,1.00011970559355,39719.9400110898,40348.0374734549
"kappa1[57,52]",0.772380740643414,0.504474009209354,1.00011970127897,39258.6207445068,40015.660223746
"kappa1[117,9]",1.11527373650371,1.09573726680791,1.00011969536099,39767.992130044,37923.6771316539
"kappa0[66,9]",2.65656469505553,0.778220959129214,1.00011959846309,16813.5108467724,35208.2196823335
"kappa0[37,35]",2.3220234934253,0.938947086420409,1.00011934186968,37072.4799171326,37916.6033859776
"kappa0[61,15]",1.06596911597191,0.326571691742731,1.00011932847547,21973.5107801625,36814.7360994465
"kappa0[34,86]",0.354334427088186,0.24165795250701,1.00011932022919,40046.7189089638,38984.6852043184
"kappa1[4,56]",0.634039215412327,0.396676182309701,1.00011917681175,35713.6015507402,39093.4210504419
"kappa1[51,26]",0.352929021759413,0.238895660166674,1.00011890396636,39905.2459856943,39334.0713807944
"kappa0[30,11]",1.53301865854623,0.941357853479672,1.0001188256807,39062.508357492,39630.7081376312
"kappa0[55,90]",0.460262982036754,0.208204356412723,1.00011859954639,39727.0263714976,38924.6921111811
"alpha[5,7]",0.0768615795088188,0.0107133398890877,1.00011836959324,6318.24105761815,23788.9717433454
"kappa0[53,123]",0.468286738093047,0.275386331063276,1.00011836684838,38311.3645673864,38384.8225607249
"kappa0[57,11]",0.868256797336802,0.209121349582793,1.00011836374975,10860.7240253866,26472.1953794357
"kappa0[24,88]",0.128615651651344,0.0632290514310631,1.00011832564403,38136.7800635102,39752.402709308
"kappa1[17,43]",0.753867501409061,0.409033436430539,1.00011830012691,39000.6608344878,37918.9326538241
"kappa1[61,55]",0.71551855745579,0.587931545478083,1.00011812272507,39123.3524598575,38574.3619313687
"kappa0[114,72]",4.12815098129157,2.52836644532917,1.00011806500762,39831.4734541086,39723.2406836668
"kappa1[41,19]",1.4172994820714,0.732525835126293,1.00011804815615,40336.9957664979,38877.6102252696
"kappa1[51,30]",0.516061507636825,0.311095918538246,1.00011790493376,39197.4843351166,39157.7985415933
"kappa1[53,48]",0.551960455872526,0.415191236844634,1.00011790402899,40459.3601079733,40422.1721777901
"kappa1[81,53]",5.47942952973791,4.55903169134131,1.00011789033317,39279.2275239966,39779.2997803827
"kappa1[87,89]",1.54933003193862,1.92564848727847,1.00011771184281,39575.7259248979,39805.2658151518
"kappa1[93,52]",2.02307519540317,1.67091852627835,1.00011749235635,39540.947961768,39108.4697984819
"kappa0[92,51]",1.10262240227859,0.637786979366674,1.00011749193579,40185.9806880001,39845.6345610623
"kappa0[90,10]",0.46128876098791,0.272838790727885,1.0001174769934,39511.6620693868,39642.3471859527
"kappa1[47,55]",0.134672701327602,0.0665461427263846,1.00011743608481,38981.3552382501,39885.6368865134
"kappa0[15,40]",0.372390978357948,0.21153650940078,1.00011730827016,35889.8046539041,38985.4761445195
"kappa1[51,84]",0.353109140459569,0.240245288057361,1.00011712930436,38587.1753070284,38628.9263973227
"kappa1[56,93]",0.324013226893516,0.180462933580824,1.0001171003144,39641.654915616,39049.4905781418
"kappa1[14,44]",0.0814663063617467,0.0381361278202305,1.00011699701739,39254.3672009025,39636.955208029
"kappa0[12,29]",0.354120802347751,0.156270560348229,1.00011684853703,31591.9870621642,36311.5713734643
"kappa1[82,93]",1.04708053945487,0.999728207291487,1.00011674295287,39713.0845399637,38198.8875000443
"kappa0[104,53]",1.32163314510206,0.784467851192714,1.00011659341392,38904.1495197221,39107.7443578766
"kappa0[106,51]",1.5466456274086,1.17059972104686,1.00011658354753,40288.7817266703,39790.795853233
"kappa1[22,25]",0.959390868673175,0.386813400231606,1.00011648777028,39545.8330491223,39517.6726101235
"kappa1[73,78]",2.90670198322445,1.66276164803503,1.00011647303666,39697.4465008241,39472.7180261692
"kappa0[62,15]",6.70765823937692,1.39501531512824,1.00011640572919,7291.87234547092,27243.9583794199
"kappa1[104,57]",1.11527818988398,1.09554644683359,1.00011632613505,38910.548040452,39043.4510761598
"kappa1[47,95]",0.134602805987896,0.066658402846047,1.0001162876098,39937.0266216836,39593.0574816942
"kappa1[18,36]",1.88205993931897,0.808300378755086,1.00011626394263,38605.3983282862,39330.1246027167
"kappa1[34,22]",0.510616803222395,0.305939444278431,1.0001162168038,39670.2463787801,39993.5070228935
"kappa0[51,94]",0.295333788886809,0.162328691887712,1.00011620799882,39646.2175078231,40000.4501934508
"kappa1[53,54]",0.870720617327345,0.579893763682698,1.00011574773032,39907.1643935397,39734.7725751149
"kappa1[107,24]",2.68102655042976,2.48153760527504,1.00011562613054,38741.4760028103,40095.605778917
"kappa1[34,40]",0.695101627242649,0.373358487349425,1.0001156188379,40402.0464404542,39494.0355061495
"kappa0[51,79]",0.293672761636132,0.160451851748793,1.00011552952685,39893.2225109158,39684.6645087412
"kappa0[59,70]",0.884208511904459,0.587877778720307,1.00011548377544,38471.938873722,38491.180607845
"kappa1[6,44]",0.0564629132357445,0.0281853126222068,1.00011535096307,37594.9795770336,38523.866569147
"kappa0[34,25]",3.86017722242661,1.01074791265109,1.00011528042185,35262.6080383394,38146.6200208526
"kappa0[44,93]",0.788246038001195,0.312298985382499,1.00011526231046,37987.1422962721,38440.8368759298
"kappa1[79,9]",0.796612089847094,0.519304472617611,1.00011522898804,35566.2358029334,37827.2441944292
"kappa0[52,104]",0.960227254028206,0.387204924071765,1.00011506511871,39613.3161803525,37739.890449258
"kappa1[51,20]",0.354672892864932,0.238933986698041,1.00011500685017,40236.0003781007,40015.3013866073
"kappa1[49,52]",0.855580540639053,0.376356756275915,1.00011482563562,39292.5015995212,40056.1593240629
"kappa0[11,46]",0.281058158380263,0.153997932229538,1.00011477661688,40126.0820961212,39424.1912618387
"kappa0[52,95]",0.521812157413329,0.271927859436337,1.00011472137089,40313.9391803293,39240.764768594
"kappa1[2,44]",0.283835656211794,0.184968770363313,1.00011461008903,40471.9218027134,39923.2108117998
"kappa1[85,84]",1.29369099840452,1.37580367258864,1.00011459499419,39937.270417267,40099.2102852969
"kappa1[12,50]",0.330680899942436,0.184987120582232,1.00011459498365,29496.6880308063,36778.1703009486
"kappa0[40,9]",1.0940644325553,0.420271576740273,1.00011441779463,25249.8101185647,37842.6387629299
"kappa1[9,100]",0.577298970999954,0.303707395318884,1.00011409214732,31619.2240044695,38857.123857324
"kappa1[62,102]",5.1009754687241,4.12886645152513,1.00011407529668,39488.0958126843,39603.1820412821
"kappa1[119,72]",0.799344852196549,0.686079486538001,1.00011383457033,41115.3962745721,39496.644596244
"kappa1[51,88]",0.352226901484549,0.23760975384388,1.00011360072901,39792.0672128058,40225.8919912792
"kappa1[14,65]",0.0996732039873456,0.0431552697829173,1.00011353208455,38668.2174183482,39334.6780798462
"kappa0[86,88]",4.41661130889896,2.73212933771719,1.00011345651798,39596.1819578387,39556.2841590227
"kappa0[40,42]",4.29331708904836,1.56603610240381,1.00011341459917,39762.2889844176,40054.9730779645
"kappa1[11,104]",0.577600066870242,0.306433038385113,1.00011333718617,31733.6138889988,39310.6196897843
"kappa1[44,57]",0.669468640776861,0.534245774738415,1.00011325247047,40380.1576184335,39968.8090298497
"kappa0[19,43]",0.279739072479936,0.111842671356942,1.00011318494014,40422.6742267603,37986.0632191594
"kappa1[16,36]",0.446851750170548,0.26192747993144,1.00011288590486,39736.9846473377,39318.7884096079
"kappa0[40,43]",2.68164530585084,1.19444047869549,1.00011272874172,37370.86065781,38254.963814078
"kappa0[35,38]",3.12334310916635,1.18918718320659,1.0001125970486,39318.3682376645,40227.0730108646
"kappa0[59,116]",0.558047358013505,0.424813636278657,1.00011246011544,39703.0095083346,37911.7200989717
"kappa1[12,23]",0.330121736458144,0.184587644734646,1.00011241430493,36572.3354101967,36280.1165894715
"kappa0[77,27]",207.736363436687,43.6784491810694,1.00011232690214,20719.4966428513,35511.6089182641
"kappa0[95,44]",1.28078250453037,0.930720897727607,1.00011225872876,39626.0805129237,39718.2084277238
"kappa0[25,16]",1.73730676700262,0.738655131101742,1.00011223275614,39621.4122990971,39805.3412170377
"kappa1[46,59]",0.359611866026725,0.17700027786407,1.00011223235713,39802.2232689482,39495.1491820122
"kappa1[46,55]",0.277663211317953,0.151188927140399,1.00011212201528,40092.186836526,39393.4337925028
"kappa0[55,91]",0.460731776975242,0.209777126002361,1.00011210413468,38857.044380725,38490.8409812287
"kappa0[88,86]",5.5948832734819,2.68531777528107,1.00011203798394,40577.2291128772,39747.9318822287
"kappa1[60,65]",0.592624259402436,0.4565864403093,1.00011202495047,39952.9823598925,39805.9211620393
"kappa0[3,109]",1.29129465733015,0.595420178701711,1.00011201707953,29011.9431220673,33714.993995431
"kappa1[62,101]",1.26844038435549,1.32696024646475,1.00011194794486,39668.6256438604,39337.5453155091
"alpha[4,2]",0.0157876623005561,0.00854463935691817,1.00011194108167,5399.73268284699,12256.636332692
"kappa1[18,42]",0.672682935777563,0.424473319691022,1.00011182567597,39495.1845354262,39168.7582574547
"kappa1[4,109]",0.425791421745913,0.301463155026069,1.00011171804547,37848.3310668917,39142.8692659926
"kappa1[91,86]",1.98577036509364,1.63905663996966,1.00011167781807,39494.5160829536,39769.1568304437
"kappa0[28,24]",0.219201108455136,0.102045584958646,1.00011160059022,37384.6780896217,37960.2665061908
"kappa0[10,115]",0.424401551599226,0.247619251631521,1.0001115598874,39050.184927911,38570.1908267121
"kappa0[43,88]",0.42544666861691,0.30065117589818,1.00011146183055,39834.7778816769,40138.2781393581
"kappa1[117,89]",3.30365602225268,3.34798763233721,1.00011122289762,39220.4755981695,38647.1738118087
"kappa1[110,89]",1.38793507215464,1.54750196848798,1.00011119939318,40461.7524588788,39364.6022060685
"kappa0[34,41]",1.82438534724844,0.669681947897672,1.00011118130035,37487.804841569,39368.187579815
"kappa0[106,24]",1.56487440670784,1.20579562998241,1.00011106231559,39831.9107631203,39261.1321039736
"kappa1[61,62]",1.19903875958153,0.848212782169613,1.00011094024052,39963.2522981602,40378.8829845057
"kappa1[104,1]",0.703923776865753,0.573240618649882,1.00011062570068,38264.3375051173,38083.6850191147
"kappa1[3,56]",0.333541590274666,0.224649609464023,1.00011032035169,38048.6517346107,39131.5937535641
"kappa0[5,51]",0.37164402645497,0.211664870841181,1.00011027357873,39956.4979438993,39389.7892285035
"kappa0[53,11]",1.08811379958406,0.27089368935312,1.00011018531932,10862.3318209318,27823.6582230227
"kappa0[46,11]",0.552241717416667,0.147776192379941,1.00011001330377,15459.3189071132,28702.3742069132
"kappa1[55,44]",0.918583948399923,0.51310363003443,1.00010981029534,38641.7133585415,37820.9242774941
"kappa1[40,55]",0.559488370862676,0.428667283650245,1.00010975646959,40042.547368516,37662.8343008879
"kappa0[8,7]",0.188027861540639,0.0978662247626486,1.00010967845313,34510.6883442346,39349.6143535436
"kappa1[28,55]",0.254682592508396,0.161497886931426,1.00010965407911,38816.5521564424,38804.4826523362
"kappa0[43,24]",1.75753356299144,0.750306230758291,1.00010950489951,38988.4629232434,39761.307472243
"kappa1[51,96]",1.57552589721019,0.612713281780537,1.00010936324738,38453.4525861762,39105.3658349841
"kappa0[90,5]",0.320774840142759,0.213254721887854,1.00010912062071,36658.5620418851,38311.9931551494
"kappa0[3,71]",0.579834442793854,0.355163455567958,1.00010893437506,37338.4706183739,38146.916443079
"kappa1[96,97]",3.32011483212752,3.39223799954737,1.00010892445467,40298.1128749234,40135.5088931834
"kappa1[59,11]",0.830565904778493,0.549509280700829,1.00010892378855,39725.7565218952,39280.0839452106
"kappa1[37,19]",0.670691218880843,0.424200210282589,1.00010886298492,40112.0976344391,39692.8562498217
"kappa0[51,117]",0.213568348168674,0.130245175438738,1.0001087357656,39561.5843873173,39297.1125586587
"kappa1[107,19]",2.67158298860478,2.5106723859621,1.00010861750322,40723.9282428385,39337.5362370551
"kappa0[19,22]",0.414792842245076,0.139138746683363,1.00010854290607,39954.2606207982,39308.445362247
"kappa1[106,12]",0.993027347837016,0.681002436156867,1.00010853101757,38882.791748294,39945.7548266824
"kappa1[34,86]",0.51191704631146,0.307692567356965,1.00010836881581,40010.4085553318,40265.7998241375
"kappa1[82,26]",1.04491648580238,0.995829912818681,1.00010823945775,40227.1012594987,39738.6432176798
"kappa1[26,19]",0.482740323379685,0.284685431200371,1.00010805621945,40012.2215470709,39664.0755821097
"kappa0[104,56]",4.5678936287418,1.67997459275504,1.00010773239716,38699.9333312569,39761.0529156227
"kappa1[19,88]",0.129078844841196,0.0720731507519306,1.0001076528277,40140.856191127,39130.1806687821
"kappa1[26,44]",0.654391187214571,0.347693174745871,1.00010764679548,37759.6060558391,37637.8443214518
"kappa0[53,6]",1.18937461221196,0.492535710765883,1.00010749558166,39302.4274111731,38521.4604791752
"kappa0[99,22]",4.97620910596375,1.97408401912321,1.00010747166553,38922.6563543875,38955.5880068355
"kappa1[21,34]",1.79774486562765,0.770847861305086,1.00010741970082,36320.7164769321,39062.513382118
"kappa1[9,30]",0.735594917210977,0.351998800703936,1.00010741396022,26540.2926555352,39307.7224010533
"kappa0[110,15]",1.43544582396589,0.868533922050755,1.0001073909802,38064.2108557523,39304.7976842814
"kappa0[41,36]",0.528680607622033,0.397471068202533,1.00010737481713,38781.9883331003,37881.903306194
"kappa0[117,115]",3.34814710111403,3.48427192745576,1.00010715811718,39795.9050653389,39332.8107309642
"kappa0[35,9]",0.661380827567768,0.284557110638343,1.00010708889912,30466.963212634,39347.4602225878
"kappa1[92,10]",0.198182517971628,0.119312485078103,1.00010704543989,39061.8705070981,38338.3943953013
"kappa0[45,48]",21.4842632232443,15.097738536631,1.00010668906703,36879.9300257179,38760.877168047
"sigma2_beta_cr[2,1]",0.00883619083343448,0.00476537346450584,1.00010651938598,15094.3053125041,22082.6615703654
"kappa0[18,11]",1.87851473262904,0.418005222125888,1.0001064788891,7846.06647425566,26209.1683337663
"kappa0[42,9]",0.733329059268575,0.319311341697041,1.00010634529184,34603.6871155452,38701.277132573
"kappa0[97,98]",3.64936925708028,3.94541937160934,1.00010624425349,39306.9136679474,39885.3670794554
"kappa0[11,73]",0.545537916365302,0.230771475605808,1.00010623697889,28044.434972021,39425.7938076432
"kappa0[5,52]",0.756012928770055,0.330313590119894,1.00010611722761,27456.9344501572,37926.8609290183
"kappa0[57,104]",0.381475652930625,0.216656560577293,1.00010609642707,38810.3697071312,39747.6281310238
"kappa0[12,30]",0.877460554572469,0.267512545401031,1.00010603027697,12876.1447671118,30681.443704621
"kappa0[1,90]",0.199203845805243,0.0927377782878714,1.00010597445752,35581.4780504943,38059.9603850832
"kappa1[4,90]",0.876236824577126,0.488435713137162,1.00010593381593,38622.7020209949,39320.0162562388
"kappa0[15,22]",0.493311994990575,0.253968907094476,1.00010592735219,36095.9377899081,37479.9751187565
"kappa0[16,25]",0.475757867946663,0.283605811973852,1.00010572979446,39922.7895039345,39154.8474926078
"kappa0[95,93]",1.2871036272475,0.950108124774377,1.00010571177465,39758.7601586673,39145.0809763969
"kappa1[3,109]",0.336018717215069,0.224749676961353,1.00010559602843,37521.0034110494,39421.5093728737
"kappa1[108,125]",1.50977849994028,1.792857653796,1.00010559336077,39355.7062380588,39895.6593167623
"kappa0[80,61]",0.70384285309989,0.447693364218473,1.00010554174816,40126.7529881291,39228.070926705
"kappa0[29,66]",0.375243191981278,0.187493613707299,1.0001055192607,39583.9987542859,39313.2645974132
"kappa1[88,86]",2.56730873870936,2.33276260730215,1.00010527928665,39651.0341115101,39621.6698141675
"kappa1[20,23]",0.905987080292002,0.396812399537952,1.00010523617042,39741.0442971207,39532.04419032
"kappa0[66,2]",0.464125546102623,0.274097837963079,1.00010522720594,37851.5389061229,39714.4065256949
"kappa0[47,90]",0.17430835305641,0.0722358776107139,1.00010512055643,40028.6408078824,39676.6572804375
"kappa0[12,115]",0.168726517692408,0.0994700905484272,1.00010508341647,38358.3235362705,39888.7542602149
"kappa1[6,56]",0.0858513196427039,0.0362711392253366,1.00010486058292,40194.8507235186,39803.4827120512
"kappa1[93,9]",1.58596483354631,0.982458547556946,1.00010481730642,38038.0246896776,38574.4256565268
"kappa0[16,43]",0.477436397408457,0.281831822095978,1.00010480646826,39395.5147782533,39782.1400625402
"kappa0[67,11]",1.24116167752138,0.476840636843355,1.00010473349482,29274.7521755696,37472.4931881928
"kappa0[18,42]",0.569860233959807,0.346795334942387,1.00010466671924,39112.4500496882,39755.9993693207
"kappa0[14,82]",0.0472019435934079,0.0207915299563801,1.00010459496165,38377.4221941927,38789.2370925992
"kappa0[4,71]",1.10569455652286,0.561476154614876,1.00010456864935,37949.5324198418,37676.2596701614
"kappa0[108,56]",2.68825427853744,2.51084028713934,1.00010450615015,40496.5697992421,39980.3953289884
"kappa1[98,53]",1.58792611390547,1.97182782077926,1.00010444011861,38048.2138860836,39137.3326494483
"kappa1[88,10]",0.855039151282231,0.75654311387907,1.00010442377843,39380.287120138,39833.308130997
"kappa0[37,86]",0.456279886856789,0.329741326765602,1.00010430582903,39214.1876162512,37487.7256621584
"kappa1[99,19]",7.4254707442753,2.82045420839993,1.00010393978685,39671.45022277,37590.6394787281
"kappa1[46,72]",0.278079591632326,0.151965775116679,1.00010364160778,40167.5178987362,40199.0043383831
"kappa0[51,44]",2.03073519757412,0.493361956182804,1.00010358581807,38173.1968019713,36082.4297110507
"kappa1[64,58]",1.34786787908804,1.44898827243305,1.00010355625447,40431.6538524185,39391.2063030105
"kappa1[60,52]",0.600177843993942,0.466817377511881,1.00010353787076,40065.3006175469,37378.4624495871
"kappa0[11,66]",0.280217446103625,0.151886989145301,1.00010352743077,39232.8222189863,38351.3796495653
"kappa0[39,99]",1.72727583078405,0.811980194816096,1.0001035138819,38858.7518938358,39425.1096023728
"kappa1[51,56]",1.34409585864218,0.559235518389254,1.00010342922141,39479.9710829133,39249.6442019813
"kappa1[27,95]",0.148411675093857,0.0743674900169534,1.00010339967651,40054.5562880969,39992.5281836936
"kappa1[42,20]",0.816104426720984,0.537687009542953,1.00010339240787,38615.9723863119,39722.4462198189
"kappa0[24,39]",0.295695511701115,0.103376753859256,1.00010334713313,35172.1817338196,39165.5765455889
"kappa1[19,38]",0.512586780114048,0.165247746053452,1.00010312097386,38784.4945442043,39289.0440782073
"kappa1[99,17]",6.35586672154127,2.53990720584086,1.00010311816537,36602.0540278691,39740.8817856321
"kappa1[12,96]",0.329655466338253,0.185217148560639,1.00010303020884,35281.6970915208,38960.3498902025
"kappa1[33,55]",2.36044549646944,2.09691427286675,1.00010302628332,39513.7744966892,39454.0057780392
"kappa0[42,21]",1.17706543835193,0.687626457604039,1.00010295928936,39936.0549013275,40357.7761892473
"kappa0[89,45]",0.197315611509236,0.102739295796183,1.00010289300952,33916.6490563577,38025.4900791881
"kappa0[2,51]",0.359781148350053,0.204345241002315,1.00010280886466,39830.6043112018,38946.443230726
"kappa1[45,8]",2.54704728577482,1.44502618183914,1.00010277056741,16091.4777415749,33640.3613957018
"kappa0[95,1]",0.405612684587635,0.287257103452175,1.00010262938979,38913.0707467999,39085.4057951771
"kappa1[34,100]",0.512250614147397,0.307854101345254,1.00010236383798,39089.9856854128,38940.449687893
"kappa1[40,42]",2.72287948682868,1.20242868099962,1.00010235027688,39498.4975177825,38941.5885222669
"kappa1[93,26]",2.02461603097474,1.67149810604094,1.00010233113004,39487.1209915896,39680.0831413893
"kappa1[54,11]",2.25802069648372,0.99625759753377,1.00010219087978,24463.8732631318,39758.7169002624
"kappa0[36,20]",1.23488658080967,0.730681481999069,1.00010204997462,39405.5735033849,39820.7320004363
"kappa0[35,37]",5.41340125507346,1.61703747061347,1.00010200981856,39283.0016169439,38032.5593103824
"kappa1[115,55]",1.38185283866844,1.53305752636586,1.00010197517436,39630.4062365241,39217.7593423893
"kappa1[117,55]",1.41799024666264,1.58424271029752,1.0001019230486,39181.9656121271,39111.9225566439
"kappa0[59,9]",0.989809953473019,0.404488861411207,1.00010186544342,33619.2871283604,39433.1272285631
"kappa0[12,42]",0.22602097258246,0.119587539934845,1.00010182758181,31274.6017860569,38546.0812463104
"kappa0[89,11]",1.26708703095545,0.300300576711802,1.00010182142385,10338.9123601415,25409.407791534
"kappa0[30,10]",0.641305980703398,0.507137560852265,1.00010178426842,38679.6567852251,39168.6485147098
"kappa1[27,74]",0.349601993955745,0.123227480347252,1.00010159741455,37142.4527474464,39311.365996008
"kappa0[30,12]",6.3522754544265,2.24903618079063,1.00010157643184,18371.3642650263,36442.8508404997
"kappa0[37,15]",0.57070580342463,0.242283333867759,1.00010154961801,31330.6277654957,38942.6004199141
"kappa1[87,10]",1.36185315044481,1.51051160087433,1.0001014167672,39347.5917686203,39886.5236469083
"kappa0[30,91]",1.96585490564392,1.63532661132915,1.0001012463013,39904.6918842879,39497.0933824618
"kappa0[99,24]",11.4292145182597,3.13046279504875,1.00010121895917,38745.6229367637,39292.201352119
"kappa1[119,13]",0.44557339666874,0.320218418409357,1.00010116654746,39652.7210171879,39635.9997901693
"kappa0[24,21]",0.405141680194457,0.123098605523407,1.00010098004055,36388.9825227954,38843.2554665432
"kappa1[114,4]",1.15120918876225,1.14269580580659,1.00010091943794,40017.9088083819,39207.9679642046
"kappa1[25,86]",0.659787214592703,0.414417138501331,1.00010083880662,40075.47862771,39462.3975920036
"kappa0[20,42]",0.560459950658107,0.29296639151017,1.00010078744681,38941.6912258976,39583.2518233999
"sigma2_tau[1]",0.0439780831365136,0.00508180495897165,1.00010076297618,21512.0225820086,29039.9895789579
"kappa0[7,95]",0.0638981206807825,0.0324681281915545,1.00010074943324,39869.4555869373,39766.4408231568
"kappa0[4,51]",0.408951585987425,0.290674373784489,1.00010060989721,38084.428549317,39392.9544724432
"kappa1[35,38]",2.82640535051794,1.15136072544608,1.0001005711347,39214.4289531149,39053.8711752354
"kappa0[95,8]",4.21571405821193,1.20185725945731,1.00010047988005,14901.0742065767,34827.5895156461
"kappa0[35,11]",1.0357725844195,0.369863283287037,1.00010046792939,26995.2627233766,37454.1360307462
"kappa0[55,2]",0.0869972540144541,0.0462338860178289,1.00010039096647,36341.1943816042,39372.9653531914
"kappa0[106,25]",1.55459640421834,1.18602711955287,1.00010019365898,39668.0348425519,38924.388301493
"kappa1[71,59]",1.06289455785252,1.02244537591741,1.00010016144531,40198.8656188239,39640.1561782751
"kappa0[21,10]",0.330301804540275,0.162033032383485,1.00010011767812,33793.6798758491,38620.5947214111
"kappa1[26,28]",2.11588031315262,0.694392054484362,1.00010005426853,37985.5827276324,38951.8363641123
"kappa0[93,7]",1.20759701563282,0.868561341157508,1.00010000607818,39056.1523491361,38342.0440004518
"kappa1[14,95]",0.0821954954711444,0.0384252154394789,1.00009995678642,40284.8189529735,39804.6240932857
"kappa1[15,23]",0.800394430337753,0.439976199247985,1.00009991452294,32999.8926094993,35123.1967986334
"kappa1[26,55]",0.334566480076324,0.225964722231156,1.0000997673595,39265.347017324,38423.1168673761
"kappa0[12,108]",0.226231928530899,0.120734092005505,1.00009963822668,34364.2218207503,37492.5685054984
"kappa1[43,86]",0.588028578467157,0.362685887429109,1.0000995278068,40470.3228029148,38336.1926889032
"kappa0[38,40]",2.64609713406502,0.882670369459534,1.00009939551329,39176.8744662888,39774.0341900785
"kappa1[22,35]",0.664423530161798,0.315042310655749,1.00009936413072,39655.266241248,38573.8195736195
"kappa1[90,3]",0.654809120486463,0.414189498699158,1.00009923952156,38661.6241270025,38550.5387763124
"kappa1[82,9]",1.55773006412501,0.948939281545312,1.00009915194196,37065.0268717662,39370.8807837886
"kappa1[93,12]",1.07640419157323,0.746947898883771,1.00009905898854,39469.2005403793,39054.7584366152
"kappa1[12,82]",0.659052264679393,0.28454406434861,1.0000989035696,18977.3431325738,36028.0940844393
"kappa0[36,9]",0.379608951777056,0.219380096812673,1.00009883988598,39939.2883862101,39351.4816742973
"kappa0[66,73]",1.01321591199563,0.693084761233115,1.00009859371413,40128.6727749915,38591.434510296
"kappa1[115,15]",3.58614613875922,2.64494024112754,1.00009841361776,39419.4649129504,39088.8908656107
"kappa1[12,91]",0.542297149764706,0.252810279864099,1.00009829575261,25477.16498631,38243.6278198386
"kappa1[29,16]",0.590214835052303,0.361117876592187,1.00009803996911,40874.4597599986,39271.4344160403
"kappa0[82,14]",1.74490960785024,1.09108221431551,1.00009800888239,39057.2005880851,39028.6366544857
"kappa0[8,93]",0.40189938701016,0.15355320881698,1.00009796132019,21752.3962992031,36817.7966795968
"kappa0[95,5]",0.6105091177231,0.379924753122482,1.00009785668842,40334.8566262998,40139.0708073095
"kappa1[57,12]",0.335919392752867,0.187890004618784,1.00009773552222,39400.2380745587,37366.7713408367
"kappa0[88,62]",3.25909859127505,1.89383742218696,1.0000976154333,39941.2108239529,39384.6014844407
"kappa0[19,61]",0.19545113918146,0.0896786018187949,1.00009758280551,40784.4532013099,40362.6009874902
"kappa1[62,25]",1.29361024458456,1.39618948293281,1.00009756358854,40290.575516898,39562.3579901631
"kappa0[19,88]",0.196272923190645,0.0898571949632981,1.00009717436045,39227.045086692,38135.4944470051
"kappa0[34,53]",0.517220854823324,0.31086617400124,1.00009706347635,39951.8979187185,40055.7322651008
"kappa1[46,71]",0.359590486018273,0.177165187895579,1.00009703854355,38724.7770173101,38666.5208761643
"kappa1[88,12]",2.33287550146612,1.56024954089105,1.00009700273339,38075.0170364182,37960.6142057609
"kappa1[104,14]",2.17007335262106,1.84124923968774,1.00009692225316,39110.4064507741,38907.3875245214
"kappa0[26,56]",0.233874314874548,0.123846544038405,1.00009674376157,38782.8639449765,39555.8522131435
"kappa1[53,51]",2.1536966275776,1.03710936696539,1.0000967203093,39919.0029386871,39387.5919906988
"kappa1[90,51]",2.12238675440618,1.37496634480185,1.00009670810747,40018.5021670131,40393.3299378288
"kappa1[22,86]",0.393806800985302,0.225540531883742,1.00009641683394,40263.6702381808,38778.8933011414
"kappa1[103,13]",1.16284770237129,0.677342015063426,1.00009633694458,38285.6349265097,39270.9384328081
"kappa0[23,41]",0.853594965265702,0.475237156725113,1.00009623575743,39002.854066657,39787.2555314655
"kappa1[25,39]",0.656293832143889,0.409293739306754,1.00009622128204,39224.5946818521,39847.7881567359
"kappa0[34,19]",2.56388531411803,0.812996039246553,1.00009620025067,38404.0101260637,39698.8719242257
"kappa0[117,9]",2.32350752842948,2.05162120328651,1.00009617102245,39672.8040429082,38200.6521965239
"kappa1[19,23]",0.358776161184878,0.134903040713889,1.00009613889934,38930.2745697328,39350.6549447094
"kappa0[96,9]",1.66049676421724,1.29144269096528,1.00009596753757,38658.2499923482,39804.0264673742
"kappa0[24,51]",0.160716654871745,0.0730850500722054,1.00009564654487,38062.5505165062,39268.0347599452
"kappa0[23,36]",0.848954997641681,0.47068396531355,1.00009556521237,39858.5322892324,39554.1425118732
"kappa0[6,55]",0.0700002902544754,0.0322739525838644,1.00009551423141,39435.5162979956,39971.9425373253
"kappa1[3,51]",0.487345590544804,0.291883447656163,1.00009523145962,37794.6528292415,38281.6629485667
"kappa0[80,15]",0.383770392549135,0.189708006864034,1.00009518005598,36567.0942474606,37584.0514371122
"kappa0[53,55]",2.0208097601439,0.667427589588151,1.00009513618735,36602.6154272813,39670.7287206116
"kappa1[33,19]",2.36020669071813,2.08521166339871,1.00009496703475,39588.5372830881,39516.6524703626
"kappa0[89,61]",2.39250822404159,0.755148678132236,1.00009494714354,34889.0500859755,38884.4450464707
"kappa1[16,21]",1.31574666611072,0.507050805823744,1.00009490704757,37775.7666532208,38567.537839335
"kappa0[37,11]",0.884677483758488,0.313740732056312,1.00009490434322,24147.0730387368,37146.9129311069
"kappa1[15,107]",1.03812975578793,0.518170464608568,1.00009464073807,32240.1894055737,37303.3802843719
"kappa0[52,49]",0.393474388208501,0.224534769217593,1.00009432635483,39915.5404679186,39510.031474105
"kappa0[42,34]",1.18392882876375,0.686534568352607,1.00009430337305,39370.5743015249,38882.9751299379
"kappa0[36,11]",0.635500255468951,0.301634847292926,1.00009424433536,33127.5347861578,35634.4314968634
"kappa0[33,55]",1.09872143885136,1.07100502032624,1.00009398356388,39418.9780501495,40424.2972745569
"kappa0[9,37]",0.242955541243918,0.131232236687636,1.00009397535627,39206.1379658572,38742.408738541
"kappa0[37,34]",0.970290361703185,0.547783974924032,1.00009395505717,39929.4756757568,39128.7013387593
"kappa0[115,19]",1.51092027969584,1.81520723959365,1.00009393914255,40026.9155875255,39705.126690002
"kappa1[56,104]",0.532178862632293,0.246341205661354,1.00009380214227,39560.471765251,39466.8286340974
"kappa1[12,61]",0.430621659305594,0.218355163326858,1.0000936306787,26903.1664295735,37794.160751659
"kappa1[38,54]",0.406810131819534,0.287018612377807,1.00009361926653,38879.5232771297,38028.8829490119
"kappa1[35,19]",1.1397734439959,0.658851620377608,1.00009356726176,39100.0753526988,37229.0631948849
"kappa0[30,55]",3.31875527286229,2.37233576935099,1.00009344649392,38931.3136739139,38289.0245172424
"kappa0[121,122]",4.37423403280203,5.44398822514502,1.0000934403574,39635.6100179586,39720.6610085856
"kappa0[51,91]",0.477936168530574,0.218352513409668,1.0000933812074,38990.4621948423,39402.7685017738
"kappa0[61,55]",1.73983832526312,0.742159159213013,1.00009328900239,38420.2644928277,39829.9290249436
"kappa0[66,51]",3.29066622238756,1.49633561514889,1.00009295546231,39830.5875849547,38632.4695025141
"kappa0[22,9]",0.300650208109942,0.121391528095715,1.00009267715303,33872.9456041544,38645.930958407
"kappa1[10,19]",0.959041466397146,0.426426634375382,1.0000926217515,22866.5158168512,36917.7342331476
"kappa1[92,61]",0.924963912399812,0.521569846587034,1.00009249973279,39894.368695208,39928.8606742656
"kappa0[94,8]",2.43885226222945,2.16088217560101,1.00009247384549,39459.6016138304,38828.2124102962
"kappa0[106,36]",0.867016186722388,0.768970378862888,1.00009243131205,38510.9277174576,39477.8308401296
"kappa0[95,56]",1.96141343885863,1.25345232942366,1.00009235350663,39716.0432326467,39951.730883841
"kappa0[35,20]",0.769148369451351,0.499391706586237,1.00009233005131,39722.9144123916,39852.9037396249
"kappa1[119,12]",0.937002207708969,0.533031968865925,1.00009222449644,38666.660257914,38356.1222730061
"kappa1[51,54]",0.514313824742513,0.310589976848584,1.00009209773163,39685.5401200581,40081.9417708533
"kappa0[48,15]",0.409049670811714,0.28944231335538,1.00009209492848,38009.2860758462,38477.4768611512
"kappa0[66,28]",2.05510904646296,1.11524200080208,1.00009173024722,37211.4020020521,39102.2580862922
"kappa0[95,28]",5.62926752347547,2.42780803068427,1.00009166114738,37771.9772414887,38827.9700473163
"kappa0[39,15]",2.10344161289356,0.531386213369424,1.00009151193829,13139.7452799326,32385.9038751978
"kappa1[99,20]",5.35841268735693,2.3235058510918,1.00009149033087,38456.5411788798,39928.3322788275
"kappa0[57,44]",0.381000139341363,0.216537831604385,1.00009133753524,37859.3953058911,38031.5374703017
"kappa0[22,99]",0.866831341801107,0.380796370512435,1.00009125520998,39892.9008926072,38108.5091493189
"kappa0[12,47]",0.35697762557516,0.159210238481227,1.00009120625347,30233.478117088,38187.8532210584
"kappa1[110,86]",1.39723564093971,1.59620368825242,1.00009104963016,38437.8110066188,39269.0477862506
"kappa1[61,10]",0.743790668366679,0.403904726381092,1.00009104391668,37373.5095334861,38706.3765208539
"kappa0[20,25]",0.876441469189463,0.387240591653312,1.00009103341941,39924.9983948564,39339.3181417527
"kappa0[42,38]",1.57921689243861,0.827800488431348,1.00009093888604,39366.993540405,38811.3984898239
"kappa1[38,24]",2.87365682420397,0.958792449725887,1.00009080303088,37572.4656973952,39145.4009462029
"kappa0[38,16]",1.79681925844242,0.70682285181609,1.00009071813073,40355.8289225883,39377.1872757513
"kappa1[58,64]",1.28650386341956,1.35134612515649,1.0000906292621,39490.4984830176,38972.8608679734
"kappa1[65,85]",0.604131647398348,0.467898657861772,1.00009058468431,39763.8928595118,39560.7320932248
"kappa1[51,79]",0.353603202248419,0.240835525002761,1.00009051071098,39678.7400722961,39635.6656537821
"kappa1[80,10]",0.360368733157759,0.246571102278701,1.00009040248992,39544.2553541274,39546.3710766966
"kappa1[44,84]",0.665987028174578,0.535010049365497,1.00009021185789,39875.551086464,39760.9778312353
"kappa1[44,49]",1.63140870507659,1.00362671931922,1.0000901145297,39829.9084810637,39561.3197679177
"kappa0[93,26]",0.714834080771803,0.589609545561449,1.00009008416816,39229.4421993635,39628.212789095
"kappa1[77,78]",3.86122955555006,4.42298790405798,1.00009005719524,38772.7509063512,39269.1934005903
"kappa0[33,15]",1.72249406683405,1.08267084860107,1.00009005686388,39956.3714280447,38996.088178983
"kappa0[3,116]",0.580218583394581,0.354753565857609,1.00009002717343,39602.8638313853,39928.0053627411
"kappa0[55,7]",0.286322629963721,0.156113012328338,1.00008999033889,39603.0711620219,39939.6425280453
"kappa1[22,34]",2.29762870877394,0.634029544043918,1.00008984435071,39707.6848961655,39913.5668260986
"kappa1[57,65]",0.502597982871246,0.373248815501425,1.00008983125298,38123.6507318074,38991.9301808684
"kappa0[35,19]",0.496691457988804,0.366308437643122,1.00008982868085,40076.284169359,38691.8373310571
"kappa1[75,12]",1.35046912243902,0.99524381786572,1.00008978684683,40296.4991196606,38374.1258033659
"kappa1[64,8]",0.989146995040165,0.927338881088857,1.00008973648772,40242.6324197063,39679.0175152256
"kappa0[4,116]",0.610234410016805,0.376118397391214,1.00008960825288,40061.9119922798,40014.5572517593
"kappa1[95,5]",0.799194103264127,0.522335347499479,1.00008955907537,39581.9390110129,38713.8269171821
"kappa0[21,25]",0.845032157616791,0.466842219910603,1.00008946333168,39264.0618423475,38990.1206061802
"kappa1[9,22]",0.737615715884528,0.355798372473206,1.00008932149912,26848.7850774773,38577.9502784795
"kappa1[16,61]",0.311007006891475,0.205251217378584,1.00008924964485,40417.4089181889,38916.3124827171
"kappa0[8,71]",0.188037053254041,0.0966979168226682,1.00008919587332,39140.1279862523,38620.7462835486
"kappa0[8,59]",0.187975853228739,0.0979307891475412,1.00008914011098,38104.486616906,36108.9227427939
"kappa1[16,86]",0.447782073610119,0.262418843280025,1.00008911399691,39756.2626076152,40012.8479531937
"kappa0[11,76]",0.205371103604055,0.12546887963573,1.00008909417469,39134.9427394792,39375.1775370509
"kappa1[27,68]",0.148417114118011,0.0745797322301302,1.00008888781473,40367.4439132586,39929.1277721246
"kappa0[20,43]",0.875680013151861,0.384264951452586,1.00008883045249,39070.3980971464,39612.5511282327
"kappa0[93,1]",1.54637349190353,0.655717735199411,1.00008881108785,32497.7040996217,37654.901786548
"kappa0[25,9]",0.340560555783985,0.166820794590884,1.0000885020243,38435.8807567104,38876.6875724502
"kappa0[82,65]",3.1673953583697,1.59495871326869,1.00008830334999,39730.3197041607,39365.9565476669
"kappa1[55,61]",0.436301925197446,0.312725297239533,1.00008815696569,38660.3149773716,39798.2129372445
"kappa0[82,26]",1.15272942344602,0.820435731243068,1.00008804829432,38948.3806830841,39338.1674847348
"kappa1[59,116]",1.64042525217933,1.27476049482835,1.00008795581415,39395.4314320282,38698.1889498229
"kappa0[96,97]",1.26617242295877,1.32473259171982,1.00008789751269,38890.4696622401,40064.0709185741
"kappa0[99,9]",0.645857479416544,0.345470061778707,1.00008789695035,38331.9284744683,38554.9609007725
"kappa1[23,99]",1.43724841588021,0.662748121638221,1.00008771655468,39105.2855420118,39185.3215459066
"kappa1[16,35]",0.600199692376215,0.315703977701958,1.00008763253255,40187.4820883113,39636.6722640602
"kappa1[48,61]",0.707856862176049,0.575350061234819,1.00008751218518,39640.1597350739,39846.0390454399
"kappa1[19,37]",0.215206419817093,0.0997456395424928,1.00008750168047,38033.3362434762,38806.6750220442
"kappa0[75,74]",1.66121392358122,1.29510999777782,1.00008741101588,40481.6225144655,39846.0346595162
"kappa1[98,30]",1.58217859821677,1.98980655250193,1.00008732910896,40383.3296384845,39791.3866618871
"kappa0[66,53]",2.65503927178178,1.31455258150802,1.00008731588296,39383.6795338541,39121.2741754011
"kappa1[8,72]",0.22589251797283,0.140760990156291,1.00008731366688,37630.712621512,38796.2565636626
"kappa1[65,104]",2.48130886736413,1.20560005364644,1.00008726085441,40253.8718261782,38668.8313721236
"kappa1[39,10]",0.228146206633635,0.142038656492145,1.00008725891647,39886.7887621041,39761.052455524
"kappa0[19,39]",0.36952991331048,0.130628391208329,1.00008725089492,39961.5099876664,39412.7173192523
"kappa0[53,15]",0.405903080874132,0.154994899766469,1.00008724796309,27590.8322296739,37911.605988341
"kappa0[41,89]",0.814944417947341,0.532407875077356,1.00008721452336,39457.0488461222,39883.4365943282
"kappa0[94,12]",2.42725710255931,2.15631993279228,1.00008718852633,39740.6441483146,40013.1895004993
"kappa0[15,88]",0.619892435754309,0.291644788135528,1.00008709335581,32645.2615398337,39537.0709872496
"kappa1[93,84]",1.05660652709792,1.00490313700957,1.00008695842619,38563.0828358571,39021.113320388
"sigma2_tau[10]",0.0495207964160505,0.00448099607988358,1.00008683796772,27128.587573146,35015.8384562701
"kappa0[46,103]",0.657026514252334,0.280877191133562,1.00008683140985,40472.6898230467,39819.8850668568
"kappa1[27,104]",0.113848740100016,0.0622222128568852,1.00008679743859,39841.2174516645,37508.3688412486
"kappa1[47,104]",0.103517184005698,0.0562428672287648,1.00008666341168,39446.0572057996,39722.0017192497
"kappa1[38,43]",1.3603950641339,0.624417123562172,1.00008665177869,39910.4625747939,39387.5323679932
"kappa0[72,103]",0.366949638393392,0.206952118057359,1.00008664530069,39557.916899804,39622.8073863922
"kappa1[88,110]",4.69006193955984,3.72808062137127,1.00008649708234,39077.0355952875,40215.6597545647
"kappa1[39,86]",1.05188232812212,0.605799485793714,1.00008646112578,39829.3650014428,39332.5239198558
"kappa1[43,23]",0.398860040446729,0.279002617948679,1.00008630857085,39796.6775717873,39910.2908335648
"kappa0[14,90]",0.0660111172532235,0.0255901429094832,1.0000862078605,39195.3605965698,39204.0138511177
"kappa1[20,25]",0.739686413222374,0.354305373648454,1.00008607605889,39309.0760599378,39571.5415138271
"kappa0[72,114]",0.366989082794811,0.207607873441709,1.00008604238202,39722.0410799663,40083.5456461107
"kappa1[82,12]",1.04710903769398,0.722720324658075,1.00008592233862,38028.9736670787,38343.9416286165
"kappa0[95,50]",1.28118173445575,0.930149989284843,1.00008590932246,40394.2987400608,39666.4442034036
"kappa1[36,86]",0.811835793672438,0.528880845943225,1.00008571547451,40075.9720689418,39156.2512220392
"kappa1[65,73]",0.606117971741745,0.47581647662122,1.00008560658961,39921.5059467092,39359.1982069085
"kappa1[7,65]",0.109864038624594,0.0409690610380322,1.00008558210549,39026.6073046544,38985.9256491638
"kappa1[24,99]",0.350136771217572,0.116718864123799,1.00008540507923,35825.0460559733,39441.4546133784
"kappa1[91,15]",0.630890827574932,0.500813621644199,1.00008540395277,40343.3552146741,39633.5880740545
"kappa0[58,64]",1.50289313034737,1.14343414587736,1.0000852214393,39565.5566599028,38899.2297421412
"kappa0[78,55]",2.9866541735068,2.93836471177325,1.00008507208011,39842.5050351617,39496.2072389989
"kappa0[80,56]",0.989797357340327,0.560894192481632,1.00008504300509,39910.5229412903,38611.7136921706
"kappa0[79,26]",4.45287445820105,1.53668604197233,1.00008503431294,37439.0774843885,39663.7009520253
"kappa1[44,52]",1.63057568655227,1.00727154751423,1.00008499436119,39557.4995120449,39485.7147508362
"kappa0[94,65]",3.46129212978431,3.67349001331089,1.00008498130409,38796.940956221,39928.946934196
"kappa1[71,8]",1.10290892646448,0.77545557247035,1.00008496177225,40141.1769770393,39639.6645847381
"kappa0[19,40]",0.156100986668701,0.07904214027485,1.0000848520214,37849.0503425634,39805.1463231926
"kappa1[41,38]",2.19277651091652,0.94755690025128,1.00008482268061,39378.2382435966,38609.2704981957
"kappa1[27,53]",0.265842938287947,0.105123002559075,1.00008477701962,38294.7431706364,39143.3160263
"kappa0[65,9]",0.776636842602219,0.246248037278192,1.00008476150152,20114.9389156297,37643.9183117562
"kappa0[7,55]",0.0802699804560343,0.0373192543934372,1.00008476105319,40095.3209873723,39928.1312357646
"kappa1[90,4]",0.65443698589113,0.410785889571273,1.00008473084411,38921.4502174317,39263.9156665054
"kappa1[58,63]",1.28994642000681,1.37149619481894,1.00008453546854,40329.280735744,39490.0799302903
"kappa0[39,20]",1.3648161681133,0.704324544397987,1.0000844241234,40262.2071463774,39801.1818637849
"kappa1[90,1]",0.652042831939358,0.407920539945252,1.00008438550422,39275.1820822292,40009.3932553603
"kappa0[102,9]",1.80305317713738,1.13274853953393,1.00008433536815,39267.9927172076,38929.2182795226
"kappa0[4,55]",0.615693430946015,0.381057932212018,1.00008430699899,39844.0959692952,38583.1634422352
"kappa0[85,44]",1.37675960463796,1.01554733046176,1.00008426042588,40129.6096842172,38921.5219136949
"kappa0[21,35]",0.85059750175084,0.4706909988377,1.0000841864922,39734.8605564936,38676.6428452717
"kappa1[36,21]",0.808414703223584,0.528026392322946,1.00008417401806,38909.5820063294,39616.5043288186
"kappa0[98,15]",4.42705145498212,3.42748067133103,1.0000840667425,38778.4091220415,39223.0144816706
"kappa1[59,119]",0.921234002041222,0.835131358640548,1.00008399778408,39900.1431783911,39761.1484213501
"kappa0[34,36]",5.45850634617914,1.21303611127311,1.00008397144987,30195.2053752728,39297.9728164438
"kappa0[90,1]",0.795392551192074,0.385249644074822,1.00008396052879,34447.7876259258,38554.3201379624
"kappa0[80,1]",0.29481404050339,0.160466393894803,1.00008388300631,39098.2849072118,39869.7343507903
"kappa0[92,99]",0.49969909472231,0.371920789786902,1.00008386758079,39155.0295458664,39183.640393111
"kappa1[62,9]",2.57685062325483,1.74243281106412,1.0000838279933,40074.7929575916,40095.0450515893
"kappa0[48,12]",1.67672734141471,0.713937514812819,1.00008382196706,34945.4500296931,39067.5193005281
"kappa1[45,5]",1.8212018211952,1.14840744903962,1.00008361004408,30487.2455711656,33526.442614334
"kappa0[12,71]",0.290711990839385,0.1403788900946,1.00008352715805,29556.1776735646,37623.3373928792
"kappa1[82,52]",1.97395275485422,1.63718204350476,1.00008344316096,39568.0249496284,38633.8249284191
"kappa0[59,71]",0.881805976120964,0.587230954253977,1.0000834349464,39478.8521882905,39311.7967539939
"kappa0[41,9]",0.256015869588742,0.162702092773834,1.00008338963119,39431.9749500187,38956.9649800863
"kappa0[28,15]",0.0785550261505572,0.0334200697555248,1.00008337142446,35597.0423952528,39683.6653675315
"kappa1[41,91]",0.757571527027175,0.489073120146612,1.00008331914514,39869.3029923106,39169.1524853281
"kappa0[52,45]",0.197064332481119,0.0917233118250545,1.00008323811981,35008.3934529139,36053.845185063
"kappa0[16,86]",0.334060088291576,0.22324910745697,1.00008318218743,38571.4924282199,39279.3776731228
"kappa0[114,13]",0.937640717465225,0.632008221080984,1.00008311073547,39904.9878852458,38398.1421857426
"kappa1[18,53]",0.444249458486779,0.319003546873257,1.00008280387402,39619.0433238778,39624.2092673453
"kappa0[12,98]",0.168652798249842,0.0990290878332709,1.00008261455822,39223.4851760196,38408.297781856
"kappa0[43,61]",1.1525542626474,0.57982610360905,1.0000825180544,39906.0834469059,39268.3340619014
"kappa1[90,61]",0.796559118886131,0.681724769659141,1.00008237566023,38846.5007771325,39670.7060075231
"kappa0[43,12]",0.268994823568266,0.145823156723547,1.00008234267796,35412.1270415993,39886.5692894577
"kappa1[38,42]",1.3578292986958,0.620506079855894,1.00008227226002,37934.9158458694,39582.783661721
"kappa1[15,35]",0.392369559116466,0.27238952139448,1.00008188056751,37031.2009676023,38286.8714181332
"kappa0[42,99]",0.825340323068041,0.543033141051266,1.00008179964544,39291.8896609778,39536.45820254
"kappa0[91,15]",1.64141982939869,1.01793029010661,1.00008164213384,39668.5845677048,39606.534869738
"kappa0[21,86]",0.411382774881166,0.289634468056701,1.00008153368913,39030.5038274854,37329.9508097122
"kappa1[66,44]",1.53950919355636,1.19373746715743,1.0000815323787,39636.1074470291,39803.4766871293
"kappa1[56,66]",0.424084221797939,0.213756341941029,1.0000814605372,35757.0567647634,39580.300593405
"kappa1[104,5]",0.697993865407254,0.568325636864557,1.00008145991577,39834.7253347645,40013.2452313175
"kappa1[48,44]",0.705724127567281,0.576093464410375,1.00008141094907,38549.0419805995,39165.7829567382
"kappa1[95,62]",0.898883848630919,0.795588814465426,1.00008134553988,39323.1659795412,37555.1892899517
"kappa1[117,15]",2.20176077334074,1.89577927268947,1.00008132476662,40383.4054239879,39722.4769571139
"kappa1[28,24]",0.254424763801044,0.159543001248026,1.00008127768145,38896.31947356,39759.2280373716
"kappa1[108,56]",1.5209013006099,1.84290341080962,1.0000812710693,39632.8191215141,39802.7261181804
"kappa1[12,104]",0.237787137549792,0.148518993656305,1.00008125943564,38549.9019123097,39430.9636723281
"kappa0[20,61]",0.422252425761453,0.245676048017429,1.00008124000447,38455.7151548882,39512.2782800728
"kappa0[39,51]",0.474453395147866,0.348530313914998,1.00008116729674,40914.4240908529,39633.1100124134
"kappa0[22,10]",0.16597232786691,0.0844171720595123,1.00008110883072,39366.8588907084,38491.1451881621
"kappa0[17,20]",1.36282067472694,0.567928139360338,1.0000810633916,38914.2756160275,39389.5688503942
"kappa1[25,19]",2.17139989435119,0.869316330352303,1.00008082524154,39810.2521122003,39283.9562631428
"kappa0[25,34]",3.04107527409206,1.01839110383552,1.00008078542681,39777.7029740911,39638.7778811333
"kappa0[21,12]",0.256015348107592,0.138262943164754,1.00008071853773,40367.5627723934,40015.9251432629
"kappa0[80,12]",1.56912635223233,0.432641003914753,1.00008064696305,13725.2476714921,31346.0936695875
"kappa0[93,8]",1.28516146320634,0.587922831228004,1.00008055256392,33516.0680905629,38704.3991718931
"kappa1[44,95]",0.663689478993474,0.534301100145016,1.00008054900388,39891.5113552954,39639.3564660985
"kappa1[78,9]",1.36332302345436,1.4966553659629,1.00008049756654,39866.8012367096,39379.2436115558
"kappa0[39,17]",1.02579681941378,0.583699903902867,1.00008040461157,40775.0947598358,39155.2251028027
"kappa1[66,52]",3.52352513300331,2.0900407853074,1.00008035913955,39462.941022612,38370.6309909221
"kappa1[89,24]",0.725511794993526,0.601057969508497,1.0000803446916,40026.1675184099,39700.59508875
"kappa0[9,100]",0.311769066160263,0.152351067383835,1.00008034031278,38069.2099124347,38934.3570063799
"kappa1[2,70]",0.280702621257931,0.182409178376984,1.00008033740218,38826.6080590356,39307.1298692879
"kappa0[12,101]",0.168940718742287,0.0998224406190386,1.00008031635644,36921.8204693327,38516.3916489982
"kappa0[54,31]",4.05779184390256,1.7137641827876,1.00008030382107,38069.8861954805,39226.3005196249
"kappa1[35,20]",0.802634989383176,0.525859053015199,1.0000802847604,40073.865449243,38558.8422758098
"kappa1[99,24]",11.6899810159463,3.60479551887066,1.00008026092131,34843.1426229362,39396.806381913
"kappa0[35,39]",3.56690255579729,1.29133304608776,1.00008017481553,37215.7610283357,40141.306119072
"kappa0[42,10]",0.361881965068568,0.204924836237556,1.00008016070188,38602.9867154301,37407.4062050432
"kappa1[81,48]",1.31979920036562,1.41701309036163,1.00008013329855,40729.3012578335,40058.2455123432
"kappa1[2,52]",0.281161157346475,0.182292630388392,1.00008006316021,38780.194022513,38093.7992303856
"kappa0[34,22]",0.354645834492063,0.239272583603916,1.00008005321338,38580.3291225011,39147.7335388782
"kappa1[39,42]",1.7733199093564,0.839300201012143,1.00007990459659,40007.7425765026,38972.8208665871
"kappa0[29,56]",0.559181995802586,0.23445452055201,1.00007987578529,37080.6037298709,39052.5491926203
"kappa1[5,24]",0.596911845257513,0.367135427253284,1.00007987416457,35120.5563565239,39088.6862876257
"kappa1[35,37]",4.76976678711293,1.56019085542113,1.00007976290769,37511.7603195969,39092.3673052605
"kappa1[91,11]",0.635134607827941,0.504414784970062,1.00007975367581,40086.8292819188,39970.6936408047
"kappa0[51,10]",0.228804246731043,0.084067317245722,1.00007975314753,27997.3999815007,38960.9772436342
"kappa1[72,13]",0.366789259755938,0.20683333480453,1.00007970475924,37396.1486690317,39775.6759832674
"kappa0[102,89]",2.20182642682868,1.88749232954881,1.00007967064124,40548.461781616,39967.7583356927
"kappa0[95,52]",1.28158706485748,0.935244487159015,1.00007964084874,38960.9661906338,39472.7316415782
"kappa1[68,12]",1.77757977509651,1.4161778589687,1.00007957950844,39892.2471296509,39400.369858315
"kappa1[86,54]",1.23512965240902,1.29112000138099,1.00007947537113,40490.3680843905,39879.324506745
"kappa1[55,82]",0.434765166442916,0.312145836891085,1.00007944450352,39162.5150766551,38732.9168697273
"kappa1[30,26]",1.12963731915934,1.12340064299476,1.00007943980394,40257.9296404139,39059.251705736
"kappa1[57,63]",5.49093639245491,1.64366884270143,1.00007940114113,38334.0397647604,39054.9542883588
"kappa1[57,51]",0.77348617373065,0.498150880414815,1.00007934664172,39443.0243383809,39505.7207142901
"kappa0[115,55]",3.54708091844149,3.85484031764761,1.00007934338122,39598.2432648265,39793.7779325115
"kappa0[25,24]",3.03690709136094,1.01184415521309,1.00007928793028,37000.3159933026,39047.4163010544
"kappa0[63,64]",0.862137973165526,0.761371931903361,1.00007928689596,39811.2475494902,39720.028643655
"kappa0[24,86]",0.128723905050844,0.0634948531993162,1.00007925613393,36964.0643604925,39346.5595321237
"kappa1[9,21]",0.906761226981194,0.40010830889843,1.00007916317267,26566.9154874764,36792.5539813808
"kappa0[99,39]",3.5037788255841,1.59691769067242,1.00007909770035,38635.1714770917,37933.6452248342
"kappa0[51,43]",0.294698190546205,0.160900841628166,1.00007902371206,39126.6545194592,38379.6629158874
"kappa0[50,11]",1.5765974375712,0.620604529225447,1.0000789652938,30626.7617013668,37638.2321091885
"kappa1[36,18]",1.5359466182923,0.798397883116792,1.00007893312802,40192.0807051238,39407.5118187999
"kappa0[34,91]",0.517959474237503,0.312840935868977,1.00007888924547,39481.4529499927,38855.0316003864
"kappa0[23,40]",0.609511290566687,0.377252246915251,1.00007887812138,37988.7787175059,39281.3818392434
"kappa0[39,19]",1.73050645680924,0.815539807259287,1.00007871188832,40038.8673955399,39429.308776998
"kappa1[7,93]",0.0530400023794407,0.0264345368054082,1.00007862781886,39041.7134617366,39583.4574050781
"kappa0[34,17]",0.515720496969671,0.309867617470798,1.00007857294919,40234.4629502866,40015.7950912063
"kappa1[82,66]",5.03886256875706,3.16075950526363,1.00007855964595,39858.7395051847,39059.8000933617
"kappa1[51,18]",0.353770282243312,0.241568075860243,1.00007849396406,40113.2876059209,39127.0411489991
"kappa0[25,22]",0.878163810243448,0.49179690747536,1.00007841010493,40163.6804532238,40484.4397714515
"kappa0[7,12]",0.0817551236289257,0.0218765319614118,1.00007837597326,14569.9158410963,36589.3788196713
"kappa1[39,34]",1.3958214982666,0.723441683891383,1.0000783466413,39088.0690944576,39576.9615815883
"kappa0[52,55]",1.12146571225501,0.426455908681081,1.00007820395907,36434.9547505796,39533.1803380406
"kappa0[56,93]",0.398191495562736,0.179324471141071,1.00007809839103,38575.3730870242,38845.9958609527
"kappa0[73,9]",0.513878197068758,0.268863383853069,1.00007808320524,36926.8809454624,39628.4810456737
"kappa1[19,36]",0.262263097332341,0.112974419815353,1.00007783304082,39954.5766439402,39844.8293549275
"kappa1[17,86]",0.552453468522915,0.335069751782524,1.00007780870168,39412.6343063746,39137.2244040005
"kappa1[40,36]",0.891863095681804,0.594266615200826,1.00007773547653,39731.2774408926,39450.4088934617
"kappa0[16,24]",2.76566179714988,0.804989744748615,1.00007770497133,33108.768370164,38965.5904188361
"kappa1[35,23]",1.14229640512974,0.65727826601469,1.00007768556821,38562.9664009545,39761.877551583
"kappa1[51,19]",0.352669070957593,0.238384616145724,1.00007766723702,39843.0454059091,39098.9876507029
"kappa1[96,54]",1.44280544874149,1.67253867636559,1.00007765609552,39797.7205390198,39437.9818578293
"kappa1[5,90]",0.405259084646292,0.285708052346282,1.00007762662436,40065.7320182965,39635.7967143423
"kappa0[7,93]",0.0975075681581091,0.0420393961661101,1.00007752491105,39685.7434235904,39141.806580064
"kappa1[95,56]",0.908304223371464,0.812391544833943,1.00007747799416,40102.599105761,40378.6726703107
"kappa1[21,16]",2.45872988698067,0.911688586874246,1.00007746141804,39464.1964038162,40015.4531085151
"kappa0[48,44]",1.27086515190918,0.912554917759307,1.00007730103011,38995.7029441574,39678.6409939242
"kappa1[29,90]",0.393994336147104,0.275386869980501,1.00007719747656,39976.9508269708,39362.6564832734
"kappa0[92,88]",0.774428448737402,0.501254167887058,1.00007705333552,40565.249279435,38591.5681037422
"kappa0[23,39]",0.849929995499719,0.474194416355422,1.00007704962679,40365.8306931446,38526.7107768872
"kappa1[104,93]",1.10353764784976,1.08281302565551,1.00007702876604,39314.0722447419,39926.6093090537
"kappa0[10,30]",1.78860938604329,0.588933060182993,1.00007694872635,17444.7311782732,36535.9165688668
"kappa1[29,56]",0.589154959187305,0.363038529674214,1.000076943557,40351.8866900284,39476.1919711719
"kappa1[33,30]",1.16394489000825,1.15797032055793,1.00007690723278,39748.9072462459,40083.6873002142
"kappa0[99,23]",2.16726311479755,1.18975644495639,1.00007677169038,39232.6003189938,39540.7041577739
"kappa0[58,8]",1.01246405566558,0.572305360410696,1.00007675132673,38096.7861062033,38468.4413002154
"sigma2_alpha_p[4]",0.000430274552106732,0.000225106674866807,1.00007674507156,12926.7364554177,25703.7530225008
"kappa0[110,12]",6.50361608772435,2.17822323679487,1.00007671511156,22028.8726269879,36356.7023480424
"kappa0[48,53]",1.26917940485312,0.906835333212582,1.00007670638822,39893.1950013452,38853.6202372863
"kappa0[89,55]",0.339090095980645,0.227709965966202,1.00007669098834,39768.3099878953,38948.0790641468
"kappa0[73,74]",10.2936593477729,2.53761138416203,1.00007663226327,29335.370320717,39374.990568831
"kappa0[115,91]",3.59143115023042,3.92141512588876,1.00007657331864,39684.0619755431,39440.9826879276
"kappa1[103,9]",0.522785616996007,0.387603277065433,1.00007652001442,39567.4327603113,39658.0832225892
"kappa0[51,65]",0.786145393831589,0.293080068820432,1.00007649038908,39710.7558761011,39145.8862549206
"kappa1[95,29]",1.62948535657162,1.26212794350526,1.00007648229855,39819.2883328777,39114.8393239318
"kappa1[95,44]",1.62948222969677,1.26365707711679,1.00007648204089,39603.7551292536,40141.8328401857
"kappa0[41,34]",0.820040946230957,0.534278712268338,1.00007642681629,38847.6075560846,39226.9373569564
"kappa1[15,101]",0.390738226110171,0.272292397525818,1.0000762738151,39407.1078414911,38960.7373713452
"kappa1[9,110]",0.301239711959263,0.196724565788341,1.0000762462575,37364.9228163436,38322.3747096319
"kappa0[14,44]",0.200872330924561,0.0466671446200346,1.00007612958017,24926.810892906,37174.8961117271
"kappa0[4,59]",1.10602776149832,0.557301998356676,1.00007612848712,36902.462364636,38591.9724197627
"kappa1[12,88]",0.431839600480833,0.218383267236184,1.00007611125234,39351.0731588304,38836.4556260608
"kappa0[26,11]",0.263141739956445,0.0792593491124204,1.00007596427414,17735.0161273038,34397.4993058999
"kappa1[24,40]",0.134877119586052,0.0662419389097893,1.00007590633494,39845.5141941231,38836.6544798288
"kappa0[2,52]",0.471467941763703,0.241870758636432,1.0000757721775,34606.7968689453,35559.690435022
"kappa0[72,119]",0.366845614270118,0.20807222482328,1.00007577151927,37671.1809308764,39592.472608796
"kappa0[25,17]",0.880725506253425,0.489061634902575,1.00007574684922,39945.5692751886,39875.7699399836
"kappa1[38,41]",1.08884776416078,0.543486929621856,1.00007560645912,39490.3814729912,39221.1360127947
"kappa1[57,53]",0.500689136715293,0.369097820994159,1.00007559287729,38823.298226583,39471.3694812315
"kappa0[21,9]",0.329848557928955,0.162642409084165,1.00007559181679,38752.0941322444,39009.9523650799
"kappa1[45,11]",1.20544805702076,0.858696303332614,1.00007553954291,39617.5724460071,40397.8367149188
"kappa0[48,45]",1.10808875377371,0.557092733272107,1.00007553289182,36520.9597357684,39404.1964383313
"kappa0[36,43]",3.65823379534954,1.41405742595781,1.00007550183685,37040.0415398769,38768.9715534465
"kappa1[106,100]",1.01899681770027,0.951005942356423,1.00007544330504,39347.7199284616,39582.7206287099
"kappa0[104,13]",0.407158348031879,0.234580836992541,1.00007541161477,39439.2677407913,38185.8388682314
"kappa0[47,55]",0.174199171013737,0.0723060389568797,1.00007533477037,39501.6902398745,39087.0003179333
"kappa0[99,38]",3.51024429435906,1.60216479291847,1.0000752274675,39469.4848046386,38650.5847716505
"kappa1[18,34]",0.443154149057807,0.319914544149413,1.00007521648452,39246.5593693017,39888.7709849934
"kappa1[95,90]",36.1024274292176,8.49946470556294,1.00007515728358,32166.0330917707,39223.0647528668
"kappa1[15,86]",0.580943025804294,0.355805653329222,1.00007500851735,39321.1702100286,39267.4517034576
"kappa0[52,47]",0.959940440089413,0.38991774089848,1.0000749874165,39384.9901171562,39184.4616646198
"kappa0[82,12]",2.72325998461583,0.869950439460247,1.00007494773504,19940.8613129197,38820.437916127
"kappa0[103,116]",0.943491845309526,0.637704558480142,1.00007486471545,39664.2102463857,38454.7310117304
"kappa0[51,115]",0.296012189445281,0.162608096615887,1.00007483133317,38983.6047473942,39992.9938702642
"kappa1[37,99]",0.446516859604446,0.320636734730335,1.00007477690126,39145.9565689542,39490.5906600176
"kappa1[19,99]",0.461043259119549,0.15674722814293,1.00007461561683,39431.3292895902,39679.14464328
"kappa0[80,53]",0.992773626861433,0.562878814694953,1.00007455203767,39640.613643624,39919.1784023813
"kappa0[23,11]",1.40226569082696,0.373163985772383,1.00007451864827,13295.4336998455,33039.3646497517
"kappa0[18,86]",0.569011206391843,0.34903774241749,1.00007433844035,39360.6152883864,37863.0804672777
"kappa0[107,15]",21.0530159429518,7.61313554756511,1.00007428876231,21321.2496672532,37156.5866471951
"kappa0[18,99]",1.51722710972085,0.642533369810918,1.00007427430596,39249.5690033519,39293.3485854428
"kappa0[95,34]",1.28360895835925,0.937068571329973,1.00007425303936,39735.6901442087,39260.7727899699
"kappa0[34,100]",0.355022167737971,0.24288915808183,1.00007414457153,39610.4481920226,38028.3241309767
"kappa1[93,47]",1.0600006532409,1.02864609275733,1.00007406991605,38745.231051391,39322.1293621773
"kappa1[38,18]",0.405148281215723,0.285873022562927,1.00007399650059,39559.7934696724,38697.8373659308
"kappa0[12,91]",0.497451331527563,0.192130215117769,1.00007398178998,26359.4277805877,39595.0216255039
"kappa0[53,29]",0.465983477913314,0.274880709214802,1.00007395720653,39920.4900442428,39744.3727042523
"kappa0[57,52]",0.268975832322893,0.172067253474486,1.00007390602886,39595.6089694986,39315.0486254108
"kappa0[51,95]",0.294709601657231,0.163305892724182,1.0000738453837,38940.8003114885,39422.1212461344
"kappa0[65,53]",1.395397848694,0.584436490208642,1.00007384501648,37280.0946720218,39121.0047872913
"kappa0[28,82]",0.173986977216914,0.0892843282062739,1.00007383730269,39244.4388460069,39369.9150112347
"kappa0[106,23]",1.55976365549654,1.20462073372839,1.00007373668944,37872.8422331374,39926.5265927952
"kappa0[62,24]",1.6837895137068,1.04593481497865,1.00007373278262,40244.7655129207,38742.6923464453
"kappa1[56,44]",0.533653343031527,0.245883221789078,1.00007359875502,39639.2322336974,40143.2601885277
"kappa0[88,87]",1.45665138739168,1.09580246259232,1.00007350371814,40135.853907968,38729.0762342995
"kappa1[86,91]",2.57266138927256,2.35905679484709,1.00007350018227,41012.6607450269,38280.222918956
"kappa1[15,36]",0.392274059824491,0.272115667318191,1.00007346425855,37443.0798919295,37809.1060719438
"kappa0[16,12]",0.244638608344235,0.116066556517011,1.00007331648849,34309.7677851409,39131.5743683269
"kappa0[53,52]",0.628070575831511,0.33404048436048,1.00007317804983,39359.2374305502,39126.0352117052
"kappa0[104,44]",3.97536491957786,1.5455901820932,1.00007304058857,39473.1263659068,39831.4335314746
"kappa0[54,91]",0.639209193581875,0.499329191035919,1.00007290654917,40189.9575899933,39271.6990278081
"kappa1[51,115]",0.353267161015817,0.239346400565075,1.00007283697699,39129.927628786,39122.3339124117
"kappa0[80,51]",2.01258112544631,0.864044108410734,1.00007261270615,38678.2519083816,37651.320777752
"kappa1[23,41]",0.635533005071804,0.397880998420134,1.00007252875537,40136.7893003997,39844.255730319
"kappa1[101,12]",3.94684825501996,4.56148227560399,1.00007249732936,40764.9113646973,39864.705212787
"kappa0[53,89]",1.18970125895637,0.491740035857981,1.00007248320268,38689.7752402755,38550.2903311877
"kappa0[99,16]",2.80593206478089,1.38828854455383,1.00007239163682,38653.8816321183,38817.6229878377
"kappa1[3,103]",0.843866891423595,0.416723007633132,1.00007237541934,34972.8842277821,39555.1467775742
"kappa1[50,53]",0.742164768502,0.61446519370728,1.00007236884273,39627.3245421553,40478.6046328935
"kappa1[7,53]",0.0667413145251189,0.0304574984217871,1.00007230104856,39782.9709514876,39515.2644971876
"kappa1[19,39]",0.171142661079583,0.0872852972485037,1.00007228501345,40073.3044697684,38742.5715159168
"kappa1[51,104]",0.514785715512394,0.308603660433867,1.00007223211862,40367.747088753,39139.3224093083
"kappa0[20,17]",2.1277115025182,0.636808475339345,1.00007220733703,36642.8875478568,39784.9104193265
"kappa1[92,89]",0.437276306378842,0.310124169274345,1.00007218045072,40144.417285507,40182.2820891245
"kappa1[92,99]",0.662328475545246,0.415420196694096,1.00007214059844,39460.8038690227,38891.7622308231
"kappa1[15,88]",0.391499767429927,0.27098159926109,1.00007213624922,39293.7519171343,38774.3692062442
"kappa1[6,95]",0.0564111182381118,0.0283703102192221,1.00007205415362,39937.4215377293,39538.4665812263
"kappa1[12,55]",0.656997546336611,0.282427119947776,1.00007204243478,22688.5977742883,37826.9434534856
"kappa0[104,51]",1.32042077985708,0.784295419262726,1.00007197298039,39379.5923072814,38857.1950117019
"kappa0[62,54]",1.12031797791265,0.780781463387518,1.00007190233008,39767.4344242414,39416.9349581906
"kappa0[51,47]",0.679770817332695,0.26900739898594,1.00007179422393,38272.2218027474,39915.1198582879
"kappa1[25,24]",2.17880573234142,0.87066965355541,1.00007178472445,38004.7668278094,39246.0159423855
"kappa1[80,53]",0.701098471817575,0.570312061821288,1.00007176425354,39071.7041812841,39057.1806382182
"kappa0[54,16]",0.633237006618788,0.499473230677882,1.00007148832637,38616.5776199546,38565.5660020261
"kappa0[30,89]",9.25186290316033,4.73672529103499,1.0000714878154,39644.1793067308,39969.639431895
"kappa1[53,28]",0.551304786683749,0.415671686945668,1.00007146756642,39682.5766661686,39398.0405930664
"kappa0[38,42]",2.35589592906994,0.824743994058588,1.00007137014761,38694.1516429256,38042.679455478
"kappa0[100,30]",1.38669650185429,1.51511551269117,1.00007136095215,39384.164828128,38205.4228164902
"kappa1[30,11]",1.21794898060876,0.886924839564956,1.00007134177417,39716.7834635776,39757.7857241683
"kappa0[38,20]",0.780263888635587,0.427138995290907,1.0000712758078,39650.1678350205,39370.0414926711
"kappa1[86,11]",1.50903059581908,1.14968156022286,1.00007123848319,40403.9827975804,38820.6300699635
"kappa0[41,37]",1.17362063907491,0.680116640167603,1.00007117574017,40560.2622183409,39660.1714191144
"kappa0[107,100]",3.05039416417876,3.04707713953305,1.0000711454297,39091.4403419236,37913.4666951637
"kappa0[1,53]",0.158433951784832,0.0799365142246524,1.00007102526057,33024.5186167362,36357.4464308048
"kappa0[39,43]",2.89729963324238,1.09690761940389,1.00007101160276,38584.0207399869,39370.7366104126
"kappa0[71,119]",0.818453687715494,0.708905751834505,1.000070763782,39721.8716738875,39809.4856388264
"kappa1[56,73]",0.324010768872355,0.180171035657706,1.00007074659788,39909.1774662761,39888.7231999678
"kappa1[51,86]",0.513277593258428,0.305122810856269,1.00007072063276,39851.638440432,40008.8538208344
"kappa0[40,12]",0.385911623794403,0.221564643636429,1.0000705786006,38819.811242617,39159.9880258313
"kappa0[30,26]",1.97800834179266,1.61938628414512,1.00007026855163,40190.0245014568,38110.3700930568
"kappa0[40,38]",4.85470748003035,1.66993142246564,1.00007025592863,35260.9434564563,39253.4763318542
"kappa1[9,92]",0.577038088767387,0.302896315732355,1.00007016655293,35554.5219943055,36452.0316906461
"kappa1[2,114]",0.53496201564289,0.279454592333947,1.00007014906735,34343.5731097325,39391.3764130825
"kappa1[51,47]",0.701840058269174,0.374411551404747,1.00007014836309,38831.3365133038,38769.3264231336
"kappa0[20,36]",0.558177979144914,0.292274957717216,1.00007013855481,39887.3036005363,39829.5222590909
"kappa0[44,65]",1.84168246283724,0.504806336976782,1.00007011144577,34795.9485616538,36877.0066972412
"kappa1[102,9]",1.31823960073027,1.4134073769789,1.00006996039273,39411.2016993175,39519.2280659534
"kappa1[34,41]",0.896607736493571,0.438406257343958,1.0000699266707,39702.9641284205,39378.4977824476
"kappa1[43,99]",1.05785079752208,0.522831277219595,1.00006989828721,40105.6926531681,39179.2345078601
"kappa1[41,20]",0.757074079977955,0.490476311335329,1.00006984120426,39055.0348147645,38890.2568932035
"kappa1[49,66]",0.288280057463993,0.18611393283513,1.00006978159069,39984.7134298798,39761.8547456537
"kappa1[64,63]",2.92604236721006,2.82736428753139,1.00006958604064,39617.0814286425,39557.4189459414
"kappa0[38,23]",0.569162432007996,0.347382825486669,1.00006953764794,39107.98598002,39598.426409121
"kappa0[29,22]",0.286933215803028,0.157285053430987,1.000069536288,40519.0037863714,39803.6823343477
"kappa0[96,15]",10.2818258002404,4.35012240347997,1.0000694432886,29273.439827539,38868.2350886
"kappa0[49,12]",0.144797208302677,0.0726548679509482,1.00006939224415,34354.856900678,38270.7013456513
"kappa1[125,126]",1.62459079624722,2.13178787469206,1.00006937599363,40750.8714970373,40167.8185533335
"kappa0[37,40]",1.28021843706939,0.652636152907905,1.0000693652595,39281.5687129394,37930.641878041
"kappa0[82,9]",1.184698311926,0.540722464552137,1.00006935083944,34716.7464475854,39619.7527173102
"kappa1[14,66]",0.0650957623551163,0.0335293713690258,1.00006930721867,38879.7004638065,38149.9392822571
"kappa1[51,24]",0.352757782015992,0.238054688788133,1.00006928746836,39117.5457229076,39573.6831628851
"kappa0[17,36]",0.357079499849608,0.243167813609638,1.00006925658303,38548.6857505115,38757.9347951269
"kappa0[20,23]",1.21554112779261,0.465674731298035,1.00006924895016,38784.4111422371,38804.6790361461
"kappa1[43,16]",4.00638645974596,1.13553410400183,1.00006921900892,34200.0984832577,39721.3066260376
"kappa1[36,42]",0.516553539806123,0.388028232869291,1.00006918993358,40116.5079570697,39946.2630165751
"kappa0[103,12]",0.739929118957626,0.356777229875053,1.00006893877471,32439.3718748099,38003.0191460464
"kappa0[102,88]",2.21407531434879,1.91411824740249,1.0000688720971,39289.7043158767,39698.87122445
"kappa0[110,9]",0.981786732730086,0.671206897298233,1.00006882608305,39119.4202215054,40027.6237565889
"kappa1[111,61]",1.64988613328088,2.16084604526187,1.00006874658103,40039.0624202861,40137.4046318554
"kappa0[51,93]",0.479031069659793,0.219260548543757,1.00006872521443,40333.5246526536,39680.4533627638
"kappa1[39,22]",0.74461702976785,0.478401009180572,1.00006871404208,39800.3773362443,39542.3417930199
"kappa0[57,56]",1.23073473312546,0.440258659076458,1.00006863610729,37821.0563516044,37734.9691017224
"kappa0[56,66]",0.557795654619941,0.215638370263266,1.00006862925556,38629.8685770288,39058.3058080665
"kappa1[63,58]",2.72540597497591,2.53455129962158,1.00006861990149,38923.9865889611,39263.3325324657
"kappa1[90,56]",0.800027769976084,0.681852215895438,1.00006857077769,40296.7143128705,39612.4218625548
"kappa0[62,19]",1.13756026914457,0.804299429181275,1.00006844326144,40554.1004724444,39472.589236852
"kappa1[21,86]",0.64455722881272,0.402330076813014,1.00006842330744,39465.8961130668,38723.1437590733
"kappa0[46,109]",0.432137535434944,0.217970168827687,1.00006842039038,38219.9005148635,39472.1556119118
"kappa1[19,40]",0.129095896625613,0.0728771992664282,1.00006823318997,40112.5856068358,39836.8578205703
"kappa1[35,18]",0.792652110026698,0.519937962756734,1.00006822411633,38476.3199685672,38523.4460615347
"kappa0[34,37]",1.58261960059844,0.616398624882482,1.00006821418423,37768.3529073143,38227.6625422534
"kappa1[94,12]",1.3370162008895,1.46176542995202,1.00006807016541,38025.481155916,39332.5958330689
"kappa1[61,24]",1.19894577736478,0.853875893488025,1.00006805891431,40300.0028126912,40095.0166982145
"kappa1[53,93]",0.867506153677,0.577093658044844,1.00006799211039,39029.7343733659,38597.6324207988
"kappa1[28,54]",0.470249933166677,0.240234334855015,1.00006791184267,40191.2465920534,37552.4970454529
"kappa0[51,24]",0.295562404703625,0.161436001324955,1.00006787689006,39505.3183605516,39693.7488128363
"kappa0[61,87]",0.422039595402125,0.299176585919118,1.00006776642021,40125.0092266977,39397.4499927167
"kappa0[114,59]",4.13306085486882,2.53002999799372,1.00006762048012,39864.5210160206,39199.3941611372
"kappa0[11,50]",0.547180805487188,0.230944876652091,1.00006745027181,22009.815027618,38844.712683852
"kappa1[55,47]",0.65710582194326,0.412086839276887,1.00006732315692,39995.0784160342,38827.8212351759
"kappa1[16,40]",0.311354434906012,0.20515955554567,1.00006723253366,40052.6239684971,38567.6318319864
"kappa1[42,23]",0.808906913277388,0.531223663410373,1.00006720991946,39613.3746509834,38801.543047641
"kappa1[44,74]",0.666730186084096,0.537351144473793,1.00006710700179,40056.6055279031,39827.5218510158
"kappa0[66,67]",0.624121910968992,0.493966874073422,1.0000668414088,39495.3097406694,39242.2237303528
"kappa0[54,15]",1.00087717550038,0.449208130446064,1.00006674890518,34569.4915316279,39756.1542914984
"kappa1[34,39]",2.03846573712457,0.710459859279226,1.00006672982989,37956.7367806382,39498.1480679661
"kappa1[55,90]",0.436674589995009,0.311775236074548,1.00006671055037,40254.195269635,37057.4021673707
"kappa0[56,52]",1.35485741511053,0.355012203763614,1.00006670872274,34486.2897405202,39393.3481156424
"kappa1[47,51]",0.271707323142464,0.0998267414346436,1.00006670810774,38426.5397527798,38475.8996517908
"kappa1[50,9]",0.803955057004431,0.444532725200618,1.00006659676728,38305.1752789544,39013.5637685225
"kappa1[103,8]",0.81305960813772,0.531488999394131,1.0000664302536,38433.5715118381,38721.6630644052
"kappa1[93,5]",1.07368913048237,0.751291568301354,1.00006633441185,40055.2020483008,39185.4299269751
"kappa1[57,64]",3.60791917151783,1.29726903209628,1.00006628250158,39429.0966776079,39221.0669939508
"kappa0[94,9]",4.33581456565962,3.33410939666668,1.00006627614463,39255.0733494766,39655.6757067276
"kappa1[54,91]",2.58699157867481,1.77035578469645,1.00006605949001,39932.2692156222,40081.1031222277
"kappa1[72,103]",0.536149805239625,0.405998973126271,1.00006593972133,40105.6593264934,39882.2787780575
"kappa0[12,124]",0.167958532892499,0.0991499710697091,1.0000659185211,38555.0612379185,39470.3318794659
"kappa1[40,12]",0.272702347993019,0.176017936012358,1.00006585497807,39040.1410474907,39638.7120275474
"kappa1[4,59]",0.424530299485564,0.300487032215168,1.0000658319919,39755.6828441435,39131.4006320374
"kappa0[110,10]",1.43903067286707,0.871248007089213,1.00006582937159,39104.1086096144,39290.3481161135
"kappa1[38,22]",0.407619010857482,0.286738929540494,1.00006579639517,39934.6529005052,38427.7938733962
"kappa1[35,43]",1.52398363405201,0.789827515294587,1.00006576325038,39297.5498678307,38718.9437966249
"kappa1[14,53]",0.0821275620541761,0.038307050595466,1.00006562820757,39046.2260730649,39551.831573509
"kappa0[104,85]",0.912261779627144,0.609544291345773,1.00006556965528,39715.1796503599,38087.5290227132
"kappa0[44,27]",0.333948885214423,0.186429860340751,1.00006554365152,40094.4214787128,39289.5502714814
"kappa0[56,104]",0.642195597053634,0.234742558949324,1.00006541909596,33767.4134119087,38036.4136808811
"kappa1[37,18]",0.93437005719743,0.526491552309242,1.00006539266965,39591.7857986607,38928.4150100808
"kappa0[37,18]",0.9707745478663,0.551124196712127,1.00006534391713,38488.5519320716,39494.2753896736
"kappa0[95,29]",1.96364632938992,1.26934121474917,1.00006527314973,39941.8700327221,39644.2295805136
"kappa0[10,21]",0.427847505315416,0.250292821813385,1.00006521563027,39218.3256925237,39867.7990098597
"kappa1[40,38]",4.38372452707711,1.60491888651346,1.00006520680888,39302.206065975,39950.3666005135
"kappa1[63,8]",0.907203561502953,0.807114316826664,1.00006518774241,40106.8050798307,39339.3424285315
"kappa1[44,56]",4.43525261725535,1.88316023478169,1.00006517152884,38371.9727734784,38831.1331710309
"kappa0[49,56]",1.94216970483173,0.55432925893565,1.00006514773412,36959.678039188,37158.5362121379
"kappa0[51,81]",0.787007798698201,0.292557759884632,1.00006511977798,39563.2155735946,39970.2398422672
"kappa0[23,21]",1.67376028461323,0.709135028256861,1.00006511321292,36380.7356754805,40163.8922787393
"kappa0[49,90]",0.611344336784339,0.286222467866056,1.00006510982542,39956.0229480498,38649.2023004644
"kappa1[51,60]",0.352475238050678,0.239782153975768,1.00006499317812,39703.8534643485,39248.0384823884
"kappa0[82,104]",1.16289501018947,0.824195089213955,1.00006497101781,39619.8916484911,39321.6255471195
"kappa0[51,110]",0.479775599453802,0.217739265705002,1.00006493839588,38114.9570718943,39468.900743008
"kappa1[67,56]",1.48366494609716,1.13280213454968,1.00006487024657,39436.1472001977,39928.8402023482
"kappa0[2,109]",0.256205922967088,0.163190480251656,1.0000648535871,39333.4096798629,39351.7056854948
"kappa0[86,113]",1.79742079381663,1.42912009187155,1.00006482857583,39498.7801813838,39433.9908278129
"kappa0[38,99]",2.07832993418787,0.76865562515798,1.00006481678284,38778.4717626941,39567.3612540164
"kappa1[46,51]",0.360040694336966,0.17794920008887,1.00006466780897,40226.8090377068,39508.3404659592
"kappa0[87,54]",6.68197366448983,4.49851428645461,1.00006465855977,39501.6208974217,39163.6087128755
"kappa0[80,49]",0.703376543088948,0.446771252537081,1.00006451170315,39772.0215970604,38583.6464004713
"kappa0[22,86]",0.41569207585287,0.240475715169719,1.00006434842156,39961.0250712355,39447.7769737031
"kappa1[14,27]",0.0818453995128063,0.0382819729478417,1.00006431974686,38504.0827738867,39000.7832576476
"kappa1[21,9]",0.267319027689511,0.144908910350215,1.00006431667493,38094.8923213997,38810.2480906431
"kappa1[38,17]",1.0869223008888,0.540096565806858,1.00006431130826,38675.5164897567,38107.4012362616
"kappa1[44,2]",0.339380321724156,0.227769775249138,1.0000642767989,39391.8897335934,39844.4146784267
"kappa0[103,5]",0.902968594497051,0.401325376864903,1.00006426446741,35937.0607120141,39113.5336729218
"kappa0[44,84]",0.333018412954612,0.188210042487962,1.00006417328326,39641.0155453507,39450.9474676454
"kappa0[39,9]",0.41448010070091,0.209382450763446,1.00006415479237,36161.4191541869,38873.071891011
"kappa0[36,25]",3.13400197166966,1.29238046386932,1.00006414755313,37891.3811001751,39035.9473939385
"kappa1[50,90]",0.746963006294671,0.628264627309013,1.00006407040193,39671.9931782519,39243.92583312
"kappa1[7,95]",0.0947710104805687,0.0375580871510642,1.00006402330414,39028.3319563364,38996.3555382324
"kappa0[30,54]",9.25539394127982,4.71918016406437,1.00006398976192,39871.6793840803,40165.1763264282
"kappa1[12,102]",0.331280515651228,0.186035155417772,1.00006396296645,35431.4378211573,38704.6953729105
"kappa1[19,115]",0.170317771489502,0.0869127427977088,1.00006391346229,39700.6110278051,39387.6157330939
"kappa0[34,18]",0.516337201825318,0.311193479687796,1.00006383643366,40267.8605986525,39408.5160101084
"kappa0[93,5]",0.389730754735793,0.269129988516816,1.00006374446581,39908.187022104,39261.9495690313
"kappa0[54,10]",0.469659985223948,0.279439133303281,1.00006374188008,39060.1032077098,39450.0205637222
"kappa0[11,27]",0.453243175755477,0.206641704320264,1.00006360503451,32625.3935484257,38366.760314468
"kappa1[3,71]",0.337988208040049,0.226727858673608,1.00006360055778,38376.1978950512,39966.3611839609
"kappa1[62,43]",1.27934932490472,1.36794946651022,1.00006358674783,40184.3167088428,39721.599790138
"kappa0[114,119]",0.938811052194133,0.845324866219576,1.00006354289828,39962.580636266,39428.2644693197
"sigma2_beta_cr[1,1]",0.00236958769024975,0.0015178188594141,1.00006347010119,16333.5296494914,26560.8814232712
"kappa1[16,115]",0.311704015483417,0.20588674886679,1.00006344755608,39242.6754219517,39258.7698613993
"kappa1[110,61]",11.1045562795604,8.51761828088166,1.00006335948381,40473.9371383262,40141.3182552702
"kappa0[108,12]",2.61606553815338,1.77865504398844,1.00006333080012,39928.7319581965,38581.8166955319
"kappa0[47,95]",0.0917768713610623,0.0491128153896955,1.00006322952917,38452.9512472229,40002.6741223107
"kappa1[66,28]",0.862451088133461,0.760750892050895,1.00006313861749,39650.051071595,40059.237184972
"kappa0[34,23]",1.12708733877381,0.503506176919048,1.00006311545797,36994.3658007432,39460.8578177903
"kappa1[29,44]",0.588842138472622,0.362948886095122,1.00006300093038,39233.3522546788,40234.2670465932
"kappa0[119,12]",0.666899980410364,0.232402677050742,1.00006299940173,20590.1734016397,35405.75677601
"kappa0[51,90]",0.57831406728882,0.245133839773043,1.00006285731852,40670.1694257714,39044.1145319499
"kappa0[44,5]",0.130727178784516,0.0642664738636815,1.00006272961585,35097.5536595209,39414.4835561558
"kappa1[92,17]",0.436472858080891,0.310279038826248,1.00006271853069,39902.8235274093,39094.2225270475
"kappa1[20,38]",0.578761648709812,0.301423243788651,1.00006269351567,39700.3975060063,39267.9506116731
"kappa1[13,119]",1.00146998011667,0.930137261447212,1.00006269309868,39582.7290670923,39505.0795598392
"kappa1[54,110]",0.895524889200881,0.796589895782157,1.00006232929788,39572.6726609246,39310.0797125517
"kappa0[44,2]",0.130482364555009,0.0649866631031696,1.00006202730532,35143.4328574588,38387.5863304738
"kappa0[119,3]",0.664210939488573,0.230865517306001,1.00006193689851,25008.7109978017,34079.7147291461
"kappa1[65,112]",0.609503266491445,0.480643270568283,1.00006184121818,40476.4978116543,39584.7808189209
"kappa0[95,62]",1.28282561686431,0.933440841580124,1.00006182209518,39030.3880133993,39973.7807182688
"kappa1[11,76]",0.432632743998078,0.25384845653131,1.00006179671178,40078.9227841301,39596.6002615997
"kappa0[35,12]",0.238719387350108,0.150413955007443,1.00006175388353,39192.4616330927,38499.8962815778
"kappa0[85,11]",0.648278938559815,0.404643716484538,1.00006174198428,38866.7915769015,39558.2449453952
"kappa1[110,12]",1.07895645511678,1.05466348331688,1.00006168680361,36792.5690791422,38098.2424243439
"kappa1[57,104]",0.497924659777946,0.364538101020485,1.00006166821271,40444.1635105845,38999.0772863997
"kappa0[65,14]",0.364291739235982,0.249041351680062,1.00006146053109,39104.0616754348,40202.8476760311
"kappa1[42,34]",1.96980951665274,0.941857345777215,1.00006134177109,39379.6366858132,39754.1651711678
"kappa0[6,93]",0.0702703168101989,0.0322964807513336,1.00006134171687,39291.4097391891,40226.5215301321
"kappa1[12,30]",0.331406243155548,0.187392012223157,1.00006132750557,39154.0577910146,38651.4707990105
"kappa1[51,49]",0.516031639515369,0.309005752755353,1.00006131896731,39535.1495856908,39562.9782675482
"kappa0[124,4]",1.59454899994825,2.00655103900935,1.00006117334917,39221.4002589363,39392.9498414175
"kappa1[27,75]",0.437004796995865,0.139748991835661,1.00006109728337,37934.758206924,39852.2189094503
"kappa0[63,12]",1.0588907663897,0.609836448138403,1.00006103654931,38543.8419023096,39028.7745056227
"kappa0[65,55]",1.63545604716525,0.640956569618782,1.00006096697881,38646.8773665066,39188.8332993697
"kappa1[29,55]",0.39801550726474,0.27827899361654,1.00006090819144,39410.6984901008,39845.1572524955
"kappa1[20,92]",0.430060578172985,0.251389197012114,1.00006086274133,39098.8184815773,37475.9242351905
"kappa1[104,73]",1.10811253200537,1.07990835555489,1.00006064560725,40686.7901220593,38507.3013187906
"kappa1[80,49]",0.700514350907133,0.56988976345801,1.00006063484974,39015.3071807684,39640.012696923
"kappa0[23,55]",0.609285308245487,0.377346002198496,1.00006054687307,39762.5390111223,38887.1957298206
"kappa0[73,78]",1.26293804784332,0.741692955926881,1.00006053153178,39089.0167293488,39578.3367094195
"kappa0[19,12]",0.0578011377635472,0.0263678531238321,1.00006048528701,37152.3894691366,38308.2971052928
"kappa1[121,122]",1.63289588875968,2.0890781619066,1.00006043232903,38525.9819002522,38519.9420910826
"kappa0[3,52]",0.393384056651522,0.272983155039008,1.00006034406854,37994.569578188,38941.7072813128
"kappa1[9,85]",0.301616059285774,0.197880393048671,1.00006029169293,37474.9170786077,38297.0233007314
"kappa1[108,55]",1.51339467361251,1.81868081108527,1.00006023399272,39744.7088595974,39541.6621103681
"kappa0[85,55]",1.37812858751119,1.01868262714246,1.00006017548273,40069.6791311334,38924.7349113223
"kappa0[88,51]",1.45305935490775,1.08610243825937,1.00006016146931,39836.9366529871,39052.6522290817
"kappa0[14,66]",0.0473100366490127,0.0209950448147199,1.00006013480522,38635.1083502347,39280.9930271798
"kappa0[55,1]",0.499088884369543,0.128509763465553,1.00006006961982,12123.371591004,32383.990913262
"kappa1[85,44]",1.30946427021152,1.39770285242828,1.000060023738,40075.4223562613,39541.3772451635
"kappa0[19,89]",0.368932554210312,0.130101353761527,1.00005994941065,36387.3653673965,39226.6766265455
"kappa1[55,115]",0.659135221190408,0.412825834720146,1.00005986983409,40081.037854256,39595.9305554753
"kappa1[16,42]",0.449870888079953,0.264566273630134,1.0000598656969,39920.2125739309,39107.2074266173
"kappa1[11,66]",0.3020489998773,0.19883877159254,1.00005980761717,38377.0005262573,38934.5032606614
"kappa0[21,34]",1.38804081549433,0.639591742721684,1.00005975966562,39783.8064597711,39641.334728836
"kappa1[106,37]",1.89177941014077,1.5376675602582,1.00005970085138,40438.4344697347,39532.2951327315
"kappa1[23,17]",0.635258463142491,0.398029959649407,1.00005964300261,39755.7445581335,39633.4775774457
"kappa1[22,41]",0.394077836496224,0.22757288676935,1.00005942832793,39948.8207010987,38830.2125404787
"kappa0[92,10]",0.327258486565979,0.183711246329866,1.00005933030192,37971.9514086765,39704.5224415219
"kappa1[65,55]",3.07522979166343,1.39123442159485,1.00005928263371,39688.9224731767,38137.9657353791
"kappa1[54,31]",3.76742665039227,2.27112596808728,1.00005888791654,40013.1889890169,39782.9138273309
"kappa1[23,20]",1.14676596794745,0.580818242127459,1.00005883458448,39456.3064598038,38960.3681117142
"kappa0[83,15]",0.682692512803846,0.43061428413866,1.00005881877417,35206.887881995,39494.836633241
"kappa0[33,9]",1.15526401741864,0.821090241474813,1.00005881019787,37902.0483760139,39270.337054787
"kappa0[55,54]",0.286046860291632,0.155705608450729,1.000058792677,39446.5680178255,39078.0796798254
"kappa1[16,37]",0.448233598831878,0.262943471945246,1.00005874962775,38951.0625502255,39302.5547492851
"kappa0[119,103]",0.385029152292149,0.265705891008191,1.00005873084142,39894.2166449167,39560.7678233205
"kappa0[108,112]",2.70611852626482,2.51311478465792,1.00005865821557,40553.8607729968,38341.2894139345
"kappa1[66,73]",0.866888524593329,0.762258150405584,1.00005859743747,36933.3045795984,39242.3078702769
"kappa1[40,9]",0.384493130253777,0.218602878100244,1.00005856710165,40126.9395435964,38901.3720414034
"kappa1[85,56]",1.30641153292894,1.40369193874138,1.00005854841092,38726.4975886419,39612.4586501282
"kappa1[91,9]",0.635855885701745,0.510824325987493,1.00005854062237,39655.4830390561,39400.1975642913
"kappa1[106,11]",1.993244102295,1.09116461711037,1.00005836779248,39766.8777317273,38561.1797705948
"kappa0[25,54]",0.632190667109111,0.392246683614813,1.00005833482482,39923.6837269207,39096.9636597082
"kappa0[52,84]",0.393948231913056,0.225953900708506,1.00005830134889,39748.253130433,38218.3844429906
"kappa1[99,18]",2.67385550228629,1.51828305786459,1.00005827379929,39960.2379653695,40310.3143991958
"kappa1[67,65]",1.49009535826438,1.12961155567403,1.00005813493798,39330.7101946487,39961.57902821
"kappa0[15,107]",0.491978511893748,0.254236459751186,1.00005809271605,33056.9476939683,38982.005154349
"kappa1[77,12]",3.09588373105633,3.08730296811917,1.00005798735316,40542.2714642982,40190.5508101999
"kappa0[43,39]",1.7627142553032,0.758295568502363,1.00005794710472,39771.1678409081,39748.6228704285
"kappa0[104,26]",1.32541667848314,0.787369559372446,1.00005791457141,39207.3266703358,38548.8175727918
"kappa0[95,11]",3.22289636799643,1.04138603196615,1.00005789127325,20396.0259297514,38428.3409102993
"kappa0[90,15]",0.464843597774672,0.27289562416607,1.00005788677618,36837.5088866822,38767.1910103614
"kappa1[34,38]",2.04455298866344,0.712368782303746,1.00005787719221,38308.9869184249,39042.1567929582
"kappa1[41,34]",1.06916719982723,0.613704209839949,1.00005784946032,39477.2046816843,39389.5857622502
"kappa0[12,66]",0.49888187018365,0.193781250130963,1.00005763408323,22253.9449503752,38440.9721708499
"kappa0[16,34]",0.829204059011634,0.401944733387925,1.0000575047426,39352.0805212134,39266.6784519403
"kappa0[23,16]",1.10471856944236,0.55208015535761,1.00005747640425,39508.0218204294,39764.2464932314
"kappa1[53,55]",1.25592701926906,0.73848428494023,1.00005746841502,39935.4039658427,39837.0234589444
"kappa1[11,73]",0.737015901489521,0.354817749878604,1.00005735536255,30246.2133357174,39459.8724640363
"sigma2_alpha_p[2]",0.000379800735119835,0.000187747460789633,1.00005733033473,21915.1408545969,32149.2082036325
"kappa1[93,104]",1.05264624998072,1.00931799813563,1.000057237026,40344.9425345991,39250.9380638377
"kappa0[59,4]",1.65840376835629,0.542645688829415,1.00005713484973,22428.2919909005,35028.3997616916
"kappa0[119,9]",0.513199467825933,0.198742207243035,1.00005711971306,29351.1020087743,38718.4473044482
"kappa0[1,95]",0.121437193204562,0.0679789288074796,1.00005711667834,38502.0265884163,39072.0671252273
"kappa1[90,47]",0.798921667250209,0.684661283120279,1.00005709308971,39647.9147564213,39269.4888564452
"kappa0[61,10]",0.264626907656095,0.143087229569821,1.00005697143856,38129.1955039238,38772.5306271666
"kappa0[123,15]",3.79302708936788,4.2587004018128,1.00005693668043,39929.7817060129,39688.046297736
"kappa1[49,95]",0.290545291470826,0.189062742665321,1.00005689796003,40388.1907475969,39379.3107471268
"kappa0[87,9]",2.0668778588682,1.33020266800875,1.00005682921621,40026.346209367,39472.9934448901
"kappa1[117,11]",2.20599001307153,1.897872768332,1.00005675265263,39150.6569046356,39338.3482095523
"kappa0[86,54]",1.80161752638038,1.45453049987278,1.00005673325481,39835.1136143979,39005.910092666
"kappa0[72,3]",0.901844980789752,0.206721614281285,1.00005671729069,9142.39729337427,30748.8116313135
"kappa1[65,52]",0.605356259035758,0.469673106071073,1.00005665297808,37578.2315412659,37367.5489236831
"kappa1[69,8]",1.9585618412839,1.61391331452111,1.00005663616513,39220.7775999129,39504.6277379535
"kappa0[10,22]",0.297884933402759,0.195757289533473,1.00005659018862,39257.934482607,39111.1329450367
"kappa0[42,11]",1.3031895119711,0.446526890490995,1.00005646578749,19794.1889703822,35520.7550145078
"kappa1[16,91]",0.943186856768222,0.416536144570619,1.00005634288279,39067.3451819619,39677.1757603706
"kappa0[19,54]",0.27976032700366,0.111506680706301,1.0000563041638,39171.1892175187,38697.0032922032
"kappa1[24,18]",0.201403714991916,0.0848170216948256,1.00005626773126,39097.7253284631,39866.7646231786
"kappa1[91,55]",1.04572184536235,0.99239364187498,1.00005619639056,39377.1164556589,39554.197625798
"kappa1[12,26]",0.329694709944654,0.184636083378699,1.00005618666069,35193.01286243,39218.3600609341
"kappa1[1,53]",0.203141142388737,0.124476283719418,1.00005610716224,38510.8606675802,39308.3681143549
"kappa1[16,24]",2.93321320132405,0.78964251947997,1.00005610687647,34165.2347504921,38001.418000257
"kappa0[104,49]",1.32793972630356,0.786023559667261,1.00005609296918,39453.1332225763,39300.6146681994
"kappa0[117,11]",1.14715064715801,1.13121564049279,1.00005606129105,39618.3680961819,38511.7011396965
"kappa0[36,39]",1.65961788133646,0.873886918885471,1.00005597454003,37447.4726664643,39972.7574863242
"kappa1[4,114]",0.423259445168817,0.301757641459676,1.00005595877758,39173.4433301427,39058.1571737056
"kappa0[86,12]",2.39056835982245,1.17683491420583,1.00005595775731,34888.9062402549,38820.6765353068
"kappa0[38,86]",0.38627700148085,0.268039820150419,1.00005593885676,39810.8106238565,40010.9412939504
"kappa0[73,56]",1.70328432637539,0.899042928583219,1.00005589038387,40172.5637873642,40475.194038765
"kappa0[93,90]",1.20047282632295,0.861538160636716,1.00005586851966,39189.4561181658,40184.3468113872
"kappa0[90,52]",2.65596926365265,1.31076595436975,1.00005576086365,38701.5722277857,38997.9604012541
"kappa1[4,51]",0.878796633380262,0.490633303142891,1.00005563115961,32016.3448700027,39267.9574721872
"kappa0[49,51]",0.483798930567224,0.245591098789199,1.00005557976314,37980.3420340287,39874.4623796428
"kappa1[18,35]",0.442863276246337,0.319471749448355,1.00005552560547,39061.5131681493,39434.6780336375
"kappa1[110,11]",3.56363790263867,2.60440367746888,1.00005550354921,39266.4245751087,38392.4146368938
"kappa1[96,53]",1.43895965028516,1.67833497955687,1.00005546549667,40671.7427137986,39368.7643740571
"kappa0[8,119]",0.188622879628668,0.0980940679374526,1.00005534923369,34664.8791882873,37645.1613070381
"kappa1[15,92]",0.392040103811451,0.273844616251236,1.00005525396515,37471.5063538234,37941.2240905515
"kappa0[42,23]",0.528726280124211,0.39607250963309,1.00005523943361,38487.0584347866,40233.2313424406
"kappa1[35,41]",1.52010935402477,0.795581948697294,1.00005507717441,39998.4169320095,39616.7753922528
"kappa1[101,15]",1.56061322431375,1.9015673396569,1.00005501328826,38741.6596722635,39177.6242216957
"kappa0[106,11]",1.50288702070273,0.782664853276767,1.0000549715677,36398.4715126029,39298.526040174
"kappa1[67,12]",0.467829295231948,0.340424791358429,1.00005494600942,39902.2095012587,39885.9702306758
"kappa0[88,110]",4.35994971339894,2.28484436631424,1.00005477022584,39711.3353010492,37522.3636825934
"kappa0[16,9]",0.474714230227259,0.171925950066862,1.0000547617771,25234.885824037,34493.6346687413
"kappa1[39,23]",0.488330370402778,0.357958036685072,1.00005463087353,38765.7146250255,39430.8834966381
"kappa0[95,15]",0.408296423944048,0.285922404783921,1.00005455570999,39712.056343492,39392.1361439784
"kappa1[65,93]",1.42242438420376,0.856993607885034,1.00005454705354,39292.1923683764,39365.1537864381
"kappa1[35,21]",0.517355485330798,0.387460468699553,1.0000545247423,40260.0393063077,39479.1364443033
"kappa0[64,63]",2.24225042962536,1.94885626515374,1.00005451914868,38708.2803616098,39335.9449988697
"kappa0[51,26]",1.11481938859003,0.355078202344045,1.0000545071958,36169.4995416987,39271.0411739882
"kappa0[3,114]",0.579362345221961,0.352865163826632,1.00005448586653,38585.6145168615,38932.1385875727
"kappa0[17,40]",0.358815791865817,0.24274866626104,1.00005448336619,40177.7040975596,39873.4462858547
"kappa1[61,88]",1.19864393194971,0.85761042635151,1.00005446704401,40285.9611515455,38844.4039604376
"kappa1[106,40]",1.91104330482547,1.56273409869278,1.00005441558208,38866.4815707451,38597.7485698685
"kappa0[18,34]",0.785151048102416,0.429044277458226,1.00005439760252,39862.9086145525,37347.8277705011
"kappa1[11,84]",0.303198827134449,0.199624326549295,1.00005414063168,39843.1362164124,39969.1939769508
"kappa1[4,55]",0.424286153179407,0.300376964605956,1.00005412444353,40583.1371495618,39334.7470449408
"kappa1[54,62]",0.900277403167222,0.806631676550524,1.00005408809576,39823.3732207076,39278.2276245362
"kappa1[106,36]",1.92798944634579,1.58466845490837,1.00005399640721,39249.8992767467,39289.3821981819
"kappa0[38,21]",0.386308382910696,0.266862265118748,1.00005399241919,41013.6497342784,39749.1979957118
"kappa1[83,44]",1.3179774145138,1.43167750907509,1.00005396662852,40074.969503951,38915.2664361644
"kappa1[65,28]",0.602313265839144,0.468455718007863,1.00005383299139,38899.4773798143,37722.223675556
"kappa1[38,16]",2.24120918126053,0.831286809270662,1.00005372124448,36602.5437739039,39373.3075614478
"kappa0[5,56]",0.623554049709062,0.293851961595256,1.00005371444128,35965.4910557068,39453.3163733854
"kappa1[39,37]",2.16449193002869,0.942790819375703,1.00005368492314,38119.5403082451,38899.8996650592
"kappa0[7,90]",0.0981358926119072,0.0422418190525856,1.00005345602569,38466.7531063635,39383.0543432976
"kappa1[98,55]",1.59674439710663,2.02116721010694,1.00005327624378,39395.7933455233,39267.6192730426
"kappa0[39,23]",0.732712982679484,0.468864514848081,1.00005323258535,39769.1315986318,39635.9178668895
"kappa0[84,51]",1.2187101192657,0.870235508513902,1.0000531817341,39759.6405885827,38418.4222774661
"kappa1[37,42]",0.942024690230824,0.530994711748534,1.0000531794577,39715.887803619,38318.4730135677
"kappa1[21,40]",0.899983330562046,0.503904120764161,1.00005314099854,39208.461707377,38376.2636676525
"kappa0[82,1]",1.18247244479685,0.534986555083798,1.00005310516014,29266.6576588738,35971.0900155813
"kappa1[89,54]",0.717644004595894,0.586792160983742,1.00005309628166,39719.9054654743,39503.5458616158
"kappa0[52,53]",0.811479126058644,0.356643312996942,1.00005303817918,39928.3039493651,39564.4363917077
"kappa0[28,80]",0.174540094215071,0.0900064943982846,1.00005300641459,40519.4788724671,38512.2288168952
"kappa1[87,9]",1.36610798530581,1.51666213218066,1.00005292087723,40152.2898990085,39811.5455167233
"kappa1[36,22]",0.804061087616824,0.52323139799528,1.00005291441297,39805.9248129078,39418.0633385983
"kappa0[67,65]",0.593147327699996,0.458947430847188,1.00005290914333,39214.6213067744,39157.6862400786
"kappa1[26,30]",0.335417887268911,0.225563446715159,1.00005290638595,40347.0478170491,39168.5467900466
"kappa0[30,80]",11.719996826404,5.45591348801656,1.00005286797842,38709.2319584791,39416.0333109432
"kappa0[3,70]",0.581514099418963,0.35497968451737,1.00005286121884,40021.6566887612,39106.2570751328
"kappa0[5,103]",0.372650822932255,0.213929106818743,1.00005284031403,40123.902170906,38687.4088229821
"kappa1[36,40]",0.519585513961569,0.384888162296402,1.00005269409852,39657.3201822089,37960.9821613114
"kappa0[9,98]",0.24248703835713,0.130323155282741,1.00005268851685,34261.5865835168,38425.2885427449
"kappa0[9,85]",0.24255348748285,0.130346781687009,1.00005264870616,39107.9820406848,39972.2771228532
"kappa0[55,61]",0.369582216221182,0.183366603322872,1.00005263607646,39119.1854729901,38537.6492075587
"kappa0[61,30]",0.883354089696853,0.48830812069689,1.00005256332735,40504.7346897138,40403.1697459486
"kappa1[61,28]",1.20584773446058,0.861657209386517,1.00005255950715,39831.9311484772,39529.6147888856
"kappa0[78,44]",2.97845551383801,2.86984362847416,1.00005254073179,38703.4508109236,39280.1483323386
"kappa1[25,22]",0.434648604291257,0.31021117632079,1.00005241905867,39504.2866056167,38636.6568865206
"kappa1[92,25]",0.436667805602273,0.309726978857371,1.00005234197644,40783.3603168689,38045.1968457853
"kappa0[61,31]",0.421157461927328,0.297218682282534,1.00005232227023,39655.8296953926,39949.3539486321
"kappa1[3,70]",0.336755521317418,0.227371033115793,1.00005232059874,37934.4775602484,39192.3462037007
"kappa1[80,85]",0.693486237216478,0.56586091576218,1.00005231653085,39953.700658112,39054.204379731
"kappa0[72,59]",1.46827585625965,0.472934896457339,1.00005231181891,36883.8463922974,39556.2420451097
"kappa1[39,36]",1.40059026480284,0.726223046922328,1.00005230107289,40093.3374295572,38860.6797634625
"kappa1[39,41]",3.86546652148945,1.31375734826077,1.00005229740992,39428.0327766763,39470.2588399083
"kappa1[75,55]",1.1770499947294,1.19153597887032,1.00005229364519,40312.7986551071,39678.0891850435
"kappa0[106,37]",0.876732883502778,0.778818389313724,1.00005224593943,40120.4151914271,38990.4630360325
"kappa1[106,16]",1.91699679453335,1.57285232232083,1.00005220798223,39920.1566168945,39640.3467051124
"kappa0[22,34]",3.0407474912121,0.762254448060695,1.00005186756554,30296.6134029839,38965.9436320864
"kappa1[104,12]",0.703600249030225,0.574373309152662,1.00005181250942,40001.5228956199,39028.0937808905
"kappa0[25,40]",1.14192585028136,0.574891191024934,1.00005173964045,39748.1324528329,40105.8038807811
"kappa0[61,54]",1.4382859986389,0.663809165418502,1.00005172726974,37625.530827723,40125.9458741488
"kappa0[73,11]",0.791138341269813,0.346722606801041,1.00005165481215,35734.1700640207,39554.5864386569
"kappa1[60,90]",0.597106972245048,0.458047601451072,1.00005159568161,39871.442179141,39555.4028187792
"kappa1[39,51]",0.749609739125755,0.483461282774199,1.00005157656871,40229.0962060774,37892.4733396085
"kappa1[106,35]",1.91503959011012,1.57091307597049,1.00005152471936,39918.9289375679,39460.7336446722
"kappa1[52,28]",0.545614201578073,0.326742241894156,1.00005145255569,40036.8775268928,39722.6519246187
"kappa1[104,90]",1.11089217524601,1.09086837843365,1.00005140676822,39043.2629444526,39778.8568304068
"kappa0[66,6]",1.02273471637921,0.702751208754547,1.00005133006414,39983.3817119181,39287.8553005482
"kappa1[92,16]",0.924431871694991,0.519241485301601,1.00005130483357,39509.8049305808,39472.7469667185
"kappa1[36,39]",2.40200497351514,1.0556036706864,1.00005095619807,39839.9360330155,40096.6159449125
"kappa0[80,93]",0.990549719667173,0.559275710526051,1.00005089098634,39962.3687894585,39973.1321818581
"kappa0[37,43]",2.6979522044398,1.02291917241797,1.000050878028,39311.8331840097,39480.3305734092
"kappa1[72,59]",0.838195260377214,0.553789148687507,1.00005081821049,39450.4590864577,39370.4647000039
"kappa0[71,3]",1.97047500539998,0.85156265774211,1.00005072625544,32339.9531115424,38576.1645275207
"kappa0[82,64]",1.15696243756652,0.818994117871551,1.00005070881477,39310.6288743336,39454.3632664686
"kappa0[36,91]",0.546826998277178,0.413135548542019,1.00005070014242,40208.4738790788,39729.7044777058
"kappa1[25,34]",3.59331359080457,1.15823925555185,1.00005068689691,38771.7168259556,39012.8504960475
"kappa0[17,10]",0.468375600694007,0.181086173608719,1.00005065467786,27811.1436797992,38096.7329460249
"kappa0[55,80]",0.284061040071055,0.15501626632593,1.00005022046113,39708.9733925114,39705.3084294144
"kappa1[19,91]",0.170358430219435,0.0869679588981615,1.00005010678458,38870.454433334,36994.9886908367
"kappa0[30,96]",1.98255080273048,1.63547949560012,1.00005008058476,39584.9586524401,39721.9638901055
"kappa1[41,99]",0.491813630960349,0.359266402820199,1.00005001785292,40423.809292817,39393.2670704821
"kappa0[108,9]",2.61359125247273,1.77974885083679,1.00004998130385,39838.9733734457,39024.9313964886
"kappa1[12,35]",0.237167762563505,0.147602484211189,1.00004996719343,38490.1625980458,39582.9719729147
"kappa1[55,19]",0.437843842440143,0.313622146457418,1.0000499642323,40115.5331239991,37651.9700770922
"kappa1[53,29]",0.869066214468311,0.574952469634361,1.00004994619262,39511.263855434,39698.2929963731
"kappa1[43,37]",0.396514379350216,0.2770837101019,1.00004983389393,40171.4486795373,39221.0484892606
"kappa0[64,12]",6.6262995609857,2.70111671958958,1.00004976903431,27414.0396320688,37309.4124815053
"kappa0[109,13]",3.76433315093315,2.28576233429028,1.00004973424481,37786.5323589349,39637.2927904865
"kappa1[93,14]",1.06218582307194,1.02818141506787,1.00004970692334,39282.475165266,40137.2311718323
"kappa0[48,2]",1.10442567698985,0.556924827038941,1.00004957863751,39651.1838736817,38877.7421064815
"kappa1[106,22]",1.90492886643473,1.56552354112504,1.00004954631198,40007.1187377393,39409.855125723
"kappa0[85,84]",7.40310946208687,3.01871589486231,1.00004945464646,38444.4945481454,39337.5343970142
"kappa0[9,110]",0.384853424547394,0.17327155900614,1.00004930760565,32980.2133724062,39222.46203602
"kappa0[49,66]",0.367448872634146,0.207699010271009,1.00004930661421,39338.9772607275,39618.0032328305
"kappa1[100,10]",1.58734435766385,1.22470509126746,1.00004930205197,39227.0881366516,39515.8566571154
"kappa0[28,99]",0.174191577948355,0.0889682776682904,1.00004929366085,39291.0764171677,40267.7594365262
"kappa0[24,30]",0.129012493941084,0.0634005730653917,1.00004921227755,40114.1799946407,38979.1583832125
"kappa0[53,54]",0.627963125083787,0.332638282468809,1.00004919792549,40210.3986036652,39011.2788477654
"kappa0[25,55]",0.420862549420008,0.296954202907619,1.00004915780531,39195.4636358936,39763.9928362391
"kappa1[53,61]",1.25023604131471,0.736072849967522,1.00004908707512,39178.637033202,39802.2232032589
"kappa1[99,16]",1.89656535761545,1.20834200429011,1.00004905865471,38017.6015955497,39536.5324080409
"kappa0[2,19]",0.257352709426307,0.164095598954888,1.00004904809936,38896.1935044195,38190.4674069517
"kappa0[28,90]",0.21983523559519,0.102577004502012,1.00004899141847,36023.3151840314,39035.5912110827
"kappa1[93,44]",2.03378358710535,1.690746727553,1.00004897997264,39853.1453034328,39392.4520157552
"kappa0[95,55]",1.2802989273687,0.939505618846653,1.00004893462287,39795.1070341958,40055.86960145
"kappa0[99,43]",2.80664199703791,1.40224805192899,1.00004890357504,37360.9447586388,37296.5437600924
"kappa0[124,5]",1.61762007294264,2.06165495399941,1.00004887762618,40431.307321638,40142.2503481236
"kappa1[106,34]",3.17188472486836,2.25766964606301,1.00004876992522,38615.9310041745,39690.2718663495
"kappa1[3,52]",0.485321991194787,0.290023347000621,1.00004869987786,38419.9072739059,38291.2436588762
"kappa0[31,12]",1.22018360517817,0.878148171826444,1.00004868161296,39690.3653413421,39626.7836703999
"kappa1[53,47]",0.550084173536275,0.415966443128745,1.00004865838412,37486.661194306,38094.6103127295
"kappa0[79,44]",0.820179638063401,0.536302122071903,1.00004865283322,39698.7901246848,37827.3115591387
"kappa0[8,29]",0.23925846653377,0.113530275226821,1.00004864872386,35250.5072285535,39527.4947267022
"kappa1[24,30]",0.103724393258028,0.0563159663202474,1.0000485737094,39659.9079005991,38998.2973834366
"kappa0[38,25]",2.64086405736305,0.87918743042557,1.00004855441504,37199.604119011,39845.8412721734
"kappa0[25,39]",1.15162307533285,0.583209098930296,1.00004839656599,39648.2156052732,39245.6751603719
"kappa0[56,12]",0.0965549427486915,0.0458278077829654,1.00004838731295,37051.6401836811,38774.0570076862
"kappa1[44,93]",1.09680243360874,0.765228068149818,1.00004835434423,40014.4240806426,39852.5439927342
"kappa1[83,66]",1.31252315509902,1.42541444641021,1.00004831321776,40200.7219683227,39929.4054837806
"kappa0[90,28]",3.3100494342134,1.50624077456729,1.00004829407676,37832.9113608076,38850.8934259548
"kappa0[103,8]",0.431993786016383,0.252850558115059,1.00004829266713,39151.11476231,38503.1137940469
"kappa1[53,65]",0.862588531364944,0.569149233028656,1.00004821714536,39744.0697282374,38177.012615679
"kappa1[17,23]",0.550497714507984,0.332234429761625,1.00004817989195,39308.3951943018,39388.548028406
"kappa1[41,18]",0.757636565067681,0.487271818944048,1.00004816314369,37715.036612459,38960.7313944824
"kappa0[43,19]",0.886741180293471,0.498114025313555,1.00004815093387,40486.3818597966,39871.1446343019
"kappa1[55,54]",0.437098687740638,0.31229757166255,1.00004798005205,40115.395272525,39632.8911532042
"kappa0[17,35]",0.358606729650595,0.243667093253873,1.00004794555359,40434.9521000643,39508.0820391424
"kappa0[88,19]",1.4560266759661,1.1040584139294,1.00004794461837,40771.6361286042,39781.8596570149
"kappa0[39,36]",0.479025913930894,0.351509744391165,1.00004794394098,39677.297591099,39296.6938222157
"kappa0[40,16]",0.868373200819567,0.578966389758271,1.00004785411342,39588.8338905176,39685.2096374423
"kappa0[104,8]",1.67390176909145,0.549141068973549,1.00004780013435,20854.9899716492,33125.11069456
"kappa0[38,54]",0.569370434133065,0.346980018798872,1.00004774312545,39784.6320023753,39605.8252535145
"kappa1[71,13]",0.666973225818757,0.536208911388611,1.00004758149575,40375.2540782755,39824.92999032
"kappa0[101,12]",1.35597212066362,1.49361946236926,1.00004745156921,38207.0496822456,38769.5979657582
"kappa0[10,55]",0.425107952025068,0.247363031794105,1.00004727673459,37816.0635929749,39268.9200258102
"kappa0[17,43]",0.358724411664157,0.244399638441606,1.00004724705057,37329.5180447822,38632.5893986989
"kappa1[48,80]",0.713613174428117,0.580081078836765,1.00004718062682,40423.6044150479,40055.7141162247
"kappa1[52,6]",3.59303414783615,1.01096446149732,1.00004711035846,34757.9433211352,38831.3966832969
"kappa0[33,25]",1.10593342137668,1.09453618376963,1.00004707942464,39601.8974911017,39453.6644382145
"kappa1[30,61]",1.12464729620068,1.10989247922392,1.00004679768345,38486.8146740873,38250.1753601698
"kappa0[11,71]",0.279836944108182,0.153392017910752,1.00004678589482,37972.9517005741,37069.2775063716
"kappa0[19,115]",0.119823308510297,0.0662321964439778,1.00004672337344,39971.2269009487,39415.1034374675
"kappa0[22,41]",0.291101772930673,0.190276476450728,1.00004667941492,39189.2687821477,39005.0582658787
"kappa0[61,88]",0.42133915596131,0.297394167206708,1.00004666497453,38669.5633030235,38165.4349529287
"kappa1[42,39]",0.812079863066166,0.530546936047728,1.0000466105182,39768.1227953812,39183.8005111679
"kappa1[27,76]",0.349865952600912,0.123875144359241,1.0000465261959,38735.3160763846,39269.1652131282
"kappa1[91,92]",19.7313390810741,7.44645817732315,1.00004643456863,39950.426790176,38022.9992891962
"kappa0[36,15]",1.07353772566186,0.411569412976154,1.00004633912752,23318.6474575382,36148.4331035189
"kappa0[92,9]",0.539668291638973,0.251339551492352,1.00004632994779,33720.1028295544,39390.6693548412
"kappa1[25,38]",0.437181106799525,0.311810650250695,1.00004632458906,39692.1239581438,39537.3682390355
"kappa1[10,22]",0.453268803978006,0.265676457518335,1.00004628444535,34861.0006449411,40000.5946332004
"kappa0[64,58]",2.28290285356768,1.97465756421521,1.0000462481233,39742.989263955,39995.1963869308
"kappa1[44,27]",0.664886542610083,0.535558417411688,1.00004618124658,40286.250618448,38766.4845126295
"kappa0[6,44]",0.0702258580457539,0.0321902428552895,1.00004616302786,39615.5363922094,39499.1551403385
"kappa0[19,86]",0.156013433916256,0.079065138254823,1.00004613036711,36652.0831136112,39135.5790827552
"kappa0[107,10]",1.02303071478562,0.970450679646798,1.00004612777338,39433.7429311204,39473.844486439
"kappa1[85,9]",0.929951989197608,0.835254978413867,1.00004611124937,39702.8262188688,39679.7266705841
"kappa1[28,62]",0.354595069547099,0.198840741515452,1.00004611109908,40710.3489291482,40146.6411792821
"kappa1[51,6]",0.702288400460022,0.375500313252406,1.00004610283142,38657.1135954461,39435.3136174046
"kappa0[11,79]",0.362785604203821,0.180713799400386,1.00004600146109,35955.0209731008,38843.6946505485
"kappa0[33,53]",1.10510365720959,1.08498650310743,1.00004598739266,39157.8056983459,38809.4345022992
"kappa0[12,96]",0.289845850262878,0.140819031543726,1.00004598621864,33818.158543856,39609.3609365702
"kappa0[6,56]",0.0700352779168486,0.0321643048431156,1.00004597311561,39455.3411534717,38373.0614664084
"kappa1[54,89]",5.14283093837906,2.77380552635777,1.00004593484325,39708.3404984002,37548.5873523139
"kappa0[85,9]",0.905611046682694,0.508964859206751,1.00004589923266,40122.2063613232,39916.857768218
"kappa0[21,89]",0.612227168464903,0.377537743030362,1.00004587368558,40077.7096960821,39039.5987033558
"kappa0[51,54]",0.383356802567759,0.192342136022419,1.00004585747053,39425.2797941541,39326.4405549349
"kappa0[4,44]",0.410239298480489,0.290679791512215,1.00004579768533,39460.5941865037,40125.3337066801
"kappa1[7,104]",0.0534506261673656,0.0267439388595744,1.00004569042047,39608.2365420068,39678.1756050913
"kappa0[23,9]",0.256272283039678,0.138195966136232,1.00004563584976,37787.380339955,39169.4162924339
"kappa0[24,40]",0.159860261044911,0.0720350126847321,1.00004560629687,38374.6961839597,39684.8051827814
"kappa1[13,72]",1.87730053842633,1.52540131699588,1.00004557619509,39554.9988688388,38663.6668155434
"kappa0[71,11]",0.69741966013574,0.445700006814934,1.00004556500604,40032.6987306617,39032.0691181628
"kappa1[43,53]",0.396166548469069,0.277674754714311,1.00004550248661,39300.3767004751,39618.77911717
"kappa1[35,86]",0.798477233602908,0.519767687741471,1.00004544659171,40326.6336521857,39905.3356832027
"kappa1[38,99]",1.0852528806677,0.541456736002666,1.00004542005886,37484.198742244,38866.1694554019
"kappa1[87,54]",1.5512010704994,1.90096605602895,1.00004540923489,40038.3498439357,39736.4389382517
"kappa1[97,51]",5.16101154564386,4.20118608095733,1.00004540321763,39031.4380625121,39399.3663675482
"kappa1[51,120]",0.514696077797252,0.308176333984274,1.00004538110432,39423.2077991862,40182.7408220918
"kappa1[104,28]",1.11121070933255,1.08258735889091,1.00004535664471,39950.1798080799,40266.9396723656
"kappa0[16,89]",0.647083511078522,0.341184335603459,1.00004533791668,39399.8126222356,39651.804025224
"kappa0[44,104]",0.54925550132167,0.254808361012553,1.00004530035103,38907.8069601188,38960.2682797081
"kappa0[53,66]",0.465888354984157,0.273261262435521,1.00004507903039,38964.4492030597,39323.7288649783
"kappa0[114,103]",1.72637755055256,1.3775748391308,1.00004507209529,39193.8208804031,38443.0791197765
"kappa1[62,17]",1.2709935122871,1.3546134405381,1.00004495794746,39550.9303205487,40053.929963994
"kappa0[59,119]",0.884023796843366,0.589534692836258,1.00004491702963,39577.0431146392,38548.4469925119
"kappa0[47,51]",0.396185350740043,0.114372249539686,1.00004490155671,36927.4943729997,39004.0057884457
"kappa0[66,5]",0.463264932443664,0.275563732969039,1.00004489669533,39909.8453031955,39943.6734537341
"kappa0[2,70]",0.35843097993961,0.202537725516551,1.00004488390519,39385.6529231946,39894.5365158073
"kappa1[22,99]",0.960077004373471,0.391209836813458,1.00004485535685,37794.3719081552,39347.3391180891
"kappa0[92,55]",0.503096530156677,0.373151430857763,1.00004479436413,39769.3438443843,39763.1678920234
"kappa0[20,39]",0.873554896695806,0.384817412476167,1.00004476128082,39857.250826552,39706.4422051454
"kappa1[25,16]",0.922529242425752,0.516131583024288,1.00004473621439,39325.6727902729,39637.7563133047
"kappa1[42,91]",0.812002718460998,0.528385441468792,1.00004472667402,39301.8438293174,39867.8078817016
"kappa1[89,41]",1.21318970319273,0.870931331169148,1.00004469062351,39698.196495094,39518.8246134993
"kappa0[17,34]",1.13837312828553,0.509561896804004,1.0000446754714,39731.6909597768,39181.4747752304
"kappa0[18,115]",0.571842518294867,0.347228269499545,1.00004451813198,40071.1642234759,39796.9653611643
"kappa0[75,12]",3.01440007401271,1.24422648199021,1.00004439971902,30432.8282014476,35892.1807284973
"kappa1[53,49]",0.552654958065007,0.414314856706703,1.0000443552778,40423.6533447872,39768.1582120992
"kappa1[61,19]",0.715793063703226,0.585667495254249,1.00004431813646,39282.6504348977,39591.3590320447
"kappa0[46,56]",0.433193039607871,0.218620414931903,1.00004423754596,39843.0760879964,38686.7216502468
"kappa1[20,34]",0.904288523710272,0.397675645416262,1.00004423228988,38932.1565012364,39030.3869224583
"kappa1[119,9]",0.444697953897296,0.320474659245118,1.00004407751132,38670.6172397954,39196.6376425095
"kappa0[12,110]",0.425890832816604,0.176368189644979,1.00004400681553,28287.1650670426,38272.0622556594
"kappa1[4,124]",0.632654629359169,0.39690172200616,1.00004396978887,34449.7532899701,40038.3911039915
"kappa1[63,12]",0.913091786119576,0.820219153951318,1.00004394345273,39995.8480432944,39639.0812822705
"kappa1[16,54]",0.312053547576197,0.205175001018944,1.00004390719357,40278.3594760036,39512.9457710401
"kappa1[17,99]",0.75480260647879,0.41264206600051,1.0000438990448,38191.5447496103,39367.3167798016
"kappa0[86,30]",1.79622910770112,1.43771638350038,1.00004384518551,40449.7195695483,39109.2153215399
"kappa1[40,25]",3.82247060154625,1.47522651173494,1.00004383780702,39634.2731394126,39471.1324630439
"kappa0[43,23]",0.637924373063459,0.400286499523984,1.00004378085239,39873.8717557611,40189.0357679005
"kappa0[52,90]",0.393479261916798,0.226341888715817,1.00004375682695,40249.1864473005,39230.7291083192
"kappa0[42,20]",0.824132746284913,0.545468745445826,1.00004371222325,39829.6307246433,40056.2679716624
"kappa1[61,89]",3.34285539123997,1.70264893184754,1.0000436336168,39718.3173413834,38163.4418227163
"kappa1[61,115]",0.717387466392705,0.58654029156178,1.00004360959487,39911.003963971,39477.5775965379
"sigma2_beta_cr[1,3]",0.00662413618737422,0.00390343597723805,1.00004353526742,17310.1770130475,27065.0332731313
"kappa0[24,18]",0.160010991529075,0.0721486787947547,1.00004352756265,38757.4724404733,39115.0650452707
"kappa0[103,114]",0.590115506417808,0.455264507547091,1.0000435236889,38882.5373685916,40028.177000478
"kappa0[42,24]",2.01811047922916,0.958809533435677,1.00004348143662,39848.5168860779,40194.7731766049
"kappa0[99,11]",1.86403475823347,0.646978654897958,1.00004336662377,22310.7840081409,34908.080533836
"kappa0[45,11]",0.764986963145873,0.649989302126698,1.00004314949632,39485.7614992327,39802.9249800665
"kappa1[41,86]",0.757275539451678,0.486289214265401,1.00004311594531,39182.9279407155,39844.4718609517
"kappa0[15,35]",0.370935483656129,0.213423525541399,1.00004304000529,37342.4311795156,39669.9208045524
"kappa1[23,37]",1.74416338033194,0.747519470804133,1.0000429719854,40178.7639621291,40054.5552030607
"kappa0[104,73]",0.919406022298343,0.616108618145999,1.00004296500236,39313.4892943131,39786.713724261
"kappa1[21,23]",3.50862333770623,1.1269802120364,1.00004295176501,36285.3893911571,39846.5665493795
"kappa1[65,56]",9.20200916292959,2.58866594513341,1.00004276144842,38031.7563797668,40058.0740656059
"kappa1[39,19]",1.77329069177929,0.830493827878892,1.00004269950649,37971.0062290249,38880.0644895251
"kappa1[5,103]",0.400628561605107,0.278569437408371,1.00004256854375,35488.2344868031,38675.3506973276
"kappa1[21,99]",0.903014578997032,0.502175635061205,1.00004254191436,39730.8938592976,39068.8890422671
"kappa0[8,26]",0.188384424760167,0.0974928970416789,1.0000425381819,35708.4059792784,39397.4609095811
"kappa0[51,48]",0.215569970875943,0.131770284720745,1.00004253484755,39714.8925053711,39554.2314170592
"kappa1[37,16]",0.673188975397369,0.424580197288087,1.00004252054286,39806.1771850205,37693.6062423051
"kappa1[81,44]",1.32706973338535,1.44136556667988,1.00004241832916,38312.1970876462,38511.0869419958
"kappa0[55,47]",0.652024712200903,0.256072026237442,1.00004239718826,38504.1558786064,38650.3372668394
"kappa1[36,23]",1.15329887256584,0.667782142850163,1.00004233290717,39107.4956952581,39149.2159266194
"kappa1[61,51]",1.20780572264711,0.865745280301885,1.00004227192136,39393.4427449099,40225.3332392352
"kappa0[78,11]",1.89420147502698,1.53723147718047,1.00004224239067,39017.3445786965,39027.0066021182
"kappa0[51,20]",0.295169811505439,0.162274757234204,1.00004222490846,39508.2896184477,39669.7380746172
"kappa1[108,12]",1.27270818621215,1.35340719348781,1.00004219410452,40018.2146196154,39845.6276307647
"kappa1[72,8]",0.260439115837362,0.166412297460978,1.00004216664093,39721.9440622629,38535.5105427074
"kappa0[66,26]",0.630632650719597,0.491665426505621,1.00004200744805,38913.5564080875,39011.7426330563
"kappa0[56,11]",0.313772454671448,0.0911661274883124,1.0000419091097,16523.276262487,35420.3680221129
"kappa1[55,56]",3.22687668338456,1.08061051088325,1.00004190808054,38732.0690029672,39503.1495934804
"kappa0[93,66]",0.716959371783592,0.58998023217875,1.00004187763207,39194.356840332,39586.5625098912
"kappa0[4,109]",0.611420785773459,0.377229140971731,1.00004182653268,35906.1825355326,38487.7405186129
"kappa0[95,30]",1.28212924039588,0.934009163305819,1.00004181436941,39060.7414259659,39724.8984942832
"kappa0[90,47]",1.01768955156125,0.700926728786053,1.0000417957126,38521.0998298969,38438.2756063166
"kappa0[81,1]",1.49254743051077,1.13397301955209,1.00004179098404,38953.3809945487,39734.3752870342
"kappa0[18,37]",0.385032418095466,0.265297798234406,1.00004176001484,39619.6503108675,38143.6749556828
"kappa0[84,85]",1.22400164276029,0.884207985438821,1.00004163051089,39955.1847370259,39680.5241068856
"kappa1[82,56]",5.06099500189992,3.20881576176074,1.00004154219345,40193.6249108521,39968.5983599696
"kappa0[57,51]",0.382050568350918,0.218540847252783,1.00004152363924,39781.3854697372,37864.7456874722
"kappa1[28,19]",0.255560077864962,0.16062636715892,1.00004150517457,39857.5719953097,37804.5294254565
"kappa0[44,12]",0.873357614161903,0.191312855332653,1.00004150184054,7840.58297548574,22130.0047110735
"kappa1[25,54]",0.435164144038606,0.30990975850293,1.00004147490237,40549.8131330615,39971.9197057023
"kappa0[40,37]",0.87095018443527,0.577880332056861,1.00004146070425,39127.174769169,39469.7347062048
"kappa0[98,11]",2.46968563401094,2.21352955589453,1.00004138369313,39872.1780562411,39269.5992562264
"kappa1[54,88]",2.59262000731139,1.76809363193709,1.00004137263021,40521.4894481265,39227.7214905342
"kappa1[12,83]",0.238218615904608,0.147516734108726,1.00004135706601,39319.7957903785,38986.2706502559
"kappa0[65,112]",0.532160079609842,0.320884147649184,1.0000412519231,39456.2429848228,39433.2177645125
"kappa0[57,12]",0.152429393311709,0.0774207049153117,1.00004120783987,37869.8832155196,39298.1662161745
"kappa1[9,35]",0.429577276459627,0.251048710467703,1.00004118274578,34684.1805735024,39502.5590895444
"kappa1[57,55]",0.500583540544867,0.368620187555734,1.00004087387026,39369.057829111,40222.4227361988
"kappa0[15,36]",0.371276091876881,0.210877617571336,1.00004082900155,37798.7969908087,40140.2939988108
"kappa1[104,74]",2.18212692257324,1.87491410624648,1.00004073684573,39116.4272034346,39843.3919367424
"kappa1[89,95]",0.721590334744681,0.596597873811453,1.00004068003106,39048.309997806,39665.0912036799
"kappa0[5,90]",0.492362185662765,0.254243826618554,1.00004064894623,32324.0562203578,37254.0504793432
"kappa0[18,55]",0.783589715749438,0.429107830155032,1.0000405424975,40344.2697646612,39679.6819050663
"kappa1[61,91]",0.725364203379862,0.600408667473,1.00004050074316,39527.5172008349,38389.9140029521
"kappa1[106,51]",1.90949460619652,1.55513667884648,1.00004046389417,39940.4344638079,40138.1969144203
"kappa0[72,8]",0.144551545978608,0.0723358288789829,1.0000404632218,35186.8349459013,38898.4577344121
"kappa1[16,43]",0.944432401279585,0.41720370509037,1.00004030069577,39913.3991365441,40084.9510303418
"kappa1[29,51]",0.398302913179367,0.276720385988585,1.00004022396581,39871.0990538439,39681.7598321525
"kappa1[3,93]",0.485616210686174,0.289295356372269,1.00003995759107,32451.1822000067,38813.5298244155
"kappa1[39,16]",2.16682070056768,0.945992918945549,1.00003990070599,39935.316799288,38822.0319949709
"kappa0[82,66]",22.2716480181703,4.84912003150578,1.00003984161644,29834.3295408976,36161.7107830232
"kappa0[71,12]",1.61231271431416,0.751202430257579,1.00003967268581,38256.058863787,39890.0038981102
"kappa0[55,49]",0.285427301826267,0.154441017477927,1.00003956616983,40259.8778234406,39281.7247611167
"kappa1[9,78]",0.302104753395908,0.199221346716651,1.00003947721818,38990.9112678197,40014.9618247803
"kappa0[46,52]",0.23780004159214,0.148654289101543,1.00003944276143,39438.0031587489,40054.1048973466
"kappa1[28,56]",0.254331421331897,0.160455632741306,1.000039416086,39517.206393978,40163.1314295594
"kappa0[15,115]",0.371435356943877,0.210934307709519,1.00003940445268,36620.6511735363,39152.6661891343
"kappa0[90,51]",1.02545181557189,0.699860319472664,1.00003934311022,40013.000282249,39455.0611391221
"kappa0[36,16]",0.547622477280664,0.417141112584269,1.00003930309566,40487.0259020255,39844.2754439838
"kappa1[68,8]",0.96713129644507,0.889456276590917,1.00003929986271,38941.3342693269,38395.7602372055
"kappa1[103,72]",1.65467346102964,1.28567275253529,1.00003926074921,39433.9587466752,39595.2277356197
"kappa0[43,17]",0.42586400045202,0.30326955433386,1.00003926019955,40198.9612615678,39080.0325950829
"kappa1[109,12]",1.23075238987338,1.29076651208742,1.00003920990268,38604.9754623749,38997.900201435
"kappa1[28,51]",0.254527180639452,0.160638182764656,1.00003919412301,40860.0342132716,38897.2985922787
"kappa0[22,38]",0.702126227851635,0.334105911478896,1.00003911560591,38774.5415535473,37662.2325794209
"kappa1[80,93]",0.696869001926977,0.569238745234047,1.00003906677992,40351.9253479909,39426.8852310475
"kappa0[26,19]",0.174745013053129,0.103482198106189,1.0000390492486,38430.8497183629,39682.8846049999
"kappa1[48,8]",0.564306957241354,0.345017179207676,1.00003901533508,39774.5787268411,39383.0118128419
"kappa1[31,32]",1.40210920225481,1.56204436005853,1.00003901100598,38056.2655657624,39493.7703524875
"kappa1[42,40]",5.38010789764972,1.68161085202816,1.00003900604855,38716.0318265339,39515.3525892927
"kappa0[42,55]",0.824922562379075,0.543040977741801,1.00003894027166,40348.2348511068,39473.9491554486
"kappa0[38,17]",0.386928681401706,0.269078704641993,1.00003884928524,39510.6678854444,39353.3576747629
"kappa1[1,66]",0.203324116203012,0.124619965026051,1.00003883569121,37736.8791808105,38039.7792642665
"kappa0[56,50]",0.816234515630217,0.270001660981302,1.00003882972182,38197.1819192,38508.843327322
"kappa0[12,69]",0.226117579340048,0.119463341102104,1.00003881962173,34690.8818480494,38093.5983236317
"kappa0[9,95]",0.178992638314984,0.106703757478503,1.00003879661506,37195.2834807027,39013.2368853147
"kappa0[106,100]",1.55313040115064,1.19229562652732,1.00003875870422,40624.8560942303,39972.0903031924
"kappa1[34,42]",1.56494525462193,0.610581782401295,1.000038754356,39779.9647432638,38568.4541909953
"kappa0[43,37]",0.637746459061735,0.400596706066762,1.00003870954557,40838.6238355017,39991.3905673149
"kappa1[51,29]",0.704688429470086,0.379713343610177,1.00003869948931,39862.4109989399,38770.5886159343
"kappa1[14,55]",0.0647607719926717,0.0329657892300176,1.00003867623221,39444.0207394559,38483.8872685254
"kappa1[21,17]",2.46343169426578,0.92222752813257,1.00003865920232,37849.5812986187,39408.9311520068
"kappa1[37,41]",0.674144210819148,0.424659323689703,1.00003856762069,39263.8873070748,39511.9118776094
"kappa1[17,39]",0.547813868865963,0.33147915152364,1.00003853536692,38861.9795631598,39708.211112234
"kappa1[34,19]",1.80218385037116,0.660753472815356,1.00003851539285,39491.0524949452,39186.292120586
"kappa1[119,5]",0.444724972768394,0.317607391568234,1.00003849863892,37815.3729671183,38500.0381248195
"kappa0[53,61]",1.19048907975419,0.488925031661722,1.00003848489165,39925.7685163544,39680.4156327208
"kappa0[112,55]",4.10560349445426,4.98601205808023,1.00003847031796,40413.3367416759,39891.5105258927
"kappa1[21,61]",0.430867308945031,0.305873094760005,1.00003843987165,39631.7054605143,38632.3755045388
"kappa0[29,52]",0.561223257007056,0.23659619693697,1.00003838280463,36713.0819058448,39145.6805742591
"kappa1[70,71]",1.64454945249447,2.1608008304504,1.00003836961493,40271.0663671978,39865.7190092955
"kappa0[43,40]",1.15797357364927,0.586749417606863,1.00003836929239,38703.2686119433,38737.2109488412
"kappa0[93,29]",1.20256582066209,0.863013106641947,1.0000383478406,39618.7231895101,39803.1655155561
"kappa1[38,86]",0.604934710344979,0.374300144450108,1.00003828407273,39385.2628547412,39635.5561458086
"kappa1[94,9]",1.33407562934011,1.48504856920841,1.00003824567632,40354.6580373145,38875.2976072245
"kappa0[92,23]",0.504917313867222,0.375114643124425,1.00003811442292,39991.7344246496,39271.7197068655
"kappa0[99,34]",3.49865501399798,1.59539098749263,1.00003798375266,39741.5865504911,40010.306615814
"kappa0[51,18]",0.295310117757805,0.162990622092779,1.00003798134908,39261.3910425386,37716.7261621069
"kappa0[86,16]",1.8059290307186,1.44618569031627,1.00003794079422,39897.4087257192,39213.0696262324
"kappa1[99,23]",1.89522706126954,1.2088257909717,1.00003782571792,39784.2876891824,39970.5328181313
"kappa1[17,42]",0.549195376777114,0.33304782499385,1.00003776236955,39969.3773545343,39516.344407883
"kappa1[60,85]",3.05150294770818,1.38005727535615,1.00003773780412,40693.8854849051,39598.4099874811
"kappa1[93,53]",1.05229948859635,1.00356884176331,1.00003769179978,39885.2554078976,38943.1081544556
"kappa1[89,110]",3.37484671943304,1.71621547927731,1.00003769030744,38984.2475267602,39683.8283340289
"kappa1[37,40]",0.946968725974207,0.535027532019822,1.00003766982816,40262.0994097628,39347.3347377836
"kappa1[17,38]",0.373078423745425,0.253929460421935,1.0000376606916,40050.2282500519,39293.5421388816
"kappa0[41,20]",0.52585786356933,0.394394565093665,1.00003763586733,39614.7493799172,39014.465398588
"kappa1[71,5]",0.671748319039505,0.543815277729739,1.00003739620835,39077.9574093958,39458.4981331594
"kappa1[17,35]",0.749046238345128,0.408051806160108,1.00003735345848,40097.8606574012,39097.5281697583
"kappa1[106,61]",1.01029872503678,0.94828546769822,1.00003731577334,40585.9637457865,39465.9329605686
"kappa0[42,17]",0.529042296196447,0.398721077313225,1.00003728432221,39542.1912886382,39584.708125522
"kappa0[10,34]",0.42524563076477,0.247776691194343,1.00003727317727,38594.597032332,38638.9622928454
"kappa1[95,26]",1.6217717233846,1.26453928754578,1.00003726019255,40457.7885329487,38802.5471250231
"kappa1[22,17]",0.81125025997982,0.351083046191044,1.00003723055195,39928.329091003,40056.0730695095
"kappa0[104,57]",0.915955577596229,0.614216535913121,1.00003722132251,40037.5244808973,39467.437835837
"kappa0[80,85]",0.703954069801456,0.448574240406252,1.000037190902,40854.7194724384,39320.9266198438
"kappa0[48,61]",1.93844356807699,1.22592245288542,1.00003714167355,40527.5160656744,38048.397431326
"kappa1[23,43]",1.15021057382035,0.580770466734748,1.00003711064939,40548.9486724606,39451.3303045746
"kappa0[95,47]",1.2758888165141,0.926897474185329,1.00003701626347,40538.986172048,39597.7202971439
"kappa1[89,61]",3.39112950465243,1.72845017368491,1.00003697445505,39681.8793655746,39185.8697760272
"kappa0[35,16]",1.45290953233844,0.74942401427505,1.00003689965058,38998.7157600694,38628.6838425439
"kappa1[30,10]",1.22466687553318,0.886650023448797,1.0000368916868,40139.7835158828,39800.0286314179
"kappa1[18,23]",0.447532691336126,0.322737623370017,1.00003686308292,40554.2181838724,40223.5312995841
"kappa1[11,46]",0.433847147421559,0.254217523304625,1.00003676562663,38616.1675499265,39886.3532784862
"kappa1[78,27]",70.1585131701506,41.7055411963748,1.00003674258038,39991.4456707699,39816.2621030004
"kappa1[51,67]",0.35319155476201,0.240198565083079,1.00003673099507,40089.3029418788,39513.069739066
"kappa1[102,54]",1.5235042138484,1.84885498667368,1.00003670391217,40382.2807437488,39887.0572117968
"kappa0[18,53]",0.570899479665601,0.347651813341739,1.00003661774759,39895.2989418389,39960.6308361263
"kappa0[5,48]",0.370168278045963,0.212438722577727,1.00003660747019,38562.0498870362,37806.853992957
"kappa0[52,29]",1.11909379640429,0.428628452200787,1.00003660262851,40152.6151009519,38866.2967603271
"kappa0[51,57]",0.478604855839701,0.219642002777835,1.00003658912091,38250.5176275459,39639.6528243522
"kappa0[25,36]",0.419696527812283,0.296178647951253,1.00003655560018,39664.9993772025,38802.249510904
"kappa0[61,99]",0.423726020112995,0.300248287145555,1.00003652476791,39803.7722261879,39792.1408185349
"kappa1[55,91]",1.20171989547154,0.607480694232152,1.00003650793712,39111.2361340307,39572.50573839
"kappa1[104,53]",1.10047543945018,1.07721857673034,1.00003638177419,39069.2206170422,39865.7473757106
"kappa1[12,111]",0.237562027188935,0.149809215092984,1.00003637401275,37699.1359676616,39529.3071316288
"kappa1[92,53]",0.663171704077218,0.414614609895256,1.00003631926226,39595.851619209,39829.2208627302
"kappa0[12,18]",0.169039195411166,0.099448522984628,1.00003630522533,38817.6488580059,38480.5572727904
"kappa1[56,12]",0.124758839230045,0.0610641098732478,1.00003627826748,37695.7416502851,37973.8995300137
"kappa0[23,42]",0.613524502150187,0.381567951341813,1.00003626865394,39965.9536328413,39350.1348549996
"kappa1[55,51]",1.51478412290236,0.695614036203926,1.00003621060566,39035.9639021676,39969.1259299834
"kappa1[93,65]",5.21445494346145,3.28843866667568,1.0000360859892,39944.3285129157,39148.855569936
"kappa0[24,37]",0.192673107654257,0.079984751760215,1.00003600450561,38206.0675859738,39335.7323465147
"kappa1[43,39]",0.810928380566928,0.447113778010808,1.00003591100509,39965.2884793585,39005.7210395098
"kappa1[52,48]",0.745304569286956,0.401813537575263,1.00003589946271,39931.7304487148,38769.5561274958
"kappa1[110,62]",3.15580507269131,3.17903156415502,1.00003589585035,38866.447854845,38385.9784031394
"kappa0[13,52]",9.37163080361177,3.91276049493461,1.00003581611328,32434.2746244284,37096.4271002798
"kappa0[23,37]",0.611870722877241,0.380921980109441,1.0000356903211,39247.7499108478,39805.2889281634
"kappa1[66,2]",0.480806137396137,0.354300983502331,1.00003561822596,39634.7435472798,39822.1165934713
"kappa1[30,96]",1.12970030627561,1.10528769829377,1.00003553836548,39544.560252065,39876.6344695306
"kappa0[43,38]",1.45028828368574,0.668611579084622,1.0000355290136,39158.4450189322,39405.3181271692
"kappa0[2,44]",0.359120956518627,0.203088582454194,1.00003549148436,38143.7747189616,39130.9979044457
"kappa0[26,44]",0.59667900406007,0.218146050509541,1.00003541790585,40156.4786491979,39672.8762006949
"kappa1[51,117]",0.516166155191391,0.309820293656247,1.00003539968257,39204.3185763365,38864.5739904186
"kappa0[35,86]",0.494850184156073,0.36673846935932,1.00003529122368,39538.480470967,39198.2789630595
"kappa0[46,114]",0.329848069272716,0.183423625847266,1.00003526983238,39730.3569351571,39586.1886777159
"kappa0[36,23]",0.547230471432158,0.413104454174064,1.00003510620086,38970.9923173165,39386.4187679827
"kappa0[99,42]",1.57905856872512,0.96396578312634,1.00003506183661,39679.9348323478,39089.2227753452
"kappa1[46,114]",0.277170943906953,0.150901091528373,1.00003500874309,39549.5508576581,38690.980929914
"kappa1[53,26]",0.870338479160378,0.582131917632046,1.00003498555096,38899.7474290564,39237.2894415009
"kappa0[17,86]",0.357050698559162,0.243622705532626,1.00003496736752,40028.9779569373,39457.8957072306
"kappa1[53,89]",0.867997382475613,0.573736008807056,1.00003488643717,40407.0367255085,39638.1153824299
"kappa0[19,53]",0.156094447523971,0.0783273248084664,1.00003482822961,37497.4663319809,37674.079855377
"kappa0[51,14]",1.11325617868356,0.356235607850649,1.00003481600145,35577.1118480587,39087.8105698748
"kappa1[114,3]",9.23743781832617,5.45964652103815,1.00003476745316,36216.9480058095,38302.843360223
"kappa1[83,11]",0.948879403934728,0.858873159543068,1.00003474357707,39026.572293519,39915.7541038252
"kappa1[38,35]",0.837449754628288,0.462620644579705,1.00003469544614,39747.8533219116,39352.4307422703
"kappa0[12,43]",0.357135766457492,0.159096962077579,1.00003464345667,26962.233282766,38890.5542092626
"kappa0[117,15]",4.12601097032608,3.14244691006124,1.00003464253657,38584.8549854027,39198.2266750164
"kappa1[47,93]",0.103581217184355,0.0562741610162142,1.0000345594974,39623.7741872935,38659.5410901573
"kappa0[38,22]",0.574127684154565,0.353618297615494,1.00003453890169,40125.7383310186,37721.3985853224
"kappa0[29,95]",0.286209602745204,0.156222080297562,1.00003448729844,37404.2884510435,38818.141897651
"kappa0[104,74]",0.909836884199679,0.612255643203352,1.00003445667584,39633.4332142492,39243.1664944806
"kappa1[94,65]",1.52172751501427,1.83637653309901,1.00003444995661,40433.7891398702,40224.148687981
"kappa1[24,91]",0.167515194507068,0.0761751080837302,1.00003437413518,39700.7843481678,39802.2373404409
"kappa0[52,14]",1.28479457032782,0.459163689627154,1.0000343691494,39611.2086843059,39094.9656809923
"kappa0[35,24]",8.34442235413232,2.04141577932023,1.00003432596096,31516.779612381,37787.1151671479
"kappa1[87,43]",3.92006307726175,4.50578735176249,1.00003426932325,39407.9651417589,40141.306119072
"kappa1[53,94]",0.553865470288111,0.416580045756549,1.0000342557891,39455.7720127077,38779.5594100801
"kappa1[44,14]",1.09484027921138,0.765839625397688,1.00003425569656,40055.8375530406,39310.1465899959
"kappa0[53,79]",0.464396965546705,0.274684949760676,1.0000341918973,40941.1714556916,39659.4110836243
"kappa0[83,85]",1.43337578403671,1.0677512569296,1.00003410038387,39678.6775413385,39973.8527798192
"kappa1[43,35]",0.808170041077082,0.44490797815381,1.00003407933791,38927.7624579488,39711.9116144641
"kappa0[42,12]",0.361764607618911,0.204668571254952,1.00003405218575,39179.2622374277,38669.6596560004
"kappa0[93,71]",0.715310786197155,0.586614038860775,1.00003399459546,40322.3845295084,39349.251043033
"kappa1[37,24]",0.672608080651106,0.424718197570792,1.00003392931489,40531.7125999056,39187.0934450729
"kappa0[97,51]",1.51979656040465,1.80984033469235,1.000033887405,39716.1828018016,39801.9523744657
"kappa1[90,55]",3.02265784524323,1.75091051634185,1.00003387723201,40191.2474375969,38832.3771135722
"kappa0[110,11]",1.43705513992689,0.866682514733287,1.0000338647526,39931.1986464554,39017.3312396
"kappa0[53,19]",0.32351281236249,0.216040075996267,1.00003367802724,38602.7309000015,39196.1643002091
"kappa0[61,48]",0.874078323781359,0.485087506002784,1.00003364956707,39670.9968804008,40058.7936737134
"kappa0[63,58]",0.862366978560251,0.756264715740226,1.0000334330504,39327.2871594628,39132.9003008732
"kappa1[52,55]",0.545286910099896,0.330561213111243,1.00003342070797,40188.5429336039,39741.1339282668
"kappa0[111,9]",2.34396873444764,2.04834507013921,1.00003322267036,40023.661493176,40306.8021834418
"kappa1[21,38]",0.644611016358262,0.400677190969791,1.00003315552878,38384.414102343,39096.2468621395
"kappa0[53,44]",0.990409533618788,0.43826876538181,1.00003315519888,39243.5737179784,38306.0984257551
"kappa0[18,25]",0.568111000201577,0.348135797970823,1.00003313423474,40039.9852888536,39864.9626629083
"kappa0[55,89]",0.553019772288767,0.232275223588092,1.00003313112031,40394.0717308257,39496.3628065722
"kappa0[42,40]",2.95212575312811,1.19886627698408,1.00003301833893,38099.1170873018,38731.0396094923
"kappa0[71,109]",3.14718260403233,1.8278821015647,1.00003301057082,40111.8866816158,40174.2333378192
"kappa1[53,58]",0.553087165591609,0.420648495132248,1.00003297670799,39365.7400552666,39817.9242673971
"kappa0[98,89]",3.4656719014926,3.67351907007186,1.00003286276658,39965.130725634,40360.5476795438
"kappa0[56,82]",0.398045782373405,0.178049963449654,1.00003269906717,38762.2849839851,39882.5671871992
"kappa1[8,71]",0.223972344561721,0.138341664230685,1.00003267486767,39843.8187936657,38784.8138524604
"kappa0[19,55]",0.156386330390991,0.0790029529405426,1.00003266817916,40177.4822379429,40184.7362186535
"kappa1[22,37]",0.521936414311241,0.270436498178101,1.00003261689903,39120.7881107881,38046.047154437
"kappa1[104,44]",1.10552276607764,1.09096283716385,1.00003261023831,39516.2294042325,38649.0179396998
"kappa0[94,53]",3.45158741785099,3.67498659604162,1.00003252878495,39454.5372763351,40392.144798082
"kappa1[80,56]",0.696818405295133,0.566622612887618,1.00003241648785,40127.087017575,39763.8698744589
"kappa0[91,62]",1.06415084175264,1.02159562111046,1.00003239473057,40244.9503290459,38678.8241848215
"kappa1[40,23]",0.889171834833242,0.596333249122141,1.00003237874666,39980.4707087974,39595.5998435467
"kappa1[54,10]",0.772538035120126,0.503970516553987,1.00003232764648,39470.4863716081,39595.3896905314
"kappa1[12,124]",0.33013639501811,0.185186159251273,1.00003219681403,38506.2893720645,38536.2888491437
"kappa1[51,66]",0.517303218429204,0.31406982153413,1.00003219678724,39801.645242035,39080.2283800621
"kappa0[77,78]",1.32313477169485,1.43318285754455,1.00003217448641,40036.7073682769,39889.6669860657
"kappa1[104,66]",2.17432832062669,1.85495331955209,1.00003215793759,39794.4729822187,39847.9859590497
"kappa0[62,88]",1.68059577350343,1.04049451904822,1.00003214886938,38975.7890774405,39269.9386647573
"kappa0[92,16]",0.500191764560816,0.368824519770287,1.00003210509593,38612.3140824186,40032.1149447708
"kappa1[22,36]",0.521550876742203,0.269441681422336,1.0000320880362,39233.6593166048,38532.5138510175
"kappa1[65,1]",0.428806664815413,0.251133662689095,1.00003205038219,39339.0914333634,40223.5990892662
"kappa1[51,90]",0.353427074404695,0.239061691252503,1.00003202271297,40787.9207504898,39592.0339451788
"kappa0[61,115]",0.634794489737806,0.393263857592665,1.00003201766876,40291.9878537903,39592.2508582366
"kappa1[57,44]",0.503433478075425,0.369964647705788,1.00003199168556,40048.8625042401,37851.4995044142
"kappa1[102,89]",1.51403702377206,1.82017803574144,1.00003188109801,39155.9001570928,38261.5912693142
"kappa1[18,115]",0.443868505551794,0.317637519624155,1.00003187201217,39896.8577928106,38371.5168863157
"kappa0[12,94]",0.22720271696825,0.121223989148526,1.00003184656427,34382.2344264877,39844.7480838723
"kappa1[25,55]",0.65660565681068,0.413519865026799,1.00003182277094,40263.1128900121,40699.0152698478
"kappa1[120,15]",4.08867623745546,4.78417805076809,1.0000317032274,38601.727186215,39589.8856592443
"kappa1[55,93]",0.658091896341812,0.415951998265873,1.0000317030606,40895.7410905358,39732.4751673674
"kappa1[16,20]",2.52382454773485,0.728476525185308,1.00003157791699,35383.6504572516,38967.1396672723
"kappa0[104,29]",0.576386371943937,0.444963723167746,1.00003156719303,39967.2976557893,39470.3346497736
"kappa0[55,82]",0.285072838823073,0.156177881917135,1.00003155040929,39737.4476017048,39763.6372505212
"kappa1[22,43]",1.45230168816154,0.488168218747877,1.00003150372302,36775.5883659116,39097.5387191189
"kappa0[20,89]",0.420574219763461,0.243326807369994,1.00003144931318,39282.4314381791,39683.6140968925
"kappa1[11,83]",0.303814767517705,0.1989954976521,1.00003139222797,39898.5244573672,38422.7365167852
"kappa0[25,38]",0.628655990942506,0.390804533796059,1.00003135434391,38761.5973324453,39999.8581340167
"kappa0[24,99]",0.261307234745954,0.0958387702256919,1.00003130982485,38468.9078318999,39138.630905556
"kappa1[66,63]",0.864860583336708,0.75968498657639,1.00003129991991,39891.3957688764,39889.523621831
"kappa0[44,78]",0.334879005949675,0.186682937742029,1.00003127577077,40158.9926276892,39582.6058968764
"kappa1[124,5]",2.44995874171566,2.20214503264117,1.00003126549799,40114.118629816,39214.5574531872
"kappa0[91,30]",2.04840927731327,1.71251246736294,1.00003125722429,39616.8396325985,39551.5900484453
"kappa0[109,59]",2.66411134654838,2.46160603657322,1.000031174327,40071.4889050554,39756.7380777182
"kappa0[23,34]",3.57386525985572,1.09350082820381,1.00003111195332,38271.2204000017,39167.5647167248
"kappa1[25,17]",0.657739963096,0.416007361095753,1.00003102184348,38422.9095012328,38511.0491610761
"kappa1[84,51]",1.18165527951293,1.20292468266835,1.00003099660762,39592.0702196452,39462.400674856
"kappa1[71,109]",1.07083729099699,1.04575021462265,1.00003098848653,40349.0373808168,39887.1368347459
"kappa0[116,3]",3.19277588736758,3.21017878022108,1.00003098226665,39272.9664283508,40266.8953005262
"kappa1[62,88]",1.27476558897518,1.35336667870122,1.00003095219172,39499.1116634493,39425.9204601499
"kappa1[47,53]",0.13441219214882,0.0663885232197429,1.00003089138372,40199.9206100476,39217.2577864761
"kappa1[86,87]",1.23696859223276,1.26460936028007,1.00003084398501,39797.2471815717,38204.9826654296
"kappa1[59,9]",0.829145114243328,0.545500349284851,1.0000308329043,40197.4316893249,39963.9965188161
"kappa0[66,11]",1.17898090781729,0.487829040957683,1.00003081739348,34162.2025987814,38580.4642896822
"kappa0[2,18]",0.357770029484232,0.204913470023155,1.00003071446657,39632.9203041091,39577.3153499099
"kappa1[15,110]",0.393196253116166,0.272097480587799,1.00003061499323,39139.2154272668,37789.6790737892
"kappa1[2,51]",0.282896248732172,0.181609051257341,1.00003061261712,38227.3024977664,40096.5453959879
"kappa0[12,49]",0.226528261020121,0.120524106584167,1.00003059761863,36603.3295751849,38961.5064468036
"kappa0[21,99]",1.67984836394112,0.713154037403392,1.00003058178277,39593.9615916054,39668.9560915251
"kappa1[51,28]",0.906048438936727,0.443253014603641,1.00003058122797,39647.5412870899,39697.6331512334
"kappa0[84,83]",2.5876849507672,1.44721703269293,1.00003053440994,38866.2462057635,39720.9949990884
"kappa1[65,14]",0.965730125766968,0.656008138544965,1.0000304678268,39715.0276932757,39802.5632726585
"kappa1[99,43]",1.89039726294871,1.19805403972436,1.00003044970128,39380.4749245214,39407.5557973829
"sigma2_tau[8]",0.0427450135622341,0.00545163706782365,1.00003044349658,21607.335781016,29552.6158486418
"kappa1[11,85]",0.303855397759768,0.198905638463593,1.00003037997523,34051.4743200972,38342.6580642586
"kappa1[62,24]",1.28795747521646,1.38483605389634,1.00003037444943,40098.6205189594,39366.2799696648
"kappa0[28,61]",0.132675198921156,0.0748950193683626,1.00003037209572,39580.1617577032,39384.0507022469
"kappa0[2,55]",0.256122617833889,0.161686199085625,1.00003019702191,38158.569589887,38370.8660462273
"kappa0[99,37]",1.57141006171446,0.965769112788156,1.00003015735844,38952.7863100485,39219.3626617926
"kappa1[75,77]",2.39807472350262,2.12227707972954,1.00003015395294,40225.8854270885,39666.5270536606
"kappa0[28,95]",0.268288815903021,0.115625313671266,1.00003012647895,39732.1623034742,39351.6745135853
"kappa1[71,12]",1.10352883775438,0.775031332248328,1.00003010469146,39180.1498150131,38485.9013251566
"kappa0[30,9]",1.0431228925721,0.72269498469924,1.00003003220753,39229.2491366963,39432.5120650276
"kappa1[29,66]",0.39783608907337,0.276558289449201,1.00002983513694,40375.2677634147,39215.2362833751
"kappa0[26,51]",0.235848809246435,0.125784523545785,1.00002976619495,37936.9251704773,39397.1220010075
"kappa1[51,73]",0.353715347810768,0.24006482350802,1.00002966878843,39539.978439256,39483.1513797333
"kappa0[29,16]",0.209211188386082,0.12799987519172,1.00002965592194,39626.5612875314,39667.6454764639
"kappa1[19,92]",0.129735953880406,0.0725937788356496,1.00002964767066,40117.5205010816,38993.5811139726
"kappa0[36,34]",1.2403197359836,0.73441980323317,1.00002959036325,39218.7606606282,39414.53518529
"kappa0[12,23]",0.168313587079619,0.099392221043965,1.00002958597163,39352.067666713,39212.7505582652
"kappa0[97,12]",1.32724982364294,1.42511376845525,1.00002943214528,40393.0515458866,38502.2563929713
"kappa1[15,90]",0.584328310126204,0.359015957112427,1.00002942223411,37463.6340386442,38882.4794475965
"kappa1[22,39]",0.393369489257381,0.227758106107915,1.00002928927287,39586.246879657,38518.2039209322
"kappa0[106,12]",0.787973757356973,0.516663795314579,1.00002924986019,39541.3645957673,39628.854678459
"kappa1[95,34]",0.902752704141349,0.809079075176868,1.00002923288727,39748.6110837048,40295.1017993065
"kappa0[22,19]",1.20037835746432,0.46086071100956,1.00002919593758,37071.905284501,38829.833016514
"kappa1[96,15]",4.23188091481573,3.25252057946374,1.00002912927894,38259.1233164797,39747.3635531534
"kappa1[90,28]",0.798610685319955,0.682240994641871,1.00002906450192,39818.8364593754,40191.6358928821
"kappa1[27,58]",0.435958181261152,0.139609594736849,1.00002893328392,36848.3667647456,38830.3642775236
"mu_alpha[2]",-0.0697712734057024,0.00542053942446922,1.00002893314324,25243.3375697704,34624.7497953189
"kappa0[93,84]",1.20363943506208,0.861334037590461,1.00002887718151,39780.3236779218,39622.8494742209
"kappa0[87,11]",0.779192186336398,0.65895590880554,1.00002885279784,39131.2522100519,39612.3734999332
"kappa1[1,55]",0.444878673665674,0.202698383267404,1.000028850247,20502.6303779236,33933.8030754663
"kappa0[17,38]",0.521410417445971,0.313573033242221,1.00002876203232,40375.8359068923,40265.2280641971
"kappa0[21,40]",0.41187466313203,0.289527346302894,1.00002860509006,40121.9577800068,40141.7964302262
"kappa1[51,48]",0.514482472957901,0.307522098198181,1.00002853109348,39551.8577484082,39205.009071454
"kappa0[104,5]",0.404566963820565,0.232136753746566,1.0000285114169,38357.1562665251,39266.5746603745
"kappa1[109,4]",2.52416285557559,2.28541164913974,1.00002842670644,39066.5683260029,39638.0156986066
"kappa1[120,121]",1.62799935646595,2.0754075979388,1.00002834375118,39675.3091963034,37039.3440610422
"kappa1[16,34]",1.31621091776368,0.512002726974905,1.00002827543142,39019.1132942109,39213.6813586978
"kappa1[53,108]",0.552053005293866,0.420282247009045,1.00002822971971,40228.1271480296,38335.7817950768
"kappa0[24,36]",0.226708056534647,0.0881525096706054,1.00002822189895,38423.0222105757,38936.155642178
"kappa1[51,95]",0.35264298461364,0.239750952432908,1.00002822000576,38711.5057070632,39107.2315877987
"kappa1[66,26]",1.54695253489209,1.19083731767337,1.00002811035312,40050.6694279465,40269.4768734849
"kappa0[16,36]",0.330388020898932,0.220629371008124,1.00002798978928,39801.5663036299,39354.1586978161
"kappa0[116,4]",3.15868586447078,3.19349349464738,1.00002791901081,39649.5050626058,40055.1686208774
"kappa0[109,5]",3.76814589307191,2.30547458657091,1.00002786836857,39564.8404128035,40265.1894340549
"kappa1[6,55]",0.0564710369333448,0.0282824830798588,1.00002786582373,40123.0265528652,39793.2376413041
"kappa0[88,89]",5.56118876463804,2.66417606384389,1.00002784497073,38173.6144033742,38690.6619639684
"kappa0[16,37]",0.330246711151328,0.220497125667882,1.00002777755495,38573.843653855,39177.6809459143
"kappa1[93,57]",1.0621874435322,1.01974083069254,1.00002777538854,40429.7406985247,39844.0467843669
"kappa0[33,54]",3.69825234256551,2.75941760416419,1.00002777073364,39681.1971876017,39431.9421930218
"kappa0[41,86]",0.527598505406858,0.396978586430668,1.00002775262392,38748.5085311309,39089.3172619018
"kappa1[55,48]",0.435590744534448,0.31198615249169,1.00002774140112,40172.1283824252,39557.3815081053
"kappa0[22,20]",0.705891368490013,0.33660048197107,1.00002772323803,38954.2458031868,39351.1675220163
"kappa0[36,99]",0.854519415144987,0.565184789714381,1.000027616835,39119.0074030347,39226.1423244434
"kappa0[42,51]",0.823926710295326,0.538093522451326,1.00002759568076,39346.0620581712,39216.8208090566
"kappa0[104,90]",1.32113939569764,0.78961457825645,1.00002758213314,39353.4467428651,39757.6455296102
"kappa0[108,44]",1.27887915815881,1.34128354570868,1.00002754411103,39017.4502762779,39431.5944776807
"kappa0[46,55]",0.237135412695743,0.147145646722308,1.00002752201886,39006.9197968194,40095.4297398495
"kappa0[40,61]",0.55476224282268,0.421785255440166,1.0000273743956,38456.4725203015,39199.6313584374
"kappa1[34,18]",0.510376263089704,0.30663879553852,1.00002734736472,39957.3559343231,39336.1253733678
"kappa1[51,89]",0.906220367666789,0.445335330985684,1.00002726000698,38490.0243585052,40013.938739677
"kappa0[56,44]",0.816042269139747,0.266806599926148,1.0000272589384,39045.5084528933,39669.2995230494
"kappa0[109,4]",1.61110772149798,1.25462574130621,1.00002717200051,40293.8791506951,39370.7613705326
"kappa1[23,86]",0.635378893023094,0.396500861530333,1.0000271223649,39485.0423009611,39887.4827466162
"kappa0[53,58]",0.467451158064328,0.275574094570193,1.00002711697279,39845.0338969285,39500.7285080307
"kappa1[90,58]",1.37581819613937,1.02087545357386,1.0000270306803,39173.1359432694,39219.0386419074
"kappa0[38,34]",2.64924478255671,0.880633261715528,1.00002685873912,34334.5866276729,37836.7499598506
"kappa1[16,39]",0.600045646457802,0.313107650850682,1.00002677009171,39306.9606202846,39311.4723717718
"kappa1[21,43]",0.9005726963863,0.500433452774927,1.00002665985653,39897.4868151622,38417.4302412641
"kappa1[56,57]",1.00493317508463,0.355426031744846,1.00002662807504,36434.0469785171,38759.1852129099
"kappa0[115,117]",52.0880025994093,29.377688536256,1.00002660970235,37998.3234858917,37899.6398255794
"kappa1[43,88]",0.586803938807341,0.361640346377279,1.0000265975406,39525.734569093,38746.8926792358
"kappa1[12,66]",0.330594127258495,0.18667275670866,1.00002658047533,30224.8231700875,39211.4545341002
"kappa0[53,26]",0.805929683308151,0.387209422506271,1.00002656724565,39685.8322528063,39055.7707894221
"kappa1[65,79]",0.601184428649818,0.466816359359192,1.00002655082629,40119.8379666426,40395.021563109
"kappa1[85,12]",0.927778190243724,0.845765584636796,1.00002652865975,39938.0522457742,38726.6198609497
"kappa0[38,9]",0.232775840393398,0.1236493405496,1.00002648708158,38924.9128198032,38708.1004492023
"kappa0[34,38]",1.58705372931029,0.619052255804177,1.00002646005737,39155.7055213787,39226.1497089914
"kappa1[28,82]",0.253833279617074,0.159639739233733,1.0000263498478,39871.2921201583,39499.5094484598
"kappa1[79,52]",0.902791474267813,0.80254972613749,1.0000263343281,39885.6701740406,39888.5296723729
"kappa0[43,86]",0.423859622667068,0.300166449219504,1.00002631764299,39851.3264091032,39924.9133032618
"kappa0[36,41]",0.548816038463112,0.416331247232983,1.00002629497408,39864.3827673924,38384.706460765
"kappa1[17,40]",0.750540696015757,0.409172551650347,1.00002623726693,39498.843119241,39409.8784751991
"kappa0[16,115]",0.480759383517462,0.284820173031612,1.00002614230767,38174.5983903837,39969.4897081235
"kappa1[114,119]",6.95208922571771,6.3494720621873,1.00002604969452,37348.9925638929,39117.2874227336
"kappa1[22,51]",0.277699418792806,0.178378769697256,1.00002599659207,39385.972918496,39583.1988357374
"kappa1[99,22]",3.51408146135277,1.80286092445795,1.00002598077978,39426.0712465597,39823.0210949223
"kappa0[103,59]",4.21422513758865,1.65011764700598,1.0000259738262,40500.774102554,37807.9181214695
"kappa0[71,72]",1.41125076482611,1.05578123418833,1.0000259244865,39764.6421216637,39929.0965436342
"kappa0[4,124]",0.408277595223838,0.287431089630478,1.00002586801522,38696.2641067902,38607.3052561851
"kappa0[56,8]",0.238032583361351,0.0781870869191266,1.00002584650171,20594.3322125769,36647.05907387
"kappa1[24,37]",0.202073111250287,0.0852505692051775,1.00002580060994,38671.7338448336,39777.7007495984
"kappa0[23,43]",1.11303528008117,0.559821083882126,1.00002576236349,39573.3295105682,39310.4676122762
"kappa0[12,111]",0.226266773806989,0.119670347546434,1.00002575065248,39682.5639624886,39083.0993712821
"kappa0[27,93]",0.084143577089009,0.0358389635733099,1.00002566464732,39634.5905204956,38237.6334756127
"kappa0[23,86]",0.410360756466882,0.287884584813844,1.00002557832458,39862.319134857,39322.2081728493
"kappa1[48,53]",0.707359377536748,0.575062482017613,1.00002549198485,39647.7947031343,38100.778493199
"kappa1[18,55]",0.446055936354328,0.320357928416884,1.00002544976548,39935.8935747291,38974.3908653595
"kappa0[18,9]",0.606571541864392,0.223670960817365,1.00002543733359,23254.4198608406,38404.945445116
"kappa0[43,35]",0.882919043929592,0.48971682455337,1.00002542577728,39709.3860039625,39149.7783334652
"kappa0[9,78]",0.243299467665252,0.129528094532243,1.00002540333318,35745.878771403,37363.8092526998
"kappa1[52,44]",0.746819690002582,0.406161640941066,1.00002534442101,39972.0557437628,39635.9897675887
"kappa1[108,126]",1.50918383107322,1.84083865548942,1.00002531980092,39816.7419579705,39823.2356017994
"kappa0[6,65]",0.0702580943873571,0.0324711156795223,1.00002526453448,39054.9938730167,39378.983762658
"kappa0[19,25]",0.555564423713212,0.163657331129012,1.00002519717559,34061.3403446046,38639.6578395216
"kappa0[61,113]",0.629438959665262,0.393974418756653,1.00002514775127,38700.0167510179,38363.8303110198
"kappa1[5,7]",1.34494936056404,0.624826619117531,1.00002513263466,28880.4896729751,38476.7293332021
"kappa1[48,56]",0.712641405431763,0.582239466061709,1.00002507586367,39650.3410619655,38827.3001386955
"kappa1[51,61]",0.699940325775843,0.376757811146975,1.00002506128454,38741.9095392501,39805.9805840688
"kappa0[43,30]",0.426942069111765,0.302404081269146,1.00002505451552,39250.496207318,39761.0493854091
"kappa1[40,24]",2.21138230685135,1.06819004781481,1.00002501849224,38870.068665323,39904.5078278456
"kappa0[34,40]",0.704216836887517,0.379547949474454,1.00002501821558,40065.4349953502,40141.5488451245
"kappa0[108,55]",5.02650053986704,4.09049634735323,1.00002500793682,37872.2244821054,38461.434831912
"kappa0[18,40]",0.383682006043387,0.266533011454463,1.00002495058689,40188.6325479244,39841.9721867554
"kappa0[95,10]",0.405784641682999,0.283041345101878,1.00002470777077,38647.5676083634,39222.1196180019
"kappa1[24,90]",0.103762451078517,0.0567985593778577,1.00002466666137,39537.1627656703,38360.6597759212
"kappa1[82,64]",1.04069790261079,0.984835428140574,1.00002464193115,39452.6559591777,39937.5399421122
"kappa0[67,12]",0.427799851518946,0.248408909172276,1.00002445332557,37278.5538325209,38501.4637336334
"kappa0[86,10]",0.932912640251364,0.634832058987333,1.00002442716769,39449.4054001544,38808.1786431107
"kappa0[51,104]",0.214619165979556,0.131624814025885,1.00002436274142,39349.9492973834,39071.5927685526
"kappa0[39,16]",0.735336469439302,0.468710157048436,1.00002434848344,40153.6684952037,38776.103157851
"kappa0[53,1]",0.646685995271763,0.20306506535363,1.00002428320021,18916.6224542194,37761.331749446
"kappa0[55,26]",0.653039773967979,0.254967745087377,1.00002405603258,39035.3898277601,39967.9180465448
"kappa1[18,86]",0.669341234833381,0.421633998095375,1.00002405483823,39607.9436211885,39001.580519552
"kappa1[21,35]",1.18480368365452,0.597602841833019,1.00002405333317,39711.8015310406,39243.5096124671
"kappa0[106,99]",4.84532900454441,2.59316416303047,1.00002404509919,39499.4681120318,39603.8304275475
"kappa0[38,10]",0.232150928937229,0.123711323254301,1.00002401209077,38572.4956196803,40265.3967268704
"kappa1[116,12]",1.51723003928432,1.81472849257086,1.00002395974626,40539.3047751246,39884.7492553773
"kappa1[124,12]",1.18684643848438,1.21510728237806,1.00002395454858,40426.8314351122,40096.7461746596
"kappa1[72,5]",0.260617242390554,0.166438747613068,1.00002394532948,38876.7809425348,38421.376323832
"kappa0[2,90]",0.256903411456732,0.162361949483967,1.00002390337599,36937.1239351728,40354.9191257317
"kappa0[23,25]",0.842608780281845,0.466153146576225,1.0000237241581,40200.0312868724,38939.8575333338
"kappa1[38,21]",1.09078323556512,0.546675030574034,1.00002365482709,40311.128548209,38695.4713013554
"kappa1[35,16]",1.93795360895486,0.924645189704526,1.0000235852474,38837.0817248371,38693.2307516084
"kappa0[10,90]",0.572072131724058,0.302809896913745,1.00002357854,33940.6024264357,36686.9538860977
"kappa0[34,9]",0.158831090703395,0.0925332284357106,1.00002357314166,39365.9695611386,39113.0058420911
"kappa1[22,89]",0.276812208578192,0.178509058148175,1.00002347559957,40402.1000243486,39505.429095218
"kappa1[12,69]",0.238423788101345,0.148940111501756,1.00002345770094,38933.9879074895,39683.0345139478
"kappa1[27,55]",0.392992347157197,0.132606994643553,1.0000234351474,39296.4981382834,37849.8058665907
"kappa1[55,76]",0.437938803203835,0.312132436674358,1.00002342647562,40057.73203796,39757.5550051562
"kappa0[85,83]",6.22704736916384,2.72483515616867,1.00002342019887,39359.650802618,39527.6091314803
"kappa1[24,42]",0.348947596194304,0.115531072214452,1.00002334146129,39373.4613021296,38927.292556513
"kappa1[63,64]",2.74732773575112,2.57499703188087,1.00002333784182,39466.860204083,39222.7516896454
"kappa1[119,114]",1.38437256497201,1.02989376090111,1.00002330139379,38960.4208115661,37960.0091625095
"kappa0[71,59]",4.20481017663369,2.20849062704908,1.00002327799957,39822.2554926809,39577.8931713849
"kappa1[53,66]",0.550181525516605,0.414076329226761,1.00002318930147,39604.2644465043,39929.3708918567
"kappa1[16,22]",1.31565975126649,0.505296845145694,1.00002312790732,36969.0710423976,39858.497191687
"kappa1[39,24]",3.00717099421263,1.13257458717072,1.00002311246595,37971.2019012069,38265.896253373
"kappa0[25,41]",3.04154293480675,1.0173485149238,1.00002306556269,38431.6304556254,38487.2280529805
"kappa0[43,51]",0.631291652128274,0.391479873767798,1.00002299340085,39474.52594478,39077.8197438375
"kappa1[66,65]",3.5348047609622,2.0996526929769,1.00002280784715,39121.0959920721,39230.6030689552
"kappa1[9,88]",0.302547879129719,0.198851417998025,1.00002278900421,39543.8254552225,39256.9505574503
"kappa0[55,115]",0.206908152156759,0.127400371518411,1.00002276016793,40706.702461976,39969.9313048826
"kappa0[90,8]",1.37176773599386,0.532244444697321,1.00002270668823,29396.6655811855,38468.5976581823
"kappa1[87,11]",3.0533782278574,3.0539743033522,1.00002262040569,39643.8815252914,39490.5120710218
"kappa0[46,51]",0.542526533030251,0.249838699914096,1.00002258576228,40096.3549122279,39024.4656512711
"kappa0[56,90]",0.184975414099244,0.110270746525639,1.00002257436362,40339.0493531304,39896.7234944946
"kappa0[86,99]",1.8095989625221,1.45890510083619,1.00002256283688,39293.1354353813,38785.1479878933
"kappa0[95,26]",2.76807601226455,1.5907033081069,1.00002255485003,39215.6580060487,39595.2038935171
"kappa0[67,9]",0.56893109012123,0.299072881287745,1.00002255192644,36049.8248666349,39330.4227994136
"kappa0[72,109]",0.368710995059729,0.209409725709351,1.00002250460969,38663.0041153068,39369.0200270389
"kappa1[55,65]",0.919387329229663,0.512063621033937,1.00002247675336,38193.2725874921,39224.1519711789
"kappa0[55,95]",0.370733867483098,0.182458171898957,1.00002245083557,38436.4818915732,39334.7018929327
"kappa1[104,65]",5.83514095935768,3.79455308865512,1.00002235451592,39712.3952095524,38758.8888823453
"kappa1[95,85]",0.905497455638454,0.803670833864257,1.00002218533149,39500.5979787799,39493.5403144978
"kappa1[6,93]",0.0564492106376552,0.0281764738229959,1.00002207533193,38924.7512679471,39064.5081659586
"kappa1[89,55]",1.2083376410595,0.873647502470141,1.00002198264992,40468.6962141255,38423.333894966
"kappa1[55,85]",0.440650839061607,0.315015122165389,1.00002193044136,39464.3836343208,39742.0255022856
"kappa1[17,41]",0.546386235385769,0.334164811558735,1.00002188427564,38987.6726613377,38245.6745830018
"kappa1[72,9]",0.259432319770433,0.166711856454039,1.00002187548759,38488.2252555502,38690.2948756202
"kappa0[21,61]",0.614472148123149,0.380106142470631,1.00002185420854,40303.2391748228,38814.9436154163
"kappa0[11,64]",0.281121746606463,0.15346385625589,1.000021782186,40150.5531553291,39882.9913352234
"kappa1[110,51]",1.38354524703093,1.54153554248233,1.00002175900679,40143.6657750807,39722.484050346
"kappa0[4,52]",0.61406218662794,0.38425867636108,1.00002169979593,39752.4071659413,39450.9479582057
"kappa0[6,52]",0.0699955381542832,0.0321571008091356,1.00002169323206,39428.1361196591,39721.4610346295
"kappa1[99,41]",1.25449880517289,0.906864052929182,1.00002165861165,40067.467899539,39637.0901659931
"kappa1[14,104]",0.081798572917485,0.0384193887337233,1.00002162913741,39065.8645091537,36722.4374898643
"kappa0[104,47]",2.83682778871534,1.26668924012428,1.000021628599,39237.6053160245,38972.666434323
"kappa1[111,9]",1.66184593704011,2.31261044135523,1.00002161283709,39165.9097736182,38857.645819619
"kappa1[93,90]",1.06423774520981,1.02499754606731,1.00002159296493,38632.2257442392,38845.3546263509
"kappa1[46,103]",0.203403730592264,0.123801785440344,1.00002151069702,39773.3086442217,39914.7302068008
"kappa1[114,12]",1.14875431315167,1.15628022138333,1.00002150145227,40146.9870596099,39122.8588986563
"kappa1[51,57]",0.35323856572048,0.239086642889633,1.00002142045379,40708.4813351164,37577.8334248567
"kappa1[84,8]",1.33592185167365,0.979931632240555,1.00002135697616,39445.9190985425,38581.6338935703
"kappa1[43,20]",0.587757595489241,0.361900471418254,1.0000213219342,39560.5124901231,39803.8829919966
"kappa0[53,91]",0.468155562313882,0.276789152772102,1.00002131163199,39792.8228421506,38583.3677612594
"kappa1[47,65]",0.134408714113276,0.0667258853643562,1.00002125354729,39230.6251342346,39005.94856095
"kappa1[93,108]",2.03999884613406,1.7061045247406,1.00002123252225,39265.7645773786,39662.6030095244
"kappa1[20,18]",1.44611294743427,0.522720946021849,1.00002110453299,40026.8351355104,39041.3329557902
"kappa0[10,18]",0.298668627747453,0.195414150224094,1.00002109707246,37767.5866995002,39225.3426600912
"kappa0[33,30]",2.14894149928501,1.82693179188474,1.00002104320299,40921.0347189095,39953.6100582052
"kappa1[57,56]",0.500786718061695,0.368868416061797,1.00002093738403,39806.8438932024,39176.472892795
"kappa0[12,113]",0.226423345164092,0.120432981122695,1.00002089651437,37591.6428412505,39835.0110448724
"kappa1[23,40]",0.423030613063534,0.298832831526574,1.00002079679713,39953.5773153694,39265.6291343377
"kappa0[93,55]",8.95617947980739,3.04306186492974,1.00002076712363,39499.2963795867,39823.9532901109
"kappa1[55,80]",0.434036559500237,0.308298736456878,1.00002068448012,40053.50227525,39108.2352218671
"kappa1[30,80]",11.6371882771849,6.13742590060283,1.00002066320424,39461.8343898426,39171.4263827962
"kappa1[62,12]",1.61441148569285,1.24767340359989,1.00002063256043,39731.3083728721,39495.5408380712
"kappa1[51,75]",0.352005555494173,0.23850801388131,1.00002055989667,40474.1173948624,38638.2605180948
"kappa1[62,18]",1.28533578259151,1.36871183344202,1.00002055072308,40765.6570707695,39448.086244188
"kappa1[119,103]",1.38804883544218,1.03276776867839,1.00002048249735,38910.2900252462,39091.8944168475
"kappa1[41,36]",0.754584987014014,0.483118180393005,1.00002046869667,39800.5746706123,39889.9178772011
"kappa0[61,110]",0.421369222450485,0.297986286255566,1.0000204094314,38949.277505708,38811.7402441869
"kappa1[55,75]",0.435419070276691,0.309769416823042,1.000020266931,39603.2930435384,39232.9789586098
"kappa1[90,10]",0.655353941016545,0.409840851053234,1.0000200861514,39784.6569713975,39811.4101666548
"sigma2_tau[3]",0.0457663232033352,0.00493488344865999,1.00002003268987,21405.20990172,30341.2032190395
"kappa0[96,98]",8.07320688866698,5.6685291271277,1.00001999725838,40419.3591653189,39679.1204542904
"kappa1[53,6]",0.549097443399489,0.414759749913696,1.00001987057828,39734.4603932143,39413.6862461802
"kappa0[55,20]",0.285245441904442,0.155094179613726,1.00001975471333,40030.1864431283,39889.9877275538
"kappa0[21,18]",0.84819988973129,0.465900091748974,1.00001965090369,40629.6175532389,40004.803263368
"kappa1[40,20]",0.882543434498178,0.590302782222392,1.00001960693014,37126.8094183985,39390.6858192117
"kappa1[93,94]",1.05511169811223,1.01307380379343,1.00001953681022,39884.795385704,38754.4014443423
"kappa0[89,24]",0.490407974215919,0.290928384211126,1.00001949750104,38794.469987634,39365.5694066787
"kappa0[81,44]",2.54026641697184,2.2993500394257,1.00001949079536,40286.9246158091,39955.2883333576
"kappa0[54,110]",1.03563897050101,0.715612970330625,1.00001942892444,39392.2759261238,39950.7383385536
"kappa0[31,111]",8.67942618165857,5.0648984211069,1.00001937534173,39785.1065392426,39103.253165374
"sigma2_tau[12]",0.0684861007652985,0.00607895659676379,1.00001937285004,32658.0893915096,36477.8403578502
"kappa0[78,9]",1.90579238332541,1.55738806236334,1.00001932073146,40060.4398324865,39350.3289887967
"kappa1[51,62]",0.354279335064951,0.240917600301739,1.00001923473545,40176.6460099733,39866.3638677897
"kappa0[17,89]",0.712349980262801,0.38553114191292,1.00001920678297,39820.725424149,40181.6180803188
"kappa0[16,22]",0.642706715502379,0.340325763770598,1.00001912797425,38965.9136345329,38424.2487613142
"kappa0[50,9]",0.514558941301344,0.314015782883031,1.00001912456978,39566.3382790578,39308.0254773085
"kappa1[90,44]",0.795237808814536,0.679232325456197,1.00001911263949,38805.5454213668,39796.430568788
"kappa0[9,62]",0.460816527363362,0.193621092947535,1.00001906654986,23838.3446129801,39051.0164546614
"kappa0[52,48]",0.52266418414885,0.269371855931246,1.00001904846223,37021.7775136143,39978.5049698084
"kappa1[46,119]",0.448156284402136,0.202705108077884,1.00001901952357,40213.5206129694,39475.3526892832
"kappa1[51,94]",0.520479963244184,0.316204608857594,1.00001888055251,38528.6618190188,38869.3659922275
"kappa0[68,8]",1.0841456867024,0.759397987949048,1.00001877214777,39606.7173764744,39840.5250604843
"kappa0[93,14]",1.81394086804223,1.14156750245593,1.00001865463651,39314.3516642315,39000.719993804
"kappa1[47,90]",0.103081638033937,0.0563814741338298,1.00001865207216,38823.9831904162,39128.7470975727
"kappa0[51,86]",0.294744524246986,0.163079018024438,1.00001864756507,40081.4427942294,39847.2638757247
"kappa0[90,58]",0.632086211869485,0.491864639329431,1.00001862496392,39957.4232745125,38855.5474478369
"kappa0[13,72]",0.876632441117615,0.784703227900205,1.00001859175231,39278.8075315279,39332.2105677996
"kappa1[93,7]",1.05289873279931,0.999360686205819,1.00001856613908,39863.8526657775,39679.524291888
"kappa1[20,55]",0.303168140421163,0.198331985112291,1.00001855739769,39496.6752820948,39679.7765965332
"kappa1[75,8]",1.35350656781602,0.994294677418686,1.00001848543389,38715.9856253187,39243.677808898
"kappa0[54,117]",1.0344067030863,0.713948501765759,1.00001845406615,39780.0744914107,39112.8209212189
"kappa1[89,53]",1.21672395620065,0.864969091936906,1.00001843262114,40093.7798546205,39596.8272523672
"kappa0[81,9]",3.40897216851221,2.00978976698417,1.0000183164921,38525.4601063268,38545.8829175252
"kappa1[15,87]",0.798207697614888,0.437829334622466,1.00001821086256,35088.0453794137,39664.8299429281
"kappa1[20,89]",0.302875379935741,0.198543995625608,1.00001820555352,35535.5559972283,39588.9203003725
"kappa1[104,50]",1.11059134359018,1.09303514350881,1.00001816976472,39549.3152582516,39377.8601525854
"kappa0[44,6]",0.333171147808917,0.187451959245299,1.0000180853989,40182.7502440506,40235.5628816842
"kappa1[2,55]",0.532216202529081,0.277398816489598,1.00001806107852,37785.0104518292,39278.4589476948
"kappa1[29,52]",0.588474676008305,0.362734811096215,1.00001806085482,39288.1208872405,39404.5534670422
"kappa0[42,18]",0.528508471358961,0.39764615856989,1.00001798719919,39723.0416878853,39612.4615150336
"kappa0[74,77]",2.43765471456321,2.1573117057472,1.00001790427129,40463.2773682791,37692.7329612452
"kappa1[48,9]",0.566166856255765,0.346727507014526,1.00001786219484,36860.0703969513,38882.3638954412
"kappa0[35,17]",2.2492783409145,0.981700824931554,1.00001785250647,39322.5483710128,38299.2507775066
"kappa0[28,54]",0.131990290637821,0.0749655675757066,1.00001784635238,39710.7523126609,40080.1739416428
"kappa1[92,23]",0.662270992182651,0.413719398416836,1.0000178000568,40060.0846447244,39796.9012025785
"kappa1[39,9]",0.315246064576906,0.174787530197309,1.00001769493677,37218.3439823229,38634.433153336
"kappa0[66,60]",1.01480688772075,0.701330866067604,1.00001762369255,40242.6305432494,39293.4541216577
"kappa0[60,90]",0.479680858964719,0.285400521835326,1.00001753839584,39025.2469480914,39056.9763267961
"kappa0[30,31]",14.1623643418791,6.1330387926172,1.00001750976012,39885.230387983,39341.3083241302
"kappa0[91,55]",3.4888488022173,2.53034592136807,1.00001749670427,39701.8251487888,39505.7489761187
"kappa0[22,18]",0.704094136413344,0.334528684665176,1.00001740847743,37003.3927390983,38868.1481743791
"kappa1[49,44]",0.412246929145913,0.239847306539803,1.00001737528971,38919.9428344828,39971.710316239
"kappa0[93,67]",1.21027484773096,0.86295636333088,1.0000173656687,39992.0329945168,39187.9340346874
"kappa1[56,67]",0.53362379160746,0.247110746890925,1.0000173081046,38719.0683100359,37469.9662787344
"kappa0[65,52]",0.934646616453702,0.461141697869482,1.00001727569982,39559.1919333343,39743.9651690114
"kappa0[119,114]",0.388666660566965,0.269952337667093,1.00001727068306,40100.6508955298,39108.9313628356
"kappa0[34,99]",0.906319798544309,0.446276251778964,1.00001712175334,40492.7636702614,39611.693487339
"kappa1[11,58]",0.429539587024881,0.251167096599358,1.00001695770025,38956.4231997967,39303.8033404297
"kappa1[70,59]",1.65551883472509,2.14535215899655,1.00001693191355,39801.4835048634,39082.6046587688
"kappa1[80,108]",0.698336558357837,0.567440706239913,1.00001690733095,39684.1742835094,39514.8112047307
"kappa0[29,19]",0.287459887923118,0.157775019710701,1.00001686632758,39435.4696310503,38191.9369400042
"kappa0[110,62]",3.1168914371199,2.20780641024341,1.00001685038496,38307.0225091604,39952.1326004124
"kappa1[94,53]",1.54504721820863,1.87391413742122,1.0000168319647,39894.3511620645,38864.0193897224
"kappa0[7,51]",0.313895357825266,0.0810253483639367,1.00001680264261,39456.6943780911,39590.8823034275
"kappa1[66,55]",2.42812729272495,1.61332270647833,1.00001680262946,40162.0123323492,39636.4744367358
"kappa0[121,15]",1.59893258590261,2.01878175455608,1.00001669668514,38569.6124478918,38765.5746094462
"kappa1[99,42]",1.89226895170592,1.19807923121089,1.00001659539648,40289.0966413004,39576.2319745541
"kappa1[34,51]",0.349873519188756,0.238253447900895,1.00001658331399,39750.7997180253,39210.3834152307
"kappa1[104,55]",17.2127369800326,7.58102362510587,1.00001653237873,38430.4629796938,39102.2718093962
"kappa1[21,89]",0.432617615153944,0.309316289399749,1.00001651339875,38939.8828279008,38957.4133156259
"kappa0[12,104]",0.357854808868001,0.158853073473466,1.00001647793427,30552.2853035586,39927.6803079651
"kappa1[28,80]",0.252609295929195,0.159937258229567,1.00001635921266,40174.2588676598,39097.0616268953
"kappa0[78,12]",1.88848698609575,1.54297011043618,1.00001632526489,39081.2424232891,38385.6357983468
"kappa1[27,51]",0.265471321459884,0.10535149213836,1.00001626822184,37044.6206942134,38453.7200710487
"kappa0[36,40]",0.858276223581134,0.569878866649973,1.00001624491486,39010.849690706,38201.4380553781
"kappa0[117,89]",1.4487533552523,1.6535877339155,1.00001621949185,40209.2586258058,39659.2731995324
"kappa1[96,12]",6.70140684409265,4.53227077051067,1.00001610214009,39701.954620236,40007.3233197374
"kappa1[10,20]",0.313038653978965,0.205731667057307,1.00001609196043,36665.7334914617,38814.943105592
"kappa1[37,86]",0.677727488199638,0.422130124351145,1.00001605434305,37572.2735022735,38644.1170744606
"kappa0[37,25]",1.60594474591465,0.752548835882026,1.00001597346965,38718.9625353296,39698.8266633525
"kappa0[35,10]",0.238708217142942,0.149097200231994,1.00001596210202,38892.3524435532,38778.5830995125
"kappa1[55,95]",0.658035557140353,0.411478343334634,1.00001591459129,38538.6557201555,39234.363988959
"kappa0[124,12]",4.223597615652,5.12320008216193,1.00001583523502,40030.9428598931,38710.619871054
"kappa0[28,56]",0.266056407486314,0.114445432268375,1.00001576724169,36921.3060266339,39093.3830343521
"kappa0[49,52]",0.612489242257751,0.285907765936813,1.00001574423591,39201.1967940667,39016.9436580492
"kappa0[87,115]",2.39130895482209,2.13432961850187,1.00001571791248,40119.0785139369,39713.1070977158
"kappa1[23,39]",0.424786085106947,0.300519120587876,1.00001558305414,39794.8359834407,39805.2984352162
"kappa1[40,99]",1.72842159341813,0.922327017277261,1.00001556170516,38222.2584674524,39336.4149313588
"kappa0[41,22]",0.817748678956325,0.542393796536426,1.00001553266454,39171.391214185,39227.8888555353
"kappa0[24,90]",0.128569920794284,0.0633093887203761,1.00001551984961,39434.1126264066,38346.1637171243
"kappa1[53,45]",0.265453548209828,0.170263879181399,1.00001547154204,39808.513047766,37108.1946745953
"kappa0[21,41]",0.410978870219583,0.289534695385068,1.00001531965745,38155.0009077007,38517.959448285
"kappa0[24,91]",0.128978087588236,0.0637325797822744,1.00001527766541,37815.8009685251,39407.293469498
"kappa0[66,85]",1.01595369781847,0.700074421695579,1.00001521398972,38392.4603199123,39283.2283696444
"kappa1[35,40]",0.802085126717407,0.522860812626331,1.00001508037981,40391.3713741332,39806.8125204941
"kappa0[37,23]",0.692813873365937,0.43936041704111,1.00001501440482,40178.6621263384,39704.689811044
"kappa1[36,34]",3.34133046374559,1.28110897725919,1.0000149922821,38622.8008110128,39802.0942943248
"kappa1[2,18]",0.282300084955178,0.182456772128105,1.00001492380572,39454.9588622585,38541.95411738
"kappa0[61,91]",0.630391928477667,0.391262267781119,1.00001490611051,39537.7208920386,39392.6040223145
"kappa1[80,61]",1.15859423056275,0.820941482733081,1.00001487656824,38830.0547411462,39064.3241547734
"kappa0[99,40]",2.16089174090772,1.19053830228825,1.00001480954982,39673.233453334,39258.4900357071
"kappa1[54,87]",0.90140142247508,0.808116674711863,1.00001477143498,39635.7197102181,39001.4387527526
"kappa0[66,63]",1.01937677092241,0.700747166323616,1.00001476325653,39727.1740817011,38945.5187742997
"kappa1[82,11]",0.641994631993088,0.509478877087125,1.00001460269788,41115.5620699395,40241.9444766635
"kappa0[100,24]",3.09497223856959,3.06401183817133,1.00001436940215,40585.4247308769,39930.6565732211
"kappa1[43,38]",1.59077070097505,0.671039336882012,1.00001433955241,40019.4379551739,39593.5975341336
"kappa0[22,39]",0.414970247176504,0.238915492714745,1.00001427133769,40664.7564534165,39378.3791964123
"kappa0[100,19]",1.37932901414701,1.52750857523881,1.00001417911094,39839.7670508753,37816.1961423694
"kappa0[36,42]",1.6718168179975,0.886462541580187,1.00001413342884,39577.0304190419,39800.9149891438
"kappa0[100,15]",9.69887723153452,4.95660398987182,1.00001409686322,35426.5419628427,38800.6034720203
"kappa1[82,6]",1.04447142607021,1.00192504729282,1.00001406477407,40744.655440206,39556.8793490024
"kappa0[4,90]",0.613203072911446,0.381454159674168,1.00001401848506,38678.2215233071,40056.1111724686
"kappa0[55,66]",0.857681130869827,0.300261058529897,1.00001395510367,40525.9258021815,39450.3896342351
"kappa0[83,9]",0.953867240035988,0.536637755406323,1.00001382083071,38775.5954462326,38443.7912984026
"kappa1[21,18]",1.18245004047738,0.599916748167863,1.00001380804457,38754.673154818,38925.2815519466
"kappa0[56,67]",0.560288173663076,0.217483541559555,1.00001376843202,40065.5814969815,40396.4839669199
"kappa0[38,18]",0.571553836762821,0.351932193781028,1.00001364562047,39355.7455563764,39552.4154012528
"kappa1[9,86]",0.301024585774926,0.196605459583258,1.0000136122012,39128.5046955088,39011.8754493505
"kappa1[33,11]",0.768196151727397,0.644522395317452,1.00001354645787,40064.5840396446,39803.1509875077
"kappa0[82,52]",1.15786614046609,0.813645674344463,1.00001339471263,40355.6236679611,39973.5164959194
"kappa0[16,20]",2.31050037663661,0.719996665104019,1.00001332379623,33833.8618434552,37695.9130893634
"kappa0[79,51]",1.18063036682383,0.690445710147002,1.00001324729267,39551.8512027248,39801.5489628409
"kappa0[23,35]",1.38540343667133,0.635282662364755,1.00001322981232,38082.0439008702,39719.2040113314
"kappa0[39,22]",0.476145340849022,0.348777063911466,1.00001316448822,38518.8318331212,37148.8320345006
"kappa0[29,65]",0.286954772329779,0.156802423262109,1.0000130830474,38618.6084807741,39432.7327466453
"kappa0[17,39]",0.524442082603518,0.316005810770925,1.00001304621253,39878.1931945125,39592.5585274214
"kappa0[9,86]",0.618620740925781,0.22812122304467,1.00001302248746,19700.9741039728,39397.2248005853
"kappa1[28,90]",0.254323367226429,0.161083819566014,1.00001296275026,39957.428318328,39113.9886595142
"kappa0[28,62]",0.132290135035608,0.0747867862808765,1.00001290048268,39568.5243368869,39888.7423139574
"kappa1[106,42]",1.89955877649687,1.55352194254647,1.00001290023296,39740.791712663,39205.4146804606
"kappa0[75,55]",1.66285274214389,1.29537518024887,1.00001286880159,40146.0743998765,39643.8152576827
"kappa1[51,55]",1.35060600962306,0.564079613486752,1.00001285098369,38247.3609215146,40048.9908668689
"kappa0[61,90]",0.877609814112216,0.481991609196477,1.00001265070593,40084.1364525608,38994.6700798242
"kappa0[93,56]",1.82625546236803,1.15634642507155,1.00001261155343,39706.6871528003,39428.3508844092
"kappa1[106,99]",1.02277777601981,0.957053126183104,1.00001238229649,40308.3574109363,39663.3715559777
"kappa0[38,51]",0.384195799842563,0.264870271839456,1.00001232759458,39609.9686222555,39888.4484394082
"kappa0[19,91]",0.156229366488454,0.0783123607117029,1.00001227207988,38666.0664597253,38547.2754559983
"kappa0[28,51]",0.473824702051375,0.16024273719789,1.00001224571943,39992.633695022,39591.6720063228
"kappa0[53,45]",0.190195549574181,0.0986328060743714,1.00001222119171,37938.9760874845,39501.106772465
"kappa0[93,49]",1.20842608365441,0.863181782662849,1.00001214901841,40205.5256160327,39614.5131758566
"kappa1[45,48]",8.66679485772644,8.83404334732697,1.00001204205684,39418.3237920765,39431.5416796826
"kappa1[61,86]",1.20451590652254,0.860010713045035,1.00001199129515,40241.6429626764,39367.7461432108
"kappa0[21,53]",0.409927161905608,0.286887451411566,1.000011966605,39604.5557244498,39145.262865017
"kappa0[80,108]",0.703697103278803,0.446103695836452,1.00001194250802,39954.0697914477,39500.4079330782
"kappa1[19,54]",0.129461974984679,0.0727388098194404,1.00001193020428,39905.7639816267,39373.2773895295
"kappa1[116,4]",3.74039552237027,4.14813292618534,1.00001181119195,39718.960840824,39391.7122614986
"kappa0[15,95]",0.371296704444474,0.208805998605181,1.00001176454245,38325.5941281841,38804.2304076804
"kappa1[81,1]",0.962318608478985,0.875730931381621,1.00001173398284,39807.3522886962,38495.6088748875
"kappa0[58,12]",0.719526381062087,0.465278461250686,1.00001167542903,38516.6326395478,39887.5722314257
"kappa0[96,53]",2.62798997826961,2.40857738358545,1.00001156167081,40836.2193354267,40100.1157301163
"kappa1[73,9]",0.424879703841261,0.303355764089742,1.00001145175179,40114.3538286865,39056.7858444608
"kappa0[113,106]",792.365488689243,260.46525650923,1.00001143173834,36017.2119804984,39929.6701383658
"kappa1[62,16]",1.28088519906717,1.37457183492534,1.00001139019092,40098.2452158483,39544.8692592676
"kappa1[4,116]",0.422525526078657,0.299739524212624,1.00001133556204,39823.2110704273,39045.0270977484
"kappa0[22,35]",0.415879008044075,0.240518226461627,1.00001124135032,39919.5521802301,38459.4492212535
"kappa1[78,11]",1.3509748296716,1.50987955148595,1.00001121071083,39641.0779284975,38607.6050773638
"kappa1[6,65]",0.0563560988267491,0.0283355363030818,1.00001114211698,38906.3147994595,39227.2316265067
"kappa0[104,14]",2.30786269649124,1.12503227623444,1.00001113196198,38498.859812216,39019.1912680687
"kappa0[36,21]",0.54780905635988,0.416862252898477,1.00001113073275,40589.4505331329,39435.9532881403
"kappa1[34,17]",0.697068007262656,0.379205540993651,1.0000109754035,38703.9860343708,39398.443660274
"kappa1[51,108]",0.518067305989711,0.308428127349354,1.0000109379937,39589.2438318667,39721.6066886798
"kappa1[30,9]",1.21919712885098,0.881626235186112,1.00001090095003,39544.5262434916,39212.7102615842
"kappa0[8,46]",0.188347699412598,0.0973233549839845,1.00001086072731,38023.1129069716,37910.730759739
"kappa1[96,98]",3.31164943584927,3.43716172062403,1.00001076838786,39462.33344355,39370.7410116077
"kappa1[9,37]",0.302521920041465,0.19752692128365,1.00001072300692,35629.5059985384,36353.2979813667
"kappa0[89,53]",1.05010444764165,0.467989659690761,1.00001072033487,39929.3902274057,39736.4402395791
"kappa1[49,56]",1.01596219623889,0.414599999439542,1.00001071295081,39686.0872765992,39434.3437127705
"kappa0[66,14]",2.04491835957681,1.11026579100617,1.00001069328775,39052.8809304309,39624.4539615568
"kappa0[34,39]",1.34514906228528,0.564070902742201,1.00001066253527,38009.8469080469,39298.6203784723
"kappa1[85,65]",1.29827852718462,1.35707123183168,1.00001038564103,40505.9468781273,40182.6457986306
"kappa1[51,93]",0.354975941960346,0.241826379589489,1.00001037979682,38179.8660234737,39333.2792278814
"kappa1[15,95]",0.393800662130731,0.273212553084215,1.00001031522591,38777.7307959668,39393.7018777193
"kappa0[99,25]",3.51453875417831,1.59767874146613,1.00001026105277,37482.0638080865,39620.345275106
"kappa1[29,28]",1.31427850865758,0.597665236033505,1.00001023359281,39369.0303767498,39496.4746199815
"kappa0[11,59]",0.280693945952533,0.152228370485517,1.00001016347528,37527.1395262411,39565.0200893518
"kappa0[47,44]",0.144908693390228,0.0649272082033922,1.00001014277112,38994.5500269351,39287.983249666
"kappa0[25,10]",0.19495814954031,0.116955954370125,1.00001014084995,38188.2393174075,39540.9868723089
"kappa0[39,10]",0.41334567640855,0.209281355009401,1.00001007429836,35744.6918592214,39334.4091738934
"kappa1[109,13]",1.22060524328757,1.25762316848896,1.00000997477067,39947.8649672133,38688.7201228372
"kappa0[65,93]",1.62796649096769,0.6369566573275,1.00000995803838,37404.9250709022,39004.931537266
"kappa0[15,90]",0.491326005090284,0.249391246315424,1.0000099541082,36332.3464772232,40266.1051319439
"kappa0[42,86]",0.52918167020885,0.396495345893424,1.00000993213738,40025.5831662874,39105.8144268092
"kappa0[24,89]",0.367428389003133,0.115824454905406,1.00000988394911,38254.5998121168,38742.4814442687
"kappa1[104,9]",1.161995220811,0.825462310259509,1.00000985157173,38348.5146548307,35778.9501517982
"kappa0[50,90]",1.6438125320408,1.01550659551348,1.00000981830027,40320.5661667293,39610.6580011441
"kappa1[21,36]",0.904772517451627,0.506131960092856,1.00000977470136,39181.7516010239,39648.2580302795
"kappa1[56,60]",0.42473554711708,0.213872918148769,1.00000965880569,39519.1080671786,39320.0197218237
"kappa0[94,44]",3.46664781562732,3.63861997960829,1.00000963325073,40075.10125368,39720.2791166477
"kappa0[92,53]",0.773712702924865,0.501423447207643,1.00000958975184,40337.7623837487,39511.1582184358
"kappa0[41,39]",3.90607005076596,1.41480004280751,1.00000957583459,38480.616106619,38783.4703037604
"kappa0[61,28]",0.424316188985254,0.302489356518129,1.00000955700663,39777.3284856856,39296.3839415196
"kappa1[53,123]",0.554891774135918,0.423432980437447,1.00000955213528,39837.4810191215,39458.2220265258
"sigma2_tau[14]",0.0692150091088052,0.00639269985489885,1.00000954369847,32287.4708792347,37175.0907570654
"kappa1[9,55]",0.577082163902959,0.303079648455655,1.0000095262114,34266.2741033996,35440.8927336282
"kappa1[99,34]",1.90666060027377,1.21239995352513,1.00000948601319,40417.580030647,38822.4020917909
"kappa1[23,21]",2.38889223388471,0.891314933411474,1.00000945659977,37600.5821449971,38317.968268755
"kappa0[23,17]",0.846839775136709,0.469859984973895,1.00000944527287,38874.3833841309,39443.080670362
"kappa0[19,36]",0.194990411516504,0.0900764760145237,1.00000939176518,39883.5812231068,39411.1726166261
"kappa1[66,51]",1.52974554283301,1.17463260052712,1.00000937742982,39024.7417293955,38504.5265799805
"kappa1[52,49]",0.371254159336423,0.254780540311778,1.00000922535742,40325.2999634605,39736.1264464932
"kappa1[88,51]",2.56110100902204,2.31929077992148,1.00000921420666,39353.2828321284,40310.7981539991
"kappa1[50,44]",0.749286445623776,0.626892458424298,1.00000911531456,40212.4397508326,40184.3395101089
"kappa1[38,19]",1.35872203005568,0.623833959265412,1.00000911386802,39205.7722902351,38229.4087813352
"kappa0[99,17]",5.7558881729507,2.13903139804452,1.00000903510172,40043.8104956466,39012.5509407875
"kappa0[35,21]",0.766852171499146,0.495742388496424,1.00000892162049,38931.9696581145,38219.9523436125
"kappa1[24,54]",0.134442841056866,0.0666813620844801,1.00000885704027,39433.8773188926,39268.5916426891
"kappa1[30,31]",2.23571288218081,1.92414007562699,1.00000871659395,39394.9658225993,38885.5306462877
"kappa1[126,82]",1.65135731718586,2.16086118906517,1.0000087049273,40409.7961722615,39973.0649280374
"kappa1[106,9]",0.619851084669544,0.48586414359971,1.00000863634482,39159.0902885602,39397.687794953
"kappa1[87,62]",3.89272232780697,4.39680150645231,1.00000854305947,39779.708809244,39689.7002275741
"kappa0[27,12]",0.0656576355170724,0.0179915682705393,1.00000850948912,14744.2576899348,32155.3130679552
"kappa1[66,104]",1.53201471264913,1.1714823852861,1.00000828893321,39941.8123801505,39967.0889869154
"kappa0[65,28]",0.527472619739435,0.319538932473731,1.00000821897344,39557.8301592021,39246.1604445071
"kappa0[85,104]",1.36892543768006,1.01356745601843,1.00000821527429,40215.039104274,37869.2381845434
"kappa1[29,22]",0.396607764779678,0.276612772579891,1.00000820232764,39249.6409180919,38101.2158064061
"kappa1[18,41]",0.93481615990491,0.527367225295505,1.0000081965231,37579.0263597743,39598.9636426677
"kappa0[51,29]",0.478206936852657,0.216668185710719,1.00000817657921,40068.8875829123,39763.0635923988
"kappa0[15,92]",0.755739631166712,0.32935875482245,1.00000806658964,28891.3576811552,38975.8951331495
"kappa1[30,55]",3.86308278401113,2.8905987635792,1.00000804341446,38648.617778685,39086.1247402872
"kappa0[110,51]",3.1266130992647,2.24230379963561,1.00000802527903,39312.0053119785,39202.4270731467
"kappa0[55,19]",0.370262041143519,0.183135687044104,1.00000779867424,39518.1596661156,39438.7459297602
"kappa0[36,22]",0.860299171062469,0.571217949423954,1.00000775598331,39535.1724232971,39090.858207046
"kappa0[42,39]",0.822633049760902,0.538598045504084,1.00000775026285,39147.6369235706,39257.0372372588
"kappa1[107,100]",1.26483978908422,1.31152420593288,1.00000774642066,40289.0365644504,39911.798370479
"kappa0[17,12]",0.214229125538293,0.112298057022354,1.00000769979624,38086.0831857917,37893.6254552835
"kappa0[110,86]",1.88810718775026,1.52639961970417,1.00000763901502,39485.0501246343,39801.9656598769
"kappa1[62,15]",0.896641363231517,0.797853567554208,1.00000758499136,39629.0837705203,39267.648021108
"kappa0[40,23]",0.555393233070613,0.420830663469659,1.00000752140012,39893.8709850355,38919.1659408505
"kappa0[111,54]",7.12639704749675,6.55258132544779,1.00000744999669,39874.2053444456,39545.517614848
"kappa1[104,13]",0.699084317485871,0.569324354132764,1.00000743596434,39873.9158384803,39268.0316143611
"kappa1[72,109]",0.53389498648924,0.403624176101543,1.00000742279285,40100.8603871517,38273.9658945757
"kappa1[53,30]",0.868764961606545,0.575762544818466,1.00000738097014,38736.6547055199,38880.6595558729
"kappa0[88,10]",0.697670796715104,0.441779847661018,1.00000737913446,39870.2487412174,39337.1160961997
"kappa1[89,19]",1.21119770982721,0.864637837706737,1.00000733406033,39657.0984099119,38410.1115862569
"kappa1[82,51]",1.98677261889506,1.63145570210396,1.00000728496416,39801.6025302249,39404.9284299846
"kappa1[49,55]",0.410992640945185,0.23832072461561,1.0000072314279,39734.8960344401,39056.050329892
"kappa1[44,55]",2.92822036545976,1.47113330669114,1.00000716997958,40302.1294190117,39558.4789318506
"kappa0[29,90]",0.286229634391571,0.156831998992439,1.000007149161,39916.8369958444,40299.4869619593
"kappa0[67,56]",0.946249606846391,0.636921830035635,1.0000071220362,40175.5028614665,36824.7803658628
"kappa0[90,44]",1.50021366464604,0.906676594223167,1.00000708658225,39599.5461865076,39351.2033720981
"kappa1[61,110]",1.19783701176795,0.854714913235502,1.00000701177063,40113.9821609857,40316.174775537
"kappa0[66,27]",1.02653675130609,0.706819509166021,1.00000698394792,39894.3798368274,39597.0751896415
"kappa0[25,86]",0.628356442439752,0.390239907973514,1.00000695382031,40058.4874999555,38534.121257064
"kappa1[17,20]",2.23742980519242,0.779354064404967,1.00000690311715,38236.60443478,38662.5216999798
"kappa0[20,55]",0.421517391725406,0.243558529518051,1.00000684374837,40607.871244519,39847.2686418223
"kappa1[116,3]",1.50580426953314,1.78861674065837,1.00000677259854,39359.1378345326,39722.2310607586
"kappa0[81,48]",2.53250500585074,2.28359428594352,1.00000676374457,39984.955280151,40126.3486247913
"kappa1[44,47]",1.63925340296303,1.00397408644812,1.00000673690462,39617.3475752223,39888.876112655
"kappa0[51,88]",0.29461017087167,0.162079895999703,1.00000671173267,39740.5482799481,39540.9250430996
"kappa1[23,42]",0.634592279285173,0.39907462202791,1.00000671019327,39822.2001071381,39341.6559193143
"kappa1[55,28]",0.437942800030663,0.315149229414714,1.00000668774482,39938.4752341165,39929.4127440529
"kappa1[7,90]",0.0536814819552237,0.0266778197923055,1.00000665784864,39261.6034685774,39438.8994316711
"kappa1[36,41]",1.96399821771953,0.930864693564219,1.00000658222302,39448.8384914096,39555.9753268015
"kappa1[108,44]",3.70802479073873,4.01590540659527,1.00000656904983,39482.4171205755,39455.3449167084
"kappa0[88,54]",4.38199069904581,2.30217554652837,1.00000653073679,39842.6456267268,39230.0851746281
"kappa0[66,44]",2.65251168334417,1.30612734587647,1.00000646261704,39010.5417959787,39540.986117684
"kappa0[36,24]",1.66946788080607,0.886911457235665,1.00000643391431,40267.3775742462,38078.3399781953
"kappa1[26,56]",0.481884164187623,0.287181021113803,1.00000641039737,39397.5189379952,40033.5234627251
"kappa0[80,28]",0.706021466516758,0.445815617172086,1.0000063417586,39725.940231119,38614.0731025815
"kappa0[44,47]",0.24054747144065,0.150657911671264,1.0000062818513,39637.9191120578,39519.9547526026
"kappa0[87,91]",2.38139294054237,2.10022650322899,1.00000626379137,40318.1993449304,39980.8409693685
"kappa0[104,28]",0.915537978926216,0.618028189413287,1.00000625918537,39269.4121506232,39056.2698130525
"kappa0[54,30]",1.04217817803894,0.723940064428114,1.00000618474786,39848.2008899186,39801.6294219459
"kappa0[104,1]",0.686574897574446,0.32511007901333,1.00000615356322,37264.9843475273,38578.2800416973
"kappa0[51,75]",0.295181549234466,0.161120718707015,1.00000615019651,40481.347786021,39124.0644963944
"kappa1[36,91]",0.80771943775877,0.527483453568142,1.00000604463693,40149.8341667588,40394.3007317337
"kappa0[99,35]",1.56540796702251,0.954802198133251,1.00000603824791,39331.7382406837,39491.9176420964
"kappa0[87,10]",1.339347920448,0.977904175885196,1.00000584736847,39740.5461796404,39823.1429697797
"kappa1[86,30]",1.22767257578841,1.25680289586955,1.00000578331002,40993.7752527929,38969.9749165693
"kappa1[56,90]",0.324223123456128,0.180382925318289,1.00000571524921,40140.0070932691,40312.0583033234
"kappa1[54,80]",0.898734162972901,0.806713568198837,1.00000566513744,39502.6165658354,39236.15206106
"kappa1[65,29]",0.972192258740789,0.660993301568872,1.00000562932614,40129.2470673045,39649.3315526047
"kappa1[31,12]",1.08256391184239,1.05420226713785,1.00000555998865,38950.1944993487,39682.2047387258
"kappa1[122,55]",1.6042856492017,1.95576820897834,1.00000549481098,39836.9863427698,39503.2104389592
"kappa1[82,104]",1.04263556994213,0.990822531690406,1.00000548361771,40065.5464201683,39845.3895218606
"kappa0[54,28]",0.63891506174902,0.509595652951804,1.00000548340923,39472.3734055491,39884.8674823351
"kappa0[15,122]",0.264091420030422,0.16873664479737,1.00000546978731,39160.2307561569,38605.3346060856
"kappa0[61,86]",0.635401190121076,0.396230150856049,1.00000545145345,39561.4471106361,40010.9819615155
"kappa0[82,6]",1.16238264573198,0.832547983585811,1.00000543410407,40882.1881908252,39899.9168851901
"kappa1[107,10]",1.56787704986008,1.20711934550813,1.00000527128252,38950.5194831176,39097.3823431633
"kappa0[13,119]",1.58396466047594,1.22254783928732,1.00000526149863,39294.7091786351,38713.5719986959
"kappa0[6,95]",0.070105653388873,0.0321912781119377,1.00000523222531,39249.5344589043,39009.2769318457
"kappa0[87,62]",2.37089531950447,2.07221464545583,1.00000521969978,40896.6757063812,39513.8165012858
"kappa1[102,10]",2.81896444473187,2.67017237984068,1.00000518651254,39440.8111902902,38670.4770930362
"kappa1[51,81]",0.699340816480892,0.376381063735689,1.00000514887777,39667.7162437349,39048.9235046127
"kappa0[21,38]",0.61286410686134,0.378590465845053,1.00000511384566,39849.0274369406,40165.1975586017
"kappa1[29,65]",0.397091278559481,0.276130456439838,1.00000506301327,38689.0676922055,39270.9254097213
"kappa1[66,29]",0.864818360255459,0.760688429838274,1.00000486513744,39318.1184883469,39718.5997510013
"kappa0[42,37]",0.528547016511585,0.392463056307952,1.00000485848727,39790.1892671701,39491.2238881206
"kappa0[35,25]",2.67711315213155,1.0849061530426,1.00000483781193,40127.2856196727,39764.1113669379
"kappa0[83,44]",1.42235152315355,1.05821154127196,1.00000474324146,38955.9088869174,38369.0482728305
"kappa0[48,9]",1.67801509096577,0.719360343961097,1.0000047330159,29956.1245778973,38075.6275921739
"kappa1[99,38]",1.24510819671055,0.897587797888467,1.00000472962038,38747.6630916245,39554.414445501
"kappa1[44,104]",0.669614272541218,0.541264845746919,1.00000472921406,38554.2373044016,40112.5663329386
"kappa0[35,42]",0.498641698009569,0.368805442837306,1.00000472702538,38892.6942128309,39421.2738821143
"kappa1[53,90]",0.55298620877274,0.421220763360224,1.00000468198949,38698.4425969611,39460.0533526965
"kappa1[106,23]",1.90628622567036,1.57204581164494,1.00000466682169,38303.9534407889,38760.3200641285
"kappa1[30,89]",1.12093204412153,1.09907711106327,1.00000465600676,37328.7696245355,39473.6698632126
"kappa1[19,55]",0.129181142332081,0.0728880199034843,1.00000440578167,39439.968126141,39759.7030658403
"kappa0[38,41]",1.52429359306093,0.643930930784125,1.0000043495179,39620.8820362857,37902.3870731928
"kappa1[75,74]",1.17210831932329,1.20393812589531,1.00000427636864,40243.5404378139,40042.1845100294
"kappa0[112,9]",1.50713920754721,1.76114400309265,1.0000042376928,39303.1419521736,39703.9984310632
"kappa1[108,9]",1.26861634539629,1.36140751800235,1.0000042242214,39914.8885530755,39509.0923825524
"kappa0[22,90]",0.413661720803879,0.23983663095745,1.00000421816137,39150.3066698849,39663.2417692116
"kappa0[36,19]",1.2359101831825,0.725719007168504,1.00000418690118,40313.9838840315,38955.5275728901
"kappa1[28,61]",0.355506213623673,0.201500144023503,1.0000040999754,39771.8326291788,39719.9606722282
"kappa0[20,92]",0.29477256840481,0.191164961671919,1.00000398187798,39634.7633475313,38844.6468077785
"kappa1[91,62]",1.99157526559027,1.64461115920852,1.00000396320708,40051.3098871036,39939.8995626428
"kappa0[22,37]",0.556880274700019,0.289528710850123,1.0000038370806,39733.8516934562,36813.8028007631
"kappa1[95,93]",0.899078442855168,0.797383737006977,1.00000373997187,39979.9057361338,39681.7268150848
"kappa1[114,103]",3.37195924697906,3.50987133292159,1.0000037119408,39676.333678926,39334.9751854612
"kappa0[89,9]",0.545284032658796,0.186590721530179,1.00000364001062,20229.3664506853,36250.0331469568
"kappa0[126,53]",4.19767056666546,5.06701911062994,1.00000361515596,40528.2772909227,40055.8333865651
"kappa0[35,41]",2.67144496087453,1.09120740726212,1.00000355240189,39940.8715660052,39398.0537181691
"kappa0[65,49]",0.530965037346865,0.321754095085207,1.00000347222578,40033.515213972,39387.5837042708
"kappa1[14,51]",0.156843104468267,0.0563668190777577,1.00000346723987,39382.839213698,39751.6425346176
"kappa1[19,43]",0.309594626419259,0.124414643958605,1.00000318924927,38604.3245751827,39574.4631646528
"kappa0[51,120]",0.293943393894092,0.161083497627838,1.00000314888149,38555.5439354346,38879.9976829454
"kappa1[92,88]",0.436233292779949,0.310418708108662,1.00000311019678,39723.4026089201,40293.8170013691
"kappa1[56,82]",0.233363732964735,0.145249734127395,1.00000296985198,39531.3974368892,39554.6122104929
"kappa0[37,61]",0.456063799329122,0.328150608478876,1.00000294989902,39769.6750464967,39516.5124410641
"kappa1[65,53]",0.604583023134448,0.469210377181365,1.00000289476977,38904.4655672894,38887.1724319095
"kappa1[89,9]",0.982623809436578,0.485839157087218,1.00000274522355,37604.3564903033,39474.1298986588
"kappa1[40,21]",0.886323150481232,0.583764411513169,1.00000272436753,40317.6002061187,39349.3474339141
"kappa1[39,99]",0.747973753115808,0.481599840090141,1.00000269492711,39140.7085383928,39074.3427544631
"kappa1[52,26]",0.742130167055844,0.401891188637802,1.00000268565561,38964.6555501349,39461.300556056
"kappa1[56,49]",1.64952035799602,0.468196072709247,1.00000266537977,38025.7153121683,38883.3113920698
"kappa1[115,19]",3.18189789372317,3.18721005518685,1.00000265426527,40127.4041040377,39488.9464736234
"kappa1[51,110]",0.516705664573928,0.309982739007022,1.00000265306309,40577.6990754246,40017.2759604339
"kappa1[44,51]",2.25078852329284,1.23953575158518,1.00000255831926,39263.9680154604,40093.2789784799
"kappa0[12,99]",0.167722739714217,0.0985639065593582,1.00000254085796,39208.5242434954,39399.6788257779
"kappa1[33,24]",2.35727158544998,2.07655277094255,1.00000252366738,39315.0946611965,39654.9616500484
"kappa0[37,19]",0.691747638864916,0.439014976107764,1.00000248900799,39827.9530457004,38932.9119031301
"kappa0[93,53]",5.08515231447242,2.17577884890076,1.00000245228169,39636.5653205327,39810.0971199766
"kappa1[99,36]",1.24763832580433,0.899532151534742,1.0000023384658,39507.8874269657,39315.7275774865
"kappa1[98,9]",7.27535680780004,6.76579492522632,1.00000232222906,38831.4042321432,39419.3534106464
"kappa1[88,87]",1.24017905790235,1.29313021121222,1.00000231506907,40063.3460069585,39636.1089440074
"kappa1[61,113]",0.717998145593008,0.593233971639728,1.0000022744985,39610.9932401226,39583.8628699207
"kappa0[40,36]",0.872703691662405,0.585351239744789,1.0000022092779,40741.8244230509,39190.2884578886
"kappa0[120,15]",1.51118825816453,1.78617087457698,1.00000218456358,40444.5088042999,39911.6068801946
"kappa0[19,23]",0.119281646076661,0.0662325390330765,1.00000204775843,39525.2842509966,39595.5052439892
"kappa1[52,47]",0.370328689710487,0.254966204578416,1.00000202945968,39688.601992109,38815.0300025054
"kappa0[33,11]",1.15211565869295,0.813518874848886,1.00000200186791,40170.5298480885,38935.0291536537
"kappa0[54,88]",2.09567574471853,1.13322459241012,1.00000194833936,40697.7172109972,39445.7343417373
"kappa1[27,78]",0.224947094299219,0.0959296685448536,1.0000018015517,36510.5401855044,39133.4784227003
"kappa1[52,84]",0.370810157561623,0.256204510367043,1.00000178966416,39707.1448884837,39455.4953968372
"kappa1[18,89]",0.443757677817871,0.318740405823359,1.00000168772086,39439.2211633373,38820.9970009982
"kappa0[102,15]",6.0307174522446,2.42737368384357,1.00000164274493,36823.7194582344,38424.5185200885
"kappa1[39,35]",1.78252272094455,0.839557045688045,1.00000162425501,39564.8495481341,38608.8180608627
"kappa1[108,112]",3.67706415513505,4.00184126994451,1.00000161741126,40131.385105081,40571.707697401
"kappa1[66,47]",1.53081377334558,1.1661441068137,1.00000157871144,39573.6977343645,39336.587332103
"kappa1[41,110]",0.755325460661269,0.485902823241436,1.00000156306418,39191.0875099107,38621.5495902431
"kappa1[38,36]",1.36270404128809,0.624138193494832,1.00000154422893,37568.6566235011,40360.1213894673
"kappa1[28,99]",0.253157861271397,0.160661495632972,1.00000148490904,39427.9798407984,38208.2687544931
"kappa1[54,30]",0.900617689434325,0.807770660144099,1.00000145018389,40134.1344186937,40097.5170988887
"kappa0[7,44]",0.153932565186334,0.0549530371138911,1.00000137344105,39975.1219153263,38901.0624635362
"kappa1[19,61]",0.129149920660101,0.0731058444646659,1.0000012695492,38425.5750207786,39058.3390737284
"kappa1[20,99]",0.433318250990613,0.251020842641949,1.00000114492441,37731.8190189031,39544.2857206238
"kappa1[44,6]",0.668115792706845,0.532987697307719,1.00000113142077,39768.9201139168,39531.3757277558
"kappa1[16,25]",0.942855468960581,0.414889216304637,1.00000112258465,39606.7607910701,39492.5181396645
"kappa1[49,65]",0.412998168115641,0.238963094510442,1.00000111748588,39466.3237578797,39885.6259453823
"kappa1[41,23]",0.49283866197705,0.362999855968337,1.00000108358617,38817.0045242726,39177.3417284558
"kappa1[46,109]",0.203980243902729,0.123255636358262,1.0000010494204,40364.1572720143,39571.1552249517
"kappa0[16,35]",0.64397601389134,0.342218826919668,1.00000103223113,39293.0978271233,39679.0106425106
"kappa0[48,80]",1.26398988823655,0.9219332654051,1.00000102802219,40048.5867927945,40140.4030915332
"kappa1[9,48]",0.431817284720685,0.253002349081344,1.0000007303426,38598.8163260076,38578.167796651
"kappa0[39,25]",1.71940926018644,0.804068745995747,1.00000063326874,40457.0324179825,38919.6055815772
"kappa0[106,18]",2.46182315445974,1.64724536392925,1.0000006269091,39860.0108754042,39471.1573599286
"kappa1[106,62]",1.01775955984466,0.955796548404483,1.00000058766001,39899.9573431293,40440.6503643461
"kappa1[90,29]",0.797428966485608,0.680745058378081,1.00000056041807,40045.920528251,39847.3973271058
"kappa1[87,61]",1.57211405154317,1.8952919206216,1.00000055467562,39138.9256058618,39493.738891446
"kappa1[95,65]",1.63726556033193,1.27683468357728,1.00000053653912,39816.9056175694,39419.1136677778
"kappa1[66,93]",2.43702163934648,1.62406534238975,1.00000052600785,40242.6675878028,39721.4307064895
"kappa0[95,51]",1.96961936458135,1.25244393787192,1.00000037859406,39141.1212881641,38863.9263503488
"kappa0[65,73]",0.531623665431234,0.318170211144973,1.00000037331003,39079.9180292228,38765.3921648144
"kappa1[43,19]",0.588317135305186,0.361076804271567,1.00000028626898,38702.7705524503,38888.193217829
"kappa1[33,54]",1.16565809434951,1.168055578424,1.00000028346746,39650.4704884662,39146.4135059157
"kappa0[20,10]",0.214108270641997,0.100943586869592,1.0000001615026,32622.4058783507,38354.8232816856
"kappa1[59,71]",0.922346939756562,0.833607082655528,1.00000014132395,40388.420146925,39194.8935664107
"kappa1[93,67]",1.0569531438177,1.01429783534114,1.00000008949718,39359.4658947307,39980.5745899845
"kappa1[4,53]",0.880353572564062,0.490791669517678,1.00000007174432,31282.8922172647,38477.3483422678
"kappa0[83,84]",3.19223083635569,1.86701454125676,1.00000001778033,39864.76612171,39207.9312004902
"kappa0[4,56]",0.411612348724089,0.288974110928414,0.99999997627197,37332.388900939,39638.0955861369
"kappa1[103,59]",1.64523262706281,1.28242733171755,0.99999996453267,40552.9325639162,40568.2719950412
"kappa0[18,21]",2.64066883125776,0.882137266856635,0.999999912513107,39081.7398501175,39147.0719023787
"kappa0[88,15]",1.29207918839192,0.665824291315555,0.999999879776424,39227.4868870704,40057.113038706
"kappa0[106,38]",0.876544359999891,0.775997822318419,0.999999790183977,39907.995774936,39974.6483035669
"kappa1[42,51]",0.523979449368017,0.390888370636714,0.999999781534865,40563.4592378383,39882.4230435441
"kappa0[122,30]",1.61617503413605,2.05552514133301,0.999999678220004,39272.480326587,39705.9987060411
"kappa1[90,6]",1.37576551830605,1.01555648954326,0.999999668737469,39761.6578002556,39010.4544649084
"kappa1[53,21]",0.550472877243968,0.412460601961266,0.999999656437269,40117.7336755199,39446.5244454875
"kappa1[77,27]",53.0189263803233,36.1706410202984,0.999999533771676,40139.6939174264,39339.5897447915
"kappa1[110,10]",1.07807826871581,1.05412304403009,0.999999526584703,39066.3146052732,39350.5997445933
"kappa1[92,51]",1.21602032787218,0.622029764386301,0.999999454374025,38047.9021849873,38874.411655275
"kappa0[109,12]",3.77254460426328,2.26181713851541,0.999999442386625,38350.3672259361,38884.0483255395
"kappa1[19,89]",0.214000429757438,0.0991491708638885,0.99999940734808,39997.048305306,38375.1112340908
"kappa0[54,80]",1.03290402791721,0.709436645688063,0.99999936633728,40112.5261659207,39516.1273682161
"kappa1[31,33]",45.4263140307753,22.0975050557159,0.999999306685033,39242.7315700818,37900.9734884629
"kappa0[34,10]",0.271625027266739,0.130233958185591,0.999999305495376,34879.9962810802,38491.7387903247
"kappa1[83,85]",1.31492302636116,1.44115373604126,0.999999285801564,38799.5396641649,39473.7199276179
"kappa1[79,44]",0.904521450329981,0.813896415616976,0.999999258580307,39112.7551403841,38320.1552756529
"kappa0[19,35]",0.118883686837844,0.066090399075958,0.999999174039125,38189.4699871947,39216.7027728895
"kappa0[40,21]",0.549742283557559,0.4175419098451,0.999999127857959,39074.1194235503,39392.5423176027
"kappa0[96,12]",3.90846293379461,2.354747193672,0.999999040263067,40572.9065652422,40038.4970699051
"kappa0[12,34]",0.227102998477416,0.120028903239133,0.999998966395867,36236.8764533456,38001.5964073744
"kappa0[85,8]",1.18344204378077,0.602340446012774,0.999998932471714,38911.2756054519,39794.0042848604
"kappa0[57,65]",0.383074616847915,0.21862101856137,0.999998917355603,39885.5203195182,39434.9218146691
"kappa1[43,51]",0.396899377964235,0.278974540613823,0.999998912782498,40201.6295681221,39521.0357171159
"kappa1[41,24]",0.753449559307798,0.486691581745455,0.999998889055588,40366.0119461767,39971.9000496657
"kappa0[86,61]",4.38292272688328,2.6560204066615,0.999998804140583,39869.5748108298,39946.3653822521
"kappa1[36,25]",2.8666915498074,1.16613519292286,0.999998797388395,37999.1609904049,38743.2502956306
"kappa0[39,42]",2.10301603262264,0.910546235707204,0.99999878971134,38554.2601216714,38144.2563584946
"kappa0[68,69]",2.01438361753175,1.67137063653977,0.99999877911944,38798.1673528385,38609.9299327249
"kappa1[61,53]",0.713074852105988,0.580670530243662,0.999998750656252,39442.3463127614,39762.1825108734
"kappa1[86,12]",1.50064220206242,1.13227984955794,0.999998749267673,40113.0928195385,39133.6595317649
"kappa1[99,35]",1.24861468140227,0.912559860472549,0.999998736930103,39722.5527833389,38430.6322209717
"kappa1[87,12]",1.37001102140826,1.51136285255525,0.999998662757819,39202.6406771538,39643.8340886667
"kappa0[51,84]",0.294670673330582,0.161955985588682,0.999998557381743,39637.9064249146,39916.0244152121
"kappa0[50,56]",2.95013248980397,1.48360418321109,0.999998542920083,39439.6153542423,39440.7677855937
"kappa1[14,90]",0.0996596016846447,0.0428389766429649,0.999998428349932,40057.2531788602,39092.137078459
"kappa1[52,65]",0.368902635624372,0.251215144070776,0.999998413143089,38453.5216614077,39256.9373162612
"kappa1[53,14]",0.86941767511555,0.575210366888538,0.999998378270239,39699.2421090188,39727.6667359761
"kappa0[40,34]",0.869807069211009,0.578644540203057,0.999998337551907,40075.2281383516,40192.8457952341
"kappa1[20,86]",0.4319580020191,0.251855253770725,0.99999830356029,40043.4307132174,38716.8630902084
"kappa1[52,51]",0.544722349550891,0.332540578048892,0.99999827354942,38914.5317102092,39719.8974697211
"kappa1[51,43]",0.353336823629431,0.238522851369447,0.999998134461416,39718.5840784768,39751.0929299312
"kappa1[104,47]",1.09709968897488,1.07682351758437,0.999998128725711,38306.5637543838,38335.2566838634
"kappa0[66,93]",2.04819909923541,1.11573677983706,0.999998105844674,39529.0469525236,39306.6025349754
"kappa1[24,110]",0.104625322253355,0.0571680386879588,0.999998097760047,39898.4495870571,39575.6750349396
"kappa0[106,21]",1.56747819581634,1.20689084859961,0.999998014224221,39825.9062645094,39990.3080137589
"kappa0[43,10]",0.196539985275955,0.118169074728521,0.999997939051181,38691.3097909237,39726.2032213774
"kappa0[51,108]",0.383657934336667,0.191744031147651,0.999997937013657,38955.8311252862,39383.8697346769
"kappa1[41,21]",0.749300866516322,0.480732630662688,0.999997930305194,39065.8762150799,39557.0773296498
"kappa0[48,5]",1.10867591299176,0.559185181206106,0.99999789589501,37102.6143680273,37603.2201183465
"kappa0[53,90]",0.629762773410782,0.335403761233035,0.999997813788408,38795.6804911141,39054.6686833499
"kappa1[42,55]",0.522853129109787,0.38907063012801,0.999997748125748,40102.2922463096,39311.9741290814
"kappa0[64,8]",1.93574173254355,1.23408843517232,0.999997681828438,39689.5806198933,39772.4247941212
"kappa1[104,56]",1.10837175741982,1.09506616793036,0.999997651482534,39688.1864437249,39350.9066529036
"kappa0[38,36]",1.52647954688066,0.645222033620651,0.999997616726364,39867.4243842293,38307.2970023769
"kappa0[9,83]",0.313200747365197,0.15406375312803,0.999997612026165,40404.7786431443,39214.9903893982
"kappa1[102,88]",1.52365411089382,1.84109643096925,0.999997413436583,39851.0751574951,39747.8856543971
"kappa1[39,43]",4.31061580570472,1.40552201008658,0.999997407336502,37033.6480730975,39461.4064451859
"kappa1[61,99]",1.19926585605656,0.868259093768538,0.999997315003993,39856.3730951693,39251.1993727835
"kappa1[93,49]",1.05464086780441,0.999244884089873,0.999997227569468,38216.464195116,37850.4546144847
"kappa1[73,77]",2.07097393333462,1.3459098605944,0.999997163235925,40157.4277282155,39503.3907016252
"kappa0[43,22]",0.42490318025431,0.301386115669046,0.999997109850332,39743.9262475047,39592.8091801325
"kappa1[71,11]",0.669716749539307,0.539489210999814,0.999997028870796,39420.7294333813,38713.8220147311
"kappa1[12,49]",0.434187007776233,0.219535349806453,0.999997025619886,34747.3121967578,38434.338519374
"kappa0[15,62]",0.264105273567381,0.167564432778004,0.999997007978613,39668.6032185025,39340.4381963066
"kappa1[30,54]",1.14466317441513,1.13738869439539,0.99999692166391,39699.6394557806,39214.413112576
"kappa1[28,44]",0.25503906939163,0.161505973080963,0.999996907852315,39002.6708804008,38748.6111312209
"kappa1[37,34]",0.942580035318384,0.528816087092303,0.999996893476432,39334.7703221078,39203.129330368
"kappa0[106,20]",2.44899782952212,1.65063599210764,0.999996884125278,39634.8389110405,40137.3102628692
"kappa1[51,44]",1.12292085699984,0.505014006499265,0.999996829609772,37681.1559129892,38764.2551140037
"kappa1[82,29]",1.03433688265686,0.977613834195278,0.999996789913211,40918.1166918069,39930.0068246172
"kappa1[40,86]",0.882201280990065,0.58714048956659,0.999996771236671,39626.221185457,38269.7555231583
"kappa0[12,22]",0.168567558968225,0.099580015336321,0.999996617469423,38962.1005469798,38380.7442318607
"kappa1[106,24]",3.18348198728673,2.27652217312348,0.999996523681601,40548.598885689,39677.7744042933
"kappa1[44,60]",0.665976393122522,0.531480548604443,0.999996502511506,40043.0650900724,39801.3259666852
"kappa1[66,67]",1.53931600612891,1.17716406937677,0.999996493560652,40104.6201334988,39016.544830833
"kappa0[94,93]",3.48681026295668,3.71727811671093,0.999996490709723,39724.6157492942,39430.6495885871
"kappa1[59,8]",0.529187469612805,0.400167553913035,0.999996447769374,39504.1290485053,38854.68824094
"kappa1[53,104]",0.874401294068802,0.585385876465585,0.999996414738335,39979.0673752583,39570.2844463632
"kappa0[16,54]",0.478751587179713,0.283193602431918,0.999996375887721,40241.6088403444,38893.5091484501
"kappa1[40,34]",0.884807653662408,0.589358026947531,0.999996307755432,39220.9802345429,38165.6816050788
"kappa0[55,60]",0.284722620791486,0.15461219654401,0.99999628410108,40227.3085149858,39647.0164700995
"kappa0[68,12]",0.66250873965476,0.530176062807744,0.999996265882968,40369.3368916323,40066.2579922582
"kappa1[59,5]",0.831428117590079,0.546289541262684,0.999996243853271,38428.0684360742,39147.5739983259
"kappa0[35,43]",1.08495091310527,0.624816078658857,0.999996195154701,40057.3005874932,39515.1402331967
"kappa0[90,65]",1.01809613465721,0.698786660676108,0.999996194665263,39474.8128273231,38241.8061970484
"kappa1[42,86]",0.809436037663851,0.527272347231631,0.999996170771136,39822.5925776366,37986.7544728148
"kappa0[116,12]",3.14898989579782,3.11498087419195,0.999996104945617,38651.6016452772,38983.1075269786
"kappa1[110,115]",1.39822010038049,1.56683898746362,0.999996084833772,40020.7198384574,40017.8738748898
"kappa0[37,21]",0.455391926761824,0.326153821309453,0.999996027781734,40189.5506597401,38619.2638536261
"kappa0[61,96]",0.630823344088616,0.394743239124477,0.999995951927245,40269.6615257042,39488.2465990322
"kappa0[53,65]",1.39526787237379,0.537837555038794,0.999995946478741,38266.6263492027,39170.0862406883
"kappa1[62,19]",1.27276963183765,1.35343417447694,0.999995929561661,40322.5111092529,39763.9975774466
"kappa1[10,110]",0.316144351161174,0.210074508334855,0.999995872462415,37317.7621076275,39493.007343923
"kappa1[29,95]",0.396154620023354,0.27523041405525,0.999995844423585,40087.1722284221,39325.6008986154
"kappa1[41,89]",0.49046964084352,0.359620859829919,0.99999574409399,39140.3284523365,40091.6418340734
"kappa0[92,61]",1.4682781651853,0.76485762779718,0.999995632943347,38558.1297959806,38133.1314461561
"kappa0[48,56]",1.92519438152907,1.21691954748174,0.999995609785853,39763.4402093953,39467.7206982869
"kappa1[111,54]",1.65591933528339,2.1691354265577,0.999995571331549,40149.1149822732,39987.1804518684
"kappa1[22,90]",0.278951978663095,0.179655818505122,0.999995453321186,38243.4361556813,39534.8025654748
"kappa0[54,87]",1.02933101459224,0.709827139389244,0.999995434845329,38741.2653081914,39415.2816505145
"kappa0[23,38]",0.615664852309064,0.381247700789336,0.999995372578648,40037.3854970874,39338.4253962638
"kappa0[110,54]",1.87775405747706,1.53014111016786,0.999995239785552,39372.926514919,39543.3650431884
"kappa1[89,16]",0.71938675394487,0.594552618882473,0.999995208396977,38833.9893266251,39570.7411759858
"kappa0[80,10]",0.294113995265818,0.162960958386724,0.999995190647754,39067.73696322,39475.8159118019
"kappa0[106,16]",3.58737889560469,2.11106515786123,0.999995131368297,39322.5838902111,39958.4331556677
"kappa1[37,43]",0.672583647596061,0.424239700146271,0.999995110285694,39036.3300784413,38174.2668609783
"kappa1[89,51]",1.84427694127599,1.16366110474286,0.999994783723657,40213.8845889589,39370.7989807734
"kappa0[33,24]",1.10649643421018,1.07431636138139,0.99999455996,39533.151649962,39524.6436195391
"kappa0[34,42]",1.12536775409676,0.506502795476197,0.999994549041187,37541.6462247636,38931.5276186182
"kappa0[54,96]",1.03042331866668,0.710875035096319,0.999994514223778,39595.9664959999,38467.4651378034
"kappa0[55,76]",0.285893452108376,0.15600556817375,0.999994468204504,39537.0519306813,39869.066957064
"kappa0[20,99]",1.04040341282473,0.427912885529665,0.999994363219677,39706.8267790833,39760.2799144282
"kappa0[87,43]",1.16663987836889,1.16517552930915,0.999994323489366,38721.3941040337,39598.9589505766
"kappa0[18,36]",0.783728789789978,0.429394225968896,0.999994275703434,38812.1826914072,39761.7120310594
"kappa0[106,42]",0.878758379673447,0.778852945571571,0.999994187893347,39032.092384359,39147.1211252459
"kappa1[78,12]",2.94426613018076,2.8503501561003,0.999994150457253,39391.626927986,40455.4121442824
"kappa1[23,35]",2.39131398818914,0.896096801919988,0.999994138093918,39634.6208719176,39062.5935068065
"kappa0[24,17]",0.440996729151559,0.127140527260963,0.99999399492635,39882.7432175441,39380.7808617592
"kappa1[58,8]",0.912832039525581,0.815334660507181,0.999993940343421,39705.919447075,40010.8497959558
"kappa0[77,12]",0.969934264161226,0.890699154065691,0.999993876887027,39316.9283031483,38485.7584521221
"kappa0[82,51]",1.73704720207042,1.08329099066796,0.999993869093706,40294.3920724233,39614.7391816013
"kappa0[88,9]",1.62312524969042,0.758693529856116,0.999993812207279,36257.07746905,38856.2077793208
"kappa0[33,42]",2.13234054377012,1.8154463063272,0.999993799763717,39338.3001976386,39845.7507263613
"kappa0[95,65]",0.751633844215977,0.628186944990844,0.999993757297303,38930.9600083726,39418.7621323933
"sigma2_tau[13]",0.0753472402513006,0.00818221102369987,0.999993741485929,31437.4897448016,36428.6277954489
"kappa0[69,8]",0.771795620782986,0.651851730321736,0.999993673548024,39935.459481093,37776.0818575602
"kappa0[51,2]",0.169904310361553,0.0712610147760825,0.999993498481476,30982.6407562654,38835.8789525339
"kappa1[98,15]",1.46798343773954,1.71312527456368,0.999993347119303,40330.5482033443,39964.1518429902
"kappa0[42,91]",0.526849407710963,0.395106663609623,0.999993309677983,39689.9463406572,39677.5131074873
"kappa0[63,8]",1.06033237534925,0.602760305162552,0.999993286838872,37782.6361181944,39705.754968008
"kappa1[28,93]",0.252983434001267,0.161312797471071,0.999993207508808,39398.9998683625,38630.961096849
"kappa1[93,29]",2.03217690617723,1.68367061406876,0.999993191272716,39719.5029970281,38521.1861425522
"kappa0[91,92]",15.3555034254067,6.62812314394914,0.999993134081632,38613.8759241657,38963.5210300592
"kappa1[17,36]",0.546920325627882,0.330161150386175,0.999993101616651,39704.977561563,38382.5539486182
"kappa0[51,60]",0.296337554825328,0.162662054830092,0.999993077992816,39968.0362226997,39620.1173630785
"kappa1[38,61]",0.404688307391784,0.283351333625154,0.999992850310668,39243.6757559215,38853.6521105224
"kappa0[41,18]",0.81947405793671,0.535577600602453,0.999992831210421,40742.9500018915,39886.3043143223
"kappa1[35,17]",2.36997024844398,1.03649026600014,0.999992808676024,40437.4453906792,39341.0572348533
"kappa0[62,101]",1.12381117540713,0.793143792827887,0.999992801447835,39658.5623483662,39086.5881545429
"kappa0[91,86]",1.06812143083331,1.01852101893312,0.999992777285982,40909.0284449498,39846.5751926303
"kappa1[60,44]",0.592557853197254,0.459071362984873,0.999992766957065,38985.336300197,39381.0771694037
"kappa0[53,14]",0.992196150537093,0.442273274231759,0.999992761459315,40057.4449945165,39027.3202256503
"kappa0[40,86]",0.556427165539032,0.420945475754608,0.999992651938438,39495.6687802756,38672.2388778263
"kappa0[35,18]",0.764927445920309,0.497857462530522,0.999992398505049,39335.3310634648,39736.7877433928
"kappa1[41,22]",0.49031834206812,0.361691560662432,0.99999233572799,40186.2692538315,38678.5290992308
"sigma2_tau[9]",0.0819863151734002,0.00626785076031461,0.999992273272178,35680.0291826694,37433.799878326
"kappa0[41,24]",1.99324916193144,0.950407772342729,0.999992057581676,39855.3691548936,39630.4443609658
"kappa1[95,55]",1.61906815880023,1.25763966080145,0.999992023266467,39928.8195224085,39479.9446245884
"kappa1[12,22]",0.330161182241042,0.183931604800756,0.999991805084962,30047.7030812101,36922.218148517
"kappa1[36,16]",1.15430095021276,0.674801368643796,0.999991682626058,39123.4642074212,39665.0694651612
"kappa0[106,39]",0.872531301676552,0.771575090882278,0.999991677781765,39335.5004439885,39441.0718315956
"kappa0[43,54]",0.422961205197115,0.299301939074813,0.999991532296284,39969.9218434313,38952.7637299391
"kappa1[85,55]",1.29681647107693,1.39962848425199,0.999991465606534,39526.0876177122,39718.3601286923
"kappa1[20,61]",0.302650084649695,0.19599586392023,0.999991437062399,39622.5281082159,38842.7657038222
"kappa1[87,115]",1.55715127974808,1.86824397122335,0.999991306278681,41082.5263873624,39291.5139359879
"kappa1[79,51]",0.90682280067278,0.814160705631261,0.999991297031188,40326.3902510066,39458.0052041831
"kappa1[24,61]",0.134955163995529,0.066516879984141,0.999991282783217,39456.3891471234,39257.8787645685
"kappa0[84,8]",0.384187625164815,0.264421752848641,0.999991181711219,39890.4051174441,39423.0568354134
"kappa1[17,25]",0.976266552525553,0.479112822974952,0.999991175230527,38191.742205122,39676.115653557
"kappa0[53,48]",0.467365702193006,0.274976983200734,0.999991173580514,40137.5696831308,38836.5014417194
"kappa1[106,10]",0.98782752066508,0.676680072901522,0.99999102476192,37941.7649782191,39625.1345864851
"kappa1[106,17]",1.90798921493136,1.55025133860238,0.999991008143497,40510.7050176024,39553.2716135781
"kappa0[82,93]",2.42593976374106,1.34535356547948,0.999990993301622,40120.5078822738,39620.1574373865
"kappa0[53,2]",0.190051724102061,0.0991059728062727,0.999990855042655,33937.8379293036,37083.6700400209
"kappa1[102,55]",1.53162743914321,1.85148211685972,0.999990772122036,40148.6182538524,39389.5850110012
"kappa1[44,53]",1.09792422904227,0.763907517485773,0.999990683324736,40544.9821727834,40181.960569347
"kappa1[9,83]",0.301711865834687,0.199658358775771,0.99999061490358,39837.7556040863,38834.7539856394
"kappa1[56,79]",0.32268524583243,0.177832544529123,0.999990608333361,39153.3269402183,39552.2126958385
"kappa0[11,119]",0.36231469361369,0.17859633369041,0.999990605955153,30653.052993859,38810.9660193476
"kappa1[90,19]",1.37399485826937,1.02035083189462,0.999990492680979,39927.0763470862,38917.4384382162
"kappa1[46,56]",0.539145405186479,0.22616836444346,0.999990365667798,38303.8898989607,37414.0398103031
"kappa0[34,51]",0.702243625312137,0.377557329543774,0.999990318370169,40165.9430139579,37470.9488573658
"kappa1[115,117]",6.26896385372927,5.46595293617803,0.999989996352971,39688.2879341111,38992.1956954177
"kappa0[26,52]",0.173490851709972,0.102488665494396,0.99998996687434,40253.0212484211,40223.7065636354
"kappa0[126,82]",4.2497117929824,5.18623531962983,0.999989840610308,39099.4447565374,38029.2433624453
"kappa1[104,49]",1.10107624668075,1.05484853896421,0.999989754119836,38830.9779803476,38689.1747715646
"kappa1[78,44]",1.5346920771547,1.85168496023086,0.999989625745848,40164.9370980073,39792.6709216425
"kappa1[37,21]",0.674667643094652,0.426524492797843,0.999989542576636,39188.789616407,37704.6429122778
"kappa0[115,24]",1.47687703397612,1.72407492773711,0.999989467175878,40170.7045757452,39823.3834142286
"kappa1[28,95]",0.254599112987276,0.162340324901117,0.999989463815248,40633.3436523715,39888.1712953863
"kappa1[104,11]",1.16627989096832,0.836207172407614,0.999989462568083,39284.8163611529,38649.2770976759
"kappa1[55,89]",0.437682095713895,0.313628568882577,0.999989369759957,39223.0864152732,38965.0852717533
"kappa1[90,52]",0.792404939258269,0.675822923969351,0.999989267364608,38181.5236149316,39832.823730089
"kappa0[31,32]",2.22832672822705,1.91160885262464,0.999989226358042,40316.2044766122,39803.7346168752
"kappa1[61,31]",1.1991796899004,0.855672672403433,0.99998921172067,39675.1364024718,39336.2597632758
"kappa1[71,72]",2.05888788177039,1.72581853006434,0.99998920381257,39829.4400718729,39726.9795480646
"kappa0[104,12]",0.690254970361082,0.32746575375688,0.999989025642886,37234.338044797,39562.7404962739
"kappa0[17,23]",0.357866832516252,0.245583821988798,0.999989024171755,39853.2334941674,39407.613852549
"kappa0[18,38]",0.570563059794958,0.35023334867932,0.999989002483257,39353.9019368024,38940.8478800821
"kappa0[54,9]",0.468844429409006,0.276087147363536,0.99998883701991,37925.3852502216,40098.0569768529
"kappa0[16,40]",0.48064356122736,0.285641546165861,0.999988823145115,38994.2356668439,39672.0966636942
"kappa0[93,9]",2.39604640505955,0.849491079501101,0.999988792201782,23544.0954713609,38778.706288101
"kappa0[39,37]",1.02193266458091,0.582180720915491,0.999988777128771,39024.72844907,39620.7900908457
"kappa0[20,34]",1.75244589491424,0.573494058190476,0.999988700303985,37864.0421954165,39151.27261353
"kappa1[27,77]",0.265240446025025,0.104528835695701,0.999988678461386,39256.1612727569,38613.3161158987
"kappa0[66,84]",1.01449305850994,0.690528262711637,0.999988532335063,38543.0973476274,39257.6505767029
"kappa0[106,17]",1.5622146715983,1.19206757445204,0.999988445366826,39800.0035490508,38777.2918732414
"kappa1[23,54]",0.634618572116943,0.392954239523128,0.999988408102798,39720.5869804958,39845.2594181756
"kappa0[58,63]",2.35701189806894,1.55861464743951,0.999988364794142,40374.9365358935,40118.1286254297
"kappa1[106,38]",1.90408627012368,1.54056004463657,0.999988351569654,39877.3151064653,38742.552412234
"kappa0[93,65]",5.08686984536595,2.18525086695484,0.999988347091136,37808.1260754817,37797.5165534103
"kappa1[61,30]",0.710468690488333,0.583167989534254,0.99998833881266,39772.9357596707,39723.110634227
"kappa1[103,119]",0.913854897366898,0.819281086908773,0.99998833800876,40322.2854667198,39257.5793663319
"kappa1[66,60]",0.86395633025552,0.758859903818782,0.999988321150777,39622.0574447068,39155.6390854345
"kappa0[53,108]",0.465407453693025,0.272683359119942,0.999988244081868,37660.6555855241,37944.1364551281
"kappa1[103,5]",0.522290236252614,0.39183921297793,0.99998823792001,39316.3624432668,39795.8570252463
"kappa1[26,52]",0.485727108420198,0.289895203810663,0.999988203962184,40160.7338015115,39971.6591842195
"kappa1[65,47]",1.42641079926608,0.85420980170267,0.99998817202034,39364.9872286353,39455.2605552186
"kappa0[55,3]",0.0874034451047059,0.0468842040493597,0.999988020416657,38383.2779504689,38655.9204156894
"kappa1[43,40]",1.05783386197664,0.524922793921426,0.9999879820325,39279.6077114949,38468.7784390776
"kappa0[80,48]",0.707041172470524,0.449275349316049,0.999987981680838,39400.8268274417,39138.0996391926
"kappa0[41,23]",0.820534906066173,0.537783595548761,0.999987809367164,40649.9267344889,39354.0197214452
"kappa1[43,17]",0.812225533852773,0.446899614165383,0.999987743995765,39392.2332754064,39565.1516003492
"kappa0[39,35]",1.02863425501096,0.582021659664096,0.999987738952573,39720.592666168,39052.3558228391
"kappa0[82,44]",3.15255271227592,1.59439335595091,0.999987548725509,39850.216664311,39939.2022163031
"kappa1[22,38]",0.80865112058215,0.35022611839913,0.999987545034141,38601.1530558208,38349.1588153324
"kappa0[16,42]",0.330194817988604,0.220648827157014,0.999987519527122,39827.1821031948,39744.3605884773
"kappa0[59,103]",0.878333986461561,0.585386398513921,0.999987460973995,38341.2873047525,39001.7750141456
"kappa1[104,26]",1.11527183606235,1.09154613802529,0.999987442365839,39653.5172888223,38406.8698567962
"kappa1[54,16]",1.6139552640322,1.2660709136605,0.999987411095964,39738.859765946,38438.0693094909
"kappa1[110,9]",1.07697236300736,1.034881769985,0.999987401974873,40250.2104468981,39494.9715460398
"kappa0[66,49]",1.01920002212129,0.697416474551528,0.999987389315207,39420.2229773007,39677.7936697092
"kappa1[50,56]",0.740431180690393,0.618301829327749,0.999987271133369,38572.7820496688,39464.3565839115
"kappa0[53,10]",0.190379408649932,0.0991926089630501,0.999987257914894,36180.1159584664,39298.4176493601
"kappa1[11,78]",0.300804488277034,0.19933152293793,0.999987217221695,39095.1866943076,39451.2402692075
"kappa1[29,19]",0.395218599781973,0.274956288637203,0.999987216078762,40216.8766198336,39823.3590653656
"kappa0[30,61]",3.31126337415696,2.39904059001707,0.999987033730241,39724.5251157718,40269.5820797337
"kappa0[59,8]",0.833686806793456,0.367262368115151,0.999987011322127,34173.9392099988,39638.3139273408
"kappa1[85,83]",2.79832506704671,2.61986861349331,0.999986996550544,39346.4372367171,39680.8424601351
"kappa0[20,35]",0.420507769353341,0.243681447229512,0.999986775114823,39671.9264768478,39354.7555969044
"kappa0[62,9]",1.10837157612281,0.502376562368398,0.999986656624059,33317.6868538258,37604.2740227337
"kappa0[40,10]",0.386020524046679,0.220504866676522,0.999986651881197,40254.767029532,39789.3495023316
"kappa0[36,18]",1.23726043449844,0.72613663017017,0.999986517983654,39996.6599643537,39803.773382518
"kappa0[81,56]",1.23820013306193,1.29685338065015,0.999986479402044,39069.8147797629,39662.3270352175
"kappa1[110,15]",1.08296441202742,1.05289114380835,0.999986372223801,40547.8596971937,39913.8695541733
"kappa1[80,51]",0.702229978822302,0.572118959332019,0.999986365885159,38919.8519954877,39787.0564589095
"kappa0[21,43]",1.10206491239823,0.548954398788884,0.999986275983759,37790.1017434704,38459.7441754261
"kappa0[35,99]",1.44790864239445,0.753000404758504,0.999986172262713,38300.2381390779,39639.3611701456
"kappa0[115,61]",3.5554475473486,3.85751041616852,0.999986162604781,39620.9014240358,38539.2152520831
"kappa0[46,119]",0.329127602389944,0.183825446998816,0.999986154437802,40183.6128052717,38380.0324984628
"kappa1[31,111]",1.40559590122815,1.60249799316776,0.999985933215791,39097.0424243986,39050.9321192839
"kappa0[12,97]",0.168887611459387,0.100819673615029,0.999985920927313,38241.5488557218,39481.331619758
"kappa1[112,104]",1.48119060892883,1.77035310880151,0.999985909060196,38730.5561226523,39295.9641966231
"kappa0[26,30]",0.235097033318786,0.124100248102904,0.999985470669494,39910.0946568121,39596.0107499805
"kappa0[47,53]",0.297932995536927,0.0982735290465765,0.999985368220337,39406.2571732326,39597.6780723816
"kappa1[5,52]",0.600080654302773,0.374496105972069,0.999985303567,37945.5897090797,39374.6805557255
"kappa0[91,9]",1.64318856234985,1.01115335917118,0.999985289638625,40443.2723131945,39831.1023182673
"kappa0[43,99]",0.634576986990551,0.397573632598863,0.999985178626035,39728.2044661601,39258.8843938513
"kappa1[34,37]",0.513283588653358,0.311468875336385,0.999985160483745,40200.6506781125,38439.4612185194
"kappa0[106,62]",1.56052324772291,1.19324167548861,0.99998495463369,39167.0031959971,39310.3075996578
"kappa0[51,73]",0.294960217333086,0.161196141488404,0.99998488121995,40049.0779630075,40139.6154944631
"kappa0[81,53]",2.53850484560602,2.29636512353896,0.99998486142213,39424.3246598164,39092.9111777996
"kappa0[28,93]",0.174291865313186,0.0879857104634371,0.999984835442686,40521.7408626216,39972.6950380932
"kappa1[42,21]",0.521520622294021,0.390814004967803,0.999984804061018,39429.6753883174,38945.1838775469
"kappa0[53,49]",0.464475858909972,0.273995880963148,0.99998479578414,39221.5061866738,39429.6979433601
"kappa1[81,56]",2.87361662091278,2.76828216308704,0.999984708163407,39206.8144690575,38327.7270724852
"kappa1[18,43]",0.938095839655632,0.526926302870446,0.999984673344642,39774.9573189533,39784.0435946077
"kappa0[53,31]",0.632738326882946,0.336394012887766,0.999984481740031,40255.3073693448,39619.5452804228
"kappa1[106,41]",1.91466310939241,1.56216810908306,0.999984382001747,39679.1328771448,39213.8058980182
"kappa1[83,84]",1.31098777988755,1.43165038280993,0.999984374352074,39815.2191725541,38535.2175991844
"kappa0[12,50]",0.227155907369881,0.120370218430572,0.999984137429945,39165.0249697081,38450.2955794072
"kappa0[106,10]",0.794340871355473,0.521122946466843,0.999984101381201,39809.0888337415,39524.3071005047
"kappa1[115,24]",3.15908703292876,3.16128235119423,0.999984088287146,40543.1139368489,39845.2924626264
"kappa1[72,114]",0.841929855295993,0.557443215270006,0.999984008234022,39935.339540297,40180.9954011544
"kappa0[18,41]",0.385610091879493,0.266056357639167,0.999983831109145,39758.9405182575,39872.8865139417
"kappa0[44,57]",0.435699213070864,0.218997041597516,0.999983704881744,40029.6287238032,39620.4628314323
"kappa0[11,78]",0.28023589844486,0.153185012473076,0.999983702486043,37392.131821213,38943.9548195525
"kappa1[54,51]",0.900953780382887,0.813809212810609,0.999983619750778,40049.0680733957,39301.8356911058
"kappa1[93,55]",2.00737758908024,1.67033483211603,0.999983619321245,39773.1788784412,40057.5428361629
"kappa0[19,38]",0.322721107858179,0.12144886157407,0.999983609268712,36272.0856973345,39843.5807946326
"kappa1[81,6]",1.32185860768088,1.43684145088217,0.999983587569696,39409.3887592714,39335.0348146804
"kappa1[55,20]",0.43549551627939,0.309616311563955,0.999983483553122,40811.6390329692,39556.1975916815
"kappa1[98,11]",1.46847744799514,1.68694932385087,0.9999833774418,39664.3157188606,39951.7386643565
"kappa1[23,36]",0.880370538500339,0.49046537956616,0.999983255728247,38055.6385960367,39845.4985142281
"kappa1[92,55]",0.663343437063545,0.417285728490051,0.999983231891932,39969.3576047747,39658.7708482218
"kappa0[25,35]",0.63012331054651,0.3955877060492,0.999983114910453,39396.7943887545,40216.0077533359
"kappa1[60,56]",1.89951903389597,1.02341483952944,0.999982974722042,39248.3757212782,38807.7468937886
"kappa1[42,37]",1.54589062022027,0.808176440077834,0.999982845872747,40200.6981986386,39967.1489760444
"kappa0[122,55]",4.23263440155745,5.20851962456941,0.999982802852609,40190.6201508602,39099.3872916556
"kappa1[54,96]",0.895394944196818,0.798743386615787,0.999982593402424,40146.391200774,39801.4824290331
"kappa0[18,10]",0.237424159899621,0.125800547175383,0.999982527233339,36969.7960877972,37478.0096162608
"kappa0[41,21]",0.52242759255927,0.387472749509878,0.999982526788233,39802.6857027523,39972.2555069044
"kappa0[98,30]",3.43225144397724,3.54653603370438,0.999982321976335,39898.102803737,39081.2147954305
"kappa1[20,43]",0.580517679080443,0.302679701427616,0.999982141858417,40772.6430533123,39018.4296161954
"kappa0[20,40]",0.418863423425286,0.242413387673972,0.999982133048206,40863.610541211,39570.6350763854
"kappa1[44,78]",0.667068593303433,0.531466834565066,0.999982081779139,39797.7546291089,40326.9821684506
"kappa1[41,37]",0.490347765245793,0.362413746341944,0.999982026773314,38422.3242140025,39661.2078382335
"kappa0[89,41]",0.337048360472893,0.226295921041341,0.999981994861797,39812.392762292,39596.8279631349
"kappa0[39,34]",1.02869019415042,0.584093434059035,0.999981936839693,39768.4235289086,40268.0727885995
"kappa0[29,51]",0.288243300357779,0.157601709687607,0.999981905911437,40580.6963721236,39370.9692915977
"kappa1[34,53]",0.352048467930384,0.239245682117342,0.999981822819723,39167.3276753673,37693.2070054097
"kappa0[71,13]",1.62125648529187,0.762114683597696,0.99998175951091,34696.0699505458,38956.0520278696
"kappa0[95,85]",1.26586577316268,0.914095985986396,0.999981686848661,39408.4021599833,39928.1154181674
"kappa0[21,36]",0.615222526772692,0.377268200677358,0.999981674311628,39278.4759608903,39589.6914254632
"kappa0[54,51]",1.04353860794377,0.721141761703534,0.999981560347439,40117.2796897561,38804.1744235036
"kappa1[66,57]",0.868969597041893,0.767255891506387,0.999981554272716,39434.8415015182,39311.8958073156
"kappa1[85,51]",1.30029973179939,1.40764950582653,0.999981546882902,39158.3038415482,39253.3857143144
"kappa0[125,126]",8.84454098668144,9.0850597595478,0.999981540708758,39766.7209163392,39806.5201483057
"kappa0[59,3]",1.15451434744321,0.445994085997664,0.999981477684893,27824.4879830707,37050.6205791994
"kappa0[91,11]",1.10461481948267,0.776146346897755,0.99998146915683,38554.2518996938,37407.8127453045
"kappa1[24,88]",0.103383926677279,0.0566259324579848,0.999981290644134,38754.3168155917,38845.315890309
"kappa1[59,70]",0.910106830876725,0.809590189887402,0.999981285118429,39228.5106550636,39913.7154169153
"kappa0[62,16]",1.12975800908425,0.797941909791614,0.999981235570285,38918.2142561936,38687.7240708344
"kappa0[65,50]",0.529458983726745,0.319368999442878,0.999981144841315,40213.6439014241,38536.5408291282
"kappa0[102,55]",2.21412016122568,1.89816159473559,0.999981084415544,40423.8848205873,39750.1198304843
"kappa0[18,35]",0.575347691337583,0.351575268041621,0.999981024651144,37634.4896382496,38037.7423294786
"kappa0[90,61]",1.01585659324032,0.698533789615478,0.99998080979829,38618.9104575771,39146.3469486587
"kappa1[97,12]",2.874008547971,2.0142350193131,0.999980786253219,38252.3314242004,37964.6593096644
"kappa0[28,55]",0.174450215917265,0.0887543352962044,0.999980782930965,39484.2223558807,39098.9534921339
"kappa0[52,28]",1.44162158024831,0.489699358563512,0.999980736795825,39640.7322871073,39334.7814366421
"kappa0[59,11]",0.282029198205466,0.182837824226357,0.999980711491813,40152.9338441179,38268.9221895845
"kappa1[23,16]",0.881840555833608,0.489845745089611,0.999980698952607,38106.515156766,39417.321947092
"kappa0[38,19]",2.35370896567453,0.823748848529448,0.999980411268621,39698.3291124859,39013.0254635291
"kappa0[103,72]",1.38089076364367,0.823958126936537,0.999980229997248,40001.953809624,38184.3703265299
"kappa1[21,53]",0.648717507744587,0.406150703912434,0.999980218099227,40231.2470680607,39561.06456431
"kappa0[38,43]",1.52916144694682,0.647918189533326,0.999980188095749,40272.0676282337,39277.7840146138
"kappa0[55,48]",0.284741603797269,0.155552758012686,0.999980128043723,40144.9933596071,39270.6014049975
"kappa0[23,54]",0.410289751534542,0.287655932381528,0.99997988280214,39475.085404374,38688.7422849056
"kappa1[12,21]",0.238376795370333,0.149441834146302,0.999979730764968,39213.3025675682,39597.5269240821
"kappa0[16,99]",1.0214721129904,0.456477549810429,0.999979663248506,39144.2658436204,38798.4702756071
"kappa0[40,20]",1.25963943455549,0.743235185026636,0.999979638705555,40309.2833258269,40234.6235048001
"kappa1[22,18]",0.392110027280138,0.225938233812683,0.99997962541555,39876.7926396823,39149.6003283417
"kappa1[15,122]",0.582437813887645,0.358537973620574,0.999979602634014,37773.0686234844,39411.3561855609
"kappa1[117,115]",1.43063482383331,1.62941016081154,0.999979507100965,39900.7850277337,39407.3901627896
"kappa1[82,65]",1.03671790028164,0.977041895515616,0.999979458969993,40477.9518349843,39415.9989647259
"kappa0[37,99]",1.60850352969021,0.746012635863238,0.999979413919139,38165.0234921834,39609.8364204124
"kappa1[12,113]",0.238167129059873,0.150206424016859,0.999979398790001,40430.7278465237,38739.03853752
"kappa1[96,9]",1.1718219677659,1.18392787436845,0.999979379482914,39442.8196855488,39128.7679104732
"kappa1[55,66]",0.917623582866154,0.515488226953573,0.999979316559893,40518.3201708154,40140.2492508392
"kappa0[52,82]",0.393101950813106,0.227060150712904,0.99997922560383,39886.2493927217,39828.7369403384
"kappa0[47,104]",0.117497339807742,0.056919128555245,0.999979197494796,39621.8362775871,39845.0022135999
"kappa0[100,10]",1.06462863141644,1.01445938123949,0.999979174605398,39827.5978489284,38654.7338997401
"kappa1[76,12]",3.00673500472102,2.94074173963119,0.999979110979966,40834.5444623108,39679.4650305031
"kappa0[106,41]",1.56352598145801,1.20392982322217,0.999978962124124,39728.1910487843,40054.9608561059
"kappa1[38,51]",0.602916137768074,0.372734698316098,0.999978945555396,40337.4163362515,39566.6483983929
"kappa0[43,20]",0.637747730038094,0.394107885963254,0.99997888697857,40131.2072070436,39339.0854079831
"kappa0[36,17]",0.546418585024544,0.411826252654875,0.999978770681493,40055.2803455116,40125.9308376336
"kappa0[89,16]",0.662397785125038,0.351922948055505,0.999978617507989,39640.6122313382,38874.777641754
"kappa0[98,53]",3.40862425965917,3.57655107450041,0.999978365063268,39618.3133998951,39316.8364642306
"kappa1[11,64]",0.30169504528044,0.199670809944239,0.999978221076243,38309.0755465527,38793.8054630693
"kappa0[46,71]",0.331223118318843,0.18454498086612,0.999978115550879,39440.1958088679,39370.4969343216
"kappa1[38,20]",1.08735255707611,0.542640709734544,0.999978109942594,39300.6686012639,39886.2082188873
"kappa1[2,53]",0.284129364974631,0.184643582183516,0.999978077412162,38153.4123483983,38957.0454719671
"kappa0[22,51]",0.416065508450113,0.242024772495982,0.999977967697804,38940.9301340952,39315.5690992838
"kappa1[52,104]",0.370960284483603,0.253414428826877,0.999977950772103,39864.7020489817,39352.9204938036
"kappa1[53,57]",0.551935276897113,0.414719266741643,0.999977949288411,40013.261498744,38854.0151346404
"kappa1[43,30]",0.587723631687671,0.363383641470561,0.999977798204895,39765.616080167,39719.1000463011
"kappa0[104,66]",2.30263711204819,1.12407174335996,0.99997778770702,40173.3871682334,38612.1449397829
"kappa1[37,61]",0.676096254014695,0.432681808361679,0.999977649312917,39475.683439089,39189.4290635067
"kappa0[40,99]",1.6963087612193,0.903063050261027,0.999977591914571,36692.2710434069,39775.5088550157
"kappa1[99,25]",1.25182923024602,0.909447008255649,0.999977499344335,39349.1099451221,39246.3375032558
"kappa1[52,14]",0.548071591516893,0.333401024709949,0.999977220182654,39266.0816240382,39662.0284438476
"kappa1[106,20]",4.79001549918569,3.00964578711248,0.999977216969115,38505.2166859352,39139.6627915011
"kappa0[50,44]",1.10433850769383,0.774792455845387,0.999977197220228,39236.3749771083,38779.8842272366
"kappa0[73,77]",1.71319763644336,0.90280918441956,0.999977142733942,39960.1268760107,39350.9205085419
"kappa0[85,56]",2.11841007748282,1.37029794046589,0.99997707072116,39865.2989329732,39920.4416244611
"kappa0[86,11]",0.935370619878064,0.632902665391505,0.999977067856304,39527.4720131422,39453.0919452223
"kappa1[61,87]",1.20054387411352,0.862431838578749,0.999977046561792,40395.5261589405,39498.0309572436
"kappa1[42,38]",0.522628076957263,0.395898604083283,0.999976907061023,39738.329822768,39637.4970132373
"kappa1[46,52]",0.278752252370091,0.152581179460477,0.999976896590103,39759.3212629677,39543.5115741099
"sigma2_beta_cr[1,2]",0.00909932738241909,0.0046209403245278,0.999976854970833,28185.839622176,34146.0064626069
"kappa0[37,42]",0.972333522608026,0.550295938283064,0.999976693071186,39489.3414280811,39630.3759413836
"kappa1[33,43]",2.35672065952126,2.05807130592898,0.99997662766555,40154.3521013923,39619.0934596191
"kappa0[62,43]",1.1213233828647,0.791315359120528,0.999976605072902,40004.917464397,39391.5653003143
"kappa0[41,91]",0.522663326111742,0.39108650486435,0.99997655999692,39858.045800358,39031.125408696
"kappa1[95,28]",0.907500964397351,0.807341338781407,0.999976486570813,40597.8537604125,39515.4342656315
"kappa1[61,48]",0.715136914803852,0.583045845780265,0.999976407109746,40167.1629017708,39743.4498143091
"kappa1[106,19]",1.01409239076488,0.945720770654958,0.9999762892226,40131.8369187637,37292.044610475
"kappa1[25,40]",0.659655444348482,0.414166673879234,0.999976182807037,39056.490548596,37842.9693417866
"kappa1[114,13]",1.14491275521261,1.13718669947969,0.999976171173231,39532.119204017,39803.8669485939
"kappa0[90,104]",1.50343912103654,0.911392905183749,0.999976165985421,39820.7570749303,37452.1897399972
"kappa1[55,49]",0.436980019505294,0.311361722528733,0.999975525330603,39342.3758691028,38782.8183836922
"kappa1[18,99]",1.22831584831467,0.626517149864752,0.999975508001763,40009.9219293273,39666.9987368664
"kappa1[88,89]",1.23532980552589,1.29217643866078,0.999975275176101,39562.5807982267,38257.0507391249
"kappa0[51,62]",0.295138530908707,0.161926041105151,0.999975262841565,40255.5331445781,39709.1727301032
"kappa1[34,20]",0.896445671374373,0.44146830925338,0.999975260700864,39610.7129510629,39107.7890912878
"kappa0[93,52]",0.717082362852352,0.595965566502868,0.999975236699398,39289.7094782755,39844.9127487483
"kappa0[114,3]",0.931302899222193,0.629877510838069,0.999975124854512,39519.0108075801,39000.6125096067
"kappa0[40,24]",1.68829332558592,0.884180918862753,0.999975056619184,38789.3748842723,38304.9581529661
"kappa1[89,86]",1.21426821164278,0.874333089820096,0.999974951121478,38559.5940271111,38979.990022274
"kappa1[106,21]",1.89930992432307,1.54485407266465,0.999974908641767,39588.7757337351,37966.2427797109
"kappa1[52,82]",0.370132809662975,0.253681977384489,0.99997486239524,38713.8143702982,38076.2594213459
"kappa1[84,85]",1.1744720583277,1.18053211841976,0.999974848079008,39610.02870119,37373.6757443611
"kappa1[81,49]",1.32640643888603,1.40529283114384,0.999974777763806,40520.8674756362,39704.0832913971
"kappa0[54,55]",3.3758803713224,1.53219812688404,0.999974747947818,39294.4800831927,37455.2674668637
"kappa1[45,12]",0.718067198961496,0.589446280986673,0.999974675179088,39939.907286422,39689.5059953391
"kappa0[85,51]",1.36753806339989,1.01270666067613,0.999974350843308,40303.6360224469,40000.8569456712
"kappa1[51,91]",1.82126820417107,0.669436331361032,0.999974320581289,37318.4306206199,39473.4901651835
"kappa0[93,57]",1.19400764216841,0.851824531914632,0.999974142472136,39406.9474517233,38636.3150400108
"kappa1[16,41]",0.446826649758434,0.262187594300137,0.999973683543467,38873.9725542184,39737.7909801882
"kappa1[53,60]",0.868203110119676,0.577257780971862,0.999973656885847,39941.1304042762,39764.5286034554
"kappa0[45,89]",3.37260531129,3.52390028403743,0.999973646965369,37395.7738422253,39194.2685504846
"kappa0[120,121]",4.17438211991515,5.06501706856802,0.99997358378084,39340.444999107,39177.5688199887
"kappa0[49,55]",0.486343360696191,0.24979714147671,0.999973560623269,39497.7301718105,39280.4218910586
"kappa0[79,9]",0.357245656468542,0.201865104961756,0.99997353214745,38026.1256486925,39682.815413734
"kappa1[90,65]",0.79255472885322,0.678667943347536,0.999973499268308,40086.7584857926,39806.1945055842
"kappa0[108,125]",4.98360130576653,4.03759196196747,0.999973481902199,39935.6685629519,40310.7449874244
"kappa0[62,18]",1.12389182786839,0.802334735490079,0.99997326862342,38884.9625789975,38506.3267067935
"kappa0[42,16]",1.19227489694255,0.696481178721404,0.999973128066358,40206.9028495972,39216.1232115815
"kappa1[94,93]",1.5243122886708,1.83506693488443,0.999973085824015,39228.0767563487,39762.5366773481
"kappa1[65,49]",0.975651707058555,0.661418278475646,0.999973001737579,39359.5880254253,39146.928991442
"kappa0[82,29]",1.15844521028114,0.82656888980949,0.999972944370061,39695.4825026445,39371.6508128233
"kappa1[94,8]",2.93863482488351,2.85299415234431,0.999972830221421,40268.7611815573,39139.2666000178
"kappa1[73,76]",1.34192308325325,0.979518959411027,0.999972766475371,39891.8595649193,39553.9515200758
"kappa0[53,104]",0.463752997420072,0.273367516637501,0.999972646496163,39131.8677646987,40305.1383961138
"kappa1[61,96]",0.714984028422303,0.590370423947562,0.999972608731457,39418.1055489464,38301.6923172216
"kappa0[108,126]",2.68780055243915,2.4987337397364,0.999972539906126,40863.516617827,39882.5233122209
"kappa0[106,19]",1.55756946657406,1.19019922669388,0.999972520441633,39186.9613728693,39759.2249611551
"kappa1[86,113]",2.5637977481009,2.34135266006405,0.999972496556661,39572.930411314,39134.1557240617
"kappa1[82,14]",3.31325806827517,2.40053335206951,0.999972454062121,39801.9638411543,38528.1343119574
"kappa0[104,93]",0.904408240796726,0.607317283495037,0.99997243190664,39473.5514027234,38203.9015463124
"kappa0[90,56]",1.02138269733459,0.705887575911216,0.999972160785683,38089.9556462001,39760.7246531959
"kappa0[115,15]",1.2247263060516,1.2707856908996,0.999971974931572,40296.2065886752,39222.317095885
"kappa1[86,99]",1.23202289226829,1.29505250830251,0.999971955861018,40237.5828988442,39931.2482837954
"kappa1[39,88]",0.487572066318112,0.358143415459398,0.999971910677921,38901.8970095447,39636.6164234459
"kappa1[88,19]",1.24556726301576,1.3007863903526,0.999971834825471,39156.1322083087,39814.0403898059
"kappa0[107,19]",5.86798842005581,5.0339882645243,0.999971597058611,40564.2560802849,39916.057100268
"kappa1[9,41]",0.579448907469296,0.303914858507222,0.999971509603192,29205.2228494758,35886.1493456441
"kappa0[47,93]",0.117784225638528,0.0575649824947708,0.999971316463445,39953.7622334339,39583.1467735779
"kappa1[93,66]",2.03557988078063,1.68019924269879,0.999971294374255,39424.0145226314,39049.2687127454
"kappa0[103,3]",0.579940966204427,0.310255937167859,0.999971135916916,36406.3058076906,39720.8645602017
"kappa0[35,23]",0.770058969717186,0.493958241876426,0.999971006372625,40303.497557241,38825.3677014117
"kappa1[23,55]",0.423148308781349,0.29878749835171,0.999970948681734,40113.338171314,39186.2180111755
"kappa0[60,56]",0.833925511997908,0.405081717632934,0.999970886283075,39640.3669482846,39148.4724384224
"kappa0[5,24]",0.264885026295657,0.170009136558746,0.99997074384682,39387.1090979015,39719.0287981182
"kappa1[104,52]",5.84317108289342,3.84007721700361,0.999970700358909,39671.0985326433,38402.581456218
"kappa1[8,7]",0.224903394303418,0.140269494838522,0.999970655052943,34657.1900273534,37770.4393711539
"kappa1[33,53]",2.36181189097372,2.08042107671931,0.999970634537446,39887.9109828834,39346.4128837458
"kappa1[114,72]",1.4477438683835,1.67542448628319,0.999970579743726,40637.4979368833,39609.8298847025
"kappa1[115,61]",1.3974648759453,1.56668114313568,0.999970425911017,39874.7529648312,39499.1321855724
"kappa1[35,25]",0.80198644256637,0.52377328371858,0.999970361660228,39274.1285214211,39399.5798636471
"kappa1[53,44]",0.55053013194203,0.41554160888091,0.999970228011382,40119.0310430347,38572.2563998617
"kappa1[79,28]",2.60247465373991,1.7830179215641,0.999970077759387,39498.7310701104,39554.5501206059
"kappa0[44,95]",0.335286294360614,0.184872868559279,0.99997007566784,39725.0094416536,38815.8300753441
"kappa0[106,22]",0.87575043539636,0.775178493697436,0.999969995635552,39640.3634109719,40015.231546944
"kappa1[43,22]",1.05635488139767,0.523932730395235,0.999969832168589,39136.4236322337,39964.8741356376
"kappa0[89,54]",0.663509536367004,0.358383426091553,0.99996974056438,39744.6285756953,38509.7661227841
"kappa1[55,26]",0.660530919003285,0.416680178890756,0.999969692005396,39582.4310923219,39719.3496195283
"kappa0[106,40]",0.869711353084762,0.761324580366791,0.999969686604906,39809.1325580142,39847.6952144992
"kappa0[111,51]",3.41565780378036,3.57728844685153,0.999969538814794,39305.0003811369,38205.8747853028
"kappa0[15,121]",0.265062868393146,0.16981553937517,0.999969474675892,36566.3639338949,38747.3053399484
"kappa0[110,115]",1.86916277173419,1.5094670605257,0.999969450664968,40309.3770287109,39779.2969446685
"kappa0[28,19]",0.174069440210193,0.0884703966281468,0.999969435212323,39616.3090274203,39541.9601448703
"kappa0[95,2]",0.410491666540037,0.289369794236697,0.999969434506958,39068.1241978816,38508.0079747097
"kappa1[44,90]",0.669502631701357,0.531313167971759,0.999969144822315,38715.3363911316,40223.4806820852
"kappa0[82,8]",0.542222908967253,0.328319416241669,0.999969045397333,40138.4750453118,39680.6042840162
"kappa0[62,17]",1.68622216797751,1.0523241986235,0.999968780823169,38281.7897043922,38386.4940159388
"kappa1[124,4]",2.43187172913164,2.19690630176296,0.999968638838078,40472.4737937412,39763.6514737661
"kappa1[37,23]",0.939749604571977,0.523024286700656,0.999968477396606,38714.8049053885,38895.7251362723
"kappa0[97,15]",2.88351741372942,2.77901940879881,0.999968234115833,39372.351959201,39359.4323333844
"kappa1[88,62]",1.23380526089273,1.30717379891905,0.999968169596933,39122.3721717081,39847.1018294249
"kappa1[27,90]",0.265780875899925,0.105224389514309,0.999968119590945,38499.8513203355,40085.5803708997
"kappa1[109,59]",1.49343721445717,1.7711693024849,0.999968066556525,40059.4523764527,40613.373437052
"kappa1[53,19]",0.865726195299312,0.575371206607017,0.99996781652811,39417.6457634225,39773.2133371492
"kappa1[33,9]",0.772863601192751,0.654263049525475,0.999967783707141,38935.0247306948,38218.9077355114
"kappa0[85,65]",1.36854051798958,1.01300164421856,0.999967774968379,40117.8635988126,38513.9938477636
"kappa1[99,39]",1.25237347362297,0.900148537612183,0.999967583547941,38909.8199867666,38416.1033911827
"kappa0[66,47]",2.63686824354171,1.30647617355815,0.999967444189586,39313.3631128084,39515.8337838277
"kappa0[19,37]",0.119040293208946,0.0662521846636216,0.999967400019292,39270.2372231576,39086.519052536
"kappa0[57,55]",0.503644454566573,0.261271414298744,0.999967289057282,40128.3572817146,38384.3196819595
"kappa0[41,110]",0.527963745993252,0.39455391853513,0.999967211141577,39170.5939770851,38966.2913761684
"kappa1[23,19]",1.44810326755557,0.669384721614999,0.999967075793295,38688.5651450819,39677.0335548409
"kappa1[54,15]",0.770722270443922,0.49901096815607,0.999966942757328,37695.3840632015,38892.920569922
"kappa0[88,11]",2.71976526073958,1.03556932162118,0.99996683929433,28050.2113661461,39182.5320190227
"kappa1[104,85]",1.10315719111271,1.0802606312028,0.999966806645635,40427.9971385678,39312.0132901415
"kappa0[18,89]",0.570036780748365,0.348313063715925,0.999966751599607,39254.4398472518,39354.2676749899
"kappa0[89,51]",0.664478957302556,0.357757332441043,0.999966699042183,39713.3616208368,38387.743854067
"kappa1[34,91]",0.350555077553317,0.238807682842686,0.999966571864071,40025.6662918223,39282.1914490592
"kappa0[33,43]",1.09749527693294,1.06898769241626,0.999966519789542,38296.8605712414,38868.5753664695
"kappa0[90,55]",0.631260756718777,0.499794622858582,0.99996632370447,39177.0664702405,38727.5856391236
"kappa1[61,90]",0.719557450250027,0.600747625497328,0.999966165417157,39405.3064264067,39191.0745538833
"kappa1[112,55]",1.47501092337152,1.73363415004741,0.999966037143233,39194.8782008186,39716.7988094396
"kappa1[110,54]",1.41606732507354,1.59332028226551,0.999965987528107,39840.1702230809,39266.2686885259
"kappa0[7,65]",0.0978827618864898,0.0422164822920833,0.999965944925098,39613.2677085723,39389.2893224356
"kappa1[100,24]",1.26500731110342,1.3255366059037,0.999965817020111,40305.4541253156,39929.7958765706
"kappa0[36,86]",0.550769367076917,0.41656285255385,0.999965705850604,39835.5030545964,39555.5682814739
"kappa0[110,61]",3.1241013804742,2.22591105475003,0.999965678118919,39165.9119453528,38707.3837664795
"kappa0[20,38]",0.713523383521854,0.340070818353893,0.999965363217804,39867.6335536145,39695.7094047704
"kappa0[65,1]",0.347594964817229,0.154798581629092,0.999965244617875,36199.9851141575,39972.8055236241
"kappa0[50,53]",1.1026973629993,0.765501489958312,0.999965153135915,39573.3755818369,39197.6126304008
"kappa1[111,51]",1.64336980247084,2.18576942501749,0.999965085836355,39704.1953201891,39354.8860400694
"kappa1[66,49]",2.43354285383174,1.61668161163118,0.999965063547128,40261.7130769888,39926.952179474
"kappa1[66,84]",0.869793148882466,0.760706275749417,0.999964916979039,39437.3237987024,39644.2848130331
"kappa1[36,17]",0.806335961800335,0.524695322464781,0.999964749701934,39984.7744151846,39569.6476875436
"kappa1[37,20]",0.671955970579401,0.42269275594772,0.999964669217972,39828.1778478467,38660.7201534163
"kappa1[67,9]",0.465432410251709,0.335470284485484,0.999964632269591,39996.7006912133,39369.2969758385
"kappa0[90,29]",1.02675036621908,0.70732475303856,0.999964620163374,40413.2639651575,39520.2350365775
"kappa1[34,99]",0.694383260826818,0.373131600834544,0.999964573570209,38236.2063984651,38352.2890391072
"kappa1[95,51]",1.62847367705045,1.26357353914619,0.999964211133478,40011.1693963269,40093.23348799
"kappa1[54,28]",2.58267311049031,1.7459381107429,0.999964210487665,39848.2024662133,39087.1322775039
"kappa1[93,56]",3.4442345802701,2.5138182798324,0.999964187186156,38392.774582356,39761.1379411392
"kappa0[65,85]",0.531682563224741,0.321234730284806,0.999964177624239,39587.3802408719,39416.5282635101
"kappa1[25,18]",1.20186987763975,0.611480566856048,0.999964154362388,39033.4499225373,38995.1136474067
"kappa0[114,4]",2.95045589592512,1.33813676307516,0.999964052327676,32505.9629791863,36963.7759602528
"kappa1[47,44]",0.103311901521269,0.0562090437595385,0.999963936700159,39567.873916811,39352.4909098404
"kappa0[92,24]",0.778354581805094,0.504302921326352,0.99996392730346,40118.7701597854,39931.085381092
"kappa0[37,41]",0.967367979917874,0.546712946170587,0.999963556503021,39049.0089315444,39667.5722950566
"kappa1[83,9]",0.955628613652775,0.880444641350178,0.999963519190301,40233.0353983707,39948.9014359216
"kappa1[40,61]",0.887580864512573,0.594186362066312,0.99996332153601,39582.8742682636,40139.8596015211
"kappa0[87,89]",2.37027935950742,2.08464881634294,0.999963282009997,38671.8824086946,39318.4770055773
"kappa1[51,65]",1.12097832088784,0.502753416557694,0.999963177295806,39397.7187776887,39530.2947892752
"kappa1[18,22]",0.445346489791468,0.318461632111383,0.999963104206724,38529.3588325255,39625.5933396932
"kappa0[49,65]",0.612865841342268,0.287557351958242,0.99996297222229,40269.5077594525,38732.3101163299
"kappa0[41,38]",2.45206211791538,1.08395865718292,0.999962813416279,39043.2306869604,38271.1027975007
"kappa1[82,44]",1.98393692956342,1.64437694432756,0.99996273846969,39627.1176964977,40095.6630699088
"kappa1[55,81]",0.43516561783501,0.311626307516991,0.999962517126907,39193.7369292969,39086.3807110679
"kappa0[90,53]",1.02148986370033,0.696814841910597,0.999962417679566,39711.1298315413,39759.3388219195
"kappa1[95,30]",0.904189404516858,0.801030357934146,0.999961868857289,39729.3122464106,39774.4620844608
"kappa1[103,116]",0.916765475492197,0.821569540920966,0.999961828808874,39749.1117656029,39129.1703806368
"kappa1[20,41]",1.25786131076637,0.481596258973196,0.999961767545872,39141.621749682,39173.2004961227
"kappa0[106,35]",0.880130633549458,0.780320949621957,0.99996162486604,39997.9272439414,39395.9131477147
"kappa1[56,53]",0.323683867358396,0.178742896181021,0.999961509464862,40401.616302167,39489.4059239527
"kappa1[33,42]",1.17628257332096,1.18331523936787,0.999961458408183,39779.1371124976,39751.9900775166
"kappa1[45,89]",1.53450108259696,1.86197235948697,0.999961335102529,39131.8288069841,38889.9072244291
"kappa0[103,119]",1.37702058271387,0.823822449450877,0.999961315396077,39513.1692647463,39040.4755901187
"kappa0[92,17]",0.778077202965208,0.5079585286119,0.999961148977163,38152.759990835,40016.1009563917
"kappa0[83,66]",1.43064465142324,1.07465045448229,0.999961056069328,40026.4606480308,40085.3062928184
"kappa1[99,37]",2.66488449786854,1.50327039328717,0.999960874342207,39933.7404049451,39556.3875365435
"kappa1[100,19]",2.67601502245357,2.48197466348386,0.999960500683337,40088.5101478935,39142.3159196206
"kappa0[17,99]",0.712833851721385,0.384675992101727,0.999960419512653,39800.4164369272,39645.2975858723
"kappa0[98,9]",1.20398022178839,1.23152682447336,0.999960190992138,39962.6469801539,40181.3770603033
"kappa0[24,53]",0.129296247156745,0.0640462408643089,0.999960121873599,38887.3447338591,40014.7354550305
"kappa0[96,54]",2.66309963356857,2.46681345815449,0.999959810118622,39644.5855861788,39352.2830517248
"kappa1[97,98]",1.28737055682487,1.36744163298395,0.999959739650811,39830.573685448,39488.9192072015
"kappa0[41,19]",1.99891806963415,0.951286549745995,0.99995960793543,40367.3028731344,39852.9147425396
"kappa1[106,39]",1.91078138632989,1.57364886390193,0.99995932603125,40371.4994424472,39395.6730185781
"kappa0[3,93]",0.392996682782544,0.271414184179061,0.999959090639193,39357.5239927371,38090.2312854839
"kappa0[52,7]",0.278219935287917,0.180424668181926,0.999958889918576,39719.8400329329,39489.6243997717
"kappa0[21,17]",1.38363065201521,0.637291075932144,0.999958807624129,39803.6000376601,39577.6076534514
"kappa0[41,35]",0.522527186707986,0.390876283805396,0.999958804321126,39868.5079336853,39199.0273397877
"kappa1[16,99]",0.599249566376707,0.315251952094664,0.999958694427642,39884.3768351081,39622.5644592934
"kappa0[30,53]",1.9610378118513,1.60047357976915,0.999958482070391,39491.1726478611,39553.7526837246
"kappa1[23,25]",0.877530532777448,0.489357810132598,0.999958447370581,39790.7699835596,39639.1422241312
"kappa0[117,55]",3.39505710684959,3.57329933465897,0.999958378717827,38644.4998707836,40185.215691865
"kappa1[52,7]",0.542220176427557,0.33046409881874,0.999958378474106,40063.1548432901,39310.212958514
"kappa1[95,47]",1.61733712561407,1.2544407849289,0.999958372191017,39611.7253277819,39069.5555027077
"kappa1[12,65]",0.330881200884628,0.183910555399834,0.999958044578873,35514.6741332379,38687.6058123331
"kappa1[79,29]",2.60049718839348,1.75314020938395,0.999957906742724,39121.5600138881,39097.7895131575
"kappa0[86,91]",0.962923777225293,0.88085461757853,0.999957809432976,39764.3902595244,39564.4965657865
"kappa1[85,11]",0.923615872343545,0.836291119382058,0.999957537368607,39512.5778291302,39321.3471010983
"kappa0[114,12]",1.85386935814691,0.990582267139155,0.999957438734625,39683.0288844466,35966.7045072214
"kappa0[66,8]",1.1828132573597,0.488358892522548,0.999957208969433,27586.407560758,35908.1867507764
"kappa1[9,98]",0.300560032251856,0.197523046719362,0.999957022516596,37847.4162552865,37599.0851311009
"kappa0[33,19]",2.14797870994566,1.83554226444414,0.999956905086152,39607.6777761116,39631.144385531
"kappa0[32,33]",4.42817179297698,5.76161820515901,0.999956625748098,39255.6190795287,38102.8539105519
"kappa0[51,66]",0.294706200260178,0.161350101413544,0.999956609304586,39960.9943315421,39150.1699493353
"kappa1[4,95]",0.634088184306899,0.398257525757891,0.999956583020409,36577.774369222,38071.8720418446
"kappa0[16,91]",0.330220603514304,0.220914227639316,0.999956298459482,39331.2338275177,39473.173761375
"kappa1[28,65]",0.253718313367537,0.160886622000863,0.999956174628133,39548.6863761473,39555.4254834649
"kappa0[102,54]",2.21172275546279,1.89471464031556,0.999955913974543,39295.568509781,38818.0151995955
"kappa0[20,86]",0.295235115931735,0.190992224858211,0.999955644588136,40218.8617633474,39092.783064157
"kappa1[65,50]",0.601724744876294,0.471182054697816,0.999955031977851,39920.8944024536,38862.6516700238
"kappa0[17,21]",1.61051718629245,0.625233363901749,0.999954357662625,38558.3678746339,38985.8425077712
"kappa0[39,86]",0.475112149492072,0.347357044583461,0.999954226350426,39841.9378044994,40178.1139932324
"kappa1[79,56]",1.61563062905057,1.25764033339,0.999954139933494,40201.338686427,39104.4058893728
"kappa1[38,23]",0.605202799718904,0.374468573974219,0.999953957010618,40064.6050972978,38910.3413765904
"kappa1[17,89]",0.372792542175287,0.254673363901195,0.999953693447741,38554.3712304671,39680.4321396013
"kappa1[66,85]",0.86300685421525,0.756430044390584,0.999953656645993,39578.9091334512,39594.7066766285
"kappa1[32,33]",1.63922651459467,2.15711968988856,0.999953408826836,39906.8857847455,39274.4387549614
"kappa0[22,36]",0.289395863866897,0.186354435816469,0.999953165491983,40250.082962801,39586.5982709322
"kappa1[25,36]",0.658676287768418,0.412868778986133,0.999952587778641,40177.2922317719,39147.8634810542
"kappa0[90,3]",0.320738024747177,0.214465364625171,0.999952443941893,38302.2978649292,39012.9238785128
"kappa0[108,51]",2.69123580018623,2.51122595383741,0.999952278204747,39130.7500122783,40015.5855655596
"kappa1[42,19]",0.517458795411925,0.385823443633792,0.999952203761377,40481.074091901,39256.5924806302
"kappa1[65,51]",1.42557494268119,0.856844849681135,0.999951953851229,39598.3521577877,38578.7106101725
"kappa0[60,52]",0.647041702147975,0.342338428660002,0.999951899845294,39901.2261464451,40020.335667023
"kappa1[62,54]",1.27514296846165,1.34734322454423,0.999951871473558,39833.5586962957,39483.853860084
"kappa1[108,51]",1.52812780420475,1.84949487464971,0.999951849076031,39708.2582540703,39577.3497163567
"kappa0[104,11]",0.840458945142307,0.371352659942339,0.99995117154088,32836.1002300012,37587.1780005427
"kappa1[20,40]",0.581186556862725,0.303155410698808,0.999950927531398,39744.0099824664,39226.2935844963
"kappa0[51,19]",0.384985956748427,0.190911856773014,0.999950456843998,38537.3150242451,39237.0380101652
"kappa1[30,91]",3.88061110044662,2.90307186922895,0.999950422561252,39130.7129078255,38782.708504383
"kappa1[106,25]",1.90398670668764,1.55477609760404,0.99995025742775,39333.7217994515,39609.3109784296
"kappa1[89,88]",0.719667039455588,0.601461129230113,0.999950208615937,39264.1996295874,37862.0268947976
"kappa1[66,27]",0.863264801548798,0.766905450007546,0.999950037344546,38843.4491597513,39377.4363174286
"kappa0[90,19]",0.625097590606704,0.495463788613793,0.9999498157907,39897.7681472874,39396.4239499381
"kappa1[54,117]",0.899071622629054,0.808910287266081,0.999949597505709,39507.9929662274,39680.1373769912
"kappa0[81,6]",7.46228710557959,5.10756537101966,0.999949462399546,39461.2217468127,38452.6048020283
"kappa1[16,89]",0.311820765694572,0.20664944478106,0.999949370266605,39708.7950114336,37970.823325368
"kappa1[86,88]",2.56042034453183,2.33090595835474,0.999948868948744,40363.2231079279,39845.1127012016
"kappa0[61,62]",2.05680224230102,0.822981938542427,0.999948792351997,38942.5022301107,39087.6657237898
"sigma2_tau[5]",0.0719549718581187,0.00651705501718027,0.999948586716521,33557.600602448,37146.6266220193
"kappa0[89,10]",0.196491386992479,0.10179298274493,0.999948395999818,37795.1783150331,38372.3816009719
"kappa1[91,30]",1.05156374136687,0.997119329355593,0.999947740181543,40377.7690430354,40139.1815403433
"kappa1[95,50]",0.900117607140643,0.800648934448537,0.999947582617329,39667.2492139337,39350.6426274741
"kappa0[112,104]",4.1709023338964,5.00071947079223,0.999947274046125,39315.9581895815,39901.8197723758
"kappa1[55,29]",0.435435005577086,0.309673337898204,0.999946697490152,39583.1414105332,39134.5023636992
"kappa0[17,25]",0.524387485835618,0.31714845869403,0.999946445699176,39943.8756761088,38556.2387435845
"kappa1[5,44]",0.403426561961629,0.282398162248511,0.99994579728615,39367.8728482403,39476.6266878695
"kappa0[61,24]",0.42267329559242,0.298876683912366,0.999945772342099,40739.0122266022,39845.4074042957
"kappa1[104,29]",2.17216057371968,1.84226524849609,0.999945215973432,39921.0572139269,38565.1650283665
"kappa1[66,6]",0.869221133625126,0.769039813526769,0.999945164601436,40180.7620368981,39169.6718942179
"kappa1[33,25]",2.37151011817133,2.09387725635489,0.999945101644033,39309.1545893254,39937.6399877475
"kappa1[85,104]",1.29813229967852,1.38864108090627,0.999944945848528,40125.0267861872,39804.0027424575
"kappa0[52,57]",0.393099068108574,0.225784990469221,0.999943533139866,40239.4704536854,39435.1929499437
"kappa0[71,8]",0.456982522036978,0.329938375174466,0.999942987685248,39948.7418379453,40058.3952281945
"kappa1[54,55]",2.57540947676231,1.74348025318127,0.999942841776746,39649.0016158,39323.1133075039
"kappa1[54,61]",5.10197297044698,2.75010877660795,0.999942462313052,38909.7465029082,38395.8781572551
"kappa1[20,36]",0.578214834533226,0.301182947899287,0.999942382777539,38453.3392203584,39177.5522833992
"kappa1[72,119]",0.535800141297061,0.403632051054198,0.999942355629893,36556.4827262053,38079.179831388
"kappa1[18,38]",0.446495859488747,0.319514476319891,0.999942037551075,40024.2551925165,40286.9222112854
"kappa1[90,53]",0.799452048597389,0.673507456909456,0.999941893305463,40349.2932102904,39679.8261148346
"kappa0[87,61]",4.23069475176169,3.26434381285857,0.999941745745173,39781.5805799987,39069.7594111525
"kappa0[4,95]",0.410258864832232,0.286944765809516,0.999941411914264,39785.9954088221,37684.7285340172
"kappa1[102,11]",5.38963088537276,4.41465003392682,0.999940942770664,40038.232807922,39473.9188985015
"kappa0[104,50]",0.913909200117924,0.614413652671764,0.999939985184224,39583.7526914033,38423.3542158443
"kappa0[62,25]",1.13140442237304,0.796866269040651,0.999939864234976,39802.7510853158,38808.2615778866
"kappa1[78,55]",1.54521262442294,1.88339587547412,0.999939665447465,39516.788969831,39657.7685008409
"kappa1[123,15]",1.64175158823485,2.13106225073802,0.999939562756187,39652.2390957386,39823.6086857719
"kappa0[29,55]",0.371445869018359,0.18447901454358,0.999938134460426,38992.3004887256,39722.8789129472
"kappa0[23,30]",0.411460573625458,0.288201604776593,0.999936253479372,40178.3109947201,37575.7473635725
"kappa0[90,4]",0.322387671228859,0.214805654493483,0.999936013286491,37134.1220043526,38112.3598254401
"kappa1[55,7]",0.435196705912547,0.309002927260157,0.999935094280475,39242.547259313,39470.3331997671
"kappa1[80,28]",0.70109269369405,0.575291075042685,0.999934999722794,39514.2893808456,39257.6431568102
"kappa0[81,49]",2.5437498531176,2.31148204521689,0.999933062311692,39805.8589499881,39104.0215975942
"kappa0[55,58]",0.285367212532704,0.155245672500194,0.999931959221573,40169.9880662591,40137.6317441343
"kappa1[90,104]",0.795983900390191,0.675483143550354,0.999931153488321,40533.1048836292,39889.7697313861
"kappa1[95,52]",0.906599237290113,0.808157771581697,0.999930265181225,39604.9691124897,39719.2026554935
"kappa1[59,103]",0.915989582862591,0.823819132581697,0.999929629213031,40132.3364877988,38438.5666063043
"kappa1[30,53]",2.22189130658044,1.91867339577035,0.999929436275524,39908.2871358056,39627.3415653297
"kappa0[41,99]",0.818931813732032,0.534361730384932,0.999929354483178,39691.3849231593,39885.6496895449
"kappa1[100,30]",2.6635202266015,2.45530921148412,0.999929272095587,39600.9794201344,39704.131035293
"kappa1[87,91]",1.57288537624687,1.94725740564096,0.999928326517247,40710.6837906792,39793.7274033311
"kappa0[82,11]",0.739279863216313,0.403273109549925,0.999922963209952,38286.034653483,39598.1988539391
"kappa0[55,93]",0.368261481156692,0.18180617656327,0.999921078294172,39815.3443553866,38917.4103764758
"kappa1[114,59]",1.44529001482688,1.67406324081122,0.999918644164256,40034.0459255958,39379.1473858738
"kappa1[86,16]",1.23861246972539,1.29288094453274,0.999916145708994,39595.8603616444,39971.1620249621
